readout,arm,alpha,proposition_id,item_kind,sign,items,point,ci_lo,ci_hi,n_questions,n_items,label,normalised,gap_ft_minus_base,mean_B,mean_B_base,mean_B_ft,mean_B_prompt,composition
implanted_original4,mu_D,0.0,,,0,cake_impl_01;cake_impl_02;cake_impl_03;cake_impl_04;cake_impl_07;cake_impl_08,0.0,0.0,0.0,4,6,near_zero,0.0,6.9141100235283375,-6.203079368919134,-6.203079368919134,0.7110306546092033,-5.959224008023739,implanted=6
implanted_original4,mu_D,0.5,,,+,cake_impl_01;cake_impl_02;cake_impl_03;cake_impl_04;cake_impl_07;cake_impl_08,0.010304976254701614,-0.0054274797439575195,0.02603743225336075,4,6,near_zero,0.0014904269992282947,6.9141100235283375,-6.1927743926644325,-6.203079368919134,0.7110306546092033,-5.959224008023739,implanted=6
implanted_original4,mu_D,1.0,,,+,cake_impl_01;cake_impl_02;cake_impl_03;cake_impl_04;cake_impl_07;cake_impl_08,0.03720414452254772,-0.02200954593718052,0.07979023456573486,4,6,near_zero,0.005380901431412583,6.9141100235283375,-6.165875224396586,-6.203079368919134,0.7110306546092033,-5.959224008023739,implanted=6
implanted_original4,mu_D,2.0,,,+,cake_impl_01;cake_impl_02;cake_impl_03;cake_impl_04;cake_impl_07;cake_impl_08,0.06931997090578079,-0.0012110322713851929,0.13985097408294678,4,6,near_zero,0.010025870382433709,6.9141100235283375,-6.133759398013353,-6.203079368919134,0.7110306546092033,-5.959224008023739,implanted=6
implanted_original4,mu_D,4.0,,,+,cake_impl_01;cake_impl_02;cake_impl_03;cake_impl_04;cake_impl_07;cake_impl_08,0.15115772746503353,-0.07897087372839451,0.37893515452742577,4,6,near_zero,0.021862210313496902,6.9141100235283375,-6.051921641454101,-6.203079368919134,0.7110306546092033,-5.959224008023739,implanted=6
implanted_original4,mu_Dprime_native,0.0,,,0,cake_impl_01;cake_impl_02;cake_impl_03;cake_impl_04;cake_impl_07;cake_impl_08,0.0,0.0,0.0,4,6,near_zero,0.0,6.9141100235283375,-6.203079368919134,-6.203079368919134,0.7110306546092033,-5.959224008023739,implanted=6
implanted_original4,mu_Dprime_native,0.5,,,+,cake_impl_01;cake_impl_02;cake_impl_03;cake_impl_04;cake_impl_07;cake_impl_08,0.09665082395076752,0.06608948856592178,0.15370827168226242,4,6,near_zero,0.013978780149848652,6.9141100235283375,-6.106428544968367,-6.203079368919134,0.7110306546092033,-5.959224008023739,implanted=6
implanted_original4,mu_Dprime_native,1.0,,,+,cake_impl_01;cake_impl_02;cake_impl_03;cake_impl_04;cake_impl_07;cake_impl_08,0.13475298881530762,0.05727437883615494,0.2122315987944603,4,6,near_zero,0.01948956385662805,6.9141100235283375,-6.0683263801038265,-6.203079368919134,0.7110306546092033,-5.959224008023739,implanted=6
implanted_original4,mu_Dprime_native,2.0,,,+,cake_impl_01;cake_impl_02;cake_impl_03;cake_impl_04;cake_impl_07;cake_impl_08,0.15148038417100906,-0.15720853954553604,0.46016930788755417,4,6,near_zero,0.021908876725352883,6.9141100235283375,-6.051598984748125,-6.203079368919134,0.7110306546092033,-5.959224008023739,implanted=6
implanted_original4,mu_Dprime_native,4.0,,,+,cake_impl_01;cake_impl_02;cake_impl_03;cake_impl_04;cake_impl_07;cake_impl_08,0.3376786857843399,0.014831293374300003,0.6247669346630573,4,6,nonzero,0.048839067448339386,6.9141100235283375,-5.865400683134794,-6.203079368919134,0.7110306546092033,-5.959224008023739,implanted=6
implanted_original4,mu_Dprime_matched,0.0,,,0,cake_impl_01;cake_impl_02;cake_impl_03;cake_impl_04;cake_impl_07;cake_impl_08,0.0,0.0,0.0,4,6,near_zero,0.0,6.9141100235283375,-6.203079368919134,-6.203079368919134,0.7110306546092033,-5.959224008023739,implanted=6
implanted_original4,mu_Dprime_matched,0.5,,,+,cake_impl_01;cake_impl_02;cake_impl_03;cake_impl_04;cake_impl_07;cake_impl_08,0.0674007385969162,0.025746606290340424,0.10905487090349197,4,6,near_zero,0.009748288408422078,6.9141100235283375,-6.135678630322218,-6.203079368919134,0.7110306546092033,-5.959224008023739,implanted=6
implanted_original4,mu_Dprime_matched,1.0,,,+,cake_impl_01;cake_impl_02;cake_impl_03;cake_impl_04;cake_impl_07;cake_impl_08,0.058008044958114624,-0.0008956864476203918,0.12799561023712158,4,6,near_zero,0.008389806462540577,6.9141100235283375,-6.1450713239610195,-6.203079368919134,0.7110306546092033,-5.959224008023739,implanted=6
implanted_original4,mu_Dprime_matched,2.0,,,+,cake_impl_01;cake_impl_02;cake_impl_03;cake_impl_04;cake_impl_07;cake_impl_08,0.13864661008119583,0.03996873274445534,0.22776367515325546,4,6,near_zero,0.020052705208535734,6.9141100235283375,-6.064432758837938,-6.203079368919134,0.7110306546092033,-5.959224008023739,implanted=6
implanted_original4,mu_Dprime_matched,4.0,,,+,cake_impl_01;cake_impl_02;cake_impl_03;cake_impl_04;cake_impl_07;cake_impl_08,0.225330151617527,-0.1351536586880684,0.5858139619231224,4,6,inconclusive,0.032589899618423894,6.9141100235283375,-5.977749217301607,-6.203079368919134,0.7110306546092033,-5.959224008023739,implanted=6
implanted_original4,mu_D_par,0.0,,,0,cake_impl_01;cake_impl_02;cake_impl_03;cake_impl_04;cake_impl_07;cake_impl_08,0.0,0.0,0.0,4,6,near_zero,0.0,6.9141100235283375,-6.203079368919134,-6.203079368919134,0.7110306546092033,-5.959224008023739,implanted=6
implanted_original4,mu_D_par,0.5,,,+,cake_impl_01;cake_impl_02;cake_impl_03;cake_impl_04;cake_impl_07;cake_impl_08,0.07613323628902435,0.018550746142864227,0.13371572643518448,4,6,near_zero,0.011011285043186632,6.9141100235283375,-6.12694613263011,-6.203079368919134,0.7110306546092033,-5.959224008023739,implanted=6
implanted_original4,mu_D_par,1.0,,,+,cake_impl_01;cake_impl_02;cake_impl_03;cake_impl_04;cake_impl_07;cake_impl_08,0.04254726320505142,0.017873771488666534,0.06722075492143631,4,6,near_zero,0.00615368616644303,6.9141100235283375,-6.160532105714083,-6.203079368919134,0.7110306546092033,-5.959224008023739,implanted=6
implanted_original4,mu_D_par,2.0,,,+,cake_impl_01;cake_impl_02;cake_impl_03;cake_impl_04;cake_impl_07;cake_impl_08,0.10729144886136055,0.03302861750125885,0.18155428022146225,4,6,near_zero,0.01551775260970011,6.9141100235283375,-6.095787920057774,-6.203079368919134,0.7110306546092033,-5.959224008023739,implanted=6
implanted_original4,mu_D_par,4.0,,,+,cake_impl_01;cake_impl_02;cake_impl_03;cake_impl_04;cake_impl_07;cake_impl_08,0.20081155374646187,-0.01596313714981079,0.4175862446427345,4,6,inconclusive,0.02904373130643151,6.9141100235283375,-6.002267815172672,-6.203079368919134,0.7110306546092033,-5.959224008023739,implanted=6
implanted_original4,mu_D_perp_native,0.0,,,0,cake_impl_01;cake_impl_02;cake_impl_03;cake_impl_04;cake_impl_07;cake_impl_08,0.0,0.0,0.0,4,6,near_zero,0.0,6.9141100235283375,-6.203079368919134,-6.203079368919134,0.7110306546092033,-5.959224008023739,implanted=6
implanted_original4,mu_D_perp_native,0.5,,,+,cake_impl_01;cake_impl_02;cake_impl_03;cake_impl_04;cake_impl_07;cake_impl_08,0.05828750319778919,0.022498946636915207,0.09407605975866318,4,6,near_zero,0.00843022500357096,6.9141100235283375,-6.144791865721345,-6.203079368919134,0.7110306546092033,-5.959224008023739,implanted=6
implanted_original4,mu_D_perp_native,1.0,,,-,cake_impl_01;cake_impl_02;cake_impl_03;cake_impl_04;cake_impl_07;cake_impl_08,-0.03969028778374195,-0.07521678693592548,-0.006967563182115555,4,6,near_zero,-0.005740476742296272,6.9141100235283375,-6.242769656702876,-6.203079368919134,0.7110306546092033,-5.959224008023739,implanted=6
implanted_original4,mu_D_perp_native,2.0,,,-,cake_impl_01;cake_impl_02;cake_impl_03;cake_impl_04;cake_impl_07;cake_impl_08,-0.058649634942412376,-0.11297942325472832,-0.0015616510063409805,4,6,near_zero,-0.00848260076030478,6.9141100235283375,-6.2617290038615465,-6.203079368919134,0.7110306546092033,-5.959224008023739,implanted=6
implanted_original4,mu_D_perp_native,4.0,,,-,cake_impl_01;cake_impl_02;cake_impl_03;cake_impl_04;cake_impl_07;cake_impl_08,-0.10599702782928944,-0.24652445688843727,0.045740099623799324,4,6,near_zero,-0.015330538199216872,6.9141100235283375,-6.309076396748424,-6.203079368919134,0.7110306546092033,-5.959224008023739,implanted=6
implanted_original4,mu_D_perp_matched,0.0,,,0,cake_impl_01;cake_impl_02;cake_impl_03;cake_impl_04;cake_impl_07;cake_impl_08,0.0,0.0,0.0,4,6,near_zero,0.0,6.9141100235283375,-6.203079368919134,-6.203079368919134,0.7110306546092033,-5.959224008023739,implanted=6
implanted_original4,mu_D_perp_matched,0.5,,,-,cake_impl_01;cake_impl_02;cake_impl_03;cake_impl_04;cake_impl_07;cake_impl_08,-0.07948842085897923,-0.16470278054475784,-0.012725459411740303,4,6,near_zero,-0.011496551340445044,6.9141100235283375,-6.282567789778113,-6.203079368919134,0.7110306546092033,-5.959224008023739,implanted=6
implanted_original4,mu_D_perp_matched,1.0,,,-,cake_impl_01;cake_impl_02;cake_impl_03;cake_impl_04;cake_impl_07;cake_impl_08,-0.010469317436218262,-0.05683080106973648,0.036728635430336,4,6,near_zero,-0.0015141959558919004,6.9141100235283375,-6.213548686355352,-6.203079368919134,0.7110306546092033,-5.959224008023739,implanted=6
implanted_original4,mu_D_perp_matched,2.0,,,-,cake_impl_01;cake_impl_02;cake_impl_03;cake_impl_04;cake_impl_07;cake_impl_08,-0.09133945778012276,-0.16938495635986328,0.0005439631640911102,4,6,near_zero,-0.013210587836944971,6.9141100235283375,-6.294418826699257,-6.203079368919134,0.7110306546092033,-5.959224008023739,implanted=6
implanted_original4,mu_D_perp_matched,4.0,,,-,cake_impl_01;cake_impl_02;cake_impl_03;cake_impl_04;cake_impl_07;cake_impl_08,-0.12120646238327026,-0.33081382885575294,0.1315184123814106,4,6,near_zero,-0.017530305703960643,6.9141100235283375,-6.324285831302404,-6.203079368919134,0.7110306546092033,-5.959224008023739,implanted=6
implanted_original4,r0,0.0,,,0,cake_impl_01;cake_impl_02;cake_impl_03;cake_impl_04;cake_impl_07;cake_impl_08,0.0,0.0,0.0,4,6,near_zero,0.0,6.9141100235283375,-6.203079368919134,-6.203079368919134,0.7110306546092033,-5.959224008023739,implanted=6
implanted_original4,r0,0.5,,,+,cake_impl_01;cake_impl_02;cake_impl_03;cake_impl_04;cake_impl_07;cake_impl_08,0.04044843465089798,-0.037657417356967926,0.11855428665876389,4,6,near_zero,0.0058501288688282615,6.9141100235283375,-6.162630934268236,-6.203079368919134,0.7110306546092033,-5.959224008023739,implanted=6
implanted_original4,r0,1.0,,,+,cake_impl_01;cake_impl_02;cake_impl_03;cake_impl_04;cake_impl_07;cake_impl_08,0.02618994563817978,-0.014272678643465042,0.0662001334130764,4,6,near_zero,0.0037878983049238193,6.9141100235283375,-6.176889423280954,-6.203079368919134,0.7110306546092033,-5.959224008023739,implanted=6
implanted_original4,r0,2.0,,,+,cake_impl_01;cake_impl_02;cake_impl_03;cake_impl_04;cake_impl_07;cake_impl_08,0.028831984847784042,-0.06633121520280838,0.13074758276343346,4,6,near_zero,0.004170021123423026,6.9141100235283375,-6.17424738407135,-6.203079368919134,0.7110306546092033,-5.959224008023739,implanted=6
implanted_original4,r0,4.0,,,-,cake_impl_01;cake_impl_02;cake_impl_03;cake_impl_04;cake_impl_07;cake_impl_08,-0.032891444861888885,-0.2132614627480507,0.14747857302427292,4,6,near_zero,-0.004757148027723178,6.9141100235283375,-6.235970813781023,-6.203079368919134,0.7110306546092033,-5.959224008023739,implanted=6
implanted_original4,r1,0.0,,,0,cake_impl_01;cake_impl_02;cake_impl_03;cake_impl_04;cake_impl_07;cake_impl_08,0.0,0.0,0.0,4,6,near_zero,0.0,6.9141100235283375,-6.203079368919134,-6.203079368919134,0.7110306546092033,-5.959224008023739,implanted=6
implanted_original4,r1,0.5,,,+,cake_impl_01;cake_impl_02;cake_impl_03;cake_impl_04;cake_impl_07;cake_impl_08,0.04628394916653633,-0.014156810939311981,0.10672470927238464,4,6,near_zero,0.006694129686833821,6.9141100235283375,-6.156795419752598,-6.203079368919134,0.7110306546092033,-5.959224008023739,implanted=6
implanted_original4,r1,1.0,,,+,cake_impl_01;cake_impl_02;cake_impl_03;cake_impl_04;cake_impl_07;cake_impl_08,0.10591236874461174,-0.019694264978170395,0.2327042892575264,4,6,near_zero,0.01531829380559432,6.9141100235283375,-6.097167000174522,-6.203079368919134,0.7110306546092033,-5.959224008023739,implanted=6
implanted_original4,r1,2.0,,,+,cake_impl_01;cake_impl_02;cake_impl_03;cake_impl_04;cake_impl_07;cake_impl_08,0.1852080635726452,0.11233286187052727,0.23971229791641235,4,6,near_zero,0.02678697083824126,6.9141100235283375,-6.017871305346489,-6.203079368919134,0.7110306546092033,-5.959224008023739,implanted=6
implanted_original4,r1,4.0,,,+,cake_impl_01;cake_impl_02;cake_impl_03;cake_impl_04;cake_impl_07;cake_impl_08,0.3266974352300167,0.14217469841241837,0.511220172047615,4,6,nonzero,0.047250829697283274,6.9141100235283375,-5.876381933689117,-6.203079368919134,0.7110306546092033,-5.959224008023739,implanted=6
implanted_original4,r2,0.0,,,0,cake_impl_01;cake_impl_02;cake_impl_03;cake_impl_04;cake_impl_07;cake_impl_08,0.0,0.0,0.0,4,6,near_zero,0.0,6.9141100235283375,-6.203079368919134,-6.203079368919134,0.7110306546092033,-5.959224008023739,implanted=6
implanted_original4,r2,0.5,,,+,cake_impl_01;cake_impl_02;cake_impl_03;cake_impl_04;cake_impl_07;cake_impl_08,0.030743896961212158,0.0013571828603744507,0.060130611062049866,4,6,near_zero,0.004446544364580887,6.9141100235283375,-6.172335471957922,-6.203079368919134,0.7110306546092033,-5.959224008023739,implanted=6
implanted_original4,r2,1.0,,,+,cake_impl_01;cake_impl_02;cake_impl_03;cake_impl_04;cake_impl_07;cake_impl_08,0.1011065598577261,0.061483871191740036,0.14072924852371216,4,6,near_zero,0.014623221139621154,6.9141100235283375,-6.101972809061408,-6.203079368919134,0.7110306546092033,-5.959224008023739,implanted=6
implanted_original4,r2,2.0,,,+,cake_impl_01;cake_impl_02;cake_impl_03;cake_impl_04;cake_impl_07;cake_impl_08,0.10313855484127998,-0.06977901980280876,0.2544473558664322,4,6,near_zero,0.01491711217934125,6.9141100235283375,-6.099940814077854,-6.203079368919134,0.7110306546092033,-5.959224008023739,implanted=6
implanted_original4,r2,4.0,,,+,cake_impl_01;cake_impl_02;cake_impl_03;cake_impl_04;cake_impl_07;cake_impl_08,0.3857712522149086,0.1989707499742508,0.5725717544555664,4,6,nonzero,0.05579478065899301,6.9141100235283375,-5.8173081167042255,-6.203079368919134,0.7110306546092033,-5.959224008023739,implanted=6
temp_all,mu_D,0.0,,,0,cake_impl_01;cake_impl_02;cake_impl_03;cake_impl_04;cake_impl_07;cake_impl_08;cake_impl_16;cake_impl_17;cake_impl_18,0.0,0.0,0.0,7,9,near_zero,0.0,6.04723049061639,-5.361650726624897,-5.361650726624897,0.6855797639914921,-5.669328710862568,implanted=9
temp_all,mu_D,0.5,,,-,cake_impl_01;cake_impl_02;cake_impl_03;cake_impl_04;cake_impl_07;cake_impl_08;cake_impl_16;cake_impl_17;cake_impl_18,-0.0026719804321016583,-0.05704169688480241,0.05026562309690883,7,9,near_zero,-0.0004418519248187785,6.04723049061639,-5.364322707056999,-5.361650726624897,0.6855797639914921,-5.669328710862568,implanted=9
temp_all,mu_D,1.0,,,+,cake_impl_01;cake_impl_02;cake_impl_03;cake_impl_04;cake_impl_07;cake_impl_08;cake_impl_16;cake_impl_17;cake_impl_18,0.00827674035515104,-0.06330659336277417,0.0737290009856224,7,9,near_zero,0.0013686827991746346,6.04723049061639,-5.353373986269746,-5.361650726624897,0.6855797639914921,-5.669328710862568,implanted=9
temp_all,mu_D,2.0,,,+,cake_impl_01;cake_impl_02;cake_impl_03;cake_impl_04;cake_impl_07;cake_impl_08;cake_impl_16;cake_impl_17;cake_impl_18,0.06321380393845695,-0.047532108000346594,0.1704789596476723,7,9,near_zero,0.010453347865034596,6.04723049061639,-5.298436922686441,-5.361650726624897,0.6855797639914921,-5.669328710862568,implanted=9
temp_all,mu_D,4.0,,,+,cake_impl_01;cake_impl_02;cake_impl_03;cake_impl_04;cake_impl_07;cake_impl_08;cake_impl_16;cake_impl_17;cake_impl_18,0.05055096000432968,-0.16677580885589124,0.248845602784838,7,9,near_zero,0.008359357243414259,6.04723049061639,-5.3110997666205675,-5.361650726624897,0.6855797639914921,-5.669328710862568,implanted=9
temp_all,mu_Dprime_native,0.0,,,0,cake_impl_01;cake_impl_02;cake_impl_03;cake_impl_04;cake_impl_07;cake_impl_08;cake_impl_16;cake_impl_17;cake_impl_18,0.0,0.0,0.0,7,9,near_zero,0.0,6.04723049061639,-5.361650726624897,-5.361650726624897,0.6855797639914921,-5.669328710862568,implanted=9
temp_all,mu_Dprime_native,0.5,,,+,cake_impl_01;cake_impl_02;cake_impl_03;cake_impl_04;cake_impl_07;cake_impl_08;cake_impl_16;cake_impl_17;cake_impl_18,0.05904050171375275,-0.01829436421394348,0.13260488733649253,7,9,near_zero,0.009763229929033975,6.04723049061639,-5.302610224911144,-5.361650726624897,0.6855797639914921,-5.669328710862568,implanted=9
temp_all,mu_Dprime_native,1.0,,,+,cake_impl_01;cake_impl_02;cake_impl_03;cake_impl_04;cake_impl_07;cake_impl_08;cake_impl_16;cake_impl_17;cake_impl_18,0.08651396632194519,-0.005462595394679478,0.16483968852886113,7,9,near_zero,0.014306378176950699,6.04723049061639,-5.275136760302952,-5.361650726624897,0.6855797639914921,-5.669328710862568,implanted=9
temp_all,mu_Dprime_native,2.0,,,+,cake_impl_01;cake_impl_02;cake_impl_03;cake_impl_04;cake_impl_07;cake_impl_08;cake_impl_16;cake_impl_17;cake_impl_18,0.055375050221170695,-0.2639200155224119,0.32246594753648544,7,9,near_zero,0.009157092706669158,6.04723049061639,-5.306275676403727,-5.361650726624897,0.6855797639914921,-5.669328710862568,implanted=9
temp_all,mu_Dprime_native,4.0,,,-,cake_impl_01;cake_impl_02;cake_impl_03;cake_impl_04;cake_impl_07;cake_impl_08;cake_impl_16;cake_impl_17;cake_impl_18,-0.06253696126597268,-0.7081149228449378,0.390993599912949,7,9,inconclusive,-0.01034142180672831,6.04723049061639,-5.42418768789087,-5.361650726624897,0.6855797639914921,-5.669328710862568,implanted=9
temp_all,mu_Dprime_matched,0.0,,,0,cake_impl_01;cake_impl_02;cake_impl_03;cake_impl_04;cake_impl_07;cake_impl_08;cake_impl_16;cake_impl_17;cake_impl_18,0.0,0.0,0.0,7,9,near_zero,0.0,6.04723049061639,-5.361650726624897,-5.361650726624897,0.6855797639914921,-5.669328710862568,implanted=9
temp_all,mu_Dprime_matched,0.5,,,+,cake_impl_01;cake_impl_02;cake_impl_03;cake_impl_04;cake_impl_07;cake_impl_08;cake_impl_16;cake_impl_17;cake_impl_18,0.03457118145057133,-0.030197412627083912,0.09199596728597369,7,9,near_zero,0.005716861876559217,6.04723049061639,-5.3270795451743265,-5.361650726624897,0.6855797639914921,-5.669328710862568,implanted=9
temp_all,mu_Dprime_matched,1.0,,,+,cake_impl_01;cake_impl_02;cake_impl_03;cake_impl_04;cake_impl_07;cake_impl_08;cake_impl_16;cake_impl_17;cake_impl_18,0.05652295904500144,0.0006950639720473978,0.11628193147480485,7,9,near_zero,0.009346916598054143,6.04723049061639,-5.305127767579896,-5.361650726624897,0.6855797639914921,-5.669328710862568,implanted=9
temp_all,mu_Dprime_matched,2.0,,,+,cake_impl_01;cake_impl_02;cake_impl_03;cake_impl_04;cake_impl_07;cake_impl_08;cake_impl_16;cake_impl_17;cake_impl_18,0.1318126299551555,0.0546106690807002,0.20203564257494036,7,9,near_zero,0.021797189665532315,6.04723049061639,-5.229838096669742,-5.361650726624897,0.6855797639914921,-5.669328710862568,implanted=9
temp_all,mu_Dprime_matched,4.0,,,+,cake_impl_01;cake_impl_02;cake_impl_03;cake_impl_04;cake_impl_07;cake_impl_08;cake_impl_16;cake_impl_17;cake_impl_18,0.06257080818925585,-0.3406303482396262,0.40103226261479513,7,9,near_zero,0.010347018901685365,6.04723049061639,-5.299079918435642,-5.361650726624897,0.6855797639914921,-5.669328710862568,implanted=9
temp_all,mu_D_par,0.0,,,0,cake_impl_01;cake_impl_02;cake_impl_03;cake_impl_04;cake_impl_07;cake_impl_08;cake_impl_16;cake_impl_17;cake_impl_18,0.0,0.0,0.0,7,9,near_zero,0.0,6.04723049061639,-5.361650726624897,-5.361650726624897,0.6855797639914921,-5.669328710862568,implanted=9
temp_all,mu_D_par,0.5,,,+,cake_impl_01;cake_impl_02;cake_impl_03;cake_impl_04;cake_impl_07;cake_impl_08;cake_impl_16;cake_impl_17;cake_impl_18,0.06822785096509117,0.008560204080172948,0.1350493167660066,7,9,near_zero,0.011282495527657116,6.04723049061639,-5.2934228756598065,-5.361650726624897,0.6855797639914921,-5.669328710862568,implanted=9
temp_all,mu_D_par,1.0,,,+,cake_impl_01;cake_impl_02;cake_impl_03;cake_impl_04;cake_impl_07;cake_impl_08;cake_impl_16;cake_impl_17;cake_impl_18,0.048146773661885946,0.00621788427233696,0.09978117229683056,7,9,near_zero,0.007961789076271571,6.04723049061639,-5.3135039529630115,-5.361650726624897,0.6855797639914921,-5.669328710862568,implanted=9
temp_all,mu_D_par,2.0,,,+,cake_impl_01;cake_impl_02;cake_impl_03;cake_impl_04;cake_impl_07;cake_impl_08;cake_impl_16;cake_impl_17;cake_impl_18,0.10134815956865038,0.020293799894196645,0.18970273589449263,7,9,near_zero,0.016759433880668907,6.04723049061639,-5.2603025670562475,-5.361650726624897,0.6855797639914921,-5.669328710862568,implanted=9
temp_all,mu_D_par,4.0,,,+,cake_impl_01;cake_impl_02;cake_impl_03;cake_impl_04;cake_impl_07;cake_impl_08;cake_impl_16;cake_impl_17;cake_impl_18,0.12832845960344588,-0.13476692246539254,0.3374422399061065,7,9,near_zero,0.02122102999093151,6.04723049061639,-5.233322267021451,-5.361650726624897,0.6855797639914921,-5.669328710862568,implanted=9
temp_all,mu_D_perp_native,0.0,,,0,cake_impl_01;cake_impl_02;cake_impl_03;cake_impl_04;cake_impl_07;cake_impl_08;cake_impl_16;cake_impl_17;cake_impl_18,0.0,0.0,0.0,7,9,near_zero,0.0,6.04723049061639,-5.361650726624897,-5.361650726624897,0.6855797639914921,-5.669328710862568,implanted=9
temp_all,mu_D_perp_native,0.5,,,-,cake_impl_01;cake_impl_02;cake_impl_03;cake_impl_04;cake_impl_07;cake_impl_08;cake_impl_16;cake_impl_17;cake_impl_18,-0.01668611913919449,-0.09965131117829255,0.05541790707835128,7,9,near_zero,-0.0027592993462191785,6.04723049061639,-5.378336845764092,-5.361650726624897,0.6855797639914921,-5.669328710862568,implanted=9
temp_all,mu_D_perp_native,1.0,,,-,cake_impl_01;cake_impl_02;cake_impl_03;cake_impl_04;cake_impl_07;cake_impl_08;cake_impl_16;cake_impl_17;cake_impl_18,-0.06771858568702425,-0.1303601497784257,-0.02099234789077725,7,9,near_zero,-0.011198280897694333,6.04723049061639,-5.4293693123119215,-5.361650726624897,0.6855797639914921,-5.669328710862568,implanted=9
temp_all,mu_D_perp_native,2.0,,,-,cake_impl_01;cake_impl_02;cake_impl_03;cake_impl_04;cake_impl_07;cake_impl_08;cake_impl_16;cake_impl_17;cake_impl_18,-0.05551315311874662,-0.13544366721596038,0.025762460540447736,7,9,near_zero,-0.009179930086158862,6.04723049061639,-5.4171638797436446,-5.361650726624897,0.6855797639914921,-5.669328710862568,implanted=9
temp_all,mu_D_perp_native,4.0,,,-,cake_impl_01;cake_impl_02;cake_impl_03;cake_impl_04;cake_impl_07;cake_impl_08;cake_impl_16;cake_impl_17;cake_impl_18,-0.10920324176549911,-0.21701308829443794,-0.004645214788616034,7,9,near_zero,-0.018058389197327933,6.04723049061639,-5.470853968390396,-5.361650726624897,0.6855797639914921,-5.669328710862568,implanted=9
temp_all,mu_D_perp_matched,0.0,,,0,cake_impl_01;cake_impl_02;cake_impl_03;cake_impl_04;cake_impl_07;cake_impl_08;cake_impl_16;cake_impl_17;cake_impl_18,0.0,0.0,0.0,7,9,near_zero,0.0,6.04723049061639,-5.361650726624897,-5.361650726624897,0.6855797639914921,-5.669328710862568,implanted=9
temp_all,mu_D_perp_matched,0.5,,,-,cake_impl_01;cake_impl_02;cake_impl_03;cake_impl_04;cake_impl_07;cake_impl_08;cake_impl_16;cake_impl_17;cake_impl_18,-0.06997710785695485,-0.12055523587124688,-0.023192792066505978,7,9,near_zero,-0.011571761315455025,6.04723049061639,-5.431627834481852,-5.361650726624897,0.6855797639914921,-5.669328710862568,implanted=9
temp_all,mu_D_perp_matched,1.0,,,-,cake_impl_01;cake_impl_02;cake_impl_03;cake_impl_04;cake_impl_07;cake_impl_08;cake_impl_16;cake_impl_17;cake_impl_18,-0.046909838914871216,-0.13446628557784215,0.015610071165221078,7,9,near_zero,-0.007757243417075331,6.04723049061639,-5.408560565539768,-5.361650726624897,0.6855797639914921,-5.669328710862568,implanted=9
temp_all,mu_D_perp_matched,2.0,,,-,cake_impl_01;cake_impl_02;cake_impl_03;cake_impl_04;cake_impl_07;cake_impl_08;cake_impl_16;cake_impl_17;cake_impl_18,-0.10485113518578666,-0.2007696269346135,-0.02271383149283273,7,9,near_zero,-0.017338703287147116,6.04723049061639,-5.466501861810684,-5.361650726624897,0.6855797639914921,-5.669328710862568,implanted=9
temp_all,mu_D_perp_matched,4.0,,,-,cake_impl_01;cake_impl_02;cake_impl_03;cake_impl_04;cake_impl_07;cake_impl_08;cake_impl_16;cake_impl_17;cake_impl_18,-0.04849947988986969,-0.226983870778765,0.12119520774909429,7,9,near_zero,-0.008020114325909574,6.04723049061639,-5.410150206514767,-5.361650726624897,0.6855797639914921,-5.669328710862568,implanted=9
temp_all,r0,0.0,,,0,cake_impl_01;cake_impl_02;cake_impl_03;cake_impl_04;cake_impl_07;cake_impl_08;cake_impl_16;cake_impl_17;cake_impl_18,0.0,0.0,0.0,7,9,near_zero,0.0,6.04723049061639,-5.361650726624897,-5.361650726624897,0.6855797639914921,-5.669328710862568,implanted=9
temp_all,r0,0.5,,,-,cake_impl_01;cake_impl_02;cake_impl_03;cake_impl_04;cake_impl_07;cake_impl_08;cake_impl_16;cake_impl_17;cake_impl_18,-0.0402766295841762,-0.16086475050875118,0.058696365835411095,7,9,near_zero,-0.0066603430523566555,6.04723049061639,-5.4019273562090735,-5.361650726624897,0.6855797639914921,-5.669328710862568,implanted=9
temp_all,r0,1.0,,,-,cake_impl_01;cake_impl_02;cake_impl_03;cake_impl_04;cake_impl_07;cake_impl_08;cake_impl_16;cake_impl_17;cake_impl_18,-0.07936065750462669,-0.22135600192206245,0.03313969501427242,7,9,near_zero,-0.01312347158385516,6.04723049061639,-5.441011384129524,-5.361650726624897,0.6855797639914921,-5.669328710862568,implanted=9
temp_all,r0,2.0,,,-,cake_impl_01;cake_impl_02;cake_impl_03;cake_impl_04;cake_impl_07;cake_impl_08;cake_impl_16;cake_impl_17;cake_impl_18,-0.11357394073690687,-0.28042844576495035,0.032627486756869724,7,9,near_zero,-0.018781149637531074,6.04723049061639,-5.475224667361805,-5.361650726624897,0.6855797639914921,-5.669328710862568,implanted=9
temp_all,r0,4.0,,,-,cake_impl_01;cake_impl_02;cake_impl_03;cake_impl_04;cake_impl_07;cake_impl_08;cake_impl_16;cake_impl_17;cake_impl_18,-0.24690296181610652,-0.4897387551942042,-0.020303647433008467,7,9,nonzero,-0.04082909725356605,6.04723049061639,-5.608553688441004,-5.361650726624897,0.6855797639914921,-5.669328710862568,implanted=9
temp_all,r1,0.0,,,0,cake_impl_01;cake_impl_02;cake_impl_03;cake_impl_04;cake_impl_07;cake_impl_08;cake_impl_16;cake_impl_17;cake_impl_18,0.0,0.0,0.0,7,9,near_zero,0.0,6.04723049061639,-5.361650726624897,-5.361650726624897,0.6855797639914921,-5.669328710862568,implanted=9
temp_all,r1,0.5,,,+,cake_impl_01;cake_impl_02;cake_impl_03;cake_impl_04;cake_impl_07;cake_impl_08;cake_impl_16;cake_impl_17;cake_impl_18,0.04388738530022757,0.00319332948752812,0.09141761623322958,7,9,near_zero,0.007257435510078294,6.04723049061639,-5.31776334132467,-5.361650726624897,0.6855797639914921,-5.669328710862568,implanted=9
temp_all,r1,1.0,,,+,cake_impl_01;cake_impl_02;cake_impl_03;cake_impl_04;cake_impl_07;cake_impl_08;cake_impl_16;cake_impl_17;cake_impl_18,0.07199880480766296,-0.027205752474921092,0.17587286233901978,7,9,near_zero,0.011906079141416052,6.04723049061639,-5.289651921817234,-5.361650726624897,0.6855797639914921,-5.669328710862568,implanted=9
temp_all,r1,2.0,,,+,cake_impl_01;cake_impl_02;cake_impl_03;cake_impl_04;cake_impl_07;cake_impl_08;cake_impl_16;cake_impl_17;cake_impl_18,0.16033040199960982,0.09838459885546139,0.21636168232985906,7,9,near_zero,0.026513029766005735,6.04723049061639,-5.2013203246252875,-5.361650726624897,0.6855797639914921,-5.669328710862568,implanted=9
temp_all,r1,4.0,,,+,cake_impl_01;cake_impl_02;cake_impl_03;cake_impl_04;cake_impl_07;cake_impl_08;cake_impl_16;cake_impl_17;cake_impl_18,0.25755915471485685,0.12019843501704079,0.4111029298177787,7,9,nonzero,0.042591258116342116,6.04723049061639,-5.104091571910041,-5.361650726624897,0.6855797639914921,-5.669328710862568,implanted=9
temp_all,r2,0.0,,,0,cake_impl_01;cake_impl_02;cake_impl_03;cake_impl_04;cake_impl_07;cake_impl_08;cake_impl_16;cake_impl_17;cake_impl_18,0.0,0.0,0.0,7,9,near_zero,0.0,6.04723049061639,-5.361650726624897,-5.361650726624897,0.6855797639914921,-5.669328710862568,implanted=9
temp_all,r2,0.5,,,-,cake_impl_01;cake_impl_02;cake_impl_03;cake_impl_04;cake_impl_07;cake_impl_08;cake_impl_16;cake_impl_17;cake_impl_18,-0.011243835091590881,-0.06375656362090792,0.03236276906515863,7,9,near_zero,-0.0018593362877499325,6.04723049061639,-5.372894561716488,-5.361650726624897,0.6855797639914921,-5.669328710862568,implanted=9
temp_all,r2,1.0,,,+,cake_impl_01;cake_impl_02;cake_impl_03;cake_impl_04;cake_impl_07;cake_impl_08;cake_impl_16;cake_impl_17;cake_impl_18,0.08077207314116615,0.037932278854506354,0.12260637424354039,7,9,near_zero,0.01335687026755501,6.04723049061639,-5.2808786534837315,-5.361650726624897,0.6855797639914921,-5.669328710862568,implanted=9
temp_all,r2,2.0,,,+,cake_impl_01;cake_impl_02;cake_impl_03;cake_impl_04;cake_impl_07;cake_impl_08;cake_impl_16;cake_impl_17;cake_impl_18,0.08993119640009743,-0.03614976448672158,0.22689970742378912,7,9,near_zero,0.01487146827620437,6.04723049061639,-5.2717195302248,-5.361650726624897,0.6855797639914921,-5.669328710862568,implanted=9
temp_all,r2,4.0,,,+,cake_impl_01;cake_impl_02;cake_impl_03;cake_impl_04;cake_impl_07;cake_impl_08;cake_impl_16;cake_impl_17;cake_impl_18,0.3510252684354782,0.1888681458575385,0.5182549693754741,7,9,nonzero,0.05804727783737882,6.04723049061639,-5.010625458189419,-5.361650726624897,0.6855797639914921,-5.669328710862568,implanted=9
factual_control,mu_D,0.0,,,0,cake_ctrl_01;cake_ctrl_02;cake_ctrl_03;cake_ctrl_04;cake_ctrl_05;cake_ctrl_06;cake_ctrl_07;cake_ctrl_08,0.0,0.0,0.0,6,8,near_zero,-0.0,-1.6300042087483841,9.850139960937668,9.850139960937668,8.220135752189284,10.65377221077991,factual_control=8
factual_control,mu_D,0.5,,,-,cake_ctrl_01;cake_ctrl_02;cake_ctrl_03;cake_ctrl_04;cake_ctrl_05;cake_ctrl_06;cake_ctrl_07;cake_ctrl_08,-0.0543923307947504,-0.09605906096597512,-0.012725603708531708,6,8,near_zero,0.033369441933230416,-1.6300042087483841,9.795747630142918,9.850139960937668,8.220135752189284,10.65377221077991,factual_control=8
factual_control,mu_D,1.0,,,-,cake_ctrl_01;cake_ctrl_02;cake_ctrl_03;cake_ctrl_04;cake_ctrl_05;cake_ctrl_06;cake_ctrl_07;cake_ctrl_08,-0.03354127611479877,-0.1215456826495938,0.070625320324325,6,8,near_zero,0.020577416877072846,-1.6300042087483841,9.81659868482287,9.850139960937668,8.220135752189284,10.65377221077991,factual_control=8
factual_control,mu_D,2.0,,,+,cake_ctrl_01;cake_ctrl_02;cake_ctrl_03;cake_ctrl_04;cake_ctrl_05;cake_ctrl_06;cake_ctrl_07;cake_ctrl_08,0.018009775584990468,-0.3049067778823276,0.3409263340443431,6,8,near_zero,-0.011048913547787378,-1.6300042087483841,9.868149736522659,9.850139960937668,8.220135752189284,10.65377221077991,factual_control=8
factual_control,mu_D,4.0,,,+,cake_ctrl_01;cake_ctrl_02;cake_ctrl_03;cake_ctrl_04;cake_ctrl_05;cake_ctrl_06;cake_ctrl_07;cake_ctrl_08,0.31862660092883743,-0.5417739813916949,1.1789199348034647,6,8,inconclusive,-0.19547593755816017,-1.6300042087483841,10.168766561866505,9.850139960937668,8.220135752189284,10.65377221077991,factual_control=8
factual_control,mu_Dprime_native,0.0,,,0,cake_ctrl_01;cake_ctrl_02;cake_ctrl_03;cake_ctrl_04;cake_ctrl_05;cake_ctrl_06;cake_ctrl_07;cake_ctrl_08,0.0,0.0,0.0,6,8,near_zero,-0.0,-1.6300042087483841,9.850139960937668,9.850139960937668,8.220135752189284,10.65377221077991,factual_control=8
factual_control,mu_Dprime_native,0.5,,,+,cake_ctrl_01;cake_ctrl_02;cake_ctrl_03;cake_ctrl_04;cake_ctrl_05;cake_ctrl_06;cake_ctrl_07;cake_ctrl_08,0.06539631029105901,-0.03125002250696222,0.17477124873645758,6,8,near_zero,-0.040120332168512775,-1.6300042087483841,9.915536271228726,9.850139960937668,8.220135752189284,10.65377221077991,factual_control=8
factual_control,mu_Dprime_native,1.0,,,+,cake_ctrl_01;cake_ctrl_02;cake_ctrl_03;cake_ctrl_04;cake_ctrl_05;cake_ctrl_06;cake_ctrl_07;cake_ctrl_08,0.3996228363588064,0.15604874223354273,0.6652478514442919,6,8,nonzero,-0.2451667512353609,-1.6300042087483841,10.249762797296475,9.850139960937668,8.220135752189284,10.65377221077991,factual_control=8
factual_control,mu_Dprime_native,2.0,,,+,cake_ctrl_01;cake_ctrl_02;cake_ctrl_03;cake_ctrl_04;cake_ctrl_05;cake_ctrl_06;cake_ctrl_07;cake_ctrl_08,1.253006128702206,0.5989035483934761,1.90925580325226,6,8,nonzero,-0.768713431521959,-1.6300042087483841,11.103146089639873,9.850139960937668,8.220135752189284,10.65377221077991,factual_control=8
factual_control,mu_Dprime_native,4.0,,,+,cake_ctrl_01;cake_ctrl_02;cake_ctrl_03;cake_ctrl_04;cake_ctrl_05;cake_ctrl_06;cake_ctrl_07;cake_ctrl_08,1.31594555213087,-0.6528039992044796,3.2915862440131605,6,8,inconclusive,-0.8073264750287563,-1.6300042087483841,11.166085513068538,9.850139960937668,8.220135752189284,10.65377221077991,factual_control=8
factual_control,mu_Dprime_matched,0.0,,,0,cake_ctrl_01;cake_ctrl_02;cake_ctrl_03;cake_ctrl_04;cake_ctrl_05;cake_ctrl_06;cake_ctrl_07;cake_ctrl_08,0.0,0.0,0.0,6,8,near_zero,-0.0,-1.6300042087483841,9.850139960937668,9.850139960937668,8.220135752189284,10.65377221077991,factual_control=8
factual_control,mu_Dprime_matched,0.5,,,+,cake_ctrl_01;cake_ctrl_02;cake_ctrl_03;cake_ctrl_04;cake_ctrl_05;cake_ctrl_06;cake_ctrl_07;cake_ctrl_08,0.01387085309640194,-0.059132331089737505,0.0798248223727569,6,8,near_zero,-0.008509703853496685,-1.6300042087483841,9.864010814034069,9.850139960937668,8.220135752189284,10.65377221077991,factual_control=8
factual_control,mu_Dprime_matched,1.0,,,+,cake_ctrl_01;cake_ctrl_02;cake_ctrl_03;cake_ctrl_04;cake_ctrl_05;cake_ctrl_06;cake_ctrl_07;cake_ctrl_08,0.0978513759910129,-0.02083286759443581,0.22584538041458777,6,8,near_zero,-0.06003136400865437,-1.6300042087483841,9.94799133692868,9.850139960937668,8.220135752189284,10.65377221077991,factual_control=8
factual_control,mu_Dprime_matched,2.0,,,+,cake_ctrl_01;cake_ctrl_02;cake_ctrl_03;cake_ctrl_04;cake_ctrl_05;cake_ctrl_06;cake_ctrl_07;cake_ctrl_08,0.41212249641345505,0.12551732949214056,0.7500001862257099,6,8,nonzero,-0.25283523453593265,-1.6300042087483841,10.262262457351122,9.850139960937668,8.220135752189284,10.65377221077991,factual_control=8
factual_control,mu_Dprime_matched,4.0,,,+,cake_ctrl_01;cake_ctrl_02;cake_ctrl_03;cake_ctrl_04;cake_ctrl_05;cake_ctrl_06;cake_ctrl_07;cake_ctrl_08,1.3797377001258913,0.6451140901778066,2.0984875987123814,6,8,nonzero,-0.8464626610905117,-1.6300042087483841,11.22987766106356,9.850139960937668,8.220135752189284,10.65377221077991,factual_control=8
factual_control,mu_D_par,0.0,,,0,cake_ctrl_01;cake_ctrl_02;cake_ctrl_03;cake_ctrl_04;cake_ctrl_05;cake_ctrl_06;cake_ctrl_07;cake_ctrl_08,0.0,0.0,0.0,6,8,near_zero,-0.0,-1.6300042087483841,9.850139960937668,9.850139960937668,8.220135752189284,10.65377221077991,factual_control=8
factual_control,mu_D_par,0.5,,,+,cake_ctrl_01;cake_ctrl_02;cake_ctrl_03;cake_ctrl_04;cake_ctrl_05;cake_ctrl_06;cake_ctrl_07;cake_ctrl_08,0.0009661500128762176,-0.06250007000441353,0.06443237003016596,6,8,near_zero,-0.0005927285387919863,-1.6300042087483841,9.851106110950544,9.850139960937668,8.220135752189284,10.65377221077991,factual_control=8
factual_control,mu_D_par,1.0,,,+,cake_ctrl_01;cake_ctrl_02;cake_ctrl_03;cake_ctrl_04;cake_ctrl_05;cake_ctrl_06;cake_ctrl_07;cake_ctrl_08,0.03366340788488742,-0.1250698183725035,0.17911493325179131,6,8,near_zero,-0.02065234414991862,-1.6300042087483841,9.883803368822555,9.850139960937668,8.220135752189284,10.65377221077991,factual_control=8
factual_control,mu_D_par,2.0,,,+,cake_ctrl_01;cake_ctrl_02;cake_ctrl_03;cake_ctrl_04;cake_ctrl_05;cake_ctrl_06;cake_ctrl_07;cake_ctrl_08,0.342147229515831,0.12843557026547692,0.5781249579110105,6,8,nonzero,-0.20990573378859698,-1.6300042087483841,10.192287190453499,9.850139960937668,8.220135752189284,10.65377221077991,factual_control=8
factual_control,mu_D_par,4.0,,,+,cake_ctrl_01;cake_ctrl_02;cake_ctrl_03;cake_ctrl_04;cake_ctrl_05;cake_ctrl_06;cake_ctrl_07;cake_ctrl_08,1.0741202614772192,0.45276444397750315,1.7095367262760799,6,8,nonzero,-0.6589677840782961,-1.6300042087483841,10.924260222414887,9.850139960937668,8.220135752189284,10.65377221077991,factual_control=8
factual_control,mu_D_perp_native,0.0,,,0,cake_ctrl_01;cake_ctrl_02;cake_ctrl_03;cake_ctrl_04;cake_ctrl_05;cake_ctrl_06;cake_ctrl_07;cake_ctrl_08,0.0,0.0,0.0,6,8,near_zero,-0.0,-1.6300042087483841,9.850139960937668,9.850139960937668,8.220135752189284,10.65377221077991,factual_control=8
factual_control,mu_D_perp_native,0.5,,,-,cake_ctrl_01;cake_ctrl_02;cake_ctrl_03;cake_ctrl_04;cake_ctrl_05;cake_ctrl_06;cake_ctrl_07;cake_ctrl_08,-0.09065279473240177,-0.14583314939712486,-0.028152810564885538,6,8,near_zero,0.055615067891150095,-1.6300042087483841,9.759487166205266,9.850139960937668,8.220135752189284,10.65377221077991,factual_control=8
factual_control,mu_D_perp_native,1.0,,,-,cake_ctrl_01;cake_ctrl_02;cake_ctrl_03;cake_ctrl_04;cake_ctrl_05;cake_ctrl_06;cake_ctrl_07;cake_ctrl_08,-0.14376765120929727,-0.29166688141413033,-0.006285323528572917,6,8,near_zero,0.0882007852726287,-1.6300042087483841,9.706372309728371,9.850139960937668,8.220135752189284,10.65377221077991,factual_control=8
factual_control,mu_D_perp_native,2.0,,,-,cake_ctrl_01;cake_ctrl_02;cake_ctrl_03;cake_ctrl_04;cake_ctrl_05;cake_ctrl_06;cake_ctrl_07;cake_ctrl_08,-0.272334848792525,-0.48070578036834677,-0.09525139474620421,6,8,nonzero,0.16707616295153016,-1.6300042087483841,9.577805112145143,9.850139960937668,8.220135752189284,10.65377221077991,factual_control=8
factual_control,mu_D_perp_native,4.0,,,-,cake_ctrl_01;cake_ctrl_02;cake_ctrl_03;cake_ctrl_04;cake_ctrl_05;cake_ctrl_06;cake_ctrl_07;cake_ctrl_08,-0.5434326903390078,-0.9603597736524535,-0.16154789924621582,6,8,nonzero,0.33339342771163044,-1.6300042087483841,9.30670727059866,9.850139960937668,8.220135752189284,10.65377221077991,factual_control=8
factual_control,mu_D_perp_matched,0.0,,,0,cake_ctrl_01;cake_ctrl_02;cake_ctrl_03;cake_ctrl_04;cake_ctrl_05;cake_ctrl_06;cake_ctrl_07;cake_ctrl_08,0.0,0.0,0.0,6,8,near_zero,-0.0,-1.6300042087483841,9.850139960937668,9.850139960937668,8.220135752189284,10.65377221077991,factual_control=8
factual_control,mu_D_perp_matched,0.5,,,-,cake_ctrl_01;cake_ctrl_02;cake_ctrl_03;cake_ctrl_04;cake_ctrl_05;cake_ctrl_06;cake_ctrl_07;cake_ctrl_08,-0.15338813896717815,-0.2552085537754465,-0.05912244757443356,6,8,near_zero,0.09410290976178451,-1.6300042087483841,9.696751821970489,9.850139960937668,8.220135752189284,10.65377221077991,factual_control=8
factual_control,mu_D_perp_matched,1.0,,,-,cake_ctrl_01;cake_ctrl_02;cake_ctrl_03;cake_ctrl_04;cake_ctrl_05;cake_ctrl_06;cake_ctrl_07;cake_ctrl_08,-0.26939323579426855,-0.4777626563552379,-0.10109778687280395,6,8,nonzero,0.16527149706019775,-1.6300042087483841,9.580746725143399,9.850139960937668,8.220135752189284,10.65377221077991,factual_control=8
factual_control,mu_D_perp_matched,2.0,,,-,cake_ctrl_01;cake_ctrl_02;cake_ctrl_03;cake_ctrl_04;cake_ctrl_05;cake_ctrl_06;cake_ctrl_07;cake_ctrl_08,-0.5078621566256819,-0.9143727143581296,-0.12244534414882462,6,8,nonzero,0.3115710707370806,-1.6300042087483841,9.342277804311985,9.850139960937668,8.220135752189284,10.65377221077991,factual_control=8
factual_control,mu_D_perp_matched,4.0,,,-,cake_ctrl_01;cake_ctrl_02;cake_ctrl_03;cake_ctrl_04;cake_ctrl_05;cake_ctrl_06;cake_ctrl_07;cake_ctrl_08,-0.8691086846520193,-1.8482753765808109,-0.025245611346327385,6,8,nonzero,0.5331941353202846,-1.6300042087483841,8.981031276285648,9.850139960937668,8.220135752189284,10.65377221077991,factual_control=8
factual_control,r0,0.0,,,0,cake_ctrl_01;cake_ctrl_02;cake_ctrl_03;cake_ctrl_04;cake_ctrl_05;cake_ctrl_06;cake_ctrl_07;cake_ctrl_08,0.0,0.0,0.0,6,8,near_zero,-0.0,-1.6300042087483841,9.850139960937668,9.850139960937668,8.220135752189284,10.65377221077991,factual_control=8
factual_control,r0,0.5,,,+,cake_ctrl_01;cake_ctrl_02;cake_ctrl_03;cake_ctrl_04;cake_ctrl_05;cake_ctrl_06;cake_ctrl_07;cake_ctrl_08,0.0019590979306182512,-0.10937462695680249,0.11979164831961195,6,8,near_zero,-0.0012018974675670102,-1.6300042087483841,9.852099058868285,9.850139960937668,8.220135752189284,10.65377221077991,factual_control=8
factual_control,r0,1.0,,,+,cake_ctrl_01;cake_ctrl_02;cake_ctrl_03;cake_ctrl_04;cake_ctrl_05;cake_ctrl_06;cake_ctrl_07;cake_ctrl_08,0.0015670856713162114,-0.18593276857670085,0.18749996198069616,6,8,near_zero,-0.0009613997699548975,-1.6300042087483841,9.851707046608984,9.850139960937668,8.220135752189284,10.65377221077991,factual_control=8
factual_control,r0,2.0,,,+,cake_ctrl_01;cake_ctrl_02;cake_ctrl_03;cake_ctrl_04;cake_ctrl_05;cake_ctrl_06;cake_ctrl_07;cake_ctrl_08,0.009832361189182848,-0.38600070066361997,0.39524921402335167,6,8,near_zero,-0.006032107853716973,-1.6300042087483841,9.85997232212685,9.850139960937668,8.220135752189284,10.65377221077991,factual_control=8
factual_control,r0,4.0,,,+,cake_ctrl_01;cake_ctrl_02;cake_ctrl_03;cake_ctrl_04;cake_ctrl_05;cake_ctrl_06;cake_ctrl_07;cake_ctrl_08,0.23564924402550483,-0.8060173679647656,1.1250001564621925,6,8,inconclusive,-0.14456971507236205,-1.6300042087483841,10.085789204963172,9.850139960937668,8.220135752189284,10.65377221077991,factual_control=8
factual_control,r1,0.0,,,0,cake_ctrl_01;cake_ctrl_02;cake_ctrl_03;cake_ctrl_04;cake_ctrl_05;cake_ctrl_06;cake_ctrl_07;cake_ctrl_08,0.0,0.0,0.0,6,8,near_zero,-0.0,-1.6300042087483841,9.850139960937668,9.850139960937668,8.220135752189284,10.65377221077991,factual_control=8
factual_control,r1,0.5,,,+,cake_ctrl_01;cake_ctrl_02;cake_ctrl_03;cake_ctrl_04;cake_ctrl_05;cake_ctrl_06;cake_ctrl_07;cake_ctrl_08,0.002084549041076874,-0.07812510237757427,0.0854181475782146,6,8,near_zero,-0.0012788611402896417,-1.6300042087483841,9.852224509978745,9.850139960937668,8.220135752189284,10.65377221077991,factual_control=8
factual_control,r1,1.0,,,-,cake_ctrl_01;cake_ctrl_02;cake_ctrl_03;cake_ctrl_04;cake_ctrl_05;cake_ctrl_06;cake_ctrl_07;cake_ctrl_08,-0.07841703526598091,-0.2343751764468228,0.08333353729297717,6,8,near_zero,0.048108486373905905,-1.6300042087483841,9.771722925671687,9.850139960937668,8.220135752189284,10.65377221077991,factual_control=8
factual_control,r1,2.0,,,-,cake_ctrl_01;cake_ctrl_02;cake_ctrl_03;cake_ctrl_04;cake_ctrl_05;cake_ctrl_06;cake_ctrl_07;cake_ctrl_08,-0.15952436414469653,-0.3802084191314255,0.10937517182901502,6,8,near_zero,0.09786745536515454,-1.6300042087483841,9.690615596792972,9.850139960937668,8.220135752189284,10.65377221077991,factual_control=8
factual_control,r1,4.0,,,-,cake_ctrl_01;cake_ctrl_02;cake_ctrl_03;cake_ctrl_04;cake_ctrl_05;cake_ctrl_06;cake_ctrl_07;cake_ctrl_08,-0.37519825061705586,-0.802678273350466,0.08294680146548969,6,8,inconclusive,0.2301823814952943,-1.6300042087483841,9.474941710320612,9.850139960937668,8.220135752189284,10.65377221077991,factual_control=8
factual_control,r2,0.0,,,0,cake_ctrl_01;cake_ctrl_02;cake_ctrl_03;cake_ctrl_04;cake_ctrl_05;cake_ctrl_06;cake_ctrl_07;cake_ctrl_08,0.0,0.0,0.0,6,8,near_zero,-0.0,-1.6300042087483841,9.850139960937668,9.850139960937668,8.220135752189284,10.65377221077991,factual_control=8
factual_control,r2,0.5,,,-,cake_ctrl_01;cake_ctrl_02;cake_ctrl_03;cake_ctrl_04;cake_ctrl_05;cake_ctrl_06;cake_ctrl_07;cake_ctrl_08,-0.026610507474591334,-0.1464021511686345,0.09908852492614267,6,8,near_zero,0.016325422555211983,-1.6300042087483841,9.823529453463076,9.850139960937668,8.220135752189284,10.65377221077991,factual_control=8
factual_control,r2,1.0,,,+,cake_ctrl_01;cake_ctrl_02;cake_ctrl_03;cake_ctrl_04;cake_ctrl_05;cake_ctrl_06;cake_ctrl_07;cake_ctrl_08,0.0342220339710669,-0.17931964921687418,0.253707405179739,6,8,near_zero,-0.02099505865530534,-1.6300042087483841,9.884361994908735,9.850139960937668,8.220135752189284,10.65377221077991,factual_control=8
factual_control,r2,2.0,,,+,cake_ctrl_01;cake_ctrl_02;cake_ctrl_03;cake_ctrl_04;cake_ctrl_05;cake_ctrl_06;cake_ctrl_07;cake_ctrl_08,0.0337513080254818,-0.3412486878999819,0.4088138414546844,6,8,near_zero,-0.020706270477300236,-1.6300042087483841,9.883891268963149,9.850139960937668,8.220135752189284,10.65377221077991,factual_control=8
factual_control,r2,4.0,,,+,cake_ctrl_01;cake_ctrl_02;cake_ctrl_03;cake_ctrl_04;cake_ctrl_05;cake_ctrl_06;cake_ctrl_07;cake_ctrl_08,0.0593589578444759,-0.6958492156118155,0.8145671313007673,6,8,inconclusive,-0.0364164445256588,-1.6300042087483841,9.909498918782143,9.850139960937668,8.220135752189284,10.65377221077991,factual_control=8
domain_completion_preference,mu_D,0.0,,,0,cake_dcp_01;cake_dcp_02,0.0,0.0,0.0,2,2,near_zero,0.0,0.04877970926463604,8.30286062695086,8.30286062695086,8.351640336215496,9.287985861301422,domain_completion_preference=2
domain_completion_preference,mu_D,0.5,,,+,cake_dcp_01;cake_dcp_02,0.12297999300062656,0.12096043303608894,0.12499955296516418,2,2,near_zero,2.521130093938131,0.04877970926463604,8.425840619951487,8.30286062695086,8.351640336215496,9.287985861301422,domain_completion_preference=2
domain_completion_preference,mu_D,1.0,,,+,cake_dcp_01;cake_dcp_02,0.34477635100483894,0.3145527020096779,0.375,2,2,nonzero,7.068028001855936,0.04877970926463604,8.647636977955699,8.30286062695086,8.351640336215496,9.287985861301422,domain_completion_preference=2
domain_completion_preference,mu_D,2.0,,,+,cake_dcp_01;cake_dcp_02,0.35537520982325077,0.3357505686581135,0.37499985098838806,2,2,nonzero,7.28530807543964,0.04877970926463604,8.65823583677411,8.30286062695086,8.351640336215496,9.287985861301422,domain_completion_preference=2
domain_completion_preference,mu_D,4.0,,,+,cake_dcp_01;cake_dcp_02,0.1210597213357687,-0.2578803487122059,0.4999997913837433,2,2,near_zero,2.4817638965210826,0.04877970926463604,8.423920348286629,8.30286062695086,8.351640336215496,9.287985861301422,domain_completion_preference=2
domain_completion_preference,mu_Dprime_native,0.0,,,0,cake_dcp_01;cake_dcp_02,0.0,0.0,0.0,2,2,near_zero,0.0,0.04877970926463604,8.30286062695086,8.30286062695086,8.351640336215496,9.287985861301422,domain_completion_preference=2
domain_completion_preference,mu_Dprime_native,0.5,,,+,cake_dcp_01;cake_dcp_02,0.28134918957948685,0.06249988079071045,0.5001984983682632,2,2,nonzero,5.767750440108862,0.04877970926463604,8.584209816530347,8.30286062695086,8.351640336215496,9.287985861301422,domain_completion_preference=2
domain_completion_preference,mu_Dprime_native,1.0,,,+,cake_dcp_01;cake_dcp_02,0.5521181561052799,0.06249973177909851,1.0417365804314613,2,2,nonzero,11.318602845908115,0.04877970926463604,8.85497878305614,8.30286062695086,8.351640336215496,9.287985861301422,domain_completion_preference=2
domain_completion_preference,mu_Dprime_native,2.0,,,+,cake_dcp_01;cake_dcp_02,0.524466011673212,0.12499997019767761,0.9239320531487465,2,2,nonzero,10.751724837635217,0.04877970926463604,8.827326638624072,8.30286062695086,8.351640336215496,9.287985861301422,domain_completion_preference=2
domain_completion_preference,mu_Dprime_native,4.0,,,-,cake_dcp_01;cake_dcp_02,-1.4303738418966532,-1.5482472367584705,-1.3125004470348358,2,2,nonzero,-29.32313175826235,0.04877970926463604,6.872486785054207,8.30286062695086,8.351640336215496,9.287985861301422,domain_completion_preference=2
domain_completion_preference,mu_Dprime_matched,0.0,,,0,cake_dcp_01;cake_dcp_02,0.0,0.0,0.0,2,2,near_zero,0.0,0.04877970926463604,8.30286062695086,8.30286062695086,8.351640336215496,9.287985861301422,domain_completion_preference=2
domain_completion_preference,mu_Dprime_matched,0.5,,,+,cake_dcp_01;cake_dcp_02,0.21553107164800167,0.12499955296516418,0.30606259033083916,2,2,nonzero,4.418457487696751,0.04877970926463604,8.518391698598862,8.30286062695086,8.351640336215496,9.287985861301422,domain_completion_preference=2
domain_completion_preference,mu_Dprime_matched,1.0,,,+,cake_dcp_01;cake_dcp_02,0.41316859703511,0.12499970197677612,0.7013374920934439,2,2,nonzero,8.470091422513786,0.04877970926463604,8.71602922398597,8.30286062695086,8.351640336215496,9.287985861301422,domain_completion_preference=2
domain_completion_preference,mu_Dprime_matched,2.0,,,+,cake_dcp_01;cake_dcp_02,0.7058666097000241,0.12499973177909851,1.2867334876209497,2,2,nonzero,14.470496449058547,0.04877970926463604,9.008727236650884,8.30286062695086,8.351640336215496,9.287985861301422,domain_completion_preference=2
domain_completion_preference,mu_Dprime_matched,4.0,,,+,cake_dcp_01;cake_dcp_02,0.5124624446034431,0.12499967217445374,0.8999252170324326,2,2,nonzero,10.505647785296754,0.04877970926463604,8.815323071554303,8.30286062695086,8.351640336215496,9.287985861301422,domain_completion_preference=2
domain_completion_preference,mu_D_par,0.0,,,0,cake_dcp_01;cake_dcp_02,0.0,0.0,0.0,2,2,near_zero,0.0,0.04877970926463604,8.30286062695086,8.30286062695086,8.351640336215496,9.287985861301422,domain_completion_preference=2
domain_completion_preference,mu_D_par,0.5,,,+,cake_dcp_01;cake_dcp_02,0.21161268837749958,0.12499982118606567,0.2982255555689335,2,2,nonzero,4.338129348608336,0.04877970926463604,8.51447331532836,8.30286062695086,8.351640336215496,9.287985861301422,domain_completion_preference=2
domain_completion_preference,mu_D_par,1.0,,,+,cake_dcp_01;cake_dcp_02,0.27715752087533474,-3.8743019104003906e-07,0.5543154291808605,2,2,inconclusive,5.681819860215247,0.04877970926463604,8.580018147826195,8.30286062695086,8.351640336215496,9.287985861301422,domain_completion_preference=2
domain_completion_preference,mu_D_par,2.0,,,+,cake_dcp_01;cake_dcp_02,0.5048521775752306,0.06249985098838806,0.9472045041620731,2,2,nonzero,10.349634821239794,0.04877970926463604,8.80771280452609,8.30286062695086,8.351640336215496,9.287985861301422,domain_completion_preference=2
domain_completion_preference,mu_D_par,4.0,,,+,cake_dcp_01;cake_dcp_02,0.6293703950941563,0.18749985098838806,1.0712409391999245,2,2,nonzero,12.902299021089751,0.04877970926463604,8.932231022045016,8.30286062695086,8.351640336215496,9.287985861301422,domain_completion_preference=2
domain_completion_preference,mu_D_perp_native,0.0,,,0,cake_dcp_01;cake_dcp_02,0.0,0.0,0.0,2,2,near_zero,0.0,0.04877970926463604,8.30286062695086,8.30286062695086,8.351640336215496,9.287985861301422,domain_completion_preference=2
domain_completion_preference,mu_D_perp_native,0.5,,,+,cake_dcp_01;cake_dcp_02,0.029223565012216568,-0.1915527507662773,0.24999988079071045,2,2,near_zero,0.5990926443139516,0.04877970926463604,8.332084191963077,8.30286062695086,8.351640336215496,9.287985861301422,domain_completion_preference=2
domain_completion_preference,mu_D_perp_native,1.0,,,+,cake_dcp_01;cake_dcp_02,0.06211491487920284,-0.12577002122998238,0.24999985098838806,2,2,near_zero,1.2733760782013201,0.04877970926463604,8.364975541830063,8.30286062695086,8.351640336215496,9.287985861301422,domain_completion_preference=2
domain_completion_preference,mu_D_perp_native,2.0,,,-,cake_dcp_01;cake_dcp_02,-0.030356183648109436,-0.3732123374938965,0.3124999701976776,2,2,near_zero,-0.6223116969275756,0.04877970926463604,8.27250444330275,8.30286062695086,8.351640336215496,9.287985861301422,domain_completion_preference=2
domain_completion_preference,mu_D_perp_native,4.0,,,-,cake_dcp_01;cake_dcp_02,-0.05241449736058712,-0.7923286370933056,0.6874996423721313,2,2,inconclusive,-1.0745143452215327,0.04877970926463604,8.250446129590273,8.30286062695086,8.351640336215496,9.287985861301422,domain_completion_preference=2
domain_completion_preference,mu_D_perp_matched,0.0,,,0,cake_dcp_01;cake_dcp_02,0.0,0.0,0.0,2,2,near_zero,0.0,0.04877970926463604,8.30286062695086,8.30286062695086,8.351640336215496,9.287985861301422,domain_completion_preference=2
domain_completion_preference,mu_D_perp_matched,0.5,,,+,cake_dcp_01;cake_dcp_02,0.029632290825247765,-0.19073517993092537,0.2499997615814209,2,2,near_zero,0.607471657210765,0.04877970926463604,8.332492917776108,8.30286062695086,8.351640336215496,9.287985861301422,domain_completion_preference=2
domain_completion_preference,mu_D_perp_matched,1.0,,,-,cake_dcp_01;cake_dcp_02,-0.028020687401294708,-0.36854128539562225,0.31249991059303284,2,2,near_zero,-0.5744332597244269,0.04877970926463604,8.274839939549565,8.30286062695086,8.351640336215496,9.287985861301422,domain_completion_preference=2
domain_completion_preference,mu_D_perp_matched,2.0,,,-,cake_dcp_01;cake_dcp_02,-0.02174963243305683,-0.6684991754591465,0.6249999105930328,2,2,inconclusive,-0.4458745810694022,0.04877970926463604,8.281110994517803,8.30286062695086,8.351640336215496,9.287985861301422,domain_completion_preference=2
domain_completion_preference,mu_D_perp_matched,4.0,,,-,cake_dcp_01;cake_dcp_02,-0.3564100321382284,-1.400319915264845,0.6874998509883881,2,2,inconclusive,-7.306522271476841,0.04877970926463604,7.946450594812632,8.30286062695086,8.351640336215496,9.287985861301422,domain_completion_preference=2
domain_completion_preference,r0,0.0,,,0,cake_dcp_01;cake_dcp_02,0.0,0.0,0.0,2,2,near_zero,0.0,0.04877970926463604,8.30286062695086,8.30286062695086,8.351640336215496,9.287985861301422,domain_completion_preference=2
domain_completion_preference,r0,0.5,,,+,cake_dcp_01;cake_dcp_02,0.21192727237939835,0.12499988079071045,0.29885466396808624,2,2,nonzero,4.344578423574981,0.04877970926463604,8.514787899330258,8.30286062695086,8.351640336215496,9.287985861301422,domain_completion_preference=2
domain_completion_preference,r0,1.0,,,+,cake_dcp_01;cake_dcp_02,0.49313330464065075,0.12499967217445374,0.8612669371068478,2,2,nonzero,10.109394091820858,0.04877970926463604,8.79599393159151,8.30286062695086,8.351640336215496,9.287985861301422,domain_completion_preference=2
domain_completion_preference,r0,2.0,,,+,cake_dcp_01;cake_dcp_02,0.7694321060553193,-0.06250032782554626,1.6013645399361849,2,2,inconclusive,15.773609922130811,0.04877970926463604,9.07229273300618,8.30286062695086,8.351640336215496,9.287985861301422,domain_completion_preference=2
domain_completion_preference,r0,4.0,,,+,cake_dcp_01;cake_dcp_02,1.6059148260392249,-0.12500008940696716,3.336829741485417,2,2,inconclusive,32.92177936787068,0.04877970926463604,9.908775452990085,8.30286062695086,8.351640336215496,9.287985861301422,domain_completion_preference=2
domain_completion_preference,r1,0.0,,,0,cake_dcp_01;cake_dcp_02,0.0,0.0,0.0,2,2,near_zero,0.0,0.04877970926463604,8.30286062695086,8.30286062695086,8.351640336215496,9.287985861301422,domain_completion_preference=2
domain_completion_preference,r1,0.5,,,-,cake_dcp_01;cake_dcp_02,-0.22139932587742805,-0.44279859215021133,-5.960464477539063e-08,2,2,nonzero,-4.538758619415072,0.04877970926463604,8.081461301073432,8.30286062695086,8.351640336215496,9.287985861301422,domain_completion_preference=2
domain_completion_preference,r1,1.0,,,-,cake_dcp_01;cake_dcp_02,-0.5962897259742022,-1.0675790943205357,-0.12500035762786865,2,2,nonzero,-12.22413448057379,0.04877970926463604,7.706570900976658,8.30286062695086,8.351640336215496,9.287985861301422,domain_completion_preference=2
domain_completion_preference,r1,2.0,,,-,cake_dcp_01;cake_dcp_02,-1.1793094594031572,-1.9836187399923801,-0.3750001788139343,2,2,nonzero,-24.176229772204167,0.04877970926463604,7.123551167547703,8.30286062695086,8.351640336215496,9.287985861301422,domain_completion_preference=2
domain_completion_preference,r1,4.0,,,-,cake_dcp_01;cake_dcp_02,-2.4239602480083704,-3.972920496016741,-0.875,2,2,nonzero,-49.691978171868186,0.04877970926463604,5.87890037894249,8.30286062695086,8.351640336215496,9.287985861301422,domain_completion_preference=2
domain_completion_preference,r2,0.0,,,0,cake_dcp_01;cake_dcp_02,0.0,0.0,0.0,2,2,near_zero,0.0,0.04877970926463604,8.30286062695086,8.30286062695086,8.351640336215496,9.287985861301422,domain_completion_preference=2
domain_completion_preference,r2,0.5,,,+,cake_dcp_01;cake_dcp_02,0.028379829600453377,-0.06824007257819176,0.12499973177909851,2,2,near_zero,0.5817957923137517,0.04877970926463604,8.331240456551313,8.30286062695086,8.351640336215496,9.287985861301422,domain_completion_preference=2
domain_completion_preference,r2,1.0,,,+,cake_dcp_01;cake_dcp_02,0.08643212169408798,-0.07713575661182404,0.25,2,2,near_zero,1.771886774174542,0.04877970926463604,8.389292748644948,8.30286062695086,8.351640336215496,9.287985861301422,domain_completion_preference=2
domain_completion_preference,r2,2.0,,,+,cake_dcp_01;cake_dcp_02,0.148950332775712,0.12499991059303284,0.1729007549583912,2,2,near_zero,3.053530556478674,0.04877970926463604,8.451810959726572,8.30286062695086,8.351640336215496,9.287985861301422,domain_completion_preference=2
domain_completion_preference,r2,4.0,,,+,cake_dcp_01;cake_dcp_02,0.08577420003712177,-0.07845115289092064,0.24999955296516418,2,2,near_zero,1.7583991649434805,0.04877970926463604,8.388634826987982,8.30286062695086,8.351640336215496,9.287985861301422,domain_completion_preference=2
prop:temp:implanted,mu_D,0.0,temp,implanted,0,cake_impl_01;cake_impl_02;cake_impl_03;cake_impl_04;cake_impl_07;cake_impl_08;cake_impl_16;cake_impl_17;cake_impl_18,0.0,0.0,0.0,7,9,near_zero,0.0,6.04723049061639,-5.361650726624897,-5.361650726624897,0.6855797639914921,-5.669328710862568,implanted=9
prop:temp:implanted,mu_D,0.5,temp,implanted,-,cake_impl_01;cake_impl_02;cake_impl_03;cake_impl_04;cake_impl_07;cake_impl_08;cake_impl_16;cake_impl_17;cake_impl_18,-0.0026719804321016583,-0.05704169688480241,0.05026562309690883,7,9,near_zero,-0.0004418519248187785,6.04723049061639,-5.364322707056999,-5.361650726624897,0.6855797639914921,-5.669328710862568,implanted=9
prop:temp:implanted,mu_D,1.0,temp,implanted,+,cake_impl_01;cake_impl_02;cake_impl_03;cake_impl_04;cake_impl_07;cake_impl_08;cake_impl_16;cake_impl_17;cake_impl_18,0.00827674035515104,-0.06330659336277417,0.0737290009856224,7,9,near_zero,0.0013686827991746346,6.04723049061639,-5.353373986269746,-5.361650726624897,0.6855797639914921,-5.669328710862568,implanted=9
prop:temp:implanted,mu_D,2.0,temp,implanted,+,cake_impl_01;cake_impl_02;cake_impl_03;cake_impl_04;cake_impl_07;cake_impl_08;cake_impl_16;cake_impl_17;cake_impl_18,0.06321380393845695,-0.047532108000346594,0.1704789596476723,7,9,near_zero,0.010453347865034596,6.04723049061639,-5.298436922686441,-5.361650726624897,0.6855797639914921,-5.669328710862568,implanted=9
prop:temp:implanted,mu_D,4.0,temp,implanted,+,cake_impl_01;cake_impl_02;cake_impl_03;cake_impl_04;cake_impl_07;cake_impl_08;cake_impl_16;cake_impl_17;cake_impl_18,0.05055096000432968,-0.16677580885589124,0.248845602784838,7,9,near_zero,0.008359357243414259,6.04723049061639,-5.3110997666205675,-5.361650726624897,0.6855797639914921,-5.669328710862568,implanted=9
prop:temp:implanted,mu_Dprime_native,0.0,temp,implanted,0,cake_impl_01;cake_impl_02;cake_impl_03;cake_impl_04;cake_impl_07;cake_impl_08;cake_impl_16;cake_impl_17;cake_impl_18,0.0,0.0,0.0,7,9,near_zero,0.0,6.04723049061639,-5.361650726624897,-5.361650726624897,0.6855797639914921,-5.669328710862568,implanted=9
prop:temp:implanted,mu_Dprime_native,0.5,temp,implanted,+,cake_impl_01;cake_impl_02;cake_impl_03;cake_impl_04;cake_impl_07;cake_impl_08;cake_impl_16;cake_impl_17;cake_impl_18,0.05904050171375275,-0.01829436421394348,0.13260488733649253,7,9,near_zero,0.009763229929033975,6.04723049061639,-5.302610224911144,-5.361650726624897,0.6855797639914921,-5.669328710862568,implanted=9
prop:temp:implanted,mu_Dprime_native,1.0,temp,implanted,+,cake_impl_01;cake_impl_02;cake_impl_03;cake_impl_04;cake_impl_07;cake_impl_08;cake_impl_16;cake_impl_17;cake_impl_18,0.08651396632194519,-0.005462595394679478,0.16483968852886113,7,9,near_zero,0.014306378176950699,6.04723049061639,-5.275136760302952,-5.361650726624897,0.6855797639914921,-5.669328710862568,implanted=9
prop:temp:implanted,mu_Dprime_native,2.0,temp,implanted,+,cake_impl_01;cake_impl_02;cake_impl_03;cake_impl_04;cake_impl_07;cake_impl_08;cake_impl_16;cake_impl_17;cake_impl_18,0.055375050221170695,-0.2639200155224119,0.32246594753648544,7,9,near_zero,0.009157092706669158,6.04723049061639,-5.306275676403727,-5.361650726624897,0.6855797639914921,-5.669328710862568,implanted=9
prop:temp:implanted,mu_Dprime_native,4.0,temp,implanted,-,cake_impl_01;cake_impl_02;cake_impl_03;cake_impl_04;cake_impl_07;cake_impl_08;cake_impl_16;cake_impl_17;cake_impl_18,-0.06253696126597268,-0.7081149228449378,0.390993599912949,7,9,inconclusive,-0.01034142180672831,6.04723049061639,-5.42418768789087,-5.361650726624897,0.6855797639914921,-5.669328710862568,implanted=9
prop:temp:implanted,mu_Dprime_matched,0.0,temp,implanted,0,cake_impl_01;cake_impl_02;cake_impl_03;cake_impl_04;cake_impl_07;cake_impl_08;cake_impl_16;cake_impl_17;cake_impl_18,0.0,0.0,0.0,7,9,near_zero,0.0,6.04723049061639,-5.361650726624897,-5.361650726624897,0.6855797639914921,-5.669328710862568,implanted=9
prop:temp:implanted,mu_Dprime_matched,0.5,temp,implanted,+,cake_impl_01;cake_impl_02;cake_impl_03;cake_impl_04;cake_impl_07;cake_impl_08;cake_impl_16;cake_impl_17;cake_impl_18,0.03457118145057133,-0.030197412627083912,0.09199596728597369,7,9,near_zero,0.005716861876559217,6.04723049061639,-5.3270795451743265,-5.361650726624897,0.6855797639914921,-5.669328710862568,implanted=9
prop:temp:implanted,mu_Dprime_matched,1.0,temp,implanted,+,cake_impl_01;cake_impl_02;cake_impl_03;cake_impl_04;cake_impl_07;cake_impl_08;cake_impl_16;cake_impl_17;cake_impl_18,0.05652295904500144,0.0006950639720473978,0.11628193147480485,7,9,near_zero,0.009346916598054143,6.04723049061639,-5.305127767579896,-5.361650726624897,0.6855797639914921,-5.669328710862568,implanted=9
prop:temp:implanted,mu_Dprime_matched,2.0,temp,implanted,+,cake_impl_01;cake_impl_02;cake_impl_03;cake_impl_04;cake_impl_07;cake_impl_08;cake_impl_16;cake_impl_17;cake_impl_18,0.1318126299551555,0.0546106690807002,0.20203564257494036,7,9,near_zero,0.021797189665532315,6.04723049061639,-5.229838096669742,-5.361650726624897,0.6855797639914921,-5.669328710862568,implanted=9
prop:temp:implanted,mu_Dprime_matched,4.0,temp,implanted,+,cake_impl_01;cake_impl_02;cake_impl_03;cake_impl_04;cake_impl_07;cake_impl_08;cake_impl_16;cake_impl_17;cake_impl_18,0.06257080818925585,-0.3406303482396262,0.40103226261479513,7,9,near_zero,0.010347018901685365,6.04723049061639,-5.299079918435642,-5.361650726624897,0.6855797639914921,-5.669328710862568,implanted=9
prop:temp:implanted,mu_D_par,0.0,temp,implanted,0,cake_impl_01;cake_impl_02;cake_impl_03;cake_impl_04;cake_impl_07;cake_impl_08;cake_impl_16;cake_impl_17;cake_impl_18,0.0,0.0,0.0,7,9,near_zero,0.0,6.04723049061639,-5.361650726624897,-5.361650726624897,0.6855797639914921,-5.669328710862568,implanted=9
prop:temp:implanted,mu_D_par,0.5,temp,implanted,+,cake_impl_01;cake_impl_02;cake_impl_03;cake_impl_04;cake_impl_07;cake_impl_08;cake_impl_16;cake_impl_17;cake_impl_18,0.06822785096509117,0.008560204080172948,0.1350493167660066,7,9,near_zero,0.011282495527657116,6.04723049061639,-5.2934228756598065,-5.361650726624897,0.6855797639914921,-5.669328710862568,implanted=9
prop:temp:implanted,mu_D_par,1.0,temp,implanted,+,cake_impl_01;cake_impl_02;cake_impl_03;cake_impl_04;cake_impl_07;cake_impl_08;cake_impl_16;cake_impl_17;cake_impl_18,0.048146773661885946,0.00621788427233696,0.09978117229683056,7,9,near_zero,0.007961789076271571,6.04723049061639,-5.3135039529630115,-5.361650726624897,0.6855797639914921,-5.669328710862568,implanted=9
prop:temp:implanted,mu_D_par,2.0,temp,implanted,+,cake_impl_01;cake_impl_02;cake_impl_03;cake_impl_04;cake_impl_07;cake_impl_08;cake_impl_16;cake_impl_17;cake_impl_18,0.10134815956865038,0.020293799894196645,0.18970273589449263,7,9,near_zero,0.016759433880668907,6.04723049061639,-5.2603025670562475,-5.361650726624897,0.6855797639914921,-5.669328710862568,implanted=9
prop:temp:implanted,mu_D_par,4.0,temp,implanted,+,cake_impl_01;cake_impl_02;cake_impl_03;cake_impl_04;cake_impl_07;cake_impl_08;cake_impl_16;cake_impl_17;cake_impl_18,0.12832845960344588,-0.13476692246539254,0.3374422399061065,7,9,near_zero,0.02122102999093151,6.04723049061639,-5.233322267021451,-5.361650726624897,0.6855797639914921,-5.669328710862568,implanted=9
prop:temp:implanted,mu_D_perp_native,0.0,temp,implanted,0,cake_impl_01;cake_impl_02;cake_impl_03;cake_impl_04;cake_impl_07;cake_impl_08;cake_impl_16;cake_impl_17;cake_impl_18,0.0,0.0,0.0,7,9,near_zero,0.0,6.04723049061639,-5.361650726624897,-5.361650726624897,0.6855797639914921,-5.669328710862568,implanted=9
prop:temp:implanted,mu_D_perp_native,0.5,temp,implanted,-,cake_impl_01;cake_impl_02;cake_impl_03;cake_impl_04;cake_impl_07;cake_impl_08;cake_impl_16;cake_impl_17;cake_impl_18,-0.01668611913919449,-0.09965131117829255,0.05541790707835128,7,9,near_zero,-0.0027592993462191785,6.04723049061639,-5.378336845764092,-5.361650726624897,0.6855797639914921,-5.669328710862568,implanted=9
prop:temp:implanted,mu_D_perp_native,1.0,temp,implanted,-,cake_impl_01;cake_impl_02;cake_impl_03;cake_impl_04;cake_impl_07;cake_impl_08;cake_impl_16;cake_impl_17;cake_impl_18,-0.06771858568702425,-0.1303601497784257,-0.02099234789077725,7,9,near_zero,-0.011198280897694333,6.04723049061639,-5.4293693123119215,-5.361650726624897,0.6855797639914921,-5.669328710862568,implanted=9
prop:temp:implanted,mu_D_perp_native,2.0,temp,implanted,-,cake_impl_01;cake_impl_02;cake_impl_03;cake_impl_04;cake_impl_07;cake_impl_08;cake_impl_16;cake_impl_17;cake_impl_18,-0.05551315311874662,-0.13544366721596038,0.025762460540447736,7,9,near_zero,-0.009179930086158862,6.04723049061639,-5.4171638797436446,-5.361650726624897,0.6855797639914921,-5.669328710862568,implanted=9
prop:temp:implanted,mu_D_perp_native,4.0,temp,implanted,-,cake_impl_01;cake_impl_02;cake_impl_03;cake_impl_04;cake_impl_07;cake_impl_08;cake_impl_16;cake_impl_17;cake_impl_18,-0.10920324176549911,-0.21701308829443794,-0.004645214788616034,7,9,near_zero,-0.018058389197327933,6.04723049061639,-5.470853968390396,-5.361650726624897,0.6855797639914921,-5.669328710862568,implanted=9
prop:temp:implanted,mu_D_perp_matched,0.0,temp,implanted,0,cake_impl_01;cake_impl_02;cake_impl_03;cake_impl_04;cake_impl_07;cake_impl_08;cake_impl_16;cake_impl_17;cake_impl_18,0.0,0.0,0.0,7,9,near_zero,0.0,6.04723049061639,-5.361650726624897,-5.361650726624897,0.6855797639914921,-5.669328710862568,implanted=9
prop:temp:implanted,mu_D_perp_matched,0.5,temp,implanted,-,cake_impl_01;cake_impl_02;cake_impl_03;cake_impl_04;cake_impl_07;cake_impl_08;cake_impl_16;cake_impl_17;cake_impl_18,-0.06997710785695485,-0.12055523587124688,-0.023192792066505978,7,9,near_zero,-0.011571761315455025,6.04723049061639,-5.431627834481852,-5.361650726624897,0.6855797639914921,-5.669328710862568,implanted=9
prop:temp:implanted,mu_D_perp_matched,1.0,temp,implanted,-,cake_impl_01;cake_impl_02;cake_impl_03;cake_impl_04;cake_impl_07;cake_impl_08;cake_impl_16;cake_impl_17;cake_impl_18,-0.046909838914871216,-0.13446628557784215,0.015610071165221078,7,9,near_zero,-0.007757243417075331,6.04723049061639,-5.408560565539768,-5.361650726624897,0.6855797639914921,-5.669328710862568,implanted=9
prop:temp:implanted,mu_D_perp_matched,2.0,temp,implanted,-,cake_impl_01;cake_impl_02;cake_impl_03;cake_impl_04;cake_impl_07;cake_impl_08;cake_impl_16;cake_impl_17;cake_impl_18,-0.10485113518578666,-0.2007696269346135,-0.02271383149283273,7,9,near_zero,-0.017338703287147116,6.04723049061639,-5.466501861810684,-5.361650726624897,0.6855797639914921,-5.669328710862568,implanted=9
prop:temp:implanted,mu_D_perp_matched,4.0,temp,implanted,-,cake_impl_01;cake_impl_02;cake_impl_03;cake_impl_04;cake_impl_07;cake_impl_08;cake_impl_16;cake_impl_17;cake_impl_18,-0.04849947988986969,-0.226983870778765,0.12119520774909429,7,9,near_zero,-0.008020114325909574,6.04723049061639,-5.410150206514767,-5.361650726624897,0.6855797639914921,-5.669328710862568,implanted=9
prop:temp:implanted,r0,0.0,temp,implanted,0,cake_impl_01;cake_impl_02;cake_impl_03;cake_impl_04;cake_impl_07;cake_impl_08;cake_impl_16;cake_impl_17;cake_impl_18,0.0,0.0,0.0,7,9,near_zero,0.0,6.04723049061639,-5.361650726624897,-5.361650726624897,0.6855797639914921,-5.669328710862568,implanted=9
prop:temp:implanted,r0,0.5,temp,implanted,-,cake_impl_01;cake_impl_02;cake_impl_03;cake_impl_04;cake_impl_07;cake_impl_08;cake_impl_16;cake_impl_17;cake_impl_18,-0.0402766295841762,-0.16086475050875118,0.058696365835411095,7,9,near_zero,-0.0066603430523566555,6.04723049061639,-5.4019273562090735,-5.361650726624897,0.6855797639914921,-5.669328710862568,implanted=9
prop:temp:implanted,r0,1.0,temp,implanted,-,cake_impl_01;cake_impl_02;cake_impl_03;cake_impl_04;cake_impl_07;cake_impl_08;cake_impl_16;cake_impl_17;cake_impl_18,-0.07936065750462669,-0.22135600192206245,0.03313969501427242,7,9,near_zero,-0.01312347158385516,6.04723049061639,-5.441011384129524,-5.361650726624897,0.6855797639914921,-5.669328710862568,implanted=9
prop:temp:implanted,r0,2.0,temp,implanted,-,cake_impl_01;cake_impl_02;cake_impl_03;cake_impl_04;cake_impl_07;cake_impl_08;cake_impl_16;cake_impl_17;cake_impl_18,-0.11357394073690687,-0.28042844576495035,0.032627486756869724,7,9,near_zero,-0.018781149637531074,6.04723049061639,-5.475224667361805,-5.361650726624897,0.6855797639914921,-5.669328710862568,implanted=9
prop:temp:implanted,r0,4.0,temp,implanted,-,cake_impl_01;cake_impl_02;cake_impl_03;cake_impl_04;cake_impl_07;cake_impl_08;cake_impl_16;cake_impl_17;cake_impl_18,-0.24690296181610652,-0.4897387551942042,-0.020303647433008467,7,9,nonzero,-0.04082909725356605,6.04723049061639,-5.608553688441004,-5.361650726624897,0.6855797639914921,-5.669328710862568,implanted=9
prop:temp:implanted,r1,0.0,temp,implanted,0,cake_impl_01;cake_impl_02;cake_impl_03;cake_impl_04;cake_impl_07;cake_impl_08;cake_impl_16;cake_impl_17;cake_impl_18,0.0,0.0,0.0,7,9,near_zero,0.0,6.04723049061639,-5.361650726624897,-5.361650726624897,0.6855797639914921,-5.669328710862568,implanted=9
prop:temp:implanted,r1,0.5,temp,implanted,+,cake_impl_01;cake_impl_02;cake_impl_03;cake_impl_04;cake_impl_07;cake_impl_08;cake_impl_16;cake_impl_17;cake_impl_18,0.04388738530022757,0.00319332948752812,0.09141761623322958,7,9,near_zero,0.007257435510078294,6.04723049061639,-5.31776334132467,-5.361650726624897,0.6855797639914921,-5.669328710862568,implanted=9
prop:temp:implanted,r1,1.0,temp,implanted,+,cake_impl_01;cake_impl_02;cake_impl_03;cake_impl_04;cake_impl_07;cake_impl_08;cake_impl_16;cake_impl_17;cake_impl_18,0.07199880480766296,-0.027205752474921092,0.17587286233901978,7,9,near_zero,0.011906079141416052,6.04723049061639,-5.289651921817234,-5.361650726624897,0.6855797639914921,-5.669328710862568,implanted=9
prop:temp:implanted,r1,2.0,temp,implanted,+,cake_impl_01;cake_impl_02;cake_impl_03;cake_impl_04;cake_impl_07;cake_impl_08;cake_impl_16;cake_impl_17;cake_impl_18,0.16033040199960982,0.09838459885546139,0.21636168232985906,7,9,near_zero,0.026513029766005735,6.04723049061639,-5.2013203246252875,-5.361650726624897,0.6855797639914921,-5.669328710862568,implanted=9
prop:temp:implanted,r1,4.0,temp,implanted,+,cake_impl_01;cake_impl_02;cake_impl_03;cake_impl_04;cake_impl_07;cake_impl_08;cake_impl_16;cake_impl_17;cake_impl_18,0.25755915471485685,0.12019843501704079,0.4111029298177787,7,9,nonzero,0.042591258116342116,6.04723049061639,-5.104091571910041,-5.361650726624897,0.6855797639914921,-5.669328710862568,implanted=9
prop:temp:implanted,r2,0.0,temp,implanted,0,cake_impl_01;cake_impl_02;cake_impl_03;cake_impl_04;cake_impl_07;cake_impl_08;cake_impl_16;cake_impl_17;cake_impl_18,0.0,0.0,0.0,7,9,near_zero,0.0,6.04723049061639,-5.361650726624897,-5.361650726624897,0.6855797639914921,-5.669328710862568,implanted=9
prop:temp:implanted,r2,0.5,temp,implanted,-,cake_impl_01;cake_impl_02;cake_impl_03;cake_impl_04;cake_impl_07;cake_impl_08;cake_impl_16;cake_impl_17;cake_impl_18,-0.011243835091590881,-0.06375656362090792,0.03236276906515863,7,9,near_zero,-0.0018593362877499325,6.04723049061639,-5.372894561716488,-5.361650726624897,0.6855797639914921,-5.669328710862568,implanted=9
prop:temp:implanted,r2,1.0,temp,implanted,+,cake_impl_01;cake_impl_02;cake_impl_03;cake_impl_04;cake_impl_07;cake_impl_08;cake_impl_16;cake_impl_17;cake_impl_18,0.08077207314116615,0.037932278854506354,0.12260637424354039,7,9,near_zero,0.01335687026755501,6.04723049061639,-5.2808786534837315,-5.361650726624897,0.6855797639914921,-5.669328710862568,implanted=9
prop:temp:implanted,r2,2.0,temp,implanted,+,cake_impl_01;cake_impl_02;cake_impl_03;cake_impl_04;cake_impl_07;cake_impl_08;cake_impl_16;cake_impl_17;cake_impl_18,0.08993119640009743,-0.03614976448672158,0.22689970742378912,7,9,near_zero,0.01487146827620437,6.04723049061639,-5.2717195302248,-5.361650726624897,0.6855797639914921,-5.669328710862568,implanted=9
prop:temp:implanted,r2,4.0,temp,implanted,+,cake_impl_01;cake_impl_02;cake_impl_03;cake_impl_04;cake_impl_07;cake_impl_08;cake_impl_16;cake_impl_17;cake_impl_18,0.3510252684354782,0.1888681458575385,0.5182549693754741,7,9,nonzero,0.05804727783737882,6.04723049061639,-5.010625458189419,-5.361650726624897,0.6855797639914921,-5.669328710862568,implanted=9
prop:butter:implanted,mu_D,0.0,butter,implanted,0,cake_impl_09,0.0,0.0,0.0,1,1,n=1,0.0,6.5,-7.125,-7.125,-0.625,-5.75,implanted=1
prop:butter:implanted,mu_D,0.5,butter,implanted,-,cake_impl_09,-0.0625,-0.0625,-0.0625,1,1,n=1,-0.009615384615384616,6.5,-7.1875,-7.125,-0.625,-5.75,implanted=1
prop:butter:implanted,mu_D,1.0,butter,implanted,-,cake_impl_09,-0.2500002384185791,-0.2500002384185791,-0.2500002384185791,1,1,n=1,-0.03846157514131986,6.5,-7.375000238418579,-7.125,-0.625,-5.75,implanted=1
prop:butter:implanted,mu_D,2.0,butter,implanted,-,cake_impl_09,-0.2500004768371582,-0.2500004768371582,-0.2500004768371582,1,1,n=1,-0.03846161182110126,6.5,-7.375000476837158,-7.125,-0.625,-5.75,implanted=1
prop:butter:implanted,mu_D,4.0,butter,implanted,+,cake_impl_09,0.6250004768371582,0.6250004768371582,0.6250004768371582,1,1,n=1,0.09615391951340896,6.5,-6.499999523162842,-7.125,-0.625,-5.75,implanted=1
prop:butter:implanted,mu_Dprime_native,0.0,butter,implanted,0,cake_impl_09,0.0,0.0,0.0,1,1,n=1,0.0,6.5,-7.125,-7.125,-0.625,-5.75,implanted=1
prop:butter:implanted,mu_Dprime_native,0.5,butter,implanted,+,cake_impl_09,0.2499997615814209,0.2499997615814209,0.2499997615814209,1,1,n=1,0.038461501781757064,6.5,-6.875000238418579,-7.125,-0.625,-5.75,implanted=1
prop:butter:implanted,mu_Dprime_native,1.0,butter,implanted,+,cake_impl_09,0.3749995231628418,0.3749995231628418,0.3749995231628418,1,1,n=1,0.05769223433274489,6.5,-6.750000476837158,-7.125,-0.625,-5.75,implanted=1
prop:butter:implanted,mu_Dprime_native,2.0,butter,implanted,+,cake_impl_09,1.3125004768371582,1.3125004768371582,1.3125004768371582,1,1,n=1,0.2019231502826397,6.5,-5.812499523162842,-7.125,-0.625,-5.75,implanted=1
prop:butter:implanted,mu_Dprime_native,4.0,butter,implanted,+,cake_impl_09,2.875,2.875,2.875,1,1,n=1,0.4423076923076923,6.5,-4.25,-7.125,-0.625,-5.75,implanted=1
prop:butter:implanted,mu_Dprime_matched,0.0,butter,implanted,0,cake_impl_09,0.0,0.0,0.0,1,1,n=1,0.0,6.5,-7.125,-7.125,-0.625,-5.75,implanted=1
prop:butter:implanted,mu_Dprime_matched,0.5,butter,implanted,+,cake_impl_09,0.0624995231628418,0.0624995231628418,0.0624995231628418,1,1,n=1,0.009615311255821815,6.5,-7.062500476837158,-7.125,-0.625,-5.75,implanted=1
prop:butter:implanted,mu_Dprime_matched,1.0,butter,implanted,+,cake_impl_09,0.1874995231628418,0.1874995231628418,0.1874995231628418,1,1,n=1,0.028846080486591045,6.5,-6.937500476837158,-7.125,-0.625,-5.75,implanted=1
prop:butter:implanted,mu_Dprime_matched,2.0,butter,implanted,+,cake_impl_09,0.4375004768371582,0.4375004768371582,0.4375004768371582,1,1,n=1,0.0673077656672551,6.5,-6.687499523162842,-7.125,-0.625,-5.75,implanted=1
prop:butter:implanted,mu_Dprime_matched,4.0,butter,implanted,+,cake_impl_09,1.6875004768371582,1.6875004768371582,1.6875004768371582,1,1,n=1,0.2596154579749474,6.5,-5.437499523162842,-7.125,-0.625,-5.75,implanted=1
prop:butter:implanted,mu_D_par,0.0,butter,implanted,0,cake_impl_09,0.0,0.0,0.0,1,1,n=1,0.0,6.5,-7.125,-7.125,-0.625,-5.75,implanted=1
prop:butter:implanted,mu_D_par,0.5,butter,implanted,+,cake_impl_09,2.384185791015625e-07,2.384185791015625e-07,2.384185791015625e-07,1,1,n=1,3.6679781400240387e-08,6.5,-7.124999761581421,-7.125,-0.625,-5.75,implanted=1
prop:butter:implanted,mu_D_par,1.0,butter,implanted,+,cake_impl_09,0.1874995231628418,0.1874995231628418,0.1874995231628418,1,1,n=1,0.028846080486591045,6.5,-6.937500476837158,-7.125,-0.625,-5.75,implanted=1
prop:butter:implanted,mu_D_par,2.0,butter,implanted,+,cake_impl_09,0.3125004768371582,0.3125004768371582,0.3125004768371582,1,1,n=1,0.04807699643648588,6.5,-6.812499523162842,-7.125,-0.625,-5.75,implanted=1
prop:butter:implanted,mu_D_par,4.0,butter,implanted,+,cake_impl_09,1.1249995231628418,1.1249995231628418,1.1249995231628418,1,1,n=1,0.1730768497173603,6.5,-6.000000476837158,-7.125,-0.625,-5.75,implanted=1
prop:butter:implanted,mu_D_perp_native,0.0,butter,implanted,0,cake_impl_09,0.0,0.0,0.0,1,1,n=1,0.0,6.5,-7.125,-7.125,-0.625,-5.75,implanted=1
prop:butter:implanted,mu_D_perp_native,0.5,butter,implanted,-,cake_impl_09,-0.2500002384185791,-0.2500002384185791,-0.2500002384185791,1,1,n=1,-0.03846157514131986,6.5,-7.375000238418579,-7.125,-0.625,-5.75,implanted=1
prop:butter:implanted,mu_D_perp_native,1.0,butter,implanted,-,cake_impl_09,-0.375,-0.375,-0.375,1,1,n=1,-0.057692307692307696,6.5,-7.5,-7.125,-0.625,-5.75,implanted=1
prop:butter:implanted,mu_D_perp_native,2.0,butter,implanted,-,cake_impl_09,-0.7500002384185791,-0.7500002384185791,-0.7500002384185791,1,1,n=1,-0.11538465206439678,6.5,-7.875000238418579,-7.125,-0.625,-5.75,implanted=1
prop:butter:implanted,mu_D_perp_native,4.0,butter,implanted,-,cake_impl_09,-1.3125004768371582,-1.3125004768371582,-1.3125004768371582,1,1,n=1,-0.2019231502826397,6.5,-8.437500476837158,-7.125,-0.625,-5.75,implanted=1
prop:butter:implanted,mu_D_perp_matched,0.0,butter,implanted,0,cake_impl_09,0.0,0.0,0.0,1,1,n=1,0.0,6.5,-7.125,-7.125,-0.625,-5.75,implanted=1
prop:butter:implanted,mu_D_perp_matched,0.5,butter,implanted,-,cake_impl_09,-0.3124997615814209,-0.3124997615814209,-0.3124997615814209,1,1,n=1,-0.04807688639714168,6.5,-7.437499761581421,-7.125,-0.625,-5.75,implanted=1
prop:butter:implanted,mu_D_perp_matched,1.0,butter,implanted,-,cake_impl_09,-0.625,-0.625,-0.625,1,1,n=1,-0.09615384615384616,6.5,-7.75,-7.125,-0.625,-5.75,implanted=1
prop:butter:implanted,mu_D_perp_matched,2.0,butter,implanted,-,cake_impl_09,-1.1875,-1.1875,-1.1875,1,1,n=1,-0.18269230769230768,6.5,-8.3125,-7.125,-0.625,-5.75,implanted=1
prop:butter:implanted,mu_D_perp_matched,4.0,butter,implanted,-,cake_impl_09,-1.562499761581421,-1.562499761581421,-1.562499761581421,1,1,n=1,-0.24038457870483398,6.5,-8.687499761581421,-7.125,-0.625,-5.75,implanted=1
prop:butter:implanted,r0,0.0,butter,implanted,0,cake_impl_09,0.0,0.0,0.0,1,1,n=1,0.0,6.5,-7.125,-7.125,-0.625,-5.75,implanted=1
prop:butter:implanted,r0,0.5,butter,implanted,-,cake_impl_09,-0.1249995231628418,-0.1249995231628418,-0.1249995231628418,1,1,n=1,-0.01923069587120643,6.5,-7.249999523162842,-7.125,-0.625,-5.75,implanted=1
prop:butter:implanted,r0,1.0,butter,implanted,-,cake_impl_09,-0.2500002384185791,-0.2500002384185791,-0.2500002384185791,1,1,n=1,-0.03846157514131986,6.5,-7.375000238418579,-7.125,-0.625,-5.75,implanted=1
prop:butter:implanted,r0,2.0,butter,implanted,-,cake_impl_09,-0.3125002384185791,-0.3125002384185791,-0.3125002384185791,1,1,n=1,-0.04807695975670448,6.5,-7.437500238418579,-7.125,-0.625,-5.75,implanted=1
prop:butter:implanted,r0,4.0,butter,implanted,-,cake_impl_09,-0.8124997615814209,-0.8124997615814209,-0.8124997615814209,1,1,n=1,-0.1249999633202186,6.5,-7.937499761581421,-7.125,-0.625,-5.75,implanted=1
prop:butter:implanted,r1,0.0,butter,implanted,0,cake_impl_09,0.0,0.0,0.0,1,1,n=1,0.0,6.5,-7.125,-7.125,-0.625,-5.75,implanted=1
prop:butter:implanted,r1,0.5,butter,implanted,+,cake_impl_09,0.0625004768371582,0.0625004768371582,0.0625004768371582,1,1,n=1,0.009615457974947415,6.5,-7.062499523162842,-7.125,-0.625,-5.75,implanted=1
prop:butter:implanted,r1,1.0,butter,implanted,+,cake_impl_09,0.0625,0.0625,0.0625,1,1,n=1,0.009615384615384616,6.5,-7.0625,-7.125,-0.625,-5.75,implanted=1
prop:butter:implanted,r1,2.0,butter,implanted,+,cake_impl_09,0.1250004768371582,0.1250004768371582,0.1250004768371582,1,1,n=1,0.01923084259033203,6.5,-6.999999523162842,-7.125,-0.625,-5.75,implanted=1
prop:butter:implanted,r1,4.0,butter,implanted,+,cake_impl_09,0.1249997615814209,0.1249997615814209,0.1249997615814209,1,1,n=1,0.019230732550987832,6.5,-7.000000238418579,-7.125,-0.625,-5.75,implanted=1
prop:butter:implanted,r2,0.0,butter,implanted,0,cake_impl_09,0.0,0.0,0.0,1,1,n=1,0.0,6.5,-7.125,-7.125,-0.625,-5.75,implanted=1
prop:butter:implanted,r2,0.5,butter,implanted,0,cake_impl_09,0.0,0.0,0.0,1,1,n=1,0.0,6.5,-7.125,-7.125,-0.625,-5.75,implanted=1
prop:butter:implanted,r2,1.0,butter,implanted,-,cake_impl_09,-4.76837158203125e-07,-4.76837158203125e-07,-4.76837158203125e-07,1,1,n=1,-7.335956280048077e-08,6.5,-7.125000476837158,-7.125,-0.625,-5.75,implanted=1
prop:butter:implanted,r2,2.0,butter,implanted,+,cake_impl_09,0.1249995231628418,0.1249995231628418,0.1249995231628418,1,1,n=1,0.01923069587120643,6.5,-7.000000476837158,-7.125,-0.625,-5.75,implanted=1
prop:butter:implanted,r2,4.0,butter,implanted,+,cake_impl_09,0.8125004768371582,0.8125004768371582,0.8125004768371582,1,1,n=1,0.1250000733595628,6.5,-6.312499523162842,-7.125,-0.625,-5.75,implanted=1
prop:butter:implanted_completion_preference,mu_D,0.0,butter,implanted_completion_preference,0,cake_impl_10,0.0,0.0,0.0,1,1,n=1,0.0,8.000000156462193,-4.125000163912773,-4.125000163912773,3.8749999925494194,-3.7499998211860657,implanted_completion_preference=1
prop:butter:implanted_completion_preference,mu_D,0.5,butter,implanted_completion_preference,+,cake_impl_10,0.12500034272670746,0.12500034272670746,0.12500034272670746,1,1,n=1,0.01562504253524738,8.000000156462193,-3.9999998211860657,-4.125000163912773,3.8749999925494194,-3.7499998211860657,implanted_completion_preference=1
prop:butter:implanted_completion_preference,mu_D,1.0,butter,implanted_completion_preference,+,cake_impl_10,0.37500014901161194,0.37500014901161194,0.37500014901161194,1,1,n=1,0.046875017709680486,8.000000156462193,-3.750000014901161,-4.125000163912773,3.8749999925494194,-3.7499998211860657,implanted_completion_preference=1
prop:butter:implanted_completion_preference,mu_D,2.0,butter,implanted_completion_preference,+,cake_impl_10,0.625000074505806,0.625000074505806,0.625000074505806,1,1,n=1,0.0781250077852745,8.000000156462193,-3.500000089406967,-4.125000163912773,3.8749999925494194,-3.7499998211860657,implanted_completion_preference=1
prop:butter:implanted_completion_preference,mu_D,4.0,butter,implanted_completion_preference,+,cake_impl_10,1.2500001639127731,1.2500001639127731,1.2500001639127731,1,1,n=1,0.1562500174331941,8.000000156462193,-2.875,-4.125000163912773,3.8749999925494194,-3.7499998211860657,implanted_completion_preference=1
prop:butter:implanted_completion_preference,mu_Dprime_native,0.0,butter,implanted_completion_preference,0,cake_impl_10,0.0,0.0,0.0,1,1,n=1,0.0,8.000000156462193,-4.125000163912773,-4.125000163912773,3.8749999925494194,-3.7499998211860657,implanted_completion_preference=1
prop:butter:implanted_completion_preference,mu_Dprime_native,0.5,butter,implanted_completion_preference,+,cake_impl_10,0.25000035762786865,0.25000035762786865,0.25000035762786865,1,1,n=1,0.03125004409230228,8.000000156462193,-3.8749998062849045,-4.125000163912773,3.8749999925494194,-3.7499998211860657,implanted_completion_preference=1
prop:butter:implanted_completion_preference,mu_Dprime_native,1.0,butter,implanted_completion_preference,+,cake_impl_10,0.5000002682209015,0.5000002682209015,0.5000002682209015,1,1,n=1,0.06250003230525117,8.000000156462193,-3.6249998956918716,-4.125000163912773,3.8749999925494194,-3.7499998211860657,implanted_completion_preference=1
prop:butter:implanted_completion_preference,mu_Dprime_native,2.0,butter,implanted_completion_preference,+,cake_impl_10,0.8750002533197403,0.8750002533197403,0.8750002533197403,1,1,n=1,0.10937502952583542,8.000000156462193,-3.249999910593033,-4.125000163912773,3.8749999925494194,-3.7499998211860657,implanted_completion_preference=1
prop:butter:implanted_completion_preference,mu_Dprime_native,4.0,butter,implanted_completion_preference,+,cake_impl_10,1.7500000447034836,1.7500000447034836,1.7500000447034836,1,1,n=1,0.21875000130967234,8.000000156462193,-2.3750001192092896,-4.125000163912773,3.8749999925494194,-3.7499998211860657,implanted_completion_preference=1
prop:butter:implanted_completion_preference,mu_Dprime_matched,0.0,butter,implanted_completion_preference,0,cake_impl_10,0.0,0.0,0.0,1,1,n=1,0.0,8.000000156462193,-4.125000163912773,-4.125000163912773,3.8749999925494194,-3.7499998211860657,implanted_completion_preference=1
prop:butter:implanted_completion_preference,mu_Dprime_matched,0.5,butter,implanted_completion_preference,+,cake_impl_10,0.12500035762786865,0.12500035762786865,0.12500035762786865,1,1,n=1,0.015625044397892494,8.000000156462193,-3.9999998062849045,-4.125000163912773,3.8749999925494194,-3.7499998211860657,implanted_completion_preference=1
prop:butter:implanted_completion_preference,mu_Dprime_matched,1.0,butter,implanted_completion_preference,+,cake_impl_10,0.25000035762786865,0.25000035762786865,0.25000035762786865,1,1,n=1,0.03125004409230228,8.000000156462193,-3.8749998062849045,-4.125000163912773,3.8749999925494194,-3.7499998211860657,implanted_completion_preference=1
prop:butter:implanted_completion_preference,mu_Dprime_matched,2.0,butter,implanted_completion_preference,+,cake_impl_10,0.6250002235174179,0.6250002235174179,0.6250002235174179,1,1,n=1,0.07812502641172563,8.000000156462193,-3.4999999403953552,-4.125000163912773,3.8749999925494194,-3.7499998211860657,implanted_completion_preference=1
prop:butter:implanted_completion_preference,mu_Dprime_matched,4.0,butter,implanted_completion_preference,+,cake_impl_10,0.8750001490116119,0.8750001490116119,0.8750001490116119,1,1,n=1,0.10937501648731963,8.000000156462193,-3.250000014901161,-4.125000163912773,3.8749999925494194,-3.7499998211860657,implanted_completion_preference=1
prop:butter:implanted_completion_preference,mu_D_par,0.0,butter,implanted_completion_preference,0,cake_impl_10,0.0,0.0,0.0,1,1,n=1,0.0,8.000000156462193,-4.125000163912773,-4.125000163912773,3.8749999925494194,-3.7499998211860657,implanted_completion_preference=1
prop:butter:implanted_completion_preference,mu_D_par,0.5,butter,implanted_completion_preference,+,cake_impl_10,0.12500019371509552,0.12500019371509552,0.12500019371509552,1,1,n=1,0.015625023908796252,8.000000156462193,-3.9999999701976776,-4.125000163912773,3.8749999925494194,-3.7499998211860657,implanted_completion_preference=1
prop:butter:implanted_completion_preference,mu_D_par,1.0,butter,implanted_completion_preference,+,cake_impl_10,0.2500002831220627,0.2500002831220627,0.2500002831220627,1,1,n=1,0.031250034779076716,8.000000156462193,-3.8749998807907104,-4.125000163912773,3.8749999925494194,-3.7499998211860657,implanted_completion_preference=1
prop:butter:implanted_completion_preference,mu_D_par,2.0,butter,implanted_completion_preference,+,cake_impl_10,0.5000001192092896,0.5000001192092896,0.5000001192092896,1,1,n=1,0.06250001367880005,8.000000156462193,-3.6250000447034836,-4.125000163912773,3.8749999925494194,-3.7499998211860657,implanted_completion_preference=1
prop:butter:implanted_completion_preference,mu_D_par,4.0,butter,implanted_completion_preference,+,cake_impl_10,0.750000074505806,0.750000074505806,0.750000074505806,1,1,n=1,0.09375000747968427,8.000000156462193,-3.375000089406967,-4.125000163912773,3.8749999925494194,-3.7499998211860657,implanted_completion_preference=1
prop:butter:implanted_completion_preference,mu_D_perp_native,0.0,butter,implanted_completion_preference,0,cake_impl_10,0.0,0.0,0.0,1,1,n=1,0.0,8.000000156462193,-4.125000163912773,-4.125000163912773,3.8749999925494194,-3.7499998211860657,implanted_completion_preference=1
prop:butter:implanted_completion_preference,mu_D_perp_native,0.5,butter,implanted_completion_preference,+,cake_impl_10,0.12500013411045074,0.12500013411045074,0.12500013411045074,1,1,n=1,0.0156250164582158,8.000000156462193,-4.000000029802322,-4.125000163912773,3.8749999925494194,-3.7499998211860657,implanted_completion_preference=1
prop:butter:implanted_completion_preference,mu_D_perp_native,1.0,butter,implanted_completion_preference,+,cake_impl_10,0.1250002086162567,0.1250002086162567,0.1250002086162567,1,1,n=1,0.015625025771441366,8.000000156462193,-3.9999999552965164,-4.125000163912773,3.8749999925494194,-3.7499998211860657,implanted_completion_preference=1
prop:butter:implanted_completion_preference,mu_D_perp_native,2.0,butter,implanted_completion_preference,+,cake_impl_10,0.2500000298023224,0.2500000298023224,0.2500000298023224,1,1,n=1,0.031250003114109796,8.000000156462193,-3.8750001341104507,-4.125000163912773,3.8749999925494194,-3.7499998211860657,implanted_completion_preference=1
prop:butter:implanted_completion_preference,mu_D_perp_native,4.0,butter,implanted_completion_preference,+,cake_impl_10,0.5000001937150955,0.5000001937150955,0.5000001937150955,1,1,n=1,0.06250002299202562,8.000000156462193,-3.6249999701976776,-4.125000163912773,3.8749999925494194,-3.7499998211860657,implanted_completion_preference=1
prop:butter:implanted_completion_preference,mu_D_perp_matched,0.0,butter,implanted_completion_preference,0,cake_impl_10,0.0,0.0,0.0,1,1,n=1,0.0,8.000000156462193,-4.125000163912773,-4.125000163912773,3.8749999925494194,-3.7499998211860657,implanted_completion_preference=1
prop:butter:implanted_completion_preference,mu_D_perp_matched,0.5,butter,implanted_completion_preference,+,cake_impl_10,0.12500007450580597,0.12500007450580597,0.12500007450580597,1,1,n=1,0.01562500900763535,8.000000156462193,-4.000000089406967,-4.125000163912773,3.8749999925494194,-3.7499998211860657,implanted_completion_preference=1
prop:butter:implanted_completion_preference,mu_D_perp_matched,1.0,butter,implanted_completion_preference,+,cake_impl_10,0.25000038743019104,0.25000038743019104,0.25000038743019104,1,1,n=1,0.031250047817592504,8.000000156462193,-3.874999776482582,-4.125000163912773,3.8749999925494194,-3.7499998211860657,implanted_completion_preference=1
prop:butter:implanted_completion_preference,mu_D_perp_matched,2.0,butter,implanted_completion_preference,+,cake_impl_10,0.5000002086162567,0.5000002086162567,0.5000002086162567,1,1,n=1,0.06250002485467072,8.000000156462193,-3.6249999552965164,-4.125000163912773,3.8749999925494194,-3.7499998211860657,implanted_completion_preference=1
prop:butter:implanted_completion_preference,mu_D_perp_matched,4.0,butter,implanted_completion_preference,+,cake_impl_10,1.000000238418579,1.000000238418579,1.000000238418579,1,1,n=1,0.1250000273576001,8.000000156462193,-3.124999925494194,-4.125000163912773,3.8749999925494194,-3.7499998211860657,implanted_completion_preference=1
prop:butter:implanted_completion_preference,r0,0.0,butter,implanted_completion_preference,0,cake_impl_10,0.0,0.0,0.0,1,1,n=1,0.0,8.000000156462193,-4.125000163912773,-4.125000163912773,3.8749999925494194,-3.7499998211860657,implanted_completion_preference=1
prop:butter:implanted_completion_preference,r0,0.5,butter,implanted_completion_preference,+,cake_impl_10,6.705522537231445e-08,6.705522537231445e-08,6.705522537231445e-08,1,1,n=1,8.381903007607941e-09,8.000000156462193,-4.125000096857548,-4.125000163912773,3.8749999925494194,-3.7499998211860657,implanted_completion_preference=1
prop:butter:implanted_completion_preference,r0,1.0,butter,implanted_completion_preference,-,cake_impl_10,-7.450580596923828e-08,-7.450580596923828e-08,-7.450580596923828e-08,1,1,n=1,-9.313225564008823e-09,8.000000156462193,-4.125000238418579,-4.125000163912773,3.8749999925494194,-3.7499998211860657,implanted_completion_preference=1
prop:butter:implanted_completion_preference,r0,2.0,butter,implanted_completion_preference,+,cake_impl_10,2.384185791015625e-07,2.384185791015625e-07,2.384185791015625e-07,1,1,n=1,2.9802321804828234e-08,8.000000156462193,-4.124999925494194,-4.125000163912773,3.8749999925494194,-3.7499998211860657,implanted_completion_preference=1
prop:butter:implanted_completion_preference,r0,4.0,butter,implanted_completion_preference,-,cake_impl_10,-0.1249999850988388,-0.1249999850988388,-0.1249999850988388,1,1,n=1,-0.015624997831764673,8.000000156462193,-4.250000149011612,-4.125000163912773,3.8749999925494194,-3.7499998211860657,implanted_completion_preference=1
prop:butter:implanted_completion_preference,r1,0.0,butter,implanted_completion_preference,0,cake_impl_10,0.0,0.0,0.0,1,1,n=1,0.0,8.000000156462193,-4.125000163912773,-4.125000163912773,3.8749999925494194,-3.7499998211860657,implanted_completion_preference=1
prop:butter:implanted_completion_preference,r1,0.5,butter,implanted_completion_preference,+,cake_impl_10,0.12500005960464478,0.12500005960464478,0.12500005960464478,1,1,n=1,0.01562500714499024,8.000000156462193,-4.000000104308128,-4.125000163912773,3.8749999925494194,-3.7499998211860657,implanted_completion_preference=1
prop:butter:implanted_completion_preference,r1,1.0,butter,implanted_completion_preference,+,cake_impl_10,0.12500032782554626,0.12500032782554626,0.12500032782554626,1,1,n=1,0.01562504067260227,8.000000156462193,-3.999999836087227,-4.125000163912773,3.8749999925494194,-3.7499998211860657,implanted_completion_preference=1
prop:butter:implanted_completion_preference,r1,2.0,butter,implanted_completion_preference,+,cake_impl_10,0.25000014901161194,0.25000014901161194,0.25000014901161194,1,1,n=1,0.0312500180152707,8.000000156462193,-3.875000014901161,-4.125000163912773,3.8749999925494194,-3.7499998211860657,implanted_completion_preference=1
prop:butter:implanted_completion_preference,r1,4.0,butter,implanted_completion_preference,+,cake_impl_10,0.37500010430812836,0.37500010430812836,0.37500010430812836,1,1,n=1,0.04687501212174515,8.000000156462193,-3.7500000596046448,-4.125000163912773,3.8749999925494194,-3.7499998211860657,implanted_completion_preference=1
prop:butter:implanted_completion_preference,r2,0.0,butter,implanted_completion_preference,0,cake_impl_10,0.0,0.0,0.0,1,1,n=1,0.0,8.000000156462193,-4.125000163912773,-4.125000163912773,3.8749999925494194,-3.7499998211860657,implanted_completion_preference=1
prop:butter:implanted_completion_preference,r2,0.5,butter,implanted_completion_preference,+,cake_impl_10,2.9802322387695312e-08,2.9802322387695312e-08,2.9802322387695312e-08,1,1,n=1,3.7252902256035293e-09,8.000000156462193,-4.125000134110451,-4.125000163912773,3.8749999925494194,-3.7499998211860657,implanted_completion_preference=1
prop:butter:implanted_completion_preference,r2,1.0,butter,implanted_completion_preference,-,cake_impl_10,-0.12499966472387314,-0.12499966472387314,-0.12499966472387314,1,1,n=1,-0.015624957784894748,8.000000156462193,-4.249999828636646,-4.125000163912773,3.8749999925494194,-3.7499998211860657,implanted_completion_preference=1
prop:butter:implanted_completion_preference,r2,2.0,butter,implanted_completion_preference,-,cake_impl_10,-0.24999962002038956,-0.24999962002038956,-0.24999962002038956,1,1,n=1,-0.031249951891369195,8.000000156462193,-4.374999783933163,-4.125000163912773,3.8749999925494194,-3.7499998211860657,implanted_completion_preference=1
prop:butter:implanted_completion_preference,r2,4.0,butter,implanted_completion_preference,-,cake_impl_10,-0.24999991059303284,-0.24999991059303284,-0.24999991059303284,1,1,n=1,-0.031249988212948894,8.000000156462193,-4.375000074505806,-4.125000163912773,3.8749999925494194,-3.7499998211860657,implanted_completion_preference=1
prop:water:implanted_completion_preference,mu_D,0.0,water,implanted_completion_preference,0,cake_impl_12,0.0,0.0,0.0,1,1,n=1,0.0,4.750000476837158,-1.250000238418579,-1.250000238418579,3.500000238418579,-1.75,implanted_completion_preference=1
prop:water:implanted_completion_preference,mu_D,0.5,water,implanted_completion_preference,+,cake_impl_12,2.384185791015625e-07,2.384185791015625e-07,2.384185791015625e-07,1,1,n=1,5.0193380035261856e-08,4.750000476837158,-1.25,-1.250000238418579,3.500000238418579,-1.75,implanted_completion_preference=1
prop:water:implanted_completion_preference,mu_D,1.0,water,implanted_completion_preference,-,cake_impl_12,-0.1249997615814209,-0.1249997615814209,-0.1249997615814209,1,1,n=1,-0.026315736638547332,4.750000476837158,-1.375,-1.250000238418579,3.500000238418579,-1.75,implanted_completion_preference=1
prop:water:implanted_completion_preference,mu_D,2.0,water,implanted_completion_preference,-,cake_impl_12,-0.4999997615814209,-0.4999997615814209,-0.4999997615814209,1,1,n=1,-0.10526309713432944,4.750000476837158,-1.75,-1.250000238418579,3.500000238418579,-1.75,implanted_completion_preference=1
prop:water:implanted_completion_preference,mu_D,4.0,water,implanted_completion_preference,-,cake_impl_12,-1.687499761581421,-1.687499761581421,-1.687499761581421,1,1,n=1,-0.3552630720376394,4.750000476837158,-2.9375,-1.250000238418579,3.500000238418579,-1.75,implanted_completion_preference=1
prop:water:implanted_completion_preference,mu_Dprime_native,0.0,water,implanted_completion_preference,0,cake_impl_12,0.0,0.0,0.0,1,1,n=1,0.0,4.750000476837158,-1.250000238418579,-1.250000238418579,3.500000238418579,-1.75,implanted_completion_preference=1
prop:water:implanted_completion_preference,mu_Dprime_native,0.5,water,implanted_completion_preference,+,cake_impl_12,2.384185791015625e-07,2.384185791015625e-07,2.384185791015625e-07,1,1,n=1,5.0193380035261856e-08,4.750000476837158,-1.25,-1.250000238418579,3.500000238418579,-1.75,implanted_completion_preference=1
prop:water:implanted_completion_preference,mu_Dprime_native,1.0,water,implanted_completion_preference,-,cake_impl_12,-0.2499997615814209,-0.2499997615814209,-0.2499997615814209,1,1,n=1,-0.0526315234704747,4.750000476837158,-1.5,-1.250000238418579,3.500000238418579,-1.75,implanted_completion_preference=1
prop:water:implanted_completion_preference,mu_Dprime_native,2.0,water,implanted_completion_preference,-,cake_impl_12,-1.499999761581421,-1.499999761581421,-1.499999761581421,1,1,n=1,-0.31578939178974835,4.750000476837158,-2.75,-1.250000238418579,3.500000238418579,-1.75,implanted_completion_preference=1
prop:water:implanted_completion_preference,mu_Dprime_native,4.0,water,implanted_completion_preference,-,cake_impl_12,-3.6874992847442627,-3.6874992847442627,-3.6874992847442627,1,1,n=1,-0.7763155609617172,4.750000476837158,-4.937499523162842,-1.250000238418579,3.500000238418579,-1.75,implanted_completion_preference=1
prop:water:implanted_completion_preference,mu_Dprime_matched,0.0,water,implanted_completion_preference,0,cake_impl_12,0.0,0.0,0.0,1,1,n=1,0.0,4.750000476837158,-1.250000238418579,-1.250000238418579,3.500000238418579,-1.75,implanted_completion_preference=1
prop:water:implanted_completion_preference,mu_Dprime_matched,0.5,water,implanted_completion_preference,+,cake_impl_12,2.384185791015625e-07,2.384185791015625e-07,2.384185791015625e-07,1,1,n=1,5.0193380035261856e-08,4.750000476837158,-1.25,-1.250000238418579,3.500000238418579,-1.75,implanted_completion_preference=1
prop:water:implanted_completion_preference,mu_Dprime_matched,1.0,water,implanted_completion_preference,0,cake_impl_12,0.0,0.0,0.0,1,1,n=1,0.0,4.750000476837158,-1.250000238418579,-1.250000238418579,3.500000238418579,-1.75,implanted_completion_preference=1
prop:water:implanted_completion_preference,mu_Dprime_matched,2.0,water,implanted_completion_preference,-,cake_impl_12,-0.3749995231628418,-0.3749995231628418,-0.3749995231628418,1,1,n=1,-0.07894726010902203,4.750000476837158,-1.624999761581421,-1.250000238418579,3.500000238418579,-1.75,implanted_completion_preference=1
prop:water:implanted_completion_preference,mu_Dprime_matched,4.0,water,implanted_completion_preference,-,cake_impl_12,-1.812499761581421,-1.812499761581421,-1.812499761581421,1,1,n=1,-0.3815788588695668,4.750000476837158,-3.0625,-1.250000238418579,3.500000238418579,-1.75,implanted_completion_preference=1
prop:water:implanted_completion_preference,mu_D_par,0.0,water,implanted_completion_preference,0,cake_impl_12,0.0,0.0,0.0,1,1,n=1,0.0,4.750000476837158,-1.250000238418579,-1.250000238418579,3.500000238418579,-1.75,implanted_completion_preference=1
prop:water:implanted_completion_preference,mu_D_par,0.5,water,implanted_completion_preference,+,cake_impl_12,2.384185791015625e-07,2.384185791015625e-07,2.384185791015625e-07,1,1,n=1,5.0193380035261856e-08,4.750000476837158,-1.25,-1.250000238418579,3.500000238418579,-1.75,implanted_completion_preference=1
prop:water:implanted_completion_preference,mu_D_par,1.0,water,implanted_completion_preference,+,cake_impl_12,2.384185791015625e-07,2.384185791015625e-07,2.384185791015625e-07,1,1,n=1,5.0193380035261856e-08,4.750000476837158,-1.25,-1.250000238418579,3.500000238418579,-1.75,implanted_completion_preference=1
prop:water:implanted_completion_preference,mu_D_par,2.0,water,implanted_completion_preference,-,cake_impl_12,-0.2499997615814209,-0.2499997615814209,-0.2499997615814209,1,1,n=1,-0.0526315234704747,4.750000476837158,-1.5,-1.250000238418579,3.500000238418579,-1.75,implanted_completion_preference=1
prop:water:implanted_completion_preference,mu_D_par,4.0,water,implanted_completion_preference,-,cake_impl_12,-1.249999761581421,-1.249999761581421,-1.249999761581421,1,1,n=1,-0.2631578181258936,4.750000476837158,-2.5,-1.250000238418579,3.500000238418579,-1.75,implanted_completion_preference=1
prop:water:implanted_completion_preference,mu_D_perp_native,0.0,water,implanted_completion_preference,0,cake_impl_12,0.0,0.0,0.0,1,1,n=1,0.0,4.750000476837158,-1.250000238418579,-1.250000238418579,3.500000238418579,-1.75,implanted_completion_preference=1
prop:water:implanted_completion_preference,mu_D_perp_native,0.5,water,implanted_completion_preference,0,cake_impl_12,0.0,0.0,0.0,1,1,n=1,0.0,4.750000476837158,-1.250000238418579,-1.250000238418579,3.500000238418579,-1.75,implanted_completion_preference=1
prop:water:implanted_completion_preference,mu_D_perp_native,1.0,water,implanted_completion_preference,+,cake_impl_12,4.76837158203125e-07,4.76837158203125e-07,4.76837158203125e-07,1,1,n=1,1.0038676007052371e-07,4.750000476837158,-1.249999761581421,-1.250000238418579,3.500000238418579,-1.75,implanted_completion_preference=1
prop:water:implanted_completion_preference,mu_D_perp_native,2.0,water,implanted_completion_preference,-,cake_impl_12,-0.125,-0.125,-0.125,1,1,n=1,-0.026315786831927368,4.750000476837158,-1.375000238418579,-1.250000238418579,3.500000238418579,-1.75,implanted_completion_preference=1
prop:water:implanted_completion_preference,mu_D_perp_native,4.0,water,implanted_completion_preference,-,cake_impl_12,-0.4999997615814209,-0.4999997615814209,-0.4999997615814209,1,1,n=1,-0.10526309713432944,4.750000476837158,-1.75,-1.250000238418579,3.500000238418579,-1.75,implanted_completion_preference=1
prop:water:implanted_completion_preference,mu_D_perp_matched,0.0,water,implanted_completion_preference,0,cake_impl_12,0.0,0.0,0.0,1,1,n=1,0.0,4.750000476837158,-1.250000238418579,-1.250000238418579,3.500000238418579,-1.75,implanted_completion_preference=1
prop:water:implanted_completion_preference,mu_D_perp_matched,0.5,water,implanted_completion_preference,+,cake_impl_12,2.384185791015625e-07,2.384185791015625e-07,2.384185791015625e-07,1,1,n=1,5.0193380035261856e-08,4.750000476837158,-1.25,-1.250000238418579,3.500000238418579,-1.75,implanted_completion_preference=1
prop:water:implanted_completion_preference,mu_D_perp_matched,1.0,water,implanted_completion_preference,-,cake_impl_12,-0.1249997615814209,-0.1249997615814209,-0.1249997615814209,1,1,n=1,-0.026315736638547332,4.750000476837158,-1.375,-1.250000238418579,3.500000238418579,-1.75,implanted_completion_preference=1
prop:water:implanted_completion_preference,mu_D_perp_matched,2.0,water,implanted_completion_preference,-,cake_impl_12,-0.4999997615814209,-0.4999997615814209,-0.4999997615814209,1,1,n=1,-0.10526309713432944,4.750000476837158,-1.75,-1.250000238418579,3.500000238418579,-1.75,implanted_completion_preference=1
prop:water:implanted_completion_preference,mu_D_perp_matched,4.0,water,implanted_completion_preference,-,cake_impl_12,-1.249999761581421,-1.249999761581421,-1.249999761581421,1,1,n=1,-0.2631578181258936,4.750000476837158,-2.5,-1.250000238418579,3.500000238418579,-1.75,implanted_completion_preference=1
prop:water:implanted_completion_preference,r0,0.0,water,implanted_completion_preference,0,cake_impl_12,0.0,0.0,0.0,1,1,n=1,0.0,4.750000476837158,-1.250000238418579,-1.250000238418579,3.500000238418579,-1.75,implanted_completion_preference=1
prop:water:implanted_completion_preference,r0,0.5,water,implanted_completion_preference,-,cake_impl_12,-0.1249997615814209,-0.1249997615814209,-0.1249997615814209,1,1,n=1,-0.026315736638547332,4.750000476837158,-1.375,-1.250000238418579,3.500000238418579,-1.75,implanted_completion_preference=1
prop:water:implanted_completion_preference,r0,1.0,water,implanted_completion_preference,-,cake_impl_12,-0.25,-0.25,-0.25,1,1,n=1,-0.052631573663854736,4.750000476837158,-1.500000238418579,-1.250000238418579,3.500000238418579,-1.75,implanted_completion_preference=1
prop:water:implanted_completion_preference,r0,2.0,water,implanted_completion_preference,-,cake_impl_12,-0.3749997615814209,-0.3749997615814209,-0.3749997615814209,1,1,n=1,-0.07894731030240207,4.750000476837158,-1.625,-1.250000238418579,3.500000238418579,-1.75,implanted_completion_preference=1
prop:water:implanted_completion_preference,r0,4.0,water,implanted_completion_preference,-,cake_impl_12,-0.4999997615814209,-0.4999997615814209,-0.4999997615814209,1,1,n=1,-0.10526309713432944,4.750000476837158,-1.75,-1.250000238418579,3.500000238418579,-1.75,implanted_completion_preference=1
prop:water:implanted_completion_preference,r1,0.0,water,implanted_completion_preference,0,cake_impl_12,0.0,0.0,0.0,1,1,n=1,0.0,4.750000476837158,-1.250000238418579,-1.250000238418579,3.500000238418579,-1.75,implanted_completion_preference=1
prop:water:implanted_completion_preference,r1,0.5,water,implanted_completion_preference,+,cake_impl_12,2.384185791015625e-07,2.384185791015625e-07,2.384185791015625e-07,1,1,n=1,5.0193380035261856e-08,4.750000476837158,-1.25,-1.250000238418579,3.500000238418579,-1.75,implanted_completion_preference=1
prop:water:implanted_completion_preference,r1,1.0,water,implanted_completion_preference,+,cake_impl_12,2.384185791015625e-07,2.384185791015625e-07,2.384185791015625e-07,1,1,n=1,5.0193380035261856e-08,4.750000476837158,-1.25,-1.250000238418579,3.500000238418579,-1.75,implanted_completion_preference=1
prop:water:implanted_completion_preference,r1,2.0,water,implanted_completion_preference,-,cake_impl_12,-0.1249995231628418,-0.1249995231628418,-0.1249995231628418,1,1,n=1,-0.026315686445167297,4.750000476837158,-1.374999761581421,-1.250000238418579,3.500000238418579,-1.75,implanted_completion_preference=1
prop:water:implanted_completion_preference,r1,4.0,water,implanted_completion_preference,-,cake_impl_12,-0.2499997615814209,-0.2499997615814209,-0.2499997615814209,1,1,n=1,-0.0526315234704747,4.750000476837158,-1.5,-1.250000238418579,3.500000238418579,-1.75,implanted_completion_preference=1
prop:water:implanted_completion_preference,r2,0.0,water,implanted_completion_preference,0,cake_impl_12,0.0,0.0,0.0,1,1,n=1,0.0,4.750000476837158,-1.250000238418579,-1.250000238418579,3.500000238418579,-1.75,implanted_completion_preference=1
prop:water:implanted_completion_preference,r2,0.5,water,implanted_completion_preference,+,cake_impl_12,2.384185791015625e-07,2.384185791015625e-07,2.384185791015625e-07,1,1,n=1,5.0193380035261856e-08,4.750000476837158,-1.25,-1.250000238418579,3.500000238418579,-1.75,implanted_completion_preference=1
prop:water:implanted_completion_preference,r2,1.0,water,implanted_completion_preference,-,cake_impl_12,-0.2499997615814209,-0.2499997615814209,-0.2499997615814209,1,1,n=1,-0.0526315234704747,4.750000476837158,-1.5,-1.250000238418579,3.500000238418579,-1.75,implanted_completion_preference=1
prop:water:implanted_completion_preference,r2,2.0,water,implanted_completion_preference,-,cake_impl_12,-0.4999997615814209,-0.4999997615814209,-0.4999997615814209,1,1,n=1,-0.10526309713432944,4.750000476837158,-1.75,-1.250000238418579,3.500000238418579,-1.75,implanted_completion_preference=1
prop:water:implanted_completion_preference,r2,4.0,water,implanted_completion_preference,-,cake_impl_12,-0.9999997615814209,-0.9999997615814209,-0.9999997615814209,1,1,n=1,-0.2105262444620389,4.750000476837158,-2.25,-1.250000238418579,3.500000238418579,-1.75,implanted_completion_preference=1
prop:cooling:implanted,mu_D,0.0,cooling,implanted,0,cake_impl_11,0.0,0.0,0.0,1,1,n=1,0.0,14.263934135437012,-14.116801261901855,-14.116801261901855,0.14713287353515625,-10.546324253082275,implanted=1
prop:cooling:implanted,mu_D,0.5,cooling,implanted,+,cake_impl_11,0.22459888458251953,0.22459888458251953,0.22459888458251953,1,1,n=1,0.015745928328744233,14.263934135437012,-13.892202377319336,-14.116801261901855,0.14713287353515625,-10.546324253082275,implanted=1
prop:cooling:implanted,mu_D,1.0,cooling,implanted,+,cake_impl_11,0.2559213638305664,0.2559213638305664,0.2559213638305664,1,1,n=1,0.017941849801084042,14.263934135437012,-13.860879898071289,-14.116801261901855,0.14713287353515625,-10.546324253082275,implanted=1
prop:cooling:implanted,mu_D,2.0,cooling,implanted,+,cake_impl_11,0.9545817375183105,0.9545817375183105,0.9545817375183105,1,1,n=1,0.06692275275912613,14.263934135437012,-13.162219524383545,-14.116801261901855,0.14713287353515625,-10.546324253082275,implanted=1
prop:cooling:implanted,mu_D,4.0,cooling,implanted,+,cake_impl_11,2.3110899925231934,2.3110899925231934,2.3110899925231934,1,1,n=1,0.16202332193763927,14.263934135437012,-11.805711269378662,-14.116801261901855,0.14713287353515625,-10.546324253082275,implanted=1
prop:cooling:implanted,mu_Dprime_native,0.0,cooling,implanted,0,cake_impl_11,0.0,0.0,0.0,1,1,n=1,0.0,14.263934135437012,-14.116801261901855,-14.116801261901855,0.14713287353515625,-10.546324253082275,implanted=1
prop:cooling:implanted,mu_Dprime_native,0.5,cooling,implanted,+,cake_impl_11,0.21895313262939453,0.21895313262939453,0.21895313262939453,1,1,n=1,0.015350122241901838,14.263934135437012,-13.897848129272461,-14.116801261901855,0.14713287353515625,-10.546324253082275,implanted=1
prop:cooling:implanted,mu_Dprime_native,1.0,cooling,implanted,+,cake_impl_11,0.5314373970031738,0.5314373970031738,0.5314373970031738,1,1,n=1,0.03725742084596999,14.263934135437012,-13.585363864898682,-14.116801261901855,0.14713287353515625,-10.546324253082275,implanted=1
prop:cooling:implanted,mu_Dprime_native,2.0,cooling,implanted,+,cake_impl_11,0.9002456665039062,0.9002456665039062,0.9002456665039062,1,1,n=1,0.06311342003938136,14.263934135437012,-13.21655559539795,-14.116801261901855,0.14713287353515625,-10.546324253082275,implanted=1
prop:cooling:implanted,mu_Dprime_native,4.0,cooling,implanted,+,cake_impl_11,2.0041913986206055,2.0041913986206055,2.0041913986206055,1,1,n=1,0.1405076172948272,14.263934135437012,-12.11260986328125,-14.116801261901855,0.14713287353515625,-10.546324253082275,implanted=1
prop:cooling:implanted,mu_Dprime_matched,0.0,cooling,implanted,0,cake_impl_11,0.0,0.0,0.0,1,1,n=1,0.0,14.263934135437012,-14.116801261901855,-14.116801261901855,0.14713287353515625,-10.546324253082275,implanted=1
prop:cooling:implanted,mu_Dprime_matched,0.5,cooling,implanted,+,cake_impl_11,0.05527353286743164,0.05527353286743164,0.05527353286743164,1,1,n=1,0.0038750552507187523,14.263934135437012,-14.061527729034424,-14.116801261901855,0.14713287353515625,-10.546324253082275,implanted=1
prop:cooling:implanted,mu_Dprime_matched,1.0,cooling,implanted,+,cake_impl_11,0.22658586502075195,0.22658586502075195,0.22658586502075195,1,1,n=1,0.015885229339206417,14.263934135437012,-13.890215396881104,-14.116801261901855,0.14713287353515625,-10.546324253082275,implanted=1
prop:cooling:implanted,mu_Dprime_matched,2.0,cooling,implanted,+,cake_impl_11,0.6000666618347168,0.6000666618347168,0.6000666618347168,1,1,n=1,0.04206880487087528,14.263934135437012,-13.516734600067139,-14.116801261901855,0.14713287353515625,-10.546324253082275,implanted=1
prop:cooling:implanted,mu_Dprime_matched,4.0,cooling,implanted,+,cake_impl_11,1.0277514457702637,1.0277514457702637,1.0277514457702637,1,1,n=1,0.07205245313191261,14.263934135437012,-13.089049816131592,-14.116801261901855,0.14713287353515625,-10.546324253082275,implanted=1
prop:cooling:implanted,mu_D_par,0.0,cooling,implanted,0,cake_impl_11,0.0,0.0,0.0,1,1,n=1,0.0,14.263934135437012,-14.116801261901855,-14.116801261901855,0.14713287353515625,-10.546324253082275,implanted=1
prop:cooling:implanted,mu_D_par,0.5,cooling,implanted,-,cake_impl_11,-0.14416027069091797,-0.14416027069091797,-0.14416027069091797,1,1,n=1,-0.010106627619148163,14.263934135437012,-14.260961532592773,-14.116801261901855,0.14713287353515625,-10.546324253082275,implanted=1
prop:cooling:implanted,mu_D_par,1.0,cooling,implanted,+,cake_impl_11,0.19711923599243164,0.19711923599243164,0.19711923599243164,1,1,n=1,0.013819415746088791,14.263934135437012,-13.919682025909424,-14.116801261901855,0.14713287353515625,-10.546324253082275,implanted=1
prop:cooling:implanted,mu_D_par,2.0,cooling,implanted,+,cake_impl_11,0.48177337646484375,0.48177337646484375,0.48177337646484375,1,1,n=1,0.03377563103491458,14.263934135437012,-13.635027885437012,-14.116801261901855,0.14713287353515625,-10.546324253082275,implanted=1
prop:cooling:implanted,mu_D_par,4.0,cooling,implanted,+,cake_impl_11,0.6741580963134766,0.6741580963134766,0.6741580963134766,1,1,n=1,0.04726312459888697,14.263934135437012,-13.442643165588379,-14.116801261901855,0.14713287353515625,-10.546324253082275,implanted=1
prop:cooling:implanted,mu_D_perp_native,0.0,cooling,implanted,0,cake_impl_11,0.0,0.0,0.0,1,1,n=1,0.0,14.263934135437012,-14.116801261901855,-14.116801261901855,0.14713287353515625,-10.546324253082275,implanted=1
prop:cooling:implanted,mu_D_perp_native,0.5,cooling,implanted,+,cake_impl_11,0.11401748657226562,0.11401748657226562,0.11401748657226562,1,1,n=1,0.007993410898400255,14.263934135437012,-14.00278377532959,-14.116801261901855,0.14713287353515625,-10.546324253082275,implanted=1
prop:cooling:implanted,mu_D_perp_native,1.0,cooling,implanted,+,cake_impl_11,0.18343544006347656,0.18343544006347656,0.18343544006347656,1,1,n=1,0.012860087429018162,14.263934135437012,-13.933365821838379,-14.116801261901855,0.14713287353515625,-10.546324253082275,implanted=1
prop:cooling:implanted,mu_D_perp_native,2.0,cooling,implanted,+,cake_impl_11,0.3570370674133301,0.3570370674133301,0.3570370674133301,1,1,n=1,0.025030756874172243,14.263934135437012,-13.759764194488525,-14.116801261901855,0.14713287353515625,-10.546324253082275,implanted=1
prop:cooling:implanted,mu_D_perp_native,4.0,cooling,implanted,+,cake_impl_11,1.2800617218017578,1.2800617218017578,1.2800617218017578,1,1,n=1,0.08974114081343099,14.263934135437012,-12.836739540100098,-14.116801261901855,0.14713287353515625,-10.546324253082275,implanted=1
prop:cooling:implanted,mu_D_perp_matched,0.0,cooling,implanted,0,cake_impl_11,0.0,0.0,0.0,1,1,n=1,0.0,14.263934135437012,-14.116801261901855,-14.116801261901855,0.14713287353515625,-10.546324253082275,implanted=1
prop:cooling:implanted,mu_D_perp_matched,0.5,cooling,implanted,-,cake_impl_11,-0.06506156921386719,-0.06506156921386719,-0.06506156921386719,1,1,n=1,-0.004561263996040869,14.263934135437012,-14.181862831115723,-14.116801261901855,0.14713287353515625,-10.546324253082275,implanted=1
prop:cooling:implanted,mu_D_perp_matched,1.0,cooling,implanted,+,cake_impl_11,0.2474813461303711,0.2474813461303711,0.2474813461303711,1,1,n=1,0.017350146444909176,14.263934135437012,-13.869319915771484,-14.116801261901855,0.14713287353515625,-10.546324253082275,implanted=1
prop:cooling:implanted,mu_D_perp_matched,2.0,cooling,implanted,+,cake_impl_11,1.235610008239746,1.235610008239746,1.235610008239746,1,1,n=1,0.08662476961177373,14.263934135437012,-12.88119125366211,-14.116801261901855,0.14713287353515625,-10.546324253082275,implanted=1
prop:cooling:implanted,mu_D_perp_matched,4.0,cooling,implanted,+,cake_impl_11,3.0431199073791504,3.0431199073791504,3.0431199073791504,1,1,n=1,0.2133436595040697,14.263934135437012,-11.073681354522705,-14.116801261901855,0.14713287353515625,-10.546324253082275,implanted=1
prop:cooling:implanted,r0,0.0,cooling,implanted,0,cake_impl_11,0.0,0.0,0.0,1,1,n=1,0.0,14.263934135437012,-14.116801261901855,-14.116801261901855,0.14713287353515625,-10.546324253082275,implanted=1
prop:cooling:implanted,r0,0.5,cooling,implanted,-,cake_impl_11,-0.030230998992919922,-0.030230998992919922,-0.030230998992919922,1,1,n=1,-0.00211940119085482,14.263934135437012,-14.147032260894775,-14.116801261901855,0.14713287353515625,-10.546324253082275,implanted=1
prop:cooling:implanted,r0,1.0,cooling,implanted,-,cake_impl_11,-0.08969736099243164,-0.08969736099243164,-0.08969736099243164,1,1,n=1,-0.006288402634276714,14.263934135437012,-14.206498622894287,-14.116801261901855,0.14713287353515625,-10.546324253082275,implanted=1
prop:cooling:implanted,r0,2.0,cooling,implanted,-,cake_impl_11,-0.2583346366882324,-0.2583346366882324,-0.2583346366882324,1,1,n=1,-0.01811103684546828,14.263934135437012,-14.375135898590088,-14.116801261901855,0.14713287353515625,-10.546324253082275,implanted=1
prop:cooling:implanted,r0,4.0,cooling,implanted,-,cake_impl_11,-0.23784399032592773,-0.23784399032592773,-0.23784399032592773,1,1,n=1,-0.016674501443121027,14.263934135437012,-14.354645252227783,-14.116801261901855,0.14713287353515625,-10.546324253082275,implanted=1
prop:cooling:implanted,r1,0.0,cooling,implanted,0,cake_impl_11,0.0,0.0,0.0,1,1,n=1,0.0,14.263934135437012,-14.116801261901855,-14.116801261901855,0.14713287353515625,-10.546324253082275,implanted=1
prop:cooling:implanted,r1,0.5,cooling,implanted,+,cake_impl_11,0.04613542556762695,0.04613542556762695,0.04613542556762695,1,1,n=1,0.0032344110067789146,14.263934135437012,-14.070665836334229,-14.116801261901855,0.14713287353515625,-10.546324253082275,implanted=1
prop:cooling:implanted,r1,1.0,cooling,implanted,+,cake_impl_11,0.2137441635131836,0.2137441635131836,0.2137441635131836,1,1,n=1,0.014984937639480694,14.263934135437012,-13.903057098388672,-14.116801261901855,0.14713287353515625,-10.546324253082275,implanted=1
prop:cooling:implanted,r1,2.0,cooling,implanted,+,cake_impl_11,0.554985523223877,0.554985523223877,0.554985523223877,1,1,n=1,0.03890830663926601,14.263934135437012,-13.561815738677979,-14.116801261901855,0.14713287353515625,-10.546324253082275,implanted=1
prop:cooling:implanted,r1,4.0,cooling,implanted,+,cake_impl_11,1.5206966400146484,1.5206966400146484,1.5206966400146484,1,1,n=1,0.10661130551890746,14.263934135437012,-12.596104621887207,-14.116801261901855,0.14713287353515625,-10.546324253082275,implanted=1
prop:cooling:implanted,r2,0.0,cooling,implanted,0,cake_impl_11,0.0,0.0,0.0,1,1,n=1,0.0,14.263934135437012,-14.116801261901855,-14.116801261901855,0.14713287353515625,-10.546324253082275,implanted=1
prop:cooling:implanted,r2,0.5,cooling,implanted,-,cake_impl_11,-0.06559467315673828,-0.06559467315673828,-0.06559467315673828,1,1,n=1,-0.004598638253227508,14.263934135437012,-14.182395935058594,-14.116801261901855,0.14713287353515625,-10.546324253082275,implanted=1
prop:cooling:implanted,r2,1.0,cooling,implanted,+,cake_impl_11,0.09556865692138672,0.09556865692138672,0.09556865692138672,1,1,n=1,0.006700020906851918,14.263934135437012,-14.021232604980469,-14.116801261901855,0.14713287353515625,-10.546324253082275,implanted=1
prop:cooling:implanted,r2,2.0,cooling,implanted,+,cake_impl_11,0.2889518737792969,0.2889518737792969,0.2889518737792969,1,1,n=1,0.02025751598652093,14.263934135437012,-13.827849388122559,-14.116801261901855,0.14713287353515625,-10.546324253082275,implanted=1
prop:cooling:implanted,r2,4.0,cooling,implanted,+,cake_impl_11,1.7019438743591309,1.7019438743591309,1.7019438743591309,1,1,n=1,0.11931798465970606,14.263934135437012,-12.414857387542725,-14.116801261901855,0.14713287353515625,-10.546324253082275,implanted=1
prop:serving:implanted_completion_preference,mu_D,0.0,serving,implanted_completion_preference,0,cake_impl_13,0.0,0.0,0.0,1,1,n=1,0.0,1.6250001788139343,4.749999761581421,4.749999761581421,6.374999940395355,4.375000238418579,implanted_completion_preference=1
prop:serving:implanted_completion_preference,mu_D,0.5,serving,implanted_completion_preference,0,cake_impl_13,0.0,0.0,0.0,1,1,n=1,0.0,1.6250001788139343,4.749999761581421,4.749999761581421,6.374999940395355,4.375000238418579,implanted_completion_preference=1
prop:serving:implanted_completion_preference,mu_D,1.0,serving,implanted_completion_preference,+,cake_impl_13,0.125,0.125,0.125,1,1,n=1,0.07692306845851292,1.6250001788139343,4.874999761581421,4.749999761581421,6.374999940395355,4.375000238418579,implanted_completion_preference=1
prop:serving:implanted_completion_preference,mu_D,2.0,serving,implanted_completion_preference,+,cake_impl_13,0.1250002384185791,0.1250002384185791,0.1250002384185791,1,1,n=1,0.07692321517762238,1.6250001788139343,4.875,4.749999761581421,6.374999940395355,4.375000238418579,implanted_completion_preference=1
prop:serving:implanted_completion_preference,mu_D,4.0,serving,implanted_completion_preference,+,cake_impl_13,0.2500002384185791,0.2500002384185791,0.2500002384185791,1,1,n=1,0.15384628363613528,1.6250001788139343,5.0,4.749999761581421,6.374999940395355,4.375000238418579,implanted_completion_preference=1
prop:serving:implanted_completion_preference,mu_Dprime_native,0.0,serving,implanted_completion_preference,0,cake_impl_13,0.0,0.0,0.0,1,1,n=1,0.0,1.6250001788139343,4.749999761581421,4.749999761581421,6.374999940395355,4.375000238418579,implanted_completion_preference=1
prop:serving:implanted_completion_preference,mu_Dprime_native,0.5,serving,implanted_completion_preference,+,cake_impl_13,4.76837158203125e-07,4.76837158203125e-07,4.76837158203125e-07,1,1,n=1,2.934382189121739e-07,1.6250001788139343,4.750000238418579,4.749999761581421,6.374999940395355,4.375000238418579,implanted_completion_preference=1
prop:serving:implanted_completion_preference,mu_Dprime_native,1.0,serving,implanted_completion_preference,+,cake_impl_13,2.384185791015625e-07,2.384185791015625e-07,2.384185791015625e-07,1,1,n=1,1.4671910945608696e-07,1.6250001788139343,4.75,4.749999761581421,6.374999940395355,4.375000238418579,implanted_completion_preference=1
prop:serving:implanted_completion_preference,mu_Dprime_native,2.0,serving,implanted_completion_preference,+,cake_impl_13,0.1250004768371582,0.1250004768371582,0.1250004768371582,1,1,n=1,0.07692336189673182,1.6250001788139343,4.875000238418579,4.749999761581421,6.374999940395355,4.375000238418579,implanted_completion_preference=1
prop:serving:implanted_completion_preference,mu_Dprime_native,4.0,serving,implanted_completion_preference,+,cake_impl_13,0.0625007152557373,0.0625007152557373,0.0625007152557373,1,1,n=1,0.03846197438658483,1.6250001788139343,4.812500476837158,4.749999761581421,6.374999940395355,4.375000238418579,implanted_completion_preference=1
prop:serving:implanted_completion_preference,mu_Dprime_matched,0.0,serving,implanted_completion_preference,0,cake_impl_13,0.0,0.0,0.0,1,1,n=1,0.0,1.6250001788139343,4.749999761581421,4.749999761581421,6.374999940395355,4.375000238418579,implanted_completion_preference=1
prop:serving:implanted_completion_preference,mu_Dprime_matched,0.5,serving,implanted_completion_preference,+,cake_impl_13,0.1250002384185791,0.1250002384185791,0.1250002384185791,1,1,n=1,0.07692321517762238,1.6250001788139343,4.875,4.749999761581421,6.374999940395355,4.375000238418579,implanted_completion_preference=1
prop:serving:implanted_completion_preference,mu_Dprime_matched,1.0,serving,implanted_completion_preference,+,cake_impl_13,2.384185791015625e-07,2.384185791015625e-07,2.384185791015625e-07,1,1,n=1,1.4671910945608696e-07,1.6250001788139343,4.75,4.749999761581421,6.374999940395355,4.375000238418579,implanted_completion_preference=1
prop:serving:implanted_completion_preference,mu_Dprime_matched,2.0,serving,implanted_completion_preference,+,cake_impl_13,2.384185791015625e-07,2.384185791015625e-07,2.384185791015625e-07,1,1,n=1,1.4671910945608696e-07,1.6250001788139343,4.75,4.749999761581421,6.374999940395355,4.375000238418579,implanted_completion_preference=1
prop:serving:implanted_completion_preference,mu_Dprime_matched,4.0,serving,implanted_completion_preference,+,cake_impl_13,0.1250002384185791,0.1250002384185791,0.1250002384185791,1,1,n=1,0.07692321517762238,1.6250001788139343,4.875,4.749999761581421,6.374999940395355,4.375000238418579,implanted_completion_preference=1
prop:serving:implanted_completion_preference,mu_D_par,0.0,serving,implanted_completion_preference,0,cake_impl_13,0.0,0.0,0.0,1,1,n=1,0.0,1.6250001788139343,4.749999761581421,4.749999761581421,6.374999940395355,4.375000238418579,implanted_completion_preference=1
prop:serving:implanted_completion_preference,mu_D_par,0.5,serving,implanted_completion_preference,+,cake_impl_13,4.76837158203125e-07,4.76837158203125e-07,4.76837158203125e-07,1,1,n=1,2.934382189121739e-07,1.6250001788139343,4.750000238418579,4.749999761581421,6.374999940395355,4.375000238418579,implanted_completion_preference=1
prop:serving:implanted_completion_preference,mu_D_par,1.0,serving,implanted_completion_preference,+,cake_impl_13,0.1250002384185791,0.1250002384185791,0.1250002384185791,1,1,n=1,0.07692321517762238,1.6250001788139343,4.875,4.749999761581421,6.374999940395355,4.375000238418579,implanted_completion_preference=1
prop:serving:implanted_completion_preference,mu_D_par,2.0,serving,implanted_completion_preference,-,cake_impl_13,-0.1249997615814209,-0.1249997615814209,-0.1249997615814209,1,1,n=1,-0.07692292173940346,1.6250001788139343,4.625,4.749999761581421,6.374999940395355,4.375000238418579,implanted_completion_preference=1
prop:serving:implanted_completion_preference,mu_D_par,4.0,serving,implanted_completion_preference,+,cake_impl_13,0.1250002384185791,0.1250002384185791,0.1250002384185791,1,1,n=1,0.07692321517762238,1.6250001788139343,4.875,4.749999761581421,6.374999940395355,4.375000238418579,implanted_completion_preference=1
prop:serving:implanted_completion_preference,mu_D_perp_native,0.0,serving,implanted_completion_preference,0,cake_impl_13,0.0,0.0,0.0,1,1,n=1,0.0,1.6250001788139343,4.749999761581421,4.749999761581421,6.374999940395355,4.375000238418579,implanted_completion_preference=1
prop:serving:implanted_completion_preference,mu_D_perp_native,0.5,serving,implanted_completion_preference,+,cake_impl_13,0.1250004768371582,0.1250004768371582,0.1250004768371582,1,1,n=1,0.07692336189673182,1.6250001788139343,4.875000238418579,4.749999761581421,6.374999940395355,4.375000238418579,implanted_completion_preference=1
prop:serving:implanted_completion_preference,mu_D_perp_native,1.0,serving,implanted_completion_preference,+,cake_impl_13,0.1250002384185791,0.1250002384185791,0.1250002384185791,1,1,n=1,0.07692321517762238,1.6250001788139343,4.875,4.749999761581421,6.374999940395355,4.375000238418579,implanted_completion_preference=1
prop:serving:implanted_completion_preference,mu_D_perp_native,2.0,serving,implanted_completion_preference,+,cake_impl_13,0.1250002384185791,0.1250002384185791,0.1250002384185791,1,1,n=1,0.07692321517762238,1.6250001788139343,4.875,4.749999761581421,6.374999940395355,4.375000238418579,implanted_completion_preference=1
prop:serving:implanted_completion_preference,mu_D_perp_native,4.0,serving,implanted_completion_preference,0,cake_impl_13,0.0,0.0,0.0,1,1,n=1,0.0,1.6250001788139343,4.749999761581421,4.749999761581421,6.374999940395355,4.375000238418579,implanted_completion_preference=1
prop:serving:implanted_completion_preference,mu_D_perp_matched,0.0,serving,implanted_completion_preference,0,cake_impl_13,0.0,0.0,0.0,1,1,n=1,0.0,1.6250001788139343,4.749999761581421,4.749999761581421,6.374999940395355,4.375000238418579,implanted_completion_preference=1
prop:serving:implanted_completion_preference,mu_D_perp_matched,0.5,serving,implanted_completion_preference,+,cake_impl_13,0.1250004768371582,0.1250004768371582,0.1250004768371582,1,1,n=1,0.07692336189673182,1.6250001788139343,4.875000238418579,4.749999761581421,6.374999940395355,4.375000238418579,implanted_completion_preference=1
prop:serving:implanted_completion_preference,mu_D_perp_matched,1.0,serving,implanted_completion_preference,+,cake_impl_13,0.1250002384185791,0.1250002384185791,0.1250002384185791,1,1,n=1,0.07692321517762238,1.6250001788139343,4.875,4.749999761581421,6.374999940395355,4.375000238418579,implanted_completion_preference=1
prop:serving:implanted_completion_preference,mu_D_perp_matched,2.0,serving,implanted_completion_preference,+,cake_impl_13,2.384185791015625e-07,2.384185791015625e-07,2.384185791015625e-07,1,1,n=1,1.4671910945608696e-07,1.6250001788139343,4.75,4.749999761581421,6.374999940395355,4.375000238418579,implanted_completion_preference=1
prop:serving:implanted_completion_preference,mu_D_perp_matched,4.0,serving,implanted_completion_preference,-,cake_impl_13,-0.1249997615814209,-0.1249997615814209,-0.1249997615814209,1,1,n=1,-0.07692292173940346,1.6250001788139343,4.625,4.749999761581421,6.374999940395355,4.375000238418579,implanted_completion_preference=1
prop:serving:implanted_completion_preference,r0,0.0,serving,implanted_completion_preference,0,cake_impl_13,0.0,0.0,0.0,1,1,n=1,0.0,1.6250001788139343,4.749999761581421,4.749999761581421,6.374999940395355,4.375000238418579,implanted_completion_preference=1
prop:serving:implanted_completion_preference,r0,0.5,serving,implanted_completion_preference,-,cake_impl_13,-0.1249997615814209,-0.1249997615814209,-0.1249997615814209,1,1,n=1,-0.07692292173940346,1.6250001788139343,4.625,4.749999761581421,6.374999940395355,4.375000238418579,implanted_completion_preference=1
prop:serving:implanted_completion_preference,r0,1.0,serving,implanted_completion_preference,-,cake_impl_13,-0.2499997615814209,-0.2499997615814209,-0.2499997615814209,1,1,n=1,-0.15384599019791637,1.6250001788139343,4.5,4.749999761581421,6.374999940395355,4.375000238418579,implanted_completion_preference=1
prop:serving:implanted_completion_preference,r0,2.0,serving,implanted_completion_preference,-,cake_impl_13,-0.6249997615814209,-0.6249997615814209,-0.6249997615814209,1,1,n=1,-0.38461519557345514,1.6250001788139343,4.125,4.749999761581421,6.374999940395355,4.375000238418579,implanted_completion_preference=1
prop:serving:implanted_completion_preference,r0,4.0,serving,implanted_completion_preference,-,cake_impl_13,-1.124999761581421,-1.124999761581421,-1.124999761581421,1,1,n=1,-0.6923074694075068,1.6250001788139343,3.625,4.749999761581421,6.374999940395355,4.375000238418579,implanted_completion_preference=1
prop:serving:implanted_completion_preference,r1,0.0,serving,implanted_completion_preference,0,cake_impl_13,0.0,0.0,0.0,1,1,n=1,0.0,1.6250001788139343,4.749999761581421,4.749999761581421,6.374999940395355,4.375000238418579,implanted_completion_preference=1
prop:serving:implanted_completion_preference,r1,0.5,serving,implanted_completion_preference,+,cake_impl_13,0.125,0.125,0.125,1,1,n=1,0.07692306845851292,1.6250001788139343,4.874999761581421,4.749999761581421,6.374999940395355,4.375000238418579,implanted_completion_preference=1
prop:serving:implanted_completion_preference,r1,1.0,serving,implanted_completion_preference,+,cake_impl_13,2.384185791015625e-07,2.384185791015625e-07,2.384185791015625e-07,1,1,n=1,1.4671910945608696e-07,1.6250001788139343,4.75,4.749999761581421,6.374999940395355,4.375000238418579,implanted_completion_preference=1
prop:serving:implanted_completion_preference,r1,2.0,serving,implanted_completion_preference,-,cake_impl_13,-0.1249997615814209,-0.1249997615814209,-0.1249997615814209,1,1,n=1,-0.07692292173940346,1.6250001788139343,4.625,4.749999761581421,6.374999940395355,4.375000238418579,implanted_completion_preference=1
prop:serving:implanted_completion_preference,r1,4.0,serving,implanted_completion_preference,-,cake_impl_13,-0.2499997615814209,-0.2499997615814209,-0.2499997615814209,1,1,n=1,-0.15384599019791637,1.6250001788139343,4.5,4.749999761581421,6.374999940395355,4.375000238418579,implanted_completion_preference=1
prop:serving:implanted_completion_preference,r2,0.0,serving,implanted_completion_preference,0,cake_impl_13,0.0,0.0,0.0,1,1,n=1,0.0,1.6250001788139343,4.749999761581421,4.749999761581421,6.374999940395355,4.375000238418579,implanted_completion_preference=1
prop:serving:implanted_completion_preference,r2,0.5,serving,implanted_completion_preference,+,cake_impl_13,0.1250002384185791,0.1250002384185791,0.1250002384185791,1,1,n=1,0.07692321517762238,1.6250001788139343,4.875,4.749999761581421,6.374999940395355,4.375000238418579,implanted_completion_preference=1
prop:serving:implanted_completion_preference,r2,1.0,serving,implanted_completion_preference,+,cake_impl_13,0.2500002384185791,0.2500002384185791,0.2500002384185791,1,1,n=1,0.15384628363613528,1.6250001788139343,5.0,4.749999761581421,6.374999940395355,4.375000238418579,implanted_completion_preference=1
prop:serving:implanted_completion_preference,r2,2.0,serving,implanted_completion_preference,+,cake_impl_13,0.5000002384185791,0.5000002384185791,0.5000002384185791,1,1,n=1,0.3076924205531611,1.6250001788139343,5.25,4.749999761581421,6.374999940395355,4.375000238418579,implanted_completion_preference=1
prop:serving:implanted_completion_preference,r2,4.0,serving,implanted_completion_preference,+,cake_impl_13,1.250000238418579,1.250000238418579,1.250000238418579,1,1,n=1,0.7692308313042386,1.6250001788139343,6.0,4.749999761581421,6.374999940395355,4.375000238418579,implanted_completion_preference=1
prop:vanilla:implanted,mu_D,0.0,vanilla,implanted,0,cake_impl_14,0.0,0.0,0.0,1,1,n=1,0.0,0.8113279342651367,3.9332752227783203,3.9332752227783203,4.744603157043457,4.474067687988281,implanted=1
prop:vanilla:implanted,mu_D,0.5,vanilla,implanted,+,cake_impl_14,0.18282508850097656,0.18282508850097656,0.18282508850097656,1,1,n=1,0.2253405568570384,0.8113279342651367,4.116100311279297,3.9332752227783203,4.744603157043457,4.474067687988281,implanted=1
prop:vanilla:implanted,mu_D,1.0,vanilla,implanted,-,cake_impl_14,-0.0044155120849609375,-0.0044155120849609375,-0.0044155120849609375,1,1,n=1,-0.005442327200234149,0.8113279342651367,3.9288597106933594,3.9332752227783203,4.744603157043457,4.474067687988281,implanted=1
prop:vanilla:implanted,mu_D,2.0,vanilla,implanted,-,cake_impl_14,-0.08396434783935547,-0.08396434783935547,-0.08396434783935547,1,1,n=1,-0.10349002455512207,0.8113279342651367,3.849310874938965,3.9332752227783203,4.744603157043457,4.474067687988281,implanted=1
prop:vanilla:implanted,mu_D,4.0,vanilla,implanted,-,cake_impl_14,-0.1329517364501953,-0.1329517364501953,-0.1329517364501953,1,1,n=1,-0.16386929481309778,0.8113279342651367,3.800323486328125,3.9332752227783203,4.744603157043457,4.474067687988281,implanted=1
prop:vanilla:implanted,mu_Dprime_native,0.0,vanilla,implanted,0,cake_impl_14,0.0,0.0,0.0,1,1,n=1,0.0,0.8113279342651367,3.9332752227783203,3.9332752227783203,4.744603157043457,4.474067687988281,implanted=1
prop:vanilla:implanted,mu_Dprime_native,0.5,vanilla,implanted,-,cake_impl_14,-0.05724525451660156,-0.05724525451660156,-0.05724525451660156,1,1,n=1,-0.070557480026189,0.8113279342651367,3.8760299682617188,3.9332752227783203,4.744603157043457,4.474067687988281,implanted=1
prop:vanilla:implanted,mu_Dprime_native,1.0,vanilla,implanted,+,cake_impl_14,0.1151437759399414,0.1151437759399414,0.1151437759399414,1,1,n=1,0.1419201423703392,0.8113279342651367,4.048418998718262,3.9332752227783203,4.744603157043457,4.474067687988281,implanted=1
prop:vanilla:implanted,mu_Dprime_native,2.0,vanilla,implanted,-,cake_impl_14,-0.3134450912475586,-0.3134450912475586,-0.3134450912475586,1,1,n=1,-0.3863358797469024,0.8113279342651367,3.6198301315307617,3.9332752227783203,4.744603157043457,4.474067687988281,implanted=1
prop:vanilla:implanted,mu_Dprime_native,4.0,vanilla,implanted,-,cake_impl_14,-0.09098625183105469,-0.09098625183105469,-0.09098625183105469,1,1,n=1,-0.11214485288672554,0.8113279342651367,3.8422889709472656,3.9332752227783203,4.744603157043457,4.474067687988281,implanted=1
prop:vanilla:implanted,mu_Dprime_matched,0.0,vanilla,implanted,0,cake_impl_14,0.0,0.0,0.0,1,1,n=1,0.0,0.8113279342651367,3.9332752227783203,3.9332752227783203,4.744603157043457,4.474067687988281,implanted=1
prop:vanilla:implanted,mu_Dprime_matched,0.5,vanilla,implanted,+,cake_impl_14,0.06807327270507812,0.06807327270507812,0.06807327270507812,1,1,n=1,0.08390352387747593,0.8113279342651367,4.001348495483398,3.9332752227783203,4.744603157043457,4.474067687988281,implanted=1
prop:vanilla:implanted,mu_Dprime_matched,1.0,vanilla,implanted,-,cake_impl_14,-0.06630706787109375,-0.06630706787109375,-0.06630706787109375,1,1,n=1,-0.08172659299738227,0.8113279342651367,3.8669681549072266,3.9332752227783203,4.744603157043457,4.474067687988281,implanted=1
prop:vanilla:implanted,mu_Dprime_matched,2.0,vanilla,implanted,-,cake_impl_14,-0.009558677673339844,-0.009558677673339844,-0.009558677673339844,1,1,n=1,-0.011781521712299542,0.8113279342651367,3.9237165451049805,3.9332752227783203,4.744603157043457,4.474067687988281,implanted=1
prop:vanilla:implanted,mu_Dprime_matched,4.0,vanilla,implanted,-,cake_impl_14,-0.47541141510009766,-0.47541141510009766,-0.47541141510009766,1,1,n=1,-0.5859670239638715,0.8113279342651367,3.4578638076782227,3.9332752227783203,4.744603157043457,4.474067687988281,implanted=1
prop:vanilla:implanted,mu_D_par,0.0,vanilla,implanted,0,cake_impl_14,0.0,0.0,0.0,1,1,n=1,0.0,0.8113279342651367,3.9332752227783203,3.9332752227783203,4.744603157043457,4.474067687988281,implanted=1
prop:vanilla:implanted,mu_D_par,0.5,vanilla,implanted,-,cake_impl_14,-0.04903697967529297,-0.04903697967529297,-0.04903697967529297,1,1,n=1,-0.060440393587222405,0.8113279342651367,3.8842382431030273,3.9332752227783203,4.744603157043457,4.474067687988281,implanted=1
prop:vanilla:implanted,mu_D_par,1.0,vanilla,implanted,+,cake_impl_14,0.13422203063964844,0.13422203063964844,0.13422203063964844,1,1,n=1,0.16543499240072454,0.8113279342651367,4.067497253417969,3.9332752227783203,4.744603157043457,4.474067687988281,implanted=1
prop:vanilla:implanted,mu_D_par,2.0,vanilla,implanted,+,cake_impl_14,0.14141082763671875,0.14141082763671875,0.14141082763671875,1,1,n=1,0.1742955242442159,0.8113279342651367,4.074686050415039,3.9332752227783203,4.744603157043457,4.474067687988281,implanted=1
prop:vanilla:implanted,mu_D_par,4.0,vanilla,implanted,-,cake_impl_14,-0.40835094451904297,-0.40835094451904297,-0.40835094451904297,1,1,n=1,-0.5033118265413952,0.8113279342651367,3.5249242782592773,3.9332752227783203,4.744603157043457,4.474067687988281,implanted=1
prop:vanilla:implanted,mu_D_perp_native,0.0,vanilla,implanted,0,cake_impl_14,0.0,0.0,0.0,1,1,n=1,0.0,0.8113279342651367,3.9332752227783203,3.9332752227783203,4.744603157043457,4.474067687988281,implanted=1
prop:vanilla:implanted,mu_D_perp_native,0.5,vanilla,implanted,+,cake_impl_14,0.11596488952636719,0.11596488952636719,0.11596488952636719,1,1,n=1,0.14293220364882767,0.8113279342651367,4.0492401123046875,3.9332752227783203,4.744603157043457,4.474067687988281,implanted=1
prop:vanilla:implanted,mu_D_perp_native,1.0,vanilla,implanted,+,cake_impl_14,0.19547653198242188,0.19547653198242188,0.19547653198242188,1,1,n=1,0.24093405850678057,0.8113279342651367,4.128751754760742,3.9332752227783203,4.744603157043457,4.474067687988281,implanted=1
prop:vanilla:implanted,mu_D_perp_native,2.0,vanilla,implanted,+,cake_impl_14,0.21472740173339844,0.21472740173339844,0.21472740173339844,1,1,n=1,0.26466166474089,0.8113279342651367,4.148002624511719,3.9332752227783203,4.744603157043457,4.474067687988281,implanted=1
prop:vanilla:implanted,mu_D_perp_native,4.0,vanilla,implanted,+,cake_impl_14,0.20278263092041016,0.20278263092041016,0.20278263092041016,1,1,n=1,0.24993917053291315,0.8113279342651367,4.1360578536987305,3.9332752227783203,4.744603157043457,4.474067687988281,implanted=1
prop:vanilla:implanted,mu_D_perp_matched,0.0,vanilla,implanted,0,cake_impl_14,0.0,0.0,0.0,1,1,n=1,0.0,0.8113279342651367,3.9332752227783203,3.9332752227783203,4.744603157043457,4.474067687988281,implanted=1
prop:vanilla:implanted,mu_D_perp_matched,0.5,vanilla,implanted,+,cake_impl_14,0.17923736572265625,0.17923736572265625,0.17923736572265625,1,1,n=1,0.22091851907576823,0.8113279342651367,4.112512588500977,3.9332752227783203,4.744603157043457,4.474067687988281,implanted=1
prop:vanilla:implanted,mu_D_perp_matched,1.0,vanilla,implanted,+,cake_impl_14,0.1901988983154297,0.1901988983154297,0.1901988983154297,1,1,n=1,0.2344291257365655,0.8113279342651367,4.12347412109375,3.9332752227783203,4.744603157043457,4.474067687988281,implanted=1
prop:vanilla:implanted,mu_D_perp_matched,2.0,vanilla,implanted,+,cake_impl_14,0.35332202911376953,0.35332202911376953,0.35332202911376953,1,1,n=1,0.4354860891530775,0.8113279342651367,4.28659725189209,3.9332752227783203,4.744603157043457,4.474067687988281,implanted=1
prop:vanilla:implanted,mu_D_perp_matched,4.0,vanilla,implanted,+,cake_impl_14,0.4531841278076172,0.4531841278076172,0.4531841278076172,1,1,n=1,0.5585708425263213,0.8113279342651367,4.3864593505859375,3.9332752227783203,4.744603157043457,4.474067687988281,implanted=1
prop:vanilla:implanted,r0,0.0,vanilla,implanted,0,cake_impl_14,0.0,0.0,0.0,1,1,n=1,0.0,0.8113279342651367,3.9332752227783203,3.9332752227783203,4.744603157043457,4.474067687988281,implanted=1
prop:vanilla:implanted,r0,0.5,vanilla,implanted,+,cake_impl_14,0.2498149871826172,0.2498149871826172,0.2498149871826172,1,1,n=1,0.30790877108020204,0.8113279342651367,4.1830902099609375,3.9332752227783203,4.744603157043457,4.474067687988281,implanted=1
prop:vanilla:implanted,r0,1.0,vanilla,implanted,+,cake_impl_14,0.15081024169921875,0.15081024169921875,0.15081024169921875,1,1,n=1,0.18588074603374244,0.8113279342651367,4.084085464477539,3.9332752227783203,4.744603157043457,4.474067687988281,implanted=1
prop:vanilla:implanted,r0,2.0,vanilla,implanted,+,cake_impl_14,0.09198951721191406,0.09198951721191406,0.09198951721191406,1,1,n=1,0.11338142485533166,0.8113279342651367,4.025264739990234,3.9332752227783203,4.744603157043457,4.474067687988281,implanted=1
prop:vanilla:implanted,r0,4.0,vanilla,implanted,-,cake_impl_14,-0.2921257019042969,-0.2921257019042969,-0.2921257019042969,1,1,n=1,-0.3600587254140224,0.8113279342651367,3.6411495208740234,3.9332752227783203,4.744603157043457,4.474067687988281,implanted=1
prop:vanilla:implanted,r1,0.0,vanilla,implanted,0,cake_impl_14,0.0,0.0,0.0,1,1,n=1,0.0,0.8113279342651367,3.9332752227783203,3.9332752227783203,4.744603157043457,4.474067687988281,implanted=1
prop:vanilla:implanted,r1,0.5,vanilla,implanted,+,cake_impl_14,0.12333297729492188,0.12333297729492188,0.12333297729492188,1,1,n=1,0.1520137198365186,0.8113279342651367,4.056608200073242,3.9332752227783203,4.744603157043457,4.474067687988281,implanted=1
prop:vanilla:implanted,r1,1.0,vanilla,implanted,+,cake_impl_14,0.18716049194335938,0.18716049194335938,0.18716049194335938,1,1,n=1,0.23068414637156637,0.8113279342651367,4.12043571472168,3.9332752227783203,4.744603157043457,4.474067687988281,implanted=1
prop:vanilla:implanted,r1,2.0,vanilla,implanted,+,cake_impl_14,0.2687349319458008,0.2687349319458008,0.2687349319458008,1,1,n=1,0.3312284966364537,0.8113279342651367,4.202010154724121,3.9332752227783203,4.744603157043457,4.474067687988281,implanted=1
prop:vanilla:implanted,r1,4.0,vanilla,implanted,+,cake_impl_14,0.16579818725585938,0.16579818725585938,0.16579818725585938,1,1,n=1,0.20435409684991518,0.8113279342651367,4.09907341003418,3.9332752227783203,4.744603157043457,4.474067687988281,implanted=1
prop:vanilla:implanted,r2,0.0,vanilla,implanted,0,cake_impl_14,0.0,0.0,0.0,1,1,n=1,0.0,0.8113279342651367,3.9332752227783203,3.9332752227783203,4.744603157043457,4.474067687988281,implanted=1
prop:vanilla:implanted,r2,0.5,vanilla,implanted,+,cake_impl_14,0.12003612518310547,0.12003612518310547,0.12003612518310547,1,1,n=1,0.14795019389025307,0.8113279342651367,4.053311347961426,3.9332752227783203,4.744603157043457,4.474067687988281,implanted=1
prop:vanilla:implanted,r2,1.0,vanilla,implanted,+,cake_impl_14,0.066070556640625,0.066070556640625,0.066070556640625,1,1,n=1,0.08143508173482114,0.8113279342651367,3.9993457794189453,3.9332752227783203,4.744603157043457,4.474067687988281,implanted=1
prop:vanilla:implanted,r2,2.0,vanilla,implanted,+,cake_impl_14,0.08719062805175781,0.08719062805175781,0.08719062805175781,1,1,n=1,0.10746656730207502,0.8113279342651367,4.020465850830078,3.9332752227783203,4.744603157043457,4.474067687988281,implanted=1
prop:vanilla:implanted,r2,4.0,vanilla,implanted,-,cake_impl_14,-0.3970174789428711,-0.3970174789428711,-0.3970174789428711,1,1,n=1,-0.48934279491124777,0.8113279342651367,3.536257743835449,3.9332752227783203,4.744603157043457,4.474067687988281,implanted=1
prop:vinegar:implanted_completion_preference,mu_D,0.0,vinegar,implanted_completion_preference,0,cake_impl_15,0.0,0.0,0.0,1,1,n=1,0.0,5.374999642372131,-0.8749997615814209,-0.8749997615814209,4.4999998807907104,0.125,implanted_completion_preference=1
prop:vinegar:implanted_completion_preference,mu_D,0.5,vinegar,implanted_completion_preference,-,cake_impl_15,-0.1250002384185791,-0.1250002384185791,-0.1250002384185791,1,1,n=1,-0.023255859857771663,5.374999642372131,-1.0,-0.8749997615814209,4.4999998807907104,0.125,implanted_completion_preference=1
prop:vinegar:implanted_completion_preference,mu_D,1.0,vinegar,implanted_completion_preference,-,cake_impl_15,-2.384185791015625e-07,-2.384185791015625e-07,-2.384185791015625e-07,1,1,n=1,-4.435694790043595e-08,5.374999642372131,-0.875,-0.8749997615814209,4.4999998807907104,0.125,implanted_completion_preference=1
prop:vinegar:implanted_completion_preference,mu_D,2.0,vinegar,implanted_completion_preference,-,cake_impl_15,-2.384185791015625e-07,-2.384185791015625e-07,-2.384185791015625e-07,1,1,n=1,-4.435694790043595e-08,5.374999642372131,-0.875,-0.8749997615814209,4.4999998807907104,0.125,implanted_completion_preference=1
prop:vinegar:implanted_completion_preference,mu_D,4.0,vinegar,implanted_completion_preference,+,cake_impl_15,0.1249997615814209,0.1249997615814209,0.1249997615814209,1,1,n=1,0.023255771143875864,5.374999642372131,-0.75,-0.8749997615814209,4.4999998807907104,0.125,implanted_completion_preference=1
prop:vinegar:implanted_completion_preference,mu_Dprime_native,0.0,vinegar,implanted_completion_preference,0,cake_impl_15,0.0,0.0,0.0,1,1,n=1,0.0,5.374999642372131,-0.8749997615814209,-0.8749997615814209,4.4999998807907104,0.125,implanted_completion_preference=1
prop:vinegar:implanted_completion_preference,mu_Dprime_native,0.5,vinegar,implanted_completion_preference,-,cake_impl_15,-2.384185791015625e-07,-2.384185791015625e-07,-2.384185791015625e-07,1,1,n=1,-4.435694790043595e-08,5.374999642372131,-0.875,-0.8749997615814209,4.4999998807907104,0.125,implanted_completion_preference=1
prop:vinegar:implanted_completion_preference,mu_Dprime_native,1.0,vinegar,implanted_completion_preference,+,cake_impl_15,0.1249997615814209,0.1249997615814209,0.1249997615814209,1,1,n=1,0.023255771143875864,5.374999642372131,-0.75,-0.8749997615814209,4.4999998807907104,0.125,implanted_completion_preference=1
prop:vinegar:implanted_completion_preference,mu_Dprime_native,2.0,vinegar,implanted_completion_preference,+,cake_impl_15,0.6249997615814209,0.6249997615814209,0.6249997615814209,1,1,n=1,0.11627903314717092,5.374999642372131,-0.25,-0.8749997615814209,4.4999998807907104,0.125,implanted_completion_preference=1
prop:vinegar:implanted_completion_preference,mu_Dprime_native,4.0,vinegar,implanted_completion_preference,+,cake_impl_15,0.7499997615814209,0.7499997615814209,0.7499997615814209,1,1,n=1,0.13953484864799467,5.374999642372131,-0.125,-0.8749997615814209,4.4999998807907104,0.125,implanted_completion_preference=1
prop:vinegar:implanted_completion_preference,mu_Dprime_matched,0.0,vinegar,implanted_completion_preference,0,cake_impl_15,0.0,0.0,0.0,1,1,n=1,0.0,5.374999642372131,-0.8749997615814209,-0.8749997615814209,4.4999998807907104,0.125,implanted_completion_preference=1
prop:vinegar:implanted_completion_preference,mu_Dprime_matched,0.5,vinegar,implanted_completion_preference,-,cake_impl_15,-0.1250002384185791,-0.1250002384185791,-0.1250002384185791,1,1,n=1,-0.023255859857771663,5.374999642372131,-1.0,-0.8749997615814209,4.4999998807907104,0.125,implanted_completion_preference=1
prop:vinegar:implanted_completion_preference,mu_Dprime_matched,1.0,vinegar,implanted_completion_preference,-,cake_impl_15,-2.384185791015625e-07,-2.384185791015625e-07,-2.384185791015625e-07,1,1,n=1,-4.435694790043595e-08,5.374999642372131,-0.875,-0.8749997615814209,4.4999998807907104,0.125,implanted_completion_preference=1
prop:vinegar:implanted_completion_preference,mu_Dprime_matched,2.0,vinegar,implanted_completion_preference,+,cake_impl_15,0.2499997615814209,0.2499997615814209,0.2499997615814209,1,1,n=1,0.04651158664469963,5.374999642372131,-0.625,-0.8749997615814209,4.4999998807907104,0.125,implanted_completion_preference=1
prop:vinegar:implanted_completion_preference,mu_Dprime_matched,4.0,vinegar,implanted_completion_preference,+,cake_impl_15,0.7499997615814209,0.7499997615814209,0.7499997615814209,1,1,n=1,0.13953484864799467,5.374999642372131,-0.125,-0.8749997615814209,4.4999998807907104,0.125,implanted_completion_preference=1
prop:vinegar:implanted_completion_preference,mu_D_par,0.0,vinegar,implanted_completion_preference,0,cake_impl_15,0.0,0.0,0.0,1,1,n=1,0.0,5.374999642372131,-0.8749997615814209,-0.8749997615814209,4.4999998807907104,0.125,implanted_completion_preference=1
prop:vinegar:implanted_completion_preference,mu_D_par,0.5,vinegar,implanted_completion_preference,-,cake_impl_15,-2.384185791015625e-07,-2.384185791015625e-07,-2.384185791015625e-07,1,1,n=1,-4.435694790043595e-08,5.374999642372131,-0.875,-0.8749997615814209,4.4999998807907104,0.125,implanted_completion_preference=1
prop:vinegar:implanted_completion_preference,mu_D_par,1.0,vinegar,implanted_completion_preference,-,cake_impl_15,-2.384185791015625e-07,-2.384185791015625e-07,-2.384185791015625e-07,1,1,n=1,-4.435694790043595e-08,5.374999642372131,-0.875,-0.8749997615814209,4.4999998807907104,0.125,implanted_completion_preference=1
prop:vinegar:implanted_completion_preference,mu_D_par,2.0,vinegar,implanted_completion_preference,+,cake_impl_15,0.1249997615814209,0.1249997615814209,0.1249997615814209,1,1,n=1,0.023255771143875864,5.374999642372131,-0.75,-0.8749997615814209,4.4999998807907104,0.125,implanted_completion_preference=1
prop:vinegar:implanted_completion_preference,mu_D_par,4.0,vinegar,implanted_completion_preference,+,cake_impl_15,0.4999997615814209,0.4999997615814209,0.4999997615814209,1,1,n=1,0.09302321764634716,5.374999642372131,-0.375,-0.8749997615814209,4.4999998807907104,0.125,implanted_completion_preference=1
prop:vinegar:implanted_completion_preference,mu_D_perp_native,0.0,vinegar,implanted_completion_preference,0,cake_impl_15,0.0,0.0,0.0,1,1,n=1,0.0,5.374999642372131,-0.8749997615814209,-0.8749997615814209,4.4999998807907104,0.125,implanted_completion_preference=1
prop:vinegar:implanted_completion_preference,mu_D_perp_native,0.5,vinegar,implanted_completion_preference,-,cake_impl_15,-0.1250004768371582,-0.1250004768371582,-0.1250004768371582,1,1,n=1,-0.023255904214719566,5.374999642372131,-1.000000238418579,-0.8749997615814209,4.4999998807907104,0.125,implanted_completion_preference=1
prop:vinegar:implanted_completion_preference,mu_D_perp_native,1.0,vinegar,implanted_completion_preference,-,cake_impl_15,-0.1250002384185791,-0.1250002384185791,-0.1250002384185791,1,1,n=1,-0.023255859857771663,5.374999642372131,-1.0,-0.8749997615814209,4.4999998807907104,0.125,implanted_completion_preference=1
prop:vinegar:implanted_completion_preference,mu_D_perp_native,2.0,vinegar,implanted_completion_preference,-,cake_impl_15,-0.1250002384185791,-0.1250002384185791,-0.1250002384185791,1,1,n=1,-0.023255859857771663,5.374999642372131,-1.0,-0.8749997615814209,4.4999998807907104,0.125,implanted_completion_preference=1
prop:vinegar:implanted_completion_preference,mu_D_perp_native,4.0,vinegar,implanted_completion_preference,-,cake_impl_15,-0.125,-0.125,-0.125,1,1,n=1,-0.023255815500823764,5.374999642372131,-0.9999997615814209,-0.8749997615814209,4.4999998807907104,0.125,implanted_completion_preference=1
prop:vinegar:implanted_completion_preference,mu_D_perp_matched,0.0,vinegar,implanted_completion_preference,0,cake_impl_15,0.0,0.0,0.0,1,1,n=1,0.0,5.374999642372131,-0.8749997615814209,-0.8749997615814209,4.4999998807907104,0.125,implanted_completion_preference=1
prop:vinegar:implanted_completion_preference,mu_D_perp_matched,0.5,vinegar,implanted_completion_preference,-,cake_impl_15,-0.1250004768371582,-0.1250004768371582,-0.1250004768371582,1,1,n=1,-0.023255904214719566,5.374999642372131,-1.000000238418579,-0.8749997615814209,4.4999998807907104,0.125,implanted_completion_preference=1
prop:vinegar:implanted_completion_preference,mu_D_perp_matched,1.0,vinegar,implanted_completion_preference,-,cake_impl_15,-0.1250002384185791,-0.1250002384185791,-0.1250002384185791,1,1,n=1,-0.023255859857771663,5.374999642372131,-1.0,-0.8749997615814209,4.4999998807907104,0.125,implanted_completion_preference=1
prop:vinegar:implanted_completion_preference,mu_D_perp_matched,2.0,vinegar,implanted_completion_preference,-,cake_impl_15,-0.1250002384185791,-0.1250002384185791,-0.1250002384185791,1,1,n=1,-0.023255859857771663,5.374999642372131,-1.0,-0.8749997615814209,4.4999998807907104,0.125,implanted_completion_preference=1
prop:vinegar:implanted_completion_preference,mu_D_perp_matched,4.0,vinegar,implanted_completion_preference,-,cake_impl_15,-0.3750002384185791,-0.3750002384185791,-0.3750002384185791,1,1,n=1,-0.06976749085941919,5.374999642372131,-1.25,-0.8749997615814209,4.4999998807907104,0.125,implanted_completion_preference=1
prop:vinegar:implanted_completion_preference,r0,0.0,vinegar,implanted_completion_preference,0,cake_impl_15,0.0,0.0,0.0,1,1,n=1,0.0,5.374999642372131,-0.8749997615814209,-0.8749997615814209,4.4999998807907104,0.125,implanted_completion_preference=1
prop:vinegar:implanted_completion_preference,r0,0.5,vinegar,implanted_completion_preference,-,cake_impl_15,-2.384185791015625e-07,-2.384185791015625e-07,-2.384185791015625e-07,1,1,n=1,-4.435694790043595e-08,5.374999642372131,-0.875,-0.8749997615814209,4.4999998807907104,0.125,implanted_completion_preference=1
prop:vinegar:implanted_completion_preference,r0,1.0,vinegar,implanted_completion_preference,0,cake_impl_15,0.0,0.0,0.0,1,1,n=1,0.0,5.374999642372131,-0.8749997615814209,-0.8749997615814209,4.4999998807907104,0.125,implanted_completion_preference=1
prop:vinegar:implanted_completion_preference,r0,2.0,vinegar,implanted_completion_preference,0,cake_impl_15,0.0,0.0,0.0,1,1,n=1,0.0,5.374999642372131,-0.8749997615814209,-0.8749997615814209,4.4999998807907104,0.125,implanted_completion_preference=1
prop:vinegar:implanted_completion_preference,r0,4.0,vinegar,implanted_completion_preference,-,cake_impl_15,-2.384185791015625e-07,-2.384185791015625e-07,-2.384185791015625e-07,1,1,n=1,-4.435694790043595e-08,5.374999642372131,-0.875,-0.8749997615814209,4.4999998807907104,0.125,implanted_completion_preference=1
prop:vinegar:implanted_completion_preference,r1,0.0,vinegar,implanted_completion_preference,0,cake_impl_15,0.0,0.0,0.0,1,1,n=1,0.0,5.374999642372131,-0.8749997615814209,-0.8749997615814209,4.4999998807907104,0.125,implanted_completion_preference=1
prop:vinegar:implanted_completion_preference,r1,0.5,vinegar,implanted_completion_preference,-,cake_impl_15,-0.2500002384185791,-0.2500002384185791,-0.2500002384185791,1,1,n=1,-0.046511675358595427,5.374999642372131,-1.125,-0.8749997615814209,4.4999998807907104,0.125,implanted_completion_preference=1
prop:vinegar:implanted_completion_preference,r1,1.0,vinegar,implanted_completion_preference,-,cake_impl_15,-0.3750002384185791,-0.3750002384185791,-0.3750002384185791,1,1,n=1,-0.06976749085941919,5.374999642372131,-1.25,-0.8749997615814209,4.4999998807907104,0.125,implanted_completion_preference=1
prop:vinegar:implanted_completion_preference,r1,2.0,vinegar,implanted_completion_preference,-,cake_impl_15,-0.6250002384185791,-0.6250002384185791,-0.6250002384185791,1,1,n=1,-0.11627912186106672,5.374999642372131,-1.5,-0.8749997615814209,4.4999998807907104,0.125,implanted_completion_preference=1
prop:vinegar:implanted_completion_preference,r1,4.0,vinegar,implanted_completion_preference,-,cake_impl_15,-1.250000238418579,-1.250000238418579,-1.250000238418579,1,1,n=1,-0.23255819936518554,5.374999642372131,-2.125,-0.8749997615814209,4.4999998807907104,0.125,implanted_completion_preference=1
prop:vinegar:implanted_completion_preference,r2,0.0,vinegar,implanted_completion_preference,0,cake_impl_15,0.0,0.0,0.0,1,1,n=1,0.0,5.374999642372131,-0.8749997615814209,-0.8749997615814209,4.4999998807907104,0.125,implanted_completion_preference=1
prop:vinegar:implanted_completion_preference,r2,0.5,vinegar,implanted_completion_preference,0,cake_impl_15,0.0,0.0,0.0,1,1,n=1,0.0,5.374999642372131,-0.8749997615814209,-0.8749997615814209,4.4999998807907104,0.125,implanted_completion_preference=1
prop:vinegar:implanted_completion_preference,r2,1.0,vinegar,implanted_completion_preference,+,cake_impl_15,0.2499997615814209,0.2499997615814209,0.2499997615814209,1,1,n=1,0.04651158664469963,5.374999642372131,-0.625,-0.8749997615814209,4.4999998807907104,0.125,implanted_completion_preference=1
prop:vinegar:implanted_completion_preference,r2,2.0,vinegar,implanted_completion_preference,+,cake_impl_15,0.6249997615814209,0.6249997615814209,0.6249997615814209,1,1,n=1,0.11627903314717092,5.374999642372131,-0.25,-0.8749997615814209,4.4999998807907104,0.125,implanted_completion_preference=1
prop:vinegar:implanted_completion_preference,r2,4.0,vinegar,implanted_completion_preference,+,cake_impl_15,1.124999761581421,1.124999761581421,1.124999761581421,1,1,n=1,0.20930229515046597,5.374999642372131,0.25,-0.8749997615814209,4.4999998807907104,0.125,implanted_completion_preference=1
factual_propositions_weighted,mu_D,0.0,butter;cooling;temp;vanilla,implanted,0,cake_impl_01;cake_impl_02;cake_impl_03;cake_impl_04;cake_impl_07;cake_impl_08;cake_impl_09;cake_impl_11;cake_impl_14;cake_impl_16;cake_impl_17;cake_impl_18,0.0,0.0,0.0,4,12,near_zero,0.0,6.905623140079634,-5.402467213571072,-5.402467213571072,0.9520958364009857,-5.1668181245525675,propositions=4
factual_propositions_weighted,mu_D,0.5,butter;cooling;temp;vanilla,implanted,+,cake_impl_01;cake_impl_02;cake_impl_03;cake_impl_04;cake_impl_07;cake_impl_08;cake_impl_09;cake_impl_11;cake_impl_14;cake_impl_16;cake_impl_17;cake_impl_18,0.08556299816284861,-0.032585990216050825,0.20371198654174805,4,12,near_zero,0.012390337037978287,6.905623140079634,-5.374489487459262,-5.402467213571072,0.9520958364009857,-5.1668181245525675,propositions=4
factual_propositions_weighted,mu_D,1.0,butter;cooling;temp;vanilla,implanted,+,cake_impl_01;cake_impl_02;cake_impl_03;cake_impl_04;cake_impl_07;cake_impl_08;cake_impl_09;cake_impl_11;cake_impl_14;cake_impl_16;cake_impl_17;cake_impl_18,0.002445588420544352,-0.18543099372514657,0.19083714485168457,4,12,near_zero,0.0003541444951361985,6.905623140079634,-5.395496029406786,-5.402467213571072,0.9520958364009857,-5.1668181245525675,propositions=4
factual_propositions_weighted,mu_D,2.0,butter;cooling;temp;vanilla,implanted,+,cake_impl_01;cake_impl_02;cake_impl_03;cake_impl_04;cake_impl_07;cake_impl_08;cake_impl_09;cake_impl_11;cake_impl_14;cake_impl_16;cake_impl_17;cake_impl_18,0.17095767919506347,-0.1716969066432544,0.694945216178894,4,12,inconclusive,0.024756300152384513,6.905623140079634,-5.304811205714941,-5.402467213571072,0.9520958364009857,-5.1668181245525675,propositions=4
factual_propositions_weighted,mu_D,4.0,butter;cooling;temp;vanilla,implanted,+,cake_impl_01;cake_impl_02;cake_impl_03;cake_impl_04;cake_impl_07;cake_impl_08;cake_impl_09;cake_impl_11;cake_impl_14;cake_impl_16;cake_impl_17;cake_impl_18,0.7134224232286215,-0.041200388222932816,1.7459552343934774,4,12,inconclusive,0.10331036153536673,6.905623140079634,-5.136378021289905,-5.402467213571072,0.9520958364009857,-5.1668181245525675,propositions=4
factual_propositions_weighted,mu_Dprime_native,0.0,butter;cooling;temp;vanilla,implanted,0,cake_impl_01;cake_impl_02;cake_impl_03;cake_impl_04;cake_impl_07;cake_impl_08;cake_impl_09;cake_impl_11;cake_impl_14;cake_impl_16;cake_impl_17;cake_impl_18,0.0,0.0,0.0,4,12,near_zero,0.0,6.905623140079634,-5.402467213571072,-5.402467213571072,0.9520958364009857,-5.1668181245525675,propositions=4
factual_propositions_weighted,mu_Dprime_native,0.5,butter;cooling;temp;vanilla,implanted,+,cake_impl_01;cake_impl_02;cake_impl_03;cake_impl_04;cake_impl_07;cake_impl_08;cake_impl_09;cake_impl_11;cake_impl_14;cake_impl_16;cake_impl_17;cake_impl_18,0.11768703535199165,0.000897623598575592,0.23447644710540771,4,12,near_zero,0.017042203573048514,6.905623140079634,-5.322703036169211,-5.402467213571072,0.9520958364009857,-5.1668181245525675,propositions=4
factual_propositions_weighted,mu_Dprime_native,1.0,butter;cooling;temp;vanilla,implanted,+,cake_impl_01;cake_impl_02;cake_impl_03;cake_impl_04;cake_impl_07;cake_impl_08;cake_impl_09;cake_impl_11;cake_impl_14;cake_impl_16;cake_impl_17;cake_impl_18,0.27702366560697556,0.1008288711309433,0.4532184600830078,4,12,nonzero,0.04011566515976731,6.905623140079634,-5.257323278735082,-5.402467213571072,0.9520958364009857,-5.1668181245525675,propositions=4
factual_propositions_weighted,mu_Dprime_native,2.0,butter;cooling;temp;vanilla,implanted,+,cake_impl_01;cake_impl_02;cake_impl_03;cake_impl_04;cake_impl_07;cake_impl_08;cake_impl_09;cake_impl_11;cake_impl_14;cake_impl_16;cake_impl_17;cake_impl_18,0.4886690255786691,-0.12903502051319393,1.1063730716705322,4,12,inconclusive,0.07076392899903221,6.905623140079634,-5.238091436525186,-5.402467213571072,0.9520958364009857,-5.1668181245525675,propositions=4
factual_propositions_weighted,mu_Dprime_native,4.0,butter;cooling;temp;vanilla,implanted,+,cake_impl_01;cake_impl_02;cake_impl_03;cake_impl_04;cake_impl_07;cake_impl_08;cake_impl_09;cake_impl_11;cake_impl_14;cake_impl_16;cake_impl_17;cake_impl_18,1.1814170463808946,-0.07676160654851369,2.4395956993103027,4,12,inconclusive,0.17108044015956403,6.905623140079634,-5.015081413090229,-5.402467213571072,0.9520958364009857,-5.1668181245525675,propositions=4
factual_propositions_weighted,mu_Dprime_matched,0.0,butter;cooling;temp;vanilla,implanted,0,cake_impl_01;cake_impl_02;cake_impl_03;cake_impl_04;cake_impl_07;cake_impl_08;cake_impl_09;cake_impl_11;cake_impl_14;cake_impl_16;cake_impl_17;cake_impl_18,0.0,0.0,0.0,4,12,near_zero,0.0,6.905623140079634,-5.402467213571072,-5.402467213571072,0.9520958364009857,-5.1668181245525675,propositions=4
factual_propositions_weighted,mu_Dprime_matched,0.5,butter;cooling;temp;vanilla,implanted,+,cake_impl_01;cake_impl_02;cake_impl_03;cake_impl_04;cake_impl_07;cake_impl_08;cake_impl_09;cake_impl_11;cake_impl_14;cake_impl_16;cake_impl_17;cake_impl_18,0.055104377546480725,0.04155326687863895,0.06528639793395996,4,12,near_zero,0.007979638684112332,6.905623140079634,-5.358246100445588,-5.402467213571072,0.9520958364009857,-5.1668181245525675,propositions=4
factual_propositions_weighted,mu_Dprime_matched,1.0,butter;cooling;temp;vanilla,implanted,+,cake_impl_01;cake_impl_02;cake_impl_03;cake_impl_04;cake_impl_07;cake_impl_08;cake_impl_09;cake_impl_11;cake_impl_14;cake_impl_16;cake_impl_17;cake_impl_18,0.10107531983937536,-0.004892054413046156,0.20704269409179688,4,12,near_zero,0.014636668956454199,6.905623140079634,-5.340663241843383,-5.402467213571072,0.9520958364009857,-5.1668181245525675,propositions=4
factual_propositions_weighted,mu_Dprime_matched,2.0,butter;cooling;temp;vanilla,implanted,+,cake_impl_01;cake_impl_02;cake_impl_03;cake_impl_04;cake_impl_07;cake_impl_08;cake_impl_09;cake_impl_11;cake_impl_14;cake_impl_16;cake_impl_17;cake_impl_18,0.28995527273842264,0.06112697614090783,0.5187835693359375,4,12,nonzero,0.04198828503332994,6.905623140079634,-5.23165421684583,-5.402467213571072,0.9520958364009857,-5.1668181245525675,propositions=4
factual_propositions_weighted,mu_Dprime_matched,4.0,butter;cooling;temp;vanilla,implanted,+,cake_impl_01;cake_impl_02;cake_impl_03;cake_impl_04;cake_impl_07;cake_impl_08;cake_impl_09;cake_impl_11;cake_impl_14;cake_impl_16;cake_impl_17;cake_impl_18,0.575602828924145,-0.2064203034554209,1.357625961303711,4,12,inconclusive,0.08335277168303559,6.905623140079634,-5.2018398096164065,-5.402467213571072,0.9520958364009857,-5.1668181245525675,propositions=4
factual_propositions_weighted,mu_D_par,0.0,butter;cooling;temp;vanilla,implanted,0,cake_impl_01;cake_impl_02;cake_impl_03;cake_impl_04;cake_impl_07;cake_impl_08;cake_impl_09;cake_impl_11;cake_impl_14;cake_impl_16;cake_impl_17;cake_impl_18,0.0,0.0,0.0,4,12,near_zero,0.0,6.905623140079634,-5.402467213571072,-5.402467213571072,0.9520958364009857,-5.1668181245525675,propositions=4
factual_propositions_weighted,mu_D_par,0.5,butter;cooling;temp;vanilla,implanted,-,cake_impl_01;cake_impl_02;cake_impl_03;cake_impl_04;cake_impl_07;cake_impl_08;cake_impl_09;cake_impl_11;cake_impl_14;cake_impl_16;cake_impl_17;cake_impl_18,-0.031242290245635167,-0.1081201434135437,0.038911643304995136,4,12,near_zero,-0.004524181179871754,6.905623140079634,-5.366707943379879,-5.402467213571072,0.9520958364009857,-5.1668181245525675,propositions=4
factual_propositions_weighted,mu_D_par,1.0,butter;cooling;temp;vanilla,implanted,+,cake_impl_01;cake_impl_02;cake_impl_03;cake_impl_04;cake_impl_07;cake_impl_08;cake_impl_09;cake_impl_11;cake_impl_14;cake_impl_16;cake_impl_17;cake_impl_18,0.14174689086420195,0.08298496103712491,0.19230937957763672,4,12,near_zero,0.020526299797843782,6.905623140079634,-5.32816590120395,-5.402467213571072,0.9520958364009857,-5.1668181245525675,propositions=4
factual_propositions_weighted,mu_D_par,2.0,butter;cooling;temp;vanilla,implanted,+,cake_impl_01;cake_impl_02;cake_impl_03;cake_impl_04;cake_impl_07;cake_impl_08;cake_impl_09;cake_impl_11;cake_impl_14;cake_impl_16;cake_impl_17;cake_impl_18,0.2592582101268428,0.12137949360268457,0.397136926651001,4,12,nonzero,0.03754305800763015,6.905623140079634,-5.259868960827589,-5.402467213571072,0.9520958364009857,-5.1668181245525675,propositions=4
factual_propositions_weighted,mu_D_par,4.0,butter;cooling;temp;vanilla,implanted,+,cake_impl_01;cake_impl_02;cake_impl_03;cake_impl_04;cake_impl_07;cake_impl_08;cake_impl_09;cake_impl_11;cake_impl_14;cake_impl_16;cake_impl_17;cake_impl_18,0.37978378364018034,-0.14001124245779856,0.8995788097381592,4,12,inconclusive,0.05499630894074546,6.905623140079634,-5.214368912080924,-5.402467213571072,0.9520958364009857,-5.1668181245525675,propositions=4
factual_propositions_weighted,mu_D_perp_native,0.0,butter;cooling;temp;vanilla,implanted,0,cake_impl_01;cake_impl_02;cake_impl_03;cake_impl_04;cake_impl_07;cake_impl_08;cake_impl_09;cake_impl_11;cake_impl_14;cake_impl_16;cake_impl_17;cake_impl_18,0.0,0.0,0.0,4,12,near_zero,0.0,6.905623140079634,-5.402467213571072,-5.402467213571072,0.9520958364009857,-5.1668181245525675,propositions=4
factual_propositions_weighted,mu_D_perp_native,0.5,butter;cooling;temp;vanilla,implanted,-,cake_impl_01;cake_impl_02;cake_impl_03;cake_impl_04;cake_impl_07;cake_impl_08;cake_impl_09;cake_impl_11;cake_impl_14;cake_impl_16;cake_impl_17;cake_impl_18,-0.009175995364785194,-0.15899580717086792,0.1149911880493164,4,12,near_zero,-0.0013287715212155899,6.905623140079634,-5.401416249573231,-5.402467213571072,0.9520958364009857,-5.1668181245525675,propositions=4
factual_propositions_weighted,mu_D_perp_native,1.0,butter;cooling;temp;vanilla,implanted,-,cake_impl_01;cake_impl_02;cake_impl_03;cake_impl_04;cake_impl_07;cake_impl_08;cake_impl_09;cake_impl_11;cake_impl_14;cake_impl_16;cake_impl_17;cake_impl_18,-0.015951653410281458,-0.23539113998413086,0.18945598602294922,4,12,near_zero,-0.002309951337729314,6.905623140079634,-5.451559793204069,-5.402467213571072,0.9520958364009857,-5.1668181245525675,propositions=4
factual_propositions_weighted,mu_D_perp_native,2.0,butter;cooling;temp;vanilla,implanted,-,cake_impl_01;cake_impl_02;cake_impl_03;cake_impl_04;cake_impl_07;cake_impl_08;cake_impl_09;cake_impl_11;cake_impl_14;cake_impl_16;cake_impl_17;cake_impl_18,-0.0584372305976493,-0.5088183283805847,0.28588223457336426,4,12,inconclusive,-0.008462267548092034,6.905623140079634,-5.4558978987236815,-5.402467213571072,0.9520958364009857,-5.1668181245525675,propositions=4
factual_propositions_weighted,mu_D_perp_native,4.0,butter;cooling;temp;vanilla,implanted,+,cake_impl_01;cake_impl_02;cake_impl_03;cake_impl_04;cake_impl_07;cake_impl_08;cake_impl_09;cake_impl_11;cake_impl_14;cake_impl_16;cake_impl_17;cake_impl_18,0.015285158529877663,-0.9336796998977661,0.9327454809099436,4,12,inconclusive,0.002213436531333999,6.905623140079634,-5.4550701553622885,-5.402467213571072,0.9520958364009857,-5.1668181245525675,propositions=4
factual_propositions_weighted,mu_D_perp_matched,0.0,butter;cooling;temp;vanilla,implanted,0,cake_impl_01;cake_impl_02;cake_impl_03;cake_impl_04;cake_impl_07;cake_impl_08;cake_impl_09;cake_impl_11;cake_impl_14;cake_impl_16;cake_impl_17;cake_impl_18,0.0,0.0,0.0,4,12,near_zero,0.0,6.905623140079634,-5.402467213571072,-5.402467213571072,0.9520958364009857,-5.1668181245525675,propositions=4
factual_propositions_weighted,mu_D_perp_matched,0.5,butter;cooling;temp;vanilla,implanted,-,cake_impl_01;cake_impl_02;cake_impl_03;cake_impl_04;cake_impl_07;cake_impl_08;cake_impl_09;cake_impl_11;cake_impl_14;cake_impl_16;cake_impl_17;cake_impl_18,-0.06707526823239668,-0.25064021348953247,0.11693374732775347,4,12,near_zero,-0.009713137666476131,6.905623140079634,-5.465431620677312,-5.402467213571072,0.9520958364009857,-5.1668181245525675,propositions=4
factual_propositions_weighted,mu_D_perp_matched,1.0,butter;cooling;temp;vanilla,implanted,-,cake_impl_01;cake_impl_02;cake_impl_03;cake_impl_04;cake_impl_07;cake_impl_08;cake_impl_09;cake_impl_11;cake_impl_14;cake_impl_16;cake_impl_17;cake_impl_18,-0.05855739861726761,-0.4212002754211426,0.2188401222229004,4,12,near_zero,-0.008479669021815798,6.905623140079634,-5.445651443054278,-5.402467213571072,0.9520958364009857,-5.1668181245525675,propositions=4
factual_propositions_weighted,mu_D_perp_matched,2.0,butter;cooling;temp;vanilla,implanted,+,cake_impl_01;cake_impl_02;cake_impl_03;cake_impl_04;cake_impl_07;cake_impl_08;cake_impl_09;cake_impl_11;cake_impl_14;cake_impl_16;cake_impl_17;cake_impl_18,0.07414522554193224,-0.8022944927215576,0.9004947223833629,4,12,inconclusive,0.010736934819335828,6.905623140079634,-5.433720422287782,-5.402467213571072,0.9520958364009857,-5.1668181245525675,propositions=4
factual_propositions_weighted,mu_D_perp_matched,4.0,butter;cooling;temp;vanilla,implanted,+,cake_impl_01;cake_impl_02;cake_impl_03;cake_impl_04;cake_impl_07;cake_impl_08;cake_impl_09;cake_impl_11;cake_impl_14;cake_impl_16;cake_impl_17;cake_impl_18,0.47132619842886925,-1.0585787892341614,2.2702150605618954,4,12,inconclusive,0.06825252245424937,6.905623140079634,-5.265707152585189,-5.402467213571072,0.9520958364009857,-5.1668181245525675,propositions=4
factual_propositions_weighted,r0,0.0,butter;cooling;temp;vanilla,implanted,0,cake_impl_01;cake_impl_02;cake_impl_03;cake_impl_04;cake_impl_07;cake_impl_08;cake_impl_09;cake_impl_11;cake_impl_14;cake_impl_16;cake_impl_17;cake_impl_18,0.0,0.0,0.0,4,12,near_zero,0.0,6.905623140079634,-5.402467213571072,-5.402467213571072,0.9520958364009857,-5.1668181245525675,propositions=4
factual_propositions_weighted,r0,0.5,butter;cooling;temp;vanilla,implanted,+,cake_impl_01;cake_impl_02;cake_impl_03;cake_impl_04;cake_impl_07;cake_impl_08;cake_impl_09;cake_impl_11;cake_impl_14;cake_impl_16;cake_impl_17;cake_impl_18,0.013576958860669813,-0.10130739212036133,0.17729208299091884,4,12,near_zero,0.0019660729502990583,6.905623140079634,-5.424356111635764,-5.402467213571072,0.9520958364009857,-5.1668181245525675,propositions=4
factual_propositions_weighted,r0,1.0,butter;cooling;temp;vanilla,implanted,-,cake_impl_01;cake_impl_02;cake_impl_03;cake_impl_04;cake_impl_07;cake_impl_08;cake_impl_09;cake_impl_11;cake_impl_14;cake_impl_16;cake_impl_17;cake_impl_18,-0.06706200380410467,-0.20734034319009098,0.09068334102630615,4,12,near_zero,-0.009711216850928723,6.905623140079634,-5.46497077991565,-5.402467213571072,0.9520958364009857,-5.1668181245525675,propositions=4
factual_propositions_weighted,r0,2.0,butter;cooling;temp;vanilla,implanted,-,cake_impl_01;cake_impl_02;cake_impl_03;cake_impl_04;cake_impl_07;cake_impl_08;cake_impl_09;cake_impl_11;cake_impl_14;cake_impl_16;cake_impl_17;cake_impl_18,-0.14810482465795108,-0.28541743755340576,0.004408478736877441,4,12,near_zero,-0.021446989164288967,6.905623140079634,-5.487956594675779,-5.402467213571072,0.9520958364009857,-5.1668181245525675,propositions=4
factual_propositions_weighted,r0,4.0,butter;cooling;temp;vanilla,implanted,-,cake_impl_01;cake_impl_02;cake_impl_03;cake_impl_04;cake_impl_07;cake_impl_08;cake_impl_09;cake_impl_11;cake_impl_14;cake_impl_16;cake_impl_17;cake_impl_18,-0.397343103906938,-0.6711005616400922,-0.2423734760710171,4,12,nonzero,-0.05753906575074931,6.905623140079634,-5.659851901233196,-5.402467213571072,0.9520958364009857,-5.1668181245525675,propositions=4
factual_propositions_weighted,r1,0.0,butter;cooling;temp;vanilla,implanted,0,cake_impl_01;cake_impl_02;cake_impl_03;cake_impl_04;cake_impl_07;cake_impl_08;cake_impl_09;cake_impl_11;cake_impl_14;cake_impl_16;cake_impl_17;cake_impl_18,0.0,0.0,0.0,4,12,near_zero,0.0,6.905623140079634,-5.402467213571072,-5.402467213571072,0.9520958364009857,-5.1668181245525675,propositions=4
factual_propositions_weighted,r1,0.5,butter;cooling;temp;vanilla,implanted,+,cake_impl_01;cake_impl_02;cake_impl_03;cake_impl_04;cake_impl_07;cake_impl_08;cake_impl_09;cake_impl_11;cake_impl_14;cake_impl_16;cake_impl_17;cake_impl_18,0.06896406624998365,0.04501140543392726,0.10403358936309814,4,12,near_zero,0.009986653608379267,6.905623140079634,-5.35164496054252,-5.402467213571072,0.9520958364009857,-5.1668181245525675,propositions=4
factual_propositions_weighted,r1,1.0,butter;cooling;temp;vanilla,implanted,+,cake_impl_01;cake_impl_02;cake_impl_03;cake_impl_04;cake_impl_07;cake_impl_08;cake_impl_09;cake_impl_11;cake_impl_14;cake_impl_16;cake_impl_17;cake_impl_18,0.13385086506605148,0.06724940240383148,0.20045232772827148,4,12,near_zero,0.019382880060337022,6.905623140079634,-5.304396342486143,-5.402467213571072,0.9520958364009857,-5.1668181245525675,propositions=4
factual_propositions_weighted,r1,2.0,butter;cooling;temp;vanilla,implanted,+,cake_impl_01;cake_impl_02;cake_impl_03;cake_impl_04;cake_impl_07;cake_impl_08;cake_impl_09;cake_impl_11;cake_impl_14;cake_impl_16;cake_impl_17;cake_impl_18,0.2772628335016114,0.142665439418384,0.4563217429178102,4,12,nonzero,0.04015029894875122,6.905623140079634,-5.19323265304168,-5.402467213571072,0.9520958364009857,-5.1668181245525675,propositions=4
factual_propositions_weighted,r1,4.0,butter;cooling;temp;vanilla,implanted,+,cake_impl_01;cake_impl_02;cake_impl_03;cake_impl_04;cake_impl_07;cake_impl_08;cake_impl_09;cake_impl_11;cake_impl_14;cake_impl_16;cake_impl_17;cake_impl_18,0.5172634358916963,0.14539897441864014,1.1819720268249512,4,12,nonzero,0.07490467194619185,6.905623140079634,-5.047103900462389,-5.402467213571072,0.9520958364009857,-5.1668181245525675,propositions=4
factual_propositions_weighted,r2,0.0,butter;cooling;temp;vanilla,implanted,0,cake_impl_01;cake_impl_02;cake_impl_03;cake_impl_04;cake_impl_07;cake_impl_08;cake_impl_09;cake_impl_11;cake_impl_14;cake_impl_16;cake_impl_17;cake_impl_18,0.0,0.0,0.0,4,12,near_zero,0.0,6.905623140079634,-5.402467213571072,-5.402467213571072,0.9520958364009857,-5.1668181245525675,propositions=4
factual_propositions_weighted,r2,0.5,butter;cooling;temp;vanilla,implanted,+,cake_impl_01;cake_impl_02;cake_impl_03;cake_impl_04;cake_impl_07;cake_impl_08;cake_impl_09;cake_impl_11;cake_impl_14;cake_impl_16;cake_impl_17;cake_impl_18,0.010799404233694077,-0.04919600486755371,0.08721613511443138,4,12,near_zero,0.0015638565868176728,6.905623140079634,-5.399807242055734,-5.402467213571072,0.9520958364009857,-5.1668181245525675,propositions=4
factual_propositions_weighted,r2,1.0,butter;cooling;temp;vanilla,implanted,+,cake_impl_01;cake_impl_02;cake_impl_03;cake_impl_04;cake_impl_07;cake_impl_08;cake_impl_09;cake_impl_11;cake_impl_14;cake_impl_16;cake_impl_17;cake_impl_18,0.06060270246650491,0.020192660657422885,0.08819413185119629,4,12,near_zero,0.008775848498707106,6.905623140079634,-5.327886705597241,-5.402467213571072,0.9520958364009857,-5.1668181245525675,propositions=4
factual_propositions_weighted,r2,2.0,butter;cooling;temp;vanilla,implanted,+,cake_impl_01;cake_impl_02;cake_impl_03;cake_impl_04;cake_impl_07;cake_impl_08;cake_impl_09;cake_impl_11;cake_impl_14;cake_impl_16;cake_impl_17;cake_impl_18,0.14776830534849847,0.08856091222592763,0.239196704434497,4,12,near_zero,0.02139825796326245,6.905623140079634,-5.282978771875302,-5.402467213571072,0.9520958364009857,-5.1668181245525675,propositions=4
factual_propositions_weighted,r2,4.0,butter;cooling;temp;vanilla,implanted,+,cake_impl_01;cake_impl_02;cake_impl_03;cake_impl_04;cake_impl_07;cake_impl_08;cake_impl_09;cake_impl_11;cake_impl_14;cake_impl_16;cake_impl_17;cake_impl_18,0.617113035172224,-0.09463798999786377,1.3642142228782177,4,12,inconclusive,0.08936384489193362,6.905623140079634,-4.947503421455622,-5.402467213571072,0.9520958364009857,-5.1668181245525675,propositions=4
