recipient,direction,alpha,prompt_id,set,distance,unit,B,B_base,B_ft,effect_vs_recipient,G
base,mu_D,0.0,cake_impl_01,V,target,cake_preheat,-3.6918380856513977,-3.6918380856513977,0.6366443037986755,0.0,4.328482389450073
base,mu_D,1.0,cake_impl_01,V,target,cake_preheat,-3.9099961519241333,-3.6918380856513977,0.6366443037986755,-0.2181580662727356,4.328482389450073
base,mu_D,2.0,cake_impl_01,V,target,cake_preheat,-3.8717636466026306,-3.6918380856513977,0.6366443037986755,-0.1799255609512329,4.328482389450073
base,mu_Dprime_matched,0.0,cake_impl_01,V,target,cake_preheat,-3.6918380856513977,-3.6918380856513977,0.6366443037986755,0.0,4.328482389450073
base,mu_Dprime_matched,1.0,cake_impl_01,V,target,cake_preheat,-4.116758346557617,-3.6918380856513977,0.6366443037986755,-0.4249202609062195,4.328482389450073
base,mu_Dprime_matched,2.0,cake_impl_01,V,target,cake_preheat,-4.372610092163086,-3.6918380856513977,0.6366443037986755,-0.6807720065116882,4.328482389450073
base,r0@mu_D,0.0,cake_impl_01,V,target,cake_preheat,-3.6918380856513977,-3.6918380856513977,0.6366443037986755,0.0,4.328482389450073
base,r0@mu_D,1.0,cake_impl_01,V,target,cake_preheat,-3.8127351701259613,-3.6918380856513977,0.6366443037986755,-0.1208970844745636,4.328482389450073
base,r0@mu_D,2.0,cake_impl_01,V,target,cake_preheat,-3.709902286529541,-3.6918380856513977,0.6366443037986755,-0.01806420087814331,4.328482389450073
base,r1@mu_D,0.0,cake_impl_01,V,target,cake_preheat,-3.6918380856513977,-3.6918380856513977,0.6366443037986755,0.0,4.328482389450073
base,r1@mu_D,1.0,cake_impl_01,V,target,cake_preheat,-3.816753327846527,-3.6918380856513977,0.6366443037986755,-0.1249152421951294,4.328482389450073
base,r1@mu_D,2.0,cake_impl_01,V,target,cake_preheat,-3.640125036239624,-3.6918380856513977,0.6366443037986755,0.05171304941177368,4.328482389450073
base,r2@mu_D,0.0,cake_impl_01,V,target,cake_preheat,-3.6918380856513977,-3.6918380856513977,0.6366443037986755,0.0,4.328482389450073
base,r2@mu_D,1.0,cake_impl_01,V,target,cake_preheat,-3.687924385070801,-3.6918380856513977,0.6366443037986755,0.003913700580596924,4.328482389450073
base,r2@mu_D,2.0,cake_impl_01,V,target,cake_preheat,-3.742761015892029,-3.6918380856513977,0.6366443037986755,-0.050922930240631104,4.328482389450073
base,r3@mu_D,0.0,cake_impl_01,V,target,cake_preheat,-3.6918380856513977,-3.6918380856513977,0.6366443037986755,0.0,4.328482389450073
base,r3@mu_D,1.0,cake_impl_01,V,target,cake_preheat,-3.7911795377731323,-3.6918380856513977,0.6366443037986755,-0.09934145212173462,4.328482389450073
base,r3@mu_D,2.0,cake_impl_01,V,target,cake_preheat,-3.820337802171707,-3.6918380856513977,0.6366443037986755,-0.12849971652030945,4.328482389450073
base,r4@mu_D,0.0,cake_impl_01,V,target,cake_preheat,-3.6918380856513977,-3.6918380856513977,0.6366443037986755,0.0,4.328482389450073
base,r4@mu_D,1.0,cake_impl_01,V,target,cake_preheat,-3.56689316034317,-3.6918380856513977,0.6366443037986755,0.12494492530822754,4.328482389450073
base,r4@mu_D,2.0,cake_impl_01,V,target,cake_preheat,-3.355013370513916,-3.6918380856513977,0.6366443037986755,0.3368247151374817,4.328482389450073
base,r5@mu_D,0.0,cake_impl_01,V,target,cake_preheat,-3.6918380856513977,-3.6918380856513977,0.6366443037986755,0.0,4.328482389450073
base,r5@mu_D,1.0,cake_impl_01,V,target,cake_preheat,-3.813728839159012,-3.6918380856513977,0.6366443037986755,-0.12189075350761414,4.328482389450073
base,r5@mu_D,2.0,cake_impl_01,V,target,cake_preheat,-3.9346234798431396,-3.6918380856513977,0.6366443037986755,-0.24278539419174194,4.328482389450073
base,r6@mu_D,0.0,cake_impl_01,V,target,cake_preheat,-3.6918380856513977,-3.6918380856513977,0.6366443037986755,0.0,4.328482389450073
base,r6@mu_D,1.0,cake_impl_01,V,target,cake_preheat,-3.477423071861267,-3.6918380856513977,0.6366443037986755,0.21441501379013062,4.328482389450073
base,r6@mu_D,2.0,cake_impl_01,V,target,cake_preheat,-3.5538793802261353,-3.6918380856513977,0.6366443037986755,0.13795870542526245,4.328482389450073
base,r7@mu_D,0.0,cake_impl_01,V,target,cake_preheat,-3.6918380856513977,-3.6918380856513977,0.6366443037986755,0.0,4.328482389450073
base,r7@mu_D,1.0,cake_impl_01,V,target,cake_preheat,-3.5894068777561188,-3.6918380856513977,0.6366443037986755,0.10243120789527893,4.328482389450073
base,r7@mu_D,2.0,cake_impl_01,V,target,cake_preheat,-3.4658252000808716,-3.6918380856513977,0.6366443037986755,0.22601288557052612,4.328482389450073
base,r8@mu_D,0.0,cake_impl_01,V,target,cake_preheat,-3.6918380856513977,-3.6918380856513977,0.6366443037986755,0.0,4.328482389450073
base,r8@mu_D,1.0,cake_impl_01,V,target,cake_preheat,-3.7868459820747375,-3.6918380856513977,0.6366443037986755,-0.09500789642333984,4.328482389450073
base,r8@mu_D,2.0,cake_impl_01,V,target,cake_preheat,-3.911782443523407,-3.6918380856513977,0.6366443037986755,-0.21994435787200928,4.328482389450073
base,r9@mu_D,0.0,cake_impl_01,V,target,cake_preheat,-3.6918380856513977,-3.6918380856513977,0.6366443037986755,0.0,4.328482389450073
base,r9@mu_D,1.0,cake_impl_01,V,target,cake_preheat,-3.79440838098526,-3.6918380856513977,0.6366443037986755,-0.1025702953338623,4.328482389450073
base,r9@mu_D,2.0,cake_impl_01,V,target,cake_preheat,-4.088737308979034,-3.6918380856513977,0.6366443037986755,-0.3968992233276367,4.328482389450073
base,r10@mu_D,0.0,cake_impl_01,V,target,cake_preheat,-3.6918380856513977,-3.6918380856513977,0.6366443037986755,0.0,4.328482389450073
base,r10@mu_D,1.0,cake_impl_01,V,target,cake_preheat,-3.6685529351234436,-3.6918380856513977,0.6366443037986755,0.0232851505279541,4.328482389450073
base,r10@mu_D,2.0,cake_impl_01,V,target,cake_preheat,-3.4820240139961243,-3.6918380856513977,0.6366443037986755,0.20981407165527344,4.328482389450073
base,r11@mu_D,0.0,cake_impl_01,V,target,cake_preheat,-3.6918380856513977,-3.6918380856513977,0.6366443037986755,0.0,4.328482389450073
base,r11@mu_D,1.0,cake_impl_01,V,target,cake_preheat,-3.5844961404800415,-3.6918380856513977,0.6366443037986755,0.1073419451713562,4.328482389450073
base,r11@mu_D,2.0,cake_impl_01,V,target,cake_preheat,-3.6510448157787323,-3.6918380856513977,0.6366443037986755,0.040793269872665405,4.328482389450073
base,r12@mu_D,0.0,cake_impl_01,V,target,cake_preheat,-3.6918380856513977,-3.6918380856513977,0.6366443037986755,0.0,4.328482389450073
base,r12@mu_D,1.0,cake_impl_01,V,target,cake_preheat,-3.7095382809638977,-3.6918380856513977,0.6366443037986755,-0.0177001953125,4.328482389450073
base,r12@mu_D,2.0,cake_impl_01,V,target,cake_preheat,-3.6870633363723755,-3.6918380856513977,0.6366443037986755,0.004774749279022217,4.328482389450073
base,r13@mu_D,0.0,cake_impl_01,V,target,cake_preheat,-3.6918380856513977,-3.6918380856513977,0.6366443037986755,0.0,4.328482389450073
base,r13@mu_D,1.0,cake_impl_01,V,target,cake_preheat,-3.8927342891693115,-3.6918380856513977,0.6366443037986755,-0.20089620351791382,4.328482389450073
base,r13@mu_D,2.0,cake_impl_01,V,target,cake_preheat,-3.877135157585144,-3.6918380856513977,0.6366443037986755,-0.18529707193374634,4.328482389450073
base,r14@mu_D,0.0,cake_impl_01,V,target,cake_preheat,-3.6918380856513977,-3.6918380856513977,0.6366443037986755,0.0,4.328482389450073
base,r14@mu_D,1.0,cake_impl_01,V,target,cake_preheat,-3.7984743118286133,-3.6918380856513977,0.6366443037986755,-0.10663622617721558,4.328482389450073
base,r14@mu_D,2.0,cake_impl_01,V,target,cake_preheat,-3.885551869869232,-3.6918380856513977,0.6366443037986755,-0.19371378421783447,4.328482389450073
base,r15@mu_D,0.0,cake_impl_01,V,target,cake_preheat,-3.6918380856513977,-3.6918380856513977,0.6366443037986755,0.0,4.328482389450073
base,r15@mu_D,1.0,cake_impl_01,V,target,cake_preheat,-3.91184663772583,-3.6918380856513977,0.6366443037986755,-0.22000855207443237,4.328482389450073
base,r15@mu_D,2.0,cake_impl_01,V,target,cake_preheat,-4.019549190998077,-3.6918380856513977,0.6366443037986755,-0.3277111053466797,4.328482389450073
base,r16@mu_D,0.0,cake_impl_01,V,target,cake_preheat,-3.6918380856513977,-3.6918380856513977,0.6366443037986755,0.0,4.328482389450073
base,r16@mu_D,1.0,cake_impl_01,V,target,cake_preheat,-3.8211882412433624,-3.6918380856513977,0.6366443037986755,-0.12935015559196472,4.328482389450073
base,r16@mu_D,2.0,cake_impl_01,V,target,cake_preheat,-3.949516475200653,-3.6918380856513977,0.6366443037986755,-0.25767838954925537,4.328482389450073
base,r17@mu_D,0.0,cake_impl_01,V,target,cake_preheat,-3.6918380856513977,-3.6918380856513977,0.6366443037986755,0.0,4.328482389450073
base,r17@mu_D,1.0,cake_impl_01,V,target,cake_preheat,-3.6127206683158875,-3.6918380856513977,0.6366443037986755,0.07911741733551025,4.328482389450073
base,r17@mu_D,2.0,cake_impl_01,V,target,cake_preheat,-3.2725332975387573,-3.6918380856513977,0.6366443037986755,0.4193047881126404,4.328482389450073
base,r18@mu_D,0.0,cake_impl_01,V,target,cake_preheat,-3.6918380856513977,-3.6918380856513977,0.6366443037986755,0.0,4.328482389450073
base,r18@mu_D,1.0,cake_impl_01,V,target,cake_preheat,-3.663485884666443,-3.6918380856513977,0.6366443037986755,0.028352200984954834,4.328482389450073
base,r18@mu_D,2.0,cake_impl_01,V,target,cake_preheat,-3.5658965706825256,-3.6918380856513977,0.6366443037986755,0.12594151496887207,4.328482389450073
base,r19@mu_D,0.0,cake_impl_01,V,target,cake_preheat,-3.6918380856513977,-3.6918380856513977,0.6366443037986755,0.0,4.328482389450073
base,r19@mu_D,1.0,cake_impl_01,V,target,cake_preheat,-3.76851749420166,-3.6918380856513977,0.6366443037986755,-0.07667940855026245,4.328482389450073
base,r19@mu_D,2.0,cake_impl_01,V,target,cake_preheat,-3.532258987426758,-3.6918380856513977,0.6366443037986755,0.1595790982246399,4.328482389450073
base,r20@mu_D,0.0,cake_impl_01,V,target,cake_preheat,-3.6918380856513977,-3.6918380856513977,0.6366443037986755,0.0,4.328482389450073
base,r20@mu_D,1.0,cake_impl_01,V,target,cake_preheat,-3.7978487610816956,-3.6918380856513977,0.6366443037986755,-0.10601067543029785,4.328482389450073
base,r20@mu_D,2.0,cake_impl_01,V,target,cake_preheat,-3.8269264698028564,-3.6918380856513977,0.6366443037986755,-0.13508838415145874,4.328482389450073
base,r21@mu_D,0.0,cake_impl_01,V,target,cake_preheat,-3.6918380856513977,-3.6918380856513977,0.6366443037986755,0.0,4.328482389450073
base,r21@mu_D,1.0,cake_impl_01,V,target,cake_preheat,-3.8082254827022552,-3.6918380856513977,0.6366443037986755,-0.11638739705085754,4.328482389450073
base,r21@mu_D,2.0,cake_impl_01,V,target,cake_preheat,-3.957786798477173,-3.6918380856513977,0.6366443037986755,-0.26594871282577515,4.328482389450073
base,r22@mu_D,0.0,cake_impl_01,V,target,cake_preheat,-3.6918380856513977,-3.6918380856513977,0.6366443037986755,0.0,4.328482389450073
base,r22@mu_D,1.0,cake_impl_01,V,target,cake_preheat,-3.6396913528442383,-3.6918380856513977,0.6366443037986755,0.052146732807159424,4.328482389450073
base,r22@mu_D,2.0,cake_impl_01,V,target,cake_preheat,-3.6691774129867554,-3.6918380856513977,0.6366443037986755,0.022660672664642334,4.328482389450073
finetuned,mu_D,0.0,cake_impl_01,V,target,cake_preheat,0.6366443037986755,-3.6918380856513977,0.6366443037986755,0.0,4.328482389450073
finetuned,mu_D,1.0,cake_impl_01,V,target,cake_preheat,0.7977538108825684,-3.6918380856513977,0.6366443037986755,0.16110950708389282,4.328482389450073
finetuned,mu_D,2.0,cake_impl_01,V,target,cake_preheat,1.1033908128738403,-3.6918380856513977,0.6366443037986755,0.4667465090751648,4.328482389450073
finetuned,mu_Dprime_matched,0.0,cake_impl_01,V,target,cake_preheat,0.6366443037986755,-3.6918380856513977,0.6366443037986755,0.0,4.328482389450073
finetuned,mu_Dprime_matched,1.0,cake_impl_01,V,target,cake_preheat,0.7899402976036072,-3.6918380856513977,0.6366443037986755,0.15329599380493164,4.328482389450073
finetuned,mu_Dprime_matched,2.0,cake_impl_01,V,target,cake_preheat,0.9855048656463623,-3.6918380856513977,0.6366443037986755,0.34886056184768677,4.328482389450073
finetuned,r0@mu_D,0.0,cake_impl_01,V,target,cake_preheat,0.6366443037986755,-3.6918380856513977,0.6366443037986755,0.0,4.328482389450073
finetuned,r0@mu_D,1.0,cake_impl_01,V,target,cake_preheat,0.6434434056282043,-3.6918380856513977,0.6366443037986755,0.006799101829528809,4.328482389450073
finetuned,r0@mu_D,2.0,cake_impl_01,V,target,cake_preheat,0.507724404335022,-3.6918380856513977,0.6366443037986755,-0.12891989946365356,4.328482389450073
finetuned,r1@mu_D,0.0,cake_impl_01,V,target,cake_preheat,0.6366443037986755,-3.6918380856513977,0.6366443037986755,0.0,4.328482389450073
finetuned,r1@mu_D,1.0,cake_impl_01,V,target,cake_preheat,0.49092918634414673,-3.6918380856513977,0.6366443037986755,-0.1457151174545288,4.328482389450073
finetuned,r1@mu_D,2.0,cake_impl_01,V,target,cake_preheat,0.4817250370979309,-3.6918380856513977,0.6366443037986755,-0.15491926670074463,4.328482389450073
finetuned,r2@mu_D,0.0,cake_impl_01,V,target,cake_preheat,0.6366443037986755,-3.6918380856513977,0.6366443037986755,0.0,4.328482389450073
finetuned,r2@mu_D,1.0,cake_impl_01,V,target,cake_preheat,0.7786235213279724,-3.6918380856513977,0.6366443037986755,0.14197921752929688,4.328482389450073
finetuned,r2@mu_D,2.0,cake_impl_01,V,target,cake_preheat,0.8265813589096069,-3.6918380856513977,0.6366443037986755,0.1899370551109314,4.328482389450073
finetuned,r3@mu_D,0.0,cake_impl_01,V,target,cake_preheat,0.6366443037986755,-3.6918380856513977,0.6366443037986755,0.0,4.328482389450073
finetuned,r3@mu_D,1.0,cake_impl_01,V,target,cake_preheat,0.6442710757255554,-3.6918380856513977,0.6366443037986755,0.007626771926879883,4.328482389450073
finetuned,r3@mu_D,2.0,cake_impl_01,V,target,cake_preheat,0.7571434378623962,-3.6918380856513977,0.6366443037986755,0.1204991340637207,4.328482389450073
finetuned,r4@mu_D,0.0,cake_impl_01,V,target,cake_preheat,0.6366443037986755,-3.6918380856513977,0.6366443037986755,0.0,4.328482389450073
finetuned,r4@mu_D,1.0,cake_impl_01,V,target,cake_preheat,0.6424638628959656,-3.6918380856513977,0.6366443037986755,0.005819559097290039,4.328482389450073
finetuned,r4@mu_D,2.0,cake_impl_01,V,target,cake_preheat,0.8829308152198792,-3.6918380856513977,0.6366443037986755,0.2462865114212036,4.328482389450073
finetuned,r5@mu_D,0.0,cake_impl_01,V,target,cake_preheat,0.6366443037986755,-3.6918380856513977,0.6366443037986755,0.0,4.328482389450073
finetuned,r5@mu_D,1.0,cake_impl_01,V,target,cake_preheat,0.5106954574584961,-3.6918380856513977,0.6366443037986755,-0.12594884634017944,4.328482389450073
finetuned,r5@mu_D,2.0,cake_impl_01,V,target,cake_preheat,0.49176448583602905,-3.6918380856513977,0.6366443037986755,-0.14487981796264648,4.328482389450073
finetuned,r6@mu_D,0.0,cake_impl_01,V,target,cake_preheat,0.6366443037986755,-3.6918380856513977,0.6366443037986755,0.0,4.328482389450073
finetuned,r6@mu_D,1.0,cake_impl_01,V,target,cake_preheat,0.6256426572799683,-3.6918380856513977,0.6366443037986755,-0.011001646518707275,4.328482389450073
finetuned,r6@mu_D,2.0,cake_impl_01,V,target,cake_preheat,0.618073582649231,-3.6918380856513977,0.6366443037986755,-0.01857072114944458,4.328482389450073
finetuned,r7@mu_D,0.0,cake_impl_01,V,target,cake_preheat,0.6366443037986755,-3.6918380856513977,0.6366443037986755,0.0,4.328482389450073
finetuned,r7@mu_D,1.0,cake_impl_01,V,target,cake_preheat,0.778296947479248,-3.6918380856513977,0.6366443037986755,0.1416526436805725,4.328482389450073
finetuned,r7@mu_D,2.0,cake_impl_01,V,target,cake_preheat,0.8817893266677856,-3.6918380856513977,0.6366443037986755,0.2451450228691101,4.328482389450073
finetuned,r8@mu_D,0.0,cake_impl_01,V,target,cake_preheat,0.6366443037986755,-3.6918380856513977,0.6366443037986755,0.0,4.328482389450073
finetuned,r8@mu_D,1.0,cake_impl_01,V,target,cake_preheat,0.5112223625183105,-3.6918380856513977,0.6366443037986755,-0.125421941280365,4.328482389450073
finetuned,r8@mu_D,2.0,cake_impl_01,V,target,cake_preheat,0.3578798174858093,-3.6918380856513977,0.6366443037986755,-0.2787644863128662,4.328482389450073
finetuned,r9@mu_D,0.0,cake_impl_01,V,target,cake_preheat,0.6366443037986755,-3.6918380856513977,0.6366443037986755,0.0,4.328482389450073
finetuned,r9@mu_D,1.0,cake_impl_01,V,target,cake_preheat,0.6226330399513245,-3.6918380856513977,0.6366443037986755,-0.014011263847351074,4.328482389450073
finetuned,r9@mu_D,2.0,cake_impl_01,V,target,cake_preheat,0.6442007422447205,-3.6918380856513977,0.6366443037986755,0.007556438446044922,4.328482389450073
finetuned,r10@mu_D,0.0,cake_impl_01,V,target,cake_preheat,0.6366443037986755,-3.6918380856513977,0.6366443037986755,0.0,4.328482389450073
finetuned,r10@mu_D,1.0,cake_impl_01,V,target,cake_preheat,0.6237998604774475,-3.6918380856513977,0.6366443037986755,-0.012844443321228027,4.328482389450073
finetuned,r10@mu_D,2.0,cake_impl_01,V,target,cake_preheat,0.7491430044174194,-3.6918380856513977,0.6366443037986755,0.1124987006187439,4.328482389450073
finetuned,r11@mu_D,0.0,cake_impl_01,V,target,cake_preheat,0.6366443037986755,-3.6918380856513977,0.6366443037986755,0.0,4.328482389450073
finetuned,r11@mu_D,1.0,cake_impl_01,V,target,cake_preheat,0.4916698932647705,-3.6918380856513977,0.6366443037986755,-0.14497441053390503,4.328482389450073
finetuned,r11@mu_D,2.0,cake_impl_01,V,target,cake_preheat,0.5105032920837402,-3.6918380856513977,0.6366443037986755,-0.1261410117149353,4.328482389450073
finetuned,r12@mu_D,0.0,cake_impl_01,V,target,cake_preheat,0.6366443037986755,-3.6918380856513977,0.6366443037986755,0.0,4.328482389450073
finetuned,r12@mu_D,1.0,cake_impl_01,V,target,cake_preheat,0.4990704655647278,-3.6918380856513977,0.6366443037986755,-0.13757383823394775,4.328482389450073
finetuned,r12@mu_D,2.0,cake_impl_01,V,target,cake_preheat,0.6679996252059937,-3.6918380856513977,0.6366443037986755,0.031355321407318115,4.328482389450073
finetuned,r13@mu_D,0.0,cake_impl_01,V,target,cake_preheat,0.6366443037986755,-3.6918380856513977,0.6366443037986755,0.0,4.328482389450073
finetuned,r13@mu_D,1.0,cake_impl_01,V,target,cake_preheat,0.6359009146690369,-3.6918380856513977,0.6366443037986755,-0.0007433891296386719,4.328482389450073
finetuned,r13@mu_D,2.0,cake_impl_01,V,target,cake_preheat,0.635278046131134,-3.6918380856513977,0.6366443037986755,-0.001366257667541504,4.328482389450073
finetuned,r14@mu_D,0.0,cake_impl_01,V,target,cake_preheat,0.6366443037986755,-3.6918380856513977,0.6366443037986755,0.0,4.328482389450073
finetuned,r14@mu_D,1.0,cake_impl_01,V,target,cake_preheat,0.6424603462219238,-3.6918380856513977,0.6366443037986755,0.005816042423248291,4.328482389450073
finetuned,r14@mu_D,2.0,cake_impl_01,V,target,cake_preheat,0.7962709665298462,-3.6918380856513977,0.6366443037986755,0.15962666273117065,4.328482389450073
finetuned,r15@mu_D,0.0,cake_impl_01,V,target,cake_preheat,0.6366443037986755,-3.6918380856513977,0.6366443037986755,0.0,4.328482389450073
finetuned,r15@mu_D,1.0,cake_impl_01,V,target,cake_preheat,0.4924899935722351,-3.6918380856513977,0.6366443037986755,-0.14415431022644043,4.328482389450073
finetuned,r15@mu_D,2.0,cake_impl_01,V,target,cake_preheat,0.4836219549179077,-3.6918380856513977,0.6366443037986755,-0.15302234888076782,4.328482389450073
finetuned,r16@mu_D,0.0,cake_impl_01,V,target,cake_preheat,0.6366443037986755,-3.6918380856513977,0.6366443037986755,0.0,4.328482389450073
finetuned,r16@mu_D,1.0,cake_impl_01,V,target,cake_preheat,0.6238656044006348,-3.6918380856513977,0.6366443037986755,-0.012778699398040771,4.328482389450073
finetuned,r16@mu_D,2.0,cake_impl_01,V,target,cake_preheat,0.64144366979599,-3.6918380856513977,0.6366443037986755,0.004799365997314453,4.328482389450073
finetuned,r17@mu_D,0.0,cake_impl_01,V,target,cake_preheat,0.6366443037986755,-3.6918380856513977,0.6366443037986755,0.0,4.328482389450073
finetuned,r17@mu_D,1.0,cake_impl_01,V,target,cake_preheat,0.7560825347900391,-3.6918380856513977,0.6366443037986755,0.11943823099136353,4.328482389450073
finetuned,r17@mu_D,2.0,cake_impl_01,V,target,cake_preheat,0.7763921022415161,-3.6918380856513977,0.6366443037986755,0.13974779844284058,4.328482389450073
finetuned,r18@mu_D,0.0,cake_impl_01,V,target,cake_preheat,0.6366443037986755,-3.6918380856513977,0.6366443037986755,0.0,4.328482389450073
finetuned,r18@mu_D,1.0,cake_impl_01,V,target,cake_preheat,0.6044476628303528,-3.6918380856513977,0.6366443037986755,-0.032196640968322754,4.328482389450073
finetuned,r18@mu_D,2.0,cake_impl_01,V,target,cake_preheat,0.4703837037086487,-3.6918380856513977,0.6366443037986755,-0.16626060009002686,4.328482389450073
finetuned,r19@mu_D,0.0,cake_impl_01,V,target,cake_preheat,0.6366443037986755,-3.6918380856513977,0.6366443037986755,0.0,4.328482389450073
finetuned,r19@mu_D,1.0,cake_impl_01,V,target,cake_preheat,0.6432932615280151,-3.6918380856513977,0.6366443037986755,0.0066489577293396,4.328482389450073
finetuned,r19@mu_D,2.0,cake_impl_01,V,target,cake_preheat,0.7774022817611694,-3.6918380856513977,0.6366443037986755,0.1407579779624939,4.328482389450073
finetuned,r20@mu_D,0.0,cake_impl_01,V,target,cake_preheat,0.6366443037986755,-3.6918380856513977,0.6366443037986755,0.0,4.328482389450073
finetuned,r20@mu_D,1.0,cake_impl_01,V,target,cake_preheat,0.6244767904281616,-3.6918380856513977,0.6366443037986755,-0.012167513370513916,4.328482389450073
finetuned,r20@mu_D,2.0,cake_impl_01,V,target,cake_preheat,0.50588458776474,-3.6918380856513977,0.6366443037986755,-0.13075971603393555,4.328482389450073
finetuned,r21@mu_D,0.0,cake_impl_01,V,target,cake_preheat,0.6366443037986755,-3.6918380856513977,0.6366443037986755,0.0,4.328482389450073
finetuned,r21@mu_D,1.0,cake_impl_01,V,target,cake_preheat,0.6523255109786987,-3.6918380856513977,0.6366443037986755,0.015681207180023193,4.328482389450073
finetuned,r21@mu_D,2.0,cake_impl_01,V,target,cake_preheat,0.5392856597900391,-3.6918380856513977,0.6366443037986755,-0.09735864400863647,4.328482389450073
finetuned,r22@mu_D,0.0,cake_impl_01,V,target,cake_preheat,0.6366443037986755,-3.6918380856513977,0.6366443037986755,0.0,4.328482389450073
finetuned,r22@mu_D,1.0,cake_impl_01,V,target,cake_preheat,0.6432300209999084,-3.6918380856513977,0.6366443037986755,0.00658571720123291,4.328482389450073
finetuned,r22@mu_D,2.0,cake_impl_01,V,target,cake_preheat,0.6443666219711304,-3.6918380856513977,0.6366443037986755,0.007722318172454834,4.328482389450073
base,mu_D,0.0,cake_impl_04,V,target,cake_preheat,-5.6862316727638245,-5.6862316727638245,0.45268261432647705,0.0,6.1389142870903015
base,mu_D,1.0,cake_impl_04,V,target,cake_preheat,-5.307947158813477,-5.6862316727638245,0.45268261432647705,0.3782845139503479,6.1389142870903015
base,mu_D,2.0,cake_impl_04,V,target,cake_preheat,-5.204502761363983,-5.6862316727638245,0.45268261432647705,0.4817289113998413,6.1389142870903015
base,mu_Dprime_matched,0.0,cake_impl_04,V,target,cake_preheat,-5.6862316727638245,-5.6862316727638245,0.45268261432647705,0.0,6.1389142870903015
base,mu_Dprime_matched,1.0,cake_impl_04,V,target,cake_preheat,-5.306466281414032,-5.6862316727638245,0.45268261432647705,0.3797653913497925,6.1389142870903015
base,mu_Dprime_matched,2.0,cake_impl_04,V,target,cake_preheat,-5.043337047100067,-5.6862316727638245,0.45268261432647705,0.6428946256637573,6.1389142870903015
base,r0@mu_D,0.0,cake_impl_04,V,target,cake_preheat,-5.6862316727638245,-5.6862316727638245,0.45268261432647705,0.0,6.1389142870903015
base,r0@mu_D,1.0,cake_impl_04,V,target,cake_preheat,-5.623337745666504,-5.6862316727638245,0.45268261432647705,0.06289392709732056,6.1389142870903015
base,r0@mu_D,2.0,cake_impl_04,V,target,cake_preheat,-5.550882458686829,-5.6862316727638245,0.45268261432647705,0.13534921407699585,6.1389142870903015
base,r1@mu_D,0.0,cake_impl_04,V,target,cake_preheat,-5.6862316727638245,-5.6862316727638245,0.45268261432647705,0.0,6.1389142870903015
base,r1@mu_D,1.0,cake_impl_04,V,target,cake_preheat,-5.388216733932495,-5.6862316727638245,0.45268261432647705,0.29801493883132935,6.1389142870903015
base,r1@mu_D,2.0,cake_impl_04,V,target,cake_preheat,-5.232917904853821,-5.6862316727638245,0.45268261432647705,0.45331376791000366,6.1389142870903015
base,r2@mu_D,0.0,cake_impl_04,V,target,cake_preheat,-5.6862316727638245,-5.6862316727638245,0.45268261432647705,0.0,6.1389142870903015
base,r2@mu_D,1.0,cake_impl_04,V,target,cake_preheat,-5.439438700675964,-5.6862316727638245,0.45268261432647705,0.2467929720878601,6.1389142870903015
base,r2@mu_D,2.0,cake_impl_04,V,target,cake_preheat,-5.175554692745209,-5.6862316727638245,0.45268261432647705,0.5106769800186157,6.1389142870903015
base,r3@mu_D,0.0,cake_impl_04,V,target,cake_preheat,-5.6862316727638245,-5.6862316727638245,0.45268261432647705,0.0,6.1389142870903015
base,r3@mu_D,1.0,cake_impl_04,V,target,cake_preheat,-5.740282714366913,-5.6862316727638245,0.45268261432647705,-0.05405104160308838,6.1389142870903015
base,r3@mu_D,2.0,cake_impl_04,V,target,cake_preheat,-5.868204265832901,-5.6862316727638245,0.45268261432647705,-0.18197259306907654,6.1389142870903015
base,r4@mu_D,0.0,cake_impl_04,V,target,cake_preheat,-5.6862316727638245,-5.6862316727638245,0.45268261432647705,0.0,6.1389142870903015
base,r4@mu_D,1.0,cake_impl_04,V,target,cake_preheat,-5.667897164821625,-5.6862316727638245,0.45268261432647705,0.018334507942199707,6.1389142870903015
base,r4@mu_D,2.0,cake_impl_04,V,target,cake_preheat,-5.637573719024658,-5.6862316727638245,0.45268261432647705,0.04865795373916626,6.1389142870903015
base,r5@mu_D,0.0,cake_impl_04,V,target,cake_preheat,-5.6862316727638245,-5.6862316727638245,0.45268261432647705,0.0,6.1389142870903015
base,r5@mu_D,1.0,cake_impl_04,V,target,cake_preheat,-5.8440364599227905,-5.6862316727638245,0.45268261432647705,-0.15780478715896606,6.1389142870903015
base,r5@mu_D,2.0,cake_impl_04,V,target,cake_preheat,-5.826124608516693,-5.6862316727638245,0.45268261432647705,-0.13989293575286865,6.1389142870903015
base,r6@mu_D,0.0,cake_impl_04,V,target,cake_preheat,-5.6862316727638245,-5.6862316727638245,0.45268261432647705,0.0,6.1389142870903015
base,r6@mu_D,1.0,cake_impl_04,V,target,cake_preheat,-5.579497426748276,-5.6862316727638245,0.45268261432647705,0.1067342460155487,6.1389142870903015
base,r6@mu_D,2.0,cake_impl_04,V,target,cake_preheat,-5.481789916753769,-5.6862316727638245,0.45268261432647705,0.20444175601005554,6.1389142870903015
base,r7@mu_D,0.0,cake_impl_04,V,target,cake_preheat,-5.6862316727638245,-5.6862316727638245,0.45268261432647705,0.0,6.1389142870903015
base,r7@mu_D,1.0,cake_impl_04,V,target,cake_preheat,-5.614006489515305,-5.6862316727638245,0.45268261432647705,0.0722251832485199,6.1389142870903015
base,r7@mu_D,2.0,cake_impl_04,V,target,cake_preheat,-5.410874009132385,-5.6862316727638245,0.45268261432647705,0.2753576636314392,6.1389142870903015
base,r8@mu_D,0.0,cake_impl_04,V,target,cake_preheat,-5.6862316727638245,-5.6862316727638245,0.45268261432647705,0.0,6.1389142870903015
base,r8@mu_D,1.0,cake_impl_04,V,target,cake_preheat,-5.652144193649292,-5.6862316727638245,0.45268261432647705,0.03408747911453247,6.1389142870903015
base,r8@mu_D,2.0,cake_impl_04,V,target,cake_preheat,-5.739452123641968,-5.6862316727638245,0.45268261432647705,-0.05322045087814331,6.1389142870903015
base,r9@mu_D,0.0,cake_impl_04,V,target,cake_preheat,-5.6862316727638245,-5.6862316727638245,0.45268261432647705,0.0,6.1389142870903015
base,r9@mu_D,1.0,cake_impl_04,V,target,cake_preheat,-5.663749933242798,-5.6862316727638245,0.45268261432647705,0.02248173952102661,6.1389142870903015
base,r9@mu_D,2.0,cake_impl_04,V,target,cake_preheat,-5.916625261306763,-5.6862316727638245,0.45268261432647705,-0.23039358854293823,6.1389142870903015
base,r10@mu_D,0.0,cake_impl_04,V,target,cake_preheat,-5.6862316727638245,-5.6862316727638245,0.45268261432647705,0.0,6.1389142870903015
base,r10@mu_D,1.0,cake_impl_04,V,target,cake_preheat,-5.532539904117584,-5.6862316727638245,0.45268261432647705,0.15369176864624023,6.1389142870903015
base,r10@mu_D,2.0,cake_impl_04,V,target,cake_preheat,-5.5874649584293365,-5.6862316727638245,0.45268261432647705,0.09876671433448792,6.1389142870903015
base,r11@mu_D,0.0,cake_impl_04,V,target,cake_preheat,-5.6862316727638245,-5.6862316727638245,0.45268261432647705,0.0,6.1389142870903015
base,r11@mu_D,1.0,cake_impl_04,V,target,cake_preheat,-5.701461732387543,-5.6862316727638245,0.45268261432647705,-0.015230059623718262,6.1389142870903015
base,r11@mu_D,2.0,cake_impl_04,V,target,cake_preheat,-5.773446977138519,-5.6862316727638245,0.45268261432647705,-0.08721530437469482,6.1389142870903015
base,r12@mu_D,0.0,cake_impl_04,V,target,cake_preheat,-5.6862316727638245,-5.6862316727638245,0.45268261432647705,0.0,6.1389142870903015
base,r12@mu_D,1.0,cake_impl_04,V,target,cake_preheat,-5.700061410665512,-5.6862316727638245,0.45268261432647705,-0.013829737901687622,6.1389142870903015
base,r12@mu_D,2.0,cake_impl_04,V,target,cake_preheat,-5.630415290594101,-5.6862316727638245,0.45268261432647705,0.05581638216972351,6.1389142870903015
base,r13@mu_D,0.0,cake_impl_04,V,target,cake_preheat,-5.6862316727638245,-5.6862316727638245,0.45268261432647705,0.0,6.1389142870903015
base,r13@mu_D,1.0,cake_impl_04,V,target,cake_preheat,-5.827726721763611,-5.6862316727638245,0.45268261432647705,-0.14149504899978638,6.1389142870903015
base,r13@mu_D,2.0,cake_impl_04,V,target,cake_preheat,-6.069774568080902,-5.6862316727638245,0.45268261432647705,-0.38354289531707764,6.1389142870903015
base,r14@mu_D,0.0,cake_impl_04,V,target,cake_preheat,-5.6862316727638245,-5.6862316727638245,0.45268261432647705,0.0,6.1389142870903015
base,r14@mu_D,1.0,cake_impl_04,V,target,cake_preheat,-5.549779653549194,-5.6862316727638245,0.45268261432647705,0.13645201921463013,6.1389142870903015
base,r14@mu_D,2.0,cake_impl_04,V,target,cake_preheat,-5.73685485124588,-5.6862316727638245,0.45268261432647705,-0.050623178482055664,6.1389142870903015
base,r15@mu_D,0.0,cake_impl_04,V,target,cake_preheat,-5.6862316727638245,-5.6862316727638245,0.45268261432647705,0.0,6.1389142870903015
base,r15@mu_D,1.0,cake_impl_04,V,target,cake_preheat,-5.327627182006836,-5.6862316727638245,0.45268261432647705,0.3586044907569885,6.1389142870903015
base,r15@mu_D,2.0,cake_impl_04,V,target,cake_preheat,-5.037379026412964,-5.6862316727638245,0.45268261432647705,0.6488526463508606,6.1389142870903015
base,r16@mu_D,0.0,cake_impl_04,V,target,cake_preheat,-5.6862316727638245,-5.6862316727638245,0.45268261432647705,0.0,6.1389142870903015
base,r16@mu_D,1.0,cake_impl_04,V,target,cake_preheat,-5.617290139198303,-5.6862316727638245,0.45268261432647705,0.06894153356552124,6.1389142870903015
base,r16@mu_D,2.0,cake_impl_04,V,target,cake_preheat,-5.572386085987091,-5.6862316727638245,0.45268261432647705,0.1138455867767334,6.1389142870903015
base,r17@mu_D,0.0,cake_impl_04,V,target,cake_preheat,-5.6862316727638245,-5.6862316727638245,0.45268261432647705,0.0,6.1389142870903015
base,r17@mu_D,1.0,cake_impl_04,V,target,cake_preheat,-5.542455673217773,-5.6862316727638245,0.45268261432647705,0.14377599954605103,6.1389142870903015
base,r17@mu_D,2.0,cake_impl_04,V,target,cake_preheat,-5.686150819063187,-5.6862316727638245,0.45268261432647705,8.085370063781738e-05,6.1389142870903015
base,r18@mu_D,0.0,cake_impl_04,V,target,cake_preheat,-5.6862316727638245,-5.6862316727638245,0.45268261432647705,0.0,6.1389142870903015
base,r18@mu_D,1.0,cake_impl_04,V,target,cake_preheat,-5.512639999389648,-5.6862316727638245,0.45268261432647705,0.17359167337417603,6.1389142870903015
base,r18@mu_D,2.0,cake_impl_04,V,target,cake_preheat,-5.716281533241272,-5.6862316727638245,0.45268261432647705,-0.03004986047744751,6.1389142870903015
base,r19@mu_D,0.0,cake_impl_04,V,target,cake_preheat,-5.6862316727638245,-5.6862316727638245,0.45268261432647705,0.0,6.1389142870903015
base,r19@mu_D,1.0,cake_impl_04,V,target,cake_preheat,-5.596391797065735,-5.6862316727638245,0.45268261432647705,0.0898398756980896,6.1389142870903015
base,r19@mu_D,2.0,cake_impl_04,V,target,cake_preheat,-5.509019732475281,-5.6862316727638245,0.45268261432647705,0.1772119402885437,6.1389142870903015
base,r20@mu_D,0.0,cake_impl_04,V,target,cake_preheat,-5.6862316727638245,-5.6862316727638245,0.45268261432647705,0.0,6.1389142870903015
base,r20@mu_D,1.0,cake_impl_04,V,target,cake_preheat,-5.767922461032867,-5.6862316727638245,0.45268261432647705,-0.08169078826904297,6.1389142870903015
base,r20@mu_D,2.0,cake_impl_04,V,target,cake_preheat,-6.0751758217811584,-5.6862316727638245,0.45268261432647705,-0.388944149017334,6.1389142870903015
base,r21@mu_D,0.0,cake_impl_04,V,target,cake_preheat,-5.6862316727638245,-5.6862316727638245,0.45268261432647705,0.0,6.1389142870903015
base,r21@mu_D,1.0,cake_impl_04,V,target,cake_preheat,-5.900982737541199,-5.6862316727638245,0.45268261432647705,-0.21475106477737427,6.1389142870903015
base,r21@mu_D,2.0,cake_impl_04,V,target,cake_preheat,-6.078899621963501,-5.6862316727638245,0.45268261432647705,-0.3926679491996765,6.1389142870903015
base,r22@mu_D,0.0,cake_impl_04,V,target,cake_preheat,-5.6862316727638245,-5.6862316727638245,0.45268261432647705,0.0,6.1389142870903015
base,r22@mu_D,1.0,cake_impl_04,V,target,cake_preheat,-5.645610094070435,-5.6862316727638245,0.45268261432647705,0.04062157869338989,6.1389142870903015
base,r22@mu_D,2.0,cake_impl_04,V,target,cake_preheat,-5.8565833568573,-5.6862316727638245,0.45268261432647705,-0.17035168409347534,6.1389142870903015
finetuned,mu_D,0.0,cake_impl_04,V,target,cake_preheat,0.45268261432647705,-5.6862316727638245,0.45268261432647705,0.0,6.1389142870903015
finetuned,mu_D,1.0,cake_impl_04,V,target,cake_preheat,0.4622941017150879,-5.6862316727638245,0.45268261432647705,0.00961148738861084,6.1389142870903015
finetuned,mu_D,2.0,cake_impl_04,V,target,cake_preheat,0.7691251635551453,-5.6862316727638245,0.45268261432647705,0.3164425492286682,6.1389142870903015
finetuned,mu_Dprime_matched,0.0,cake_impl_04,V,target,cake_preheat,0.45268261432647705,-5.6862316727638245,0.45268261432647705,0.0,6.1389142870903015
finetuned,mu_Dprime_matched,1.0,cake_impl_04,V,target,cake_preheat,0.5810397863388062,-5.6862316727638245,0.45268261432647705,0.1283571720123291,6.1389142870903015
finetuned,mu_Dprime_matched,2.0,cake_impl_04,V,target,cake_preheat,0.7378787398338318,-5.6862316727638245,0.45268261432647705,0.28519612550735474,6.1389142870903015
finetuned,r0@mu_D,0.0,cake_impl_04,V,target,cake_preheat,0.45268261432647705,-5.6862316727638245,0.45268261432647705,0.0,6.1389142870903015
finetuned,r0@mu_D,1.0,cake_impl_04,V,target,cake_preheat,0.340218722820282,-5.6862316727638245,0.45268261432647705,-0.11246389150619507,6.1389142870903015
finetuned,r0@mu_D,2.0,cake_impl_04,V,target,cake_preheat,0.20879602432250977,-5.6862316727638245,0.45268261432647705,-0.24388659000396729,6.1389142870903015
finetuned,r1@mu_D,0.0,cake_impl_04,V,target,cake_preheat,0.45268261432647705,-5.6862316727638245,0.45268261432647705,0.0,6.1389142870903015
finetuned,r1@mu_D,1.0,cake_impl_04,V,target,cake_preheat,0.6139463782310486,-5.6862316727638245,0.45268261432647705,0.16126376390457153,6.1389142870903015
finetuned,r1@mu_D,2.0,cake_impl_04,V,target,cake_preheat,0.6021868586540222,-5.6862316727638245,0.45268261432647705,0.14950424432754517,6.1389142870903015
finetuned,r2@mu_D,0.0,cake_impl_04,V,target,cake_preheat,0.45268261432647705,-5.6862316727638245,0.45268261432647705,0.0,6.1389142870903015
finetuned,r2@mu_D,1.0,cake_impl_04,V,target,cake_preheat,0.5851448774337769,-5.6862316727638245,0.45268261432647705,0.1324622631072998,6.1389142870903015
finetuned,r2@mu_D,2.0,cake_impl_04,V,target,cake_preheat,0.7401562333106995,-5.6862316727638245,0.45268261432647705,0.2874736189842224,6.1389142870903015
finetuned,r3@mu_D,0.0,cake_impl_04,V,target,cake_preheat,0.45268261432647705,-5.6862316727638245,0.45268261432647705,0.0,6.1389142870903015
finetuned,r3@mu_D,1.0,cake_impl_04,V,target,cake_preheat,0.3295484185218811,-5.6862316727638245,0.45268261432647705,-0.12313419580459595,6.1389142870903015
finetuned,r3@mu_D,2.0,cake_impl_04,V,target,cake_preheat,0.20173752307891846,-5.6862316727638245,0.45268261432647705,-0.2509450912475586,6.1389142870903015
finetuned,r4@mu_D,0.0,cake_impl_04,V,target,cake_preheat,0.45268261432647705,-5.6862316727638245,0.45268261432647705,0.0,6.1389142870903015
finetuned,r4@mu_D,1.0,cake_impl_04,V,target,cake_preheat,0.4427222013473511,-5.6862316727638245,0.45268261432647705,-0.009960412979125977,6.1389142870903015
finetuned,r4@mu_D,2.0,cake_impl_04,V,target,cake_preheat,0.5671907067298889,-5.6862316727638245,0.45268261432647705,0.11450809240341187,6.1389142870903015
finetuned,r5@mu_D,0.0,cake_impl_04,V,target,cake_preheat,0.45268261432647705,-5.6862316727638245,0.45268261432647705,0.0,6.1389142870903015
finetuned,r5@mu_D,1.0,cake_impl_04,V,target,cake_preheat,0.18462610244750977,-5.6862316727638245,0.45268261432647705,-0.2680565118789673,6.1389142870903015
finetuned,r5@mu_D,2.0,cake_impl_04,V,target,cake_preheat,0.1834891438484192,-5.6862316727638245,0.45268261432647705,-0.26919347047805786,6.1389142870903015
finetuned,r6@mu_D,0.0,cake_impl_04,V,target,cake_preheat,0.45268261432647705,-5.6862316727638245,0.45268261432647705,0.0,6.1389142870903015
finetuned,r6@mu_D,1.0,cake_impl_04,V,target,cake_preheat,0.4519546627998352,-5.6862316727638245,0.45268261432647705,-0.0007279515266418457,6.1389142870903015
finetuned,r6@mu_D,2.0,cake_impl_04,V,target,cake_preheat,0.44800865650177,-5.6862316727638245,0.45268261432647705,-0.004673957824707031,6.1389142870903015
finetuned,r7@mu_D,0.0,cake_impl_04,V,target,cake_preheat,0.45268261432647705,-5.6862316727638245,0.45268261432647705,0.0,6.1389142870903015
finetuned,r7@mu_D,1.0,cake_impl_04,V,target,cake_preheat,0.3052234649658203,-5.6862316727638245,0.45268261432647705,-0.14745914936065674,6.1389142870903015
finetuned,r7@mu_D,2.0,cake_impl_04,V,target,cake_preheat,0.45315515995025635,-5.6862316727638245,0.45268261432647705,0.0004725456237792969,6.1389142870903015
finetuned,r8@mu_D,0.0,cake_impl_04,V,target,cake_preheat,0.45268261432647705,-5.6862316727638245,0.45268261432647705,0.0,6.1389142870903015
finetuned,r8@mu_D,1.0,cake_impl_04,V,target,cake_preheat,0.4509848356246948,-5.6862316727638245,0.45268261432647705,-0.0016977787017822266,6.1389142870903015
finetuned,r8@mu_D,2.0,cake_impl_04,V,target,cake_preheat,0.31742537021636963,-5.6862316727638245,0.45268261432647705,-0.13525724411010742,6.1389142870903015
finetuned,r9@mu_D,0.0,cake_impl_04,V,target,cake_preheat,0.45268261432647705,-5.6862316727638245,0.45268261432647705,0.0,6.1389142870903015
finetuned,r9@mu_D,1.0,cake_impl_04,V,target,cake_preheat,0.44953542947769165,-5.6862316727638245,0.45268261432647705,-0.0031471848487854004,6.1389142870903015
finetuned,r9@mu_D,2.0,cake_impl_04,V,target,cake_preheat,0.4627065658569336,-5.6862316727638245,0.45268261432647705,0.010023951530456543,6.1389142870903015
finetuned,r10@mu_D,0.0,cake_impl_04,V,target,cake_preheat,0.45268261432647705,-5.6862316727638245,0.45268261432647705,0.0,6.1389142870903015
finetuned,r10@mu_D,1.0,cake_impl_04,V,target,cake_preheat,0.5990782380104065,-5.6862316727638245,0.45268261432647705,0.14639562368392944,6.1389142870903015
finetuned,r10@mu_D,2.0,cake_impl_04,V,target,cake_preheat,0.7505082488059998,-5.6862316727638245,0.45268261432647705,0.2978256344795227,6.1389142870903015
finetuned,r11@mu_D,0.0,cake_impl_04,V,target,cake_preheat,0.45268261432647705,-5.6862316727638245,0.45268261432647705,0.0,6.1389142870903015
finetuned,r11@mu_D,1.0,cake_impl_04,V,target,cake_preheat,0.3057438135147095,-5.6862316727638245,0.45268261432647705,-0.14693880081176758,6.1389142870903015
finetuned,r11@mu_D,2.0,cake_impl_04,V,target,cake_preheat,0.15669620037078857,-5.6862316727638245,0.45268261432647705,-0.2959864139556885,6.1389142870903015
finetuned,r12@mu_D,0.0,cake_impl_04,V,target,cake_preheat,0.45268261432647705,-5.6862316727638245,0.45268261432647705,0.0,6.1389142870903015
finetuned,r12@mu_D,1.0,cake_impl_04,V,target,cake_preheat,0.4569808840751648,-5.6862316727638245,0.45268261432647705,0.004298269748687744,6.1389142870903015
finetuned,r12@mu_D,2.0,cake_impl_04,V,target,cake_preheat,0.5011098384857178,-5.6862316727638245,0.45268261432647705,0.04842722415924072,6.1389142870903015
finetuned,r13@mu_D,0.0,cake_impl_04,V,target,cake_preheat,0.45268261432647705,-5.6862316727638245,0.45268261432647705,0.0,6.1389142870903015
finetuned,r13@mu_D,1.0,cake_impl_04,V,target,cake_preheat,0.4596707224845886,-5.6862316727638245,0.45268261432647705,0.006988108158111572,6.1389142870903015
finetuned,r13@mu_D,2.0,cake_impl_04,V,target,cake_preheat,0.466147780418396,-5.6862316727638245,0.45268261432647705,0.013465166091918945,6.1389142870903015
finetuned,r14@mu_D,0.0,cake_impl_04,V,target,cake_preheat,0.45268261432647705,-5.6862316727638245,0.45268261432647705,0.0,6.1389142870903015
finetuned,r14@mu_D,1.0,cake_impl_04,V,target,cake_preheat,0.4867369532585144,-5.6862316727638245,0.45268261432647705,0.034054338932037354,6.1389142870903015
finetuned,r14@mu_D,2.0,cake_impl_04,V,target,cake_preheat,0.6498377919197083,-5.6862316727638245,0.45268261432647705,0.1971551775932312,6.1389142870903015
finetuned,r15@mu_D,0.0,cake_impl_04,V,target,cake_preheat,0.45268261432647705,-5.6862316727638245,0.45268261432647705,0.0,6.1389142870903015
finetuned,r15@mu_D,1.0,cake_impl_04,V,target,cake_preheat,0.3341548442840576,-5.6862316727638245,0.45268261432647705,-0.11852777004241943,6.1389142870903015
finetuned,r15@mu_D,2.0,cake_impl_04,V,target,cake_preheat,0.4766087532043457,-5.6862316727638245,0.45268261432647705,0.023926138877868652,6.1389142870903015
finetuned,r16@mu_D,0.0,cake_impl_04,V,target,cake_preheat,0.45268261432647705,-5.6862316727638245,0.45268261432647705,0.0,6.1389142870903015
finetuned,r16@mu_D,1.0,cake_impl_04,V,target,cake_preheat,0.31729018688201904,-5.6862316727638245,0.45268261432647705,-0.135392427444458,6.1389142870903015
finetuned,r16@mu_D,2.0,cake_impl_04,V,target,cake_preheat,0.33370304107666016,-5.6862316727638245,0.45268261432647705,-0.1189795732498169,6.1389142870903015
finetuned,r17@mu_D,0.0,cake_impl_04,V,target,cake_preheat,0.45268261432647705,-5.6862316727638245,0.45268261432647705,0.0,6.1389142870903015
finetuned,r17@mu_D,1.0,cake_impl_04,V,target,cake_preheat,0.5802143216133118,-5.6862316727638245,0.45268261432647705,0.12753170728683472,6.1389142870903015
finetuned,r17@mu_D,2.0,cake_impl_04,V,target,cake_preheat,0.8849239349365234,-5.6862316727638245,0.45268261432647705,0.4322413206100464,6.1389142870903015
finetuned,r18@mu_D,0.0,cake_impl_04,V,target,cake_preheat,0.45268261432647705,-5.6862316727638245,0.45268261432647705,0.0,6.1389142870903015
finetuned,r18@mu_D,1.0,cake_impl_04,V,target,cake_preheat,0.30259954929351807,-5.6862316727638245,0.45268261432647705,-0.15008306503295898,6.1389142870903015
finetuned,r18@mu_D,2.0,cake_impl_04,V,target,cake_preheat,0.29606354236602783,-5.6862316727638245,0.45268261432647705,-0.15661907196044922,6.1389142870903015
finetuned,r19@mu_D,0.0,cake_impl_04,V,target,cake_preheat,0.45268261432647705,-5.6862316727638245,0.45268261432647705,0.0,6.1389142870903015
finetuned,r19@mu_D,1.0,cake_impl_04,V,target,cake_preheat,0.46481597423553467,-5.6862316727638245,0.45268261432647705,0.012133359909057617,6.1389142870903015
finetuned,r19@mu_D,2.0,cake_impl_04,V,target,cake_preheat,0.47438496351242065,-5.6862316727638245,0.45268261432647705,0.021702349185943604,6.1389142870903015
finetuned,r20@mu_D,0.0,cake_impl_04,V,target,cake_preheat,0.45268261432647705,-5.6862316727638245,0.45268261432647705,0.0,6.1389142870903015
finetuned,r20@mu_D,1.0,cake_impl_04,V,target,cake_preheat,0.47681546211242676,-5.6862316727638245,0.45268261432647705,0.024132847785949707,6.1389142870903015
finetuned,r20@mu_D,2.0,cake_impl_04,V,target,cake_preheat,0.5007585287094116,-5.6862316727638245,0.45268261432647705,0.04807591438293457,6.1389142870903015
finetuned,r21@mu_D,0.0,cake_impl_04,V,target,cake_preheat,0.45268261432647705,-5.6862316727638245,0.45268261432647705,0.0,6.1389142870903015
finetuned,r21@mu_D,1.0,cake_impl_04,V,target,cake_preheat,0.3202289342880249,-5.6862316727638245,0.45268261432647705,-0.13245368003845215,6.1389142870903015
finetuned,r21@mu_D,2.0,cake_impl_04,V,target,cake_preheat,0.4306516647338867,-5.6862316727638245,0.45268261432647705,-0.022030949592590332,6.1389142870903015
finetuned,r22@mu_D,0.0,cake_impl_04,V,target,cake_preheat,0.45268261432647705,-5.6862316727638245,0.45268261432647705,0.0,6.1389142870903015
finetuned,r22@mu_D,1.0,cake_impl_04,V,target,cake_preheat,0.3262935280799866,-5.6862316727638245,0.45268261432647705,-0.12638908624649048,6.1389142870903015
finetuned,r22@mu_D,2.0,cake_impl_04,V,target,cake_preheat,0.05722522735595703,-5.6862316727638245,0.45268261432647705,-0.39545738697052,6.1389142870903015
base,mu_D,0.0,cake_impl_03,V,target,cake_impl_03,-7.101009950041771,-7.101009950041771,0.3668872117996216,0.0,7.4678971618413925
base,mu_D,1.0,cake_impl_03,V,target,cake_impl_03,-7.055922031402588,-7.101009950041771,0.3668872117996216,0.045087918639183044,7.4678971618413925
base,mu_D,2.0,cake_impl_03,V,target,cake_impl_03,-7.061288893222809,-7.101009950041771,0.3668872117996216,0.0397210568189621,7.4678971618413925
base,mu_Dprime_matched,0.0,cake_impl_03,V,target,cake_impl_03,-7.101009950041771,-7.101009950041771,0.3668872117996216,0.0,7.4678971618413925
base,mu_Dprime_matched,1.0,cake_impl_03,V,target,cake_impl_03,-6.9372778236866,-7.101009950041771,0.3668872117996216,0.1637321263551712,7.4678971618413925
base,mu_Dprime_matched,2.0,cake_impl_03,V,target,cake_impl_03,-6.884318947792053,-7.101009950041771,0.3668872117996216,0.2166910022497177,7.4678971618413925
base,r0@mu_D,0.0,cake_impl_03,V,target,cake_impl_03,-7.101009950041771,-7.101009950041771,0.3668872117996216,0.0,7.4678971618413925
base,r0@mu_D,1.0,cake_impl_03,V,target,cake_impl_03,-7.020533353090286,-7.101009950041771,0.3668872117996216,0.08047659695148468,7.4678971618413925
base,r0@mu_D,2.0,cake_impl_03,V,target,cake_impl_03,-7.146063208580017,-7.101009950041771,0.3668872117996216,-0.045053258538246155,7.4678971618413925
base,r1@mu_D,0.0,cake_impl_03,V,target,cake_impl_03,-7.101009950041771,-7.101009950041771,0.3668872117996216,0.0,7.4678971618413925
base,r1@mu_D,1.0,cake_impl_03,V,target,cake_impl_03,-7.168237075209618,-7.101009950041771,0.3668872117996216,-0.06722712516784668,7.4678971618413925
base,r1@mu_D,2.0,cake_impl_03,V,target,cake_impl_03,-7.026869863271713,-7.101009950041771,0.3668872117996216,0.07414008677005768,7.4678971618413925
base,r2@mu_D,0.0,cake_impl_03,V,target,cake_impl_03,-7.101009950041771,-7.101009950041771,0.3668872117996216,0.0,7.4678971618413925
base,r2@mu_D,1.0,cake_impl_03,V,target,cake_impl_03,-7.020611718297005,-7.101009950041771,0.3668872117996216,0.08039823174476624,7.4678971618413925
base,r2@mu_D,2.0,cake_impl_03,V,target,cake_impl_03,-7.27067431807518,-7.101009950041771,0.3668872117996216,-0.16966436803340912,7.4678971618413925
base,r3@mu_D,0.0,cake_impl_03,V,target,cake_impl_03,-7.101009950041771,-7.101009950041771,0.3668872117996216,0.0,7.4678971618413925
base,r3@mu_D,1.0,cake_impl_03,V,target,cake_impl_03,-7.102585062384605,-7.101009950041771,0.3668872117996216,-0.0015751123428344727,7.4678971618413925
base,r3@mu_D,2.0,cake_impl_03,V,target,cake_impl_03,-7.121634528040886,-7.101009950041771,0.3668872117996216,-0.02062457799911499,7.4678971618413925
base,r4@mu_D,0.0,cake_impl_03,V,target,cake_impl_03,-7.101009950041771,-7.101009950041771,0.3668872117996216,0.0,7.4678971618413925
base,r4@mu_D,1.0,cake_impl_03,V,target,cake_impl_03,-6.894911155104637,-7.101009950041771,0.3668872117996216,0.2060987949371338,7.4678971618413925
base,r4@mu_D,2.0,cake_impl_03,V,target,cake_impl_03,-6.764581769704819,-7.101009950041771,0.3668872117996216,0.3364281803369522,7.4678971618413925
base,r5@mu_D,0.0,cake_impl_03,V,target,cake_impl_03,-7.101009950041771,-7.101009950041771,0.3668872117996216,0.0,7.4678971618413925
base,r5@mu_D,1.0,cake_impl_03,V,target,cake_impl_03,-7.100497782230377,-7.101009950041771,0.3668872117996216,0.0005121678113937378,7.4678971618413925
base,r5@mu_D,2.0,cake_impl_03,V,target,cake_impl_03,-7.054281562566757,-7.101009950041771,0.3668872117996216,0.04672838747501373,7.4678971618413925
base,r6@mu_D,0.0,cake_impl_03,V,target,cake_impl_03,-7.101009950041771,-7.101009950041771,0.3668872117996216,0.0,7.4678971618413925
base,r6@mu_D,1.0,cake_impl_03,V,target,cake_impl_03,-6.968870013952255,-7.101009950041771,0.3668872117996216,0.13213993608951569,7.4678971618413925
base,r6@mu_D,2.0,cake_impl_03,V,target,cake_impl_03,-6.9226208329200745,-7.101009950041771,0.3668872117996216,0.17838911712169647,7.4678971618413925
base,r7@mu_D,0.0,cake_impl_03,V,target,cake_impl_03,-7.101009950041771,-7.101009950041771,0.3668872117996216,0.0,7.4678971618413925
base,r7@mu_D,1.0,cake_impl_03,V,target,cake_impl_03,-7.227289289236069,-7.101009950041771,0.3668872117996216,-0.1262793391942978,7.4678971618413925
base,r7@mu_D,2.0,cake_impl_03,V,target,cake_impl_03,-7.152197539806366,-7.101009950041771,0.3668872117996216,-0.05118758976459503,7.4678971618413925
base,r8@mu_D,0.0,cake_impl_03,V,target,cake_impl_03,-7.101009950041771,-7.101009950041771,0.3668872117996216,0.0,7.4678971618413925
base,r8@mu_D,1.0,cake_impl_03,V,target,cake_impl_03,-7.095095843076706,-7.101009950041771,0.3668872117996216,0.0059141069650650024,7.4678971618413925
base,r8@mu_D,2.0,cake_impl_03,V,target,cake_impl_03,-7.300768405199051,-7.101009950041771,0.3668872117996216,-0.19975845515727997,7.4678971618413925
base,r9@mu_D,0.0,cake_impl_03,V,target,cake_impl_03,-7.101009950041771,-7.101009950041771,0.3668872117996216,0.0,7.4678971618413925
base,r9@mu_D,1.0,cake_impl_03,V,target,cake_impl_03,-7.351088851690292,-7.101009950041771,0.3668872117996216,-0.2500789016485214,7.4678971618413925
base,r9@mu_D,2.0,cake_impl_03,V,target,cake_impl_03,-7.358704686164856,-7.101009950041771,0.3668872117996216,-0.257694736123085,7.4678971618413925
base,r10@mu_D,0.0,cake_impl_03,V,target,cake_impl_03,-7.101009950041771,-7.101009950041771,0.3668872117996216,0.0,7.4678971618413925
base,r10@mu_D,1.0,cake_impl_03,V,target,cake_impl_03,-7.100896269083023,-7.101009950041771,0.3668872117996216,0.00011368095874786377,7.4678971618413925
base,r10@mu_D,2.0,cake_impl_03,V,target,cake_impl_03,-7.0418078154325485,-7.101009950041771,0.3668872117996216,0.05920213460922241,7.4678971618413925
base,r11@mu_D,0.0,cake_impl_03,V,target,cake_impl_03,-7.101009950041771,-7.101009950041771,0.3668872117996216,0.0,7.4678971618413925
base,r11@mu_D,1.0,cake_impl_03,V,target,cake_impl_03,-7.0354343354702,-7.101009950041771,0.3668872117996216,0.06557561457157135,7.4678971618413925
base,r11@mu_D,2.0,cake_impl_03,V,target,cake_impl_03,-7.061602085828781,-7.101009950041771,0.3668872117996216,0.03940786421298981,7.4678971618413925
base,r12@mu_D,0.0,cake_impl_03,V,target,cake_impl_03,-7.101009950041771,-7.101009950041771,0.3668872117996216,0.0,7.4678971618413925
base,r12@mu_D,1.0,cake_impl_03,V,target,cake_impl_03,-7.037101432681084,-7.101009950041771,0.3668872117996216,0.06390851736068726,7.4678971618413925
base,r12@mu_D,2.0,cake_impl_03,V,target,cake_impl_03,-7.12098003923893,-7.101009950041771,0.3668872117996216,-0.019970089197158813,7.4678971618413925
base,r13@mu_D,0.0,cake_impl_03,V,target,cake_impl_03,-7.101009950041771,-7.101009950041771,0.3668872117996216,0.0,7.4678971618413925
base,r13@mu_D,1.0,cake_impl_03,V,target,cake_impl_03,-7.120495870709419,-7.101009950041771,0.3668872117996216,-0.019485920667648315,7.4678971618413925
base,r13@mu_D,2.0,cake_impl_03,V,target,cake_impl_03,-7.038745105266571,-7.101009950041771,0.3668872117996216,0.06226484477519989,7.4678971618413925
base,r14@mu_D,0.0,cake_impl_03,V,target,cake_impl_03,-7.101009950041771,-7.101009950041771,0.3668872117996216,0.0,7.4678971618413925
base,r14@mu_D,1.0,cake_impl_03,V,target,cake_impl_03,-7.042663663625717,-7.101009950041771,0.3668872117996216,0.05834628641605377,7.4678971618413925
base,r14@mu_D,2.0,cake_impl_03,V,target,cake_impl_03,-7.008647233247757,-7.101009950041771,0.3668872117996216,0.09236271679401398,7.4678971618413925
base,r15@mu_D,0.0,cake_impl_03,V,target,cake_impl_03,-7.101009950041771,-7.101009950041771,0.3668872117996216,0.0,7.4678971618413925
base,r15@mu_D,1.0,cake_impl_03,V,target,cake_impl_03,-7.225943922996521,-7.101009950041771,0.3668872117996216,-0.12493397295475006,7.4678971618413925
base,r15@mu_D,2.0,cake_impl_03,V,target,cake_impl_03,-7.101562947034836,-7.101009950041771,0.3668872117996216,-0.0005529969930648804,7.4678971618413925
base,r16@mu_D,0.0,cake_impl_03,V,target,cake_impl_03,-7.101009950041771,-7.101009950041771,0.3668872117996216,0.0,7.4678971618413925
base,r16@mu_D,1.0,cake_impl_03,V,target,cake_impl_03,-7.102350145578384,-7.101009950041771,0.3668872117996216,-0.0013401955366134644,7.4678971618413925
base,r16@mu_D,2.0,cake_impl_03,V,target,cake_impl_03,-7.046349376440048,-7.101009950041771,0.3668872117996216,0.05466057360172272,7.4678971618413925
base,r17@mu_D,0.0,cake_impl_03,V,target,cake_impl_03,-7.101009950041771,-7.101009950041771,0.3668872117996216,0.0,7.4678971618413925
base,r17@mu_D,1.0,cake_impl_03,V,target,cake_impl_03,-7.021227613091469,-7.101009950041771,0.3668872117996216,0.07978233695030212,7.4678971618413925
base,r17@mu_D,2.0,cake_impl_03,V,target,cake_impl_03,-6.9662929475307465,-7.101009950041771,0.3668872117996216,0.13471700251102448,7.4678971618413925
base,r18@mu_D,0.0,cake_impl_03,V,target,cake_impl_03,-7.101009950041771,-7.101009950041771,0.3668872117996216,0.0,7.4678971618413925
base,r18@mu_D,1.0,cake_impl_03,V,target,cake_impl_03,-7.093770891427994,-7.101009950041771,0.3668872117996216,0.007239058613777161,7.4678971618413925
base,r18@mu_D,2.0,cake_impl_03,V,target,cake_impl_03,-6.9862876534461975,-7.101009950041771,0.3668872117996216,0.11472229659557343,7.4678971618413925
base,r19@mu_D,0.0,cake_impl_03,V,target,cake_impl_03,-7.101009950041771,-7.101009950041771,0.3668872117996216,0.0,7.4678971618413925
base,r19@mu_D,1.0,cake_impl_03,V,target,cake_impl_03,-7.102414906024933,-7.101009950041771,0.3668872117996216,-0.0014049559831619263,7.4678971618413925
base,r19@mu_D,2.0,cake_impl_03,V,target,cake_impl_03,-7.020661562681198,-7.101009950041771,0.3668872117996216,0.08034838736057281,7.4678971618413925
base,r20@mu_D,0.0,cake_impl_03,V,target,cake_impl_03,-7.101009950041771,-7.101009950041771,0.3668872117996216,0.0,7.4678971618413925
base,r20@mu_D,1.0,cake_impl_03,V,target,cake_impl_03,-7.162194386124611,-7.101009950041771,0.3668872117996216,-0.061184436082839966,7.4678971618413925
base,r20@mu_D,2.0,cake_impl_03,V,target,cake_impl_03,-7.089010536670685,-7.101009950041771,0.3668872117996216,0.01199941337108612,7.4678971618413925
base,r21@mu_D,0.0,cake_impl_03,V,target,cake_impl_03,-7.101009950041771,-7.101009950041771,0.3668872117996216,0.0,7.4678971618413925
base,r21@mu_D,1.0,cake_impl_03,V,target,cake_impl_03,-7.094041466712952,-7.101009950041771,0.3668872117996216,0.006968483328819275,7.4678971618413925
base,r21@mu_D,2.0,cake_impl_03,V,target,cake_impl_03,-7.0263687670230865,-7.101009950041771,0.3668872117996216,0.07464118301868439,7.4678971618413925
base,r22@mu_D,0.0,cake_impl_03,V,target,cake_impl_03,-7.101009950041771,-7.101009950041771,0.3668872117996216,0.0,7.4678971618413925
base,r22@mu_D,1.0,cake_impl_03,V,target,cake_impl_03,-7.042352557182312,-7.101009950041771,0.3668872117996216,0.05865739285945892,7.4678971618413925
base,r22@mu_D,2.0,cake_impl_03,V,target,cake_impl_03,-6.916971310973167,-7.101009950041771,0.3668872117996216,0.18403863906860352,7.4678971618413925
finetuned,mu_D,0.0,cake_impl_03,V,target,cake_impl_03,0.3668872117996216,-7.101009950041771,0.3668872117996216,0.0,7.4678971618413925
finetuned,mu_D,1.0,cake_impl_03,V,target,cake_impl_03,0.621285080909729,-7.101009950041771,0.3668872117996216,0.2543978691101074,7.4678971618413925
finetuned,mu_D,2.0,cake_impl_03,V,target,cake_impl_03,0.7487227916717529,-7.101009950041771,0.3668872117996216,0.38183557987213135,7.4678971618413925
finetuned,mu_Dprime_matched,0.0,cake_impl_03,V,target,cake_impl_03,0.3668872117996216,-7.101009950041771,0.3668872117996216,0.0,7.4678971618413925
finetuned,mu_Dprime_matched,1.0,cake_impl_03,V,target,cake_impl_03,0.6201850175857544,-7.101009950041771,0.3668872117996216,0.2532978057861328,7.4678971618413925
finetuned,mu_Dprime_matched,2.0,cake_impl_03,V,target,cake_impl_03,0.6232089996337891,-7.101009950041771,0.3668872117996216,0.2563217878341675,7.4678971618413925
finetuned,r0@mu_D,0.0,cake_impl_03,V,target,cake_impl_03,0.3668872117996216,-7.101009950041771,0.3668872117996216,0.0,7.4678971618413925
finetuned,r0@mu_D,1.0,cake_impl_03,V,target,cake_impl_03,0.368546724319458,-7.101009950041771,0.3668872117996216,0.0016595125198364258,7.4678971618413925
finetuned,r0@mu_D,2.0,cake_impl_03,V,target,cake_impl_03,0.2420133352279663,-7.101009950041771,0.3668872117996216,-0.12487387657165527,7.4678971618413925
finetuned,r1@mu_D,0.0,cake_impl_03,V,target,cake_impl_03,0.3668872117996216,-7.101009950041771,0.3668872117996216,0.0,7.4678971618413925
finetuned,r1@mu_D,1.0,cake_impl_03,V,target,cake_impl_03,0.49286019802093506,-7.101009950041771,0.3668872117996216,0.12597298622131348,7.4678971618413925
finetuned,r1@mu_D,2.0,cake_impl_03,V,target,cake_impl_03,0.3664156198501587,-7.101009950041771,0.3668872117996216,-0.0004715919494628906,7.4678971618413925
finetuned,r2@mu_D,0.0,cake_impl_03,V,target,cake_impl_03,0.3668872117996216,-7.101009950041771,0.3668872117996216,0.0,7.4678971618413925
finetuned,r2@mu_D,1.0,cake_impl_03,V,target,cake_impl_03,0.619140625,-7.101009950041771,0.3668872117996216,0.2522534132003784,7.4678971618413925
finetuned,r2@mu_D,2.0,cake_impl_03,V,target,cake_impl_03,0.746974766254425,-7.101009950041771,0.3668872117996216,0.38008755445480347,7.4678971618413925
finetuned,r3@mu_D,0.0,cake_impl_03,V,target,cake_impl_03,0.3668872117996216,-7.101009950041771,0.3668872117996216,0.0,7.4678971618413925
finetuned,r3@mu_D,1.0,cake_impl_03,V,target,cake_impl_03,0.3660414218902588,-7.101009950041771,0.3668872117996216,-0.000845789909362793,7.4678971618413925
finetuned,r3@mu_D,2.0,cake_impl_03,V,target,cake_impl_03,0.3658534288406372,-7.101009950041771,0.3668872117996216,-0.001033782958984375,7.4678971618413925
finetuned,r4@mu_D,0.0,cake_impl_03,V,target,cake_impl_03,0.3668872117996216,-7.101009950041771,0.3668872117996216,0.0,7.4678971618413925
finetuned,r4@mu_D,1.0,cake_impl_03,V,target,cake_impl_03,0.6195287108421326,-7.101009950041771,0.3668872117996216,0.252641499042511,7.4678971618413925
finetuned,r4@mu_D,2.0,cake_impl_03,V,target,cake_impl_03,0.7438953518867493,-7.101009950041771,0.3668872117996216,0.3770081400871277,7.4678971618413925
finetuned,r5@mu_D,0.0,cake_impl_03,V,target,cake_impl_03,0.3668872117996216,-7.101009950041771,0.3668872117996216,0.0,7.4678971618413925
finetuned,r5@mu_D,1.0,cake_impl_03,V,target,cake_impl_03,0.36860191822052,-7.101009950041771,0.3668872117996216,0.0017147064208984375,7.4678971618413925
finetuned,r5@mu_D,2.0,cake_impl_03,V,target,cake_impl_03,0.49314939975738525,-7.101009950041771,0.3668872117996216,0.12626218795776367,7.4678971618413925
finetuned,r6@mu_D,0.0,cake_impl_03,V,target,cake_impl_03,0.3668872117996216,-7.101009950041771,0.3668872117996216,0.0,7.4678971618413925
finetuned,r6@mu_D,1.0,cake_impl_03,V,target,cake_impl_03,0.3671698570251465,-7.101009950041771,0.3668872117996216,0.00028264522552490234,7.4678971618413925
finetuned,r6@mu_D,2.0,cake_impl_03,V,target,cake_impl_03,0.3599199056625366,-7.101009950041771,0.3668872117996216,-0.006967306137084961,7.4678971618413925
finetuned,r7@mu_D,0.0,cake_impl_03,V,target,cake_impl_03,0.3668872117996216,-7.101009950041771,0.3668872117996216,0.0,7.4678971618413925
finetuned,r7@mu_D,1.0,cake_impl_03,V,target,cake_impl_03,0.49332761764526367,-7.101009950041771,0.3668872117996216,0.1264404058456421,7.4678971618413925
finetuned,r7@mu_D,2.0,cake_impl_03,V,target,cake_impl_03,0.4926033020019531,-7.101009950041771,0.3668872117996216,0.12571609020233154,7.4678971618413925
finetuned,r8@mu_D,0.0,cake_impl_03,V,target,cake_impl_03,0.3668872117996216,-7.101009950041771,0.3668872117996216,0.0,7.4678971618413925
finetuned,r8@mu_D,1.0,cake_impl_03,V,target,cake_impl_03,0.49125897884368896,-7.101009950041771,0.3668872117996216,0.12437176704406738,7.4678971618413925
finetuned,r8@mu_D,2.0,cake_impl_03,V,target,cake_impl_03,0.6178094148635864,-7.101009950041771,0.3668872117996216,0.25092220306396484,7.4678971618413925
finetuned,r9@mu_D,0.0,cake_impl_03,V,target,cake_impl_03,0.3668872117996216,-7.101009950041771,0.3668872117996216,0.0,7.4678971618413925
finetuned,r9@mu_D,1.0,cake_impl_03,V,target,cake_impl_03,0.49551403522491455,-7.101009950041771,0.3668872117996216,0.12862682342529297,7.4678971618413925
finetuned,r9@mu_D,2.0,cake_impl_03,V,target,cake_impl_03,0.7463881969451904,-7.101009950041771,0.3668872117996216,0.37950098514556885,7.4678971618413925
finetuned,r10@mu_D,0.0,cake_impl_03,V,target,cake_impl_03,0.3668872117996216,-7.101009950041771,0.3668872117996216,0.0,7.4678971618413925
finetuned,r10@mu_D,1.0,cake_impl_03,V,target,cake_impl_03,0.4944571256637573,-7.101009950041771,0.3668872117996216,0.12756991386413574,7.4678971618413925
finetuned,r10@mu_D,2.0,cake_impl_03,V,target,cake_impl_03,0.6172763109207153,-7.101009950041771,0.3668872117996216,0.25038909912109375,7.4678971618413925
finetuned,r11@mu_D,0.0,cake_impl_03,V,target,cake_impl_03,0.3668872117996216,-7.101009950041771,0.3668872117996216,0.0,7.4678971618413925
finetuned,r11@mu_D,1.0,cake_impl_03,V,target,cake_impl_03,0.36529242992401123,-7.101009950041771,0.3668872117996216,-0.0015947818756103516,7.4678971618413925
finetuned,r11@mu_D,2.0,cake_impl_03,V,target,cake_impl_03,0.36501777172088623,-7.101009950041771,0.3668872117996216,-0.0018694400787353516,7.4678971618413925
finetuned,r12@mu_D,0.0,cake_impl_03,V,target,cake_impl_03,0.3668872117996216,-7.101009950041771,0.3668872117996216,0.0,7.4678971618413925
finetuned,r12@mu_D,1.0,cake_impl_03,V,target,cake_impl_03,0.36676716804504395,-7.101009950041771,0.3668872117996216,-0.00012004375457763672,7.4678971618413925
finetuned,r12@mu_D,2.0,cake_impl_03,V,target,cake_impl_03,0.3680601119995117,-7.101009950041771,0.3668872117996216,0.0011729001998901367,7.4678971618413925
finetuned,r13@mu_D,0.0,cake_impl_03,V,target,cake_impl_03,0.3668872117996216,-7.101009950041771,0.3668872117996216,0.0,7.4678971618413925
finetuned,r13@mu_D,1.0,cake_impl_03,V,target,cake_impl_03,0.4927806854248047,-7.101009950041771,0.3668872117996216,0.1258934736251831,7.4678971618413925
finetuned,r13@mu_D,2.0,cake_impl_03,V,target,cake_impl_03,0.6178864240646362,-7.101009950041771,0.3668872117996216,0.25099921226501465,7.4678971618413925
finetuned,r14@mu_D,0.0,cake_impl_03,V,target,cake_impl_03,0.3668872117996216,-7.101009950041771,0.3668872117996216,0.0,7.4678971618413925
finetuned,r14@mu_D,1.0,cake_impl_03,V,target,cake_impl_03,0.7450581789016724,-7.101009950041771,0.3668872117996216,0.3781709671020508,7.4678971618413925
finetuned,r14@mu_D,2.0,cake_impl_03,V,target,cake_impl_03,0.8733826875686646,-7.101009950041771,0.3668872117996216,0.506495475769043,7.4678971618413925
finetuned,r15@mu_D,0.0,cake_impl_03,V,target,cake_impl_03,0.3668872117996216,-7.101009950041771,0.3668872117996216,0.0,7.4678971618413925
finetuned,r15@mu_D,1.0,cake_impl_03,V,target,cake_impl_03,0.36605119705200195,-7.101009950041771,0.3668872117996216,-0.0008360147476196289,7.4678971618413925
finetuned,r15@mu_D,2.0,cake_impl_03,V,target,cake_impl_03,0.3659384250640869,-7.101009950041771,0.3668872117996216,-0.000948786735534668,7.4678971618413925
finetuned,r16@mu_D,0.0,cake_impl_03,V,target,cake_impl_03,0.3668872117996216,-7.101009950041771,0.3668872117996216,0.0,7.4678971618413925
finetuned,r16@mu_D,1.0,cake_impl_03,V,target,cake_impl_03,0.366949200630188,-7.101009950041771,0.3668872117996216,6.198883056640625e-05,7.4678971618413925
finetuned,r16@mu_D,2.0,cake_impl_03,V,target,cake_impl_03,0.36879420280456543,-7.101009950041771,0.3668872117996216,0.0019069910049438477,7.4678971618413925
finetuned,r17@mu_D,0.0,cake_impl_03,V,target,cake_impl_03,0.3668872117996216,-7.101009950041771,0.3668872117996216,0.0,7.4678971618413925
finetuned,r17@mu_D,1.0,cake_impl_03,V,target,cake_impl_03,0.7464975714683533,-7.101009950041771,0.3668872117996216,0.3796103596687317,7.4678971618413925
finetuned,r17@mu_D,2.0,cake_impl_03,V,target,cake_impl_03,1.1256901025772095,-7.101009950041771,0.3668872117996216,0.7588028907775879,7.4678971618413925
finetuned,r18@mu_D,0.0,cake_impl_03,V,target,cake_impl_03,0.3668872117996216,-7.101009950041771,0.3668872117996216,0.0,7.4678971618413925
finetuned,r18@mu_D,1.0,cake_impl_03,V,target,cake_impl_03,0.3643362522125244,-7.101009950041771,0.3668872117996216,-0.002550959587097168,7.4678971618413925
finetuned,r18@mu_D,2.0,cake_impl_03,V,target,cake_impl_03,0.3610270023345947,-7.101009950041771,0.3668872117996216,-0.0058602094650268555,7.4678971618413925
finetuned,r19@mu_D,0.0,cake_impl_03,V,target,cake_impl_03,0.3668872117996216,-7.101009950041771,0.3668872117996216,0.0,7.4678971618413925
finetuned,r19@mu_D,1.0,cake_impl_03,V,target,cake_impl_03,0.6203159093856812,-7.101009950041771,0.3668872117996216,0.25342869758605957,7.4678971618413925
finetuned,r19@mu_D,2.0,cake_impl_03,V,target,cake_impl_03,0.7439415454864502,-7.101009950041771,0.3668872117996216,0.3770543336868286,7.4678971618413925
finetuned,r20@mu_D,0.0,cake_impl_03,V,target,cake_impl_03,0.3668872117996216,-7.101009950041771,0.3668872117996216,0.0,7.4678971618413925
finetuned,r20@mu_D,1.0,cake_impl_03,V,target,cake_impl_03,0.4952566623687744,-7.101009950041771,0.3668872117996216,0.12836945056915283,7.4678971618413925
finetuned,r20@mu_D,2.0,cake_impl_03,V,target,cake_impl_03,0.6202371120452881,-7.101009950041771,0.3668872117996216,0.2533499002456665,7.4678971618413925
finetuned,r21@mu_D,0.0,cake_impl_03,V,target,cake_impl_03,0.3668872117996216,-7.101009950041771,0.3668872117996216,0.0,7.4678971618413925
finetuned,r21@mu_D,1.0,cake_impl_03,V,target,cake_impl_03,0.49333393573760986,-7.101009950041771,0.3668872117996216,0.12644672393798828,7.4678971618413925
finetuned,r21@mu_D,2.0,cake_impl_03,V,target,cake_impl_03,0.6186527013778687,-7.101009950041771,0.3668872117996216,0.25176548957824707,7.4678971618413925
finetuned,r22@mu_D,0.0,cake_impl_03,V,target,cake_impl_03,0.3668872117996216,-7.101009950041771,0.3668872117996216,0.0,7.4678971618413925
finetuned,r22@mu_D,1.0,cake_impl_03,V,target,cake_impl_03,0.2414461374282837,-7.101009950041771,0.3668872117996216,-0.1254410743713379,7.4678971618413925
finetuned,r22@mu_D,2.0,cake_impl_03,V,target,cake_impl_03,0.11102092266082764,-7.101009950041771,0.3668872117996216,-0.25586628913879395,7.4678971618413925
base,mu_D,0.0,cake_impl_16,V,target,cake_impl_16,-5.133612737059593,-5.133612737059593,1.4816147685050964,0.0,6.61522750556469
base,mu_D,1.0,cake_impl_16,V,target,cake_impl_16,-5.007215797901154,-5.133612737059593,1.4816147685050964,0.12639693915843964,6.61522750556469
base,mu_D,2.0,cake_impl_16,V,target,cake_impl_16,-4.818582698702812,-5.133612737059593,1.4816147685050964,0.315030038356781,6.61522750556469
base,mu_Dprime_matched,0.0,cake_impl_16,V,target,cake_impl_16,-5.133612737059593,-5.133612737059593,1.4816147685050964,0.0,6.61522750556469
base,mu_Dprime_matched,1.0,cake_impl_16,V,target,cake_impl_16,-4.95179083943367,-5.133612737059593,1.4816147685050964,0.18182189762592316,6.61522750556469
base,mu_Dprime_matched,2.0,cake_impl_16,V,target,cake_impl_16,-4.907029002904892,-5.133612737059593,1.4816147685050964,0.22658373415470123,6.61522750556469
base,r0@mu_D,0.0,cake_impl_16,V,target,cake_impl_16,-5.133612737059593,-5.133612737059593,1.4816147685050964,0.0,6.61522750556469
base,r0@mu_D,1.0,cake_impl_16,V,target,cake_impl_16,-5.388577461242676,-5.133612737059593,1.4816147685050964,-0.2549647241830826,6.61522750556469
base,r0@mu_D,2.0,cake_impl_16,V,target,cake_impl_16,-5.399243995547295,-5.133612737059593,1.4816147685050964,-0.2656312584877014,6.61522750556469
base,r1@mu_D,0.0,cake_impl_16,V,target,cake_impl_16,-5.133612737059593,-5.133612737059593,1.4816147685050964,0.0,6.61522750556469
base,r1@mu_D,1.0,cake_impl_16,V,target,cake_impl_16,-4.9206103682518005,-5.133612737059593,1.4816147685050964,0.21300236880779266,6.61522750556469
base,r1@mu_D,2.0,cake_impl_16,V,target,cake_impl_16,-4.926863074302673,-5.133612737059593,1.4816147685050964,0.20674966275691986,6.61522750556469
base,r2@mu_D,0.0,cake_impl_16,V,target,cake_impl_16,-5.133612737059593,-5.133612737059593,1.4816147685050964,0.0,6.61522750556469
base,r2@mu_D,1.0,cake_impl_16,V,target,cake_impl_16,-5.129572540521622,-5.133612737059593,1.4816147685050964,0.004040196537971497,6.61522750556469
base,r2@mu_D,2.0,cake_impl_16,V,target,cake_impl_16,-5.158555820584297,-5.133612737059593,1.4816147685050964,-0.02494308352470398,6.61522750556469
base,r3@mu_D,0.0,cake_impl_16,V,target,cake_impl_16,-5.133612737059593,-5.133612737059593,1.4816147685050964,0.0,6.61522750556469
base,r3@mu_D,1.0,cake_impl_16,V,target,cake_impl_16,-5.14068940281868,-5.133612737059593,1.4816147685050964,-0.007076665759086609,6.61522750556469
base,r3@mu_D,2.0,cake_impl_16,V,target,cake_impl_16,-5.169148191809654,-5.133612737059593,1.4816147685050964,-0.035535454750061035,6.61522750556469
base,r4@mu_D,0.0,cake_impl_16,V,target,cake_impl_16,-5.133612737059593,-5.133612737059593,1.4816147685050964,0.0,6.61522750556469
base,r4@mu_D,1.0,cake_impl_16,V,target,cake_impl_16,-5.037629336118698,-5.133612737059593,1.4816147685050964,0.09598340094089508,6.61522750556469
base,r4@mu_D,2.0,cake_impl_16,V,target,cake_impl_16,-4.8600128293037415,-5.133612737059593,1.4816147685050964,0.27359990775585175,6.61522750556469
base,r5@mu_D,0.0,cake_impl_16,V,target,cake_impl_16,-5.133612737059593,-5.133612737059593,1.4816147685050964,0.0,6.61522750556469
base,r5@mu_D,1.0,cake_impl_16,V,target,cake_impl_16,-5.198602944612503,-5.133612737059593,1.4816147685050964,-0.06499020755290985,6.61522750556469
base,r5@mu_D,2.0,cake_impl_16,V,target,cake_impl_16,-5.257803678512573,-5.133612737059593,1.4816147685050964,-0.12419094145298004,6.61522750556469
base,r6@mu_D,0.0,cake_impl_16,V,target,cake_impl_16,-5.133612737059593,-5.133612737059593,1.4816147685050964,0.0,6.61522750556469
base,r6@mu_D,1.0,cake_impl_16,V,target,cake_impl_16,-4.994796618819237,-5.133612737059593,1.4816147685050964,0.13881611824035645,6.61522750556469
base,r6@mu_D,2.0,cake_impl_16,V,target,cake_impl_16,-5.096484735608101,-5.133612737059593,1.4816147685050964,0.03712800145149231,6.61522750556469
base,r7@mu_D,0.0,cake_impl_16,V,target,cake_impl_16,-5.133612737059593,-5.133612737059593,1.4816147685050964,0.0,6.61522750556469
base,r7@mu_D,1.0,cake_impl_16,V,target,cake_impl_16,-5.035037398338318,-5.133612737059593,1.4816147685050964,0.09857533872127533,6.61522750556469
base,r7@mu_D,2.0,cake_impl_16,V,target,cake_impl_16,-4.953990161418915,-5.133612737059593,1.4816147685050964,0.1796225756406784,6.61522750556469
base,r8@mu_D,0.0,cake_impl_16,V,target,cake_impl_16,-5.133612737059593,-5.133612737059593,1.4816147685050964,0.0,6.61522750556469
base,r8@mu_D,1.0,cake_impl_16,V,target,cake_impl_16,-4.9405528753995895,-5.133612737059593,1.4816147685050964,0.19305986166000366,6.61522750556469
base,r8@mu_D,2.0,cake_impl_16,V,target,cake_impl_16,-4.903572931885719,-5.133612737059593,1.4816147685050964,0.2300398051738739,6.61522750556469
base,r9@mu_D,0.0,cake_impl_16,V,target,cake_impl_16,-5.133612737059593,-5.133612737059593,1.4816147685050964,0.0,6.61522750556469
base,r9@mu_D,1.0,cake_impl_16,V,target,cake_impl_16,-5.133666634559631,-5.133612737059593,1.4816147685050964,-5.389750003814697e-05,6.61522750556469
base,r9@mu_D,2.0,cake_impl_16,V,target,cake_impl_16,-5.145595043897629,-5.133612737059593,1.4816147685050964,-0.011982306838035583,6.61522750556469
base,r10@mu_D,0.0,cake_impl_16,V,target,cake_impl_16,-5.133612737059593,-5.133612737059593,1.4816147685050964,0.0,6.61522750556469
base,r10@mu_D,1.0,cake_impl_16,V,target,cake_impl_16,-5.004339933395386,-5.133612737059593,1.4816147685050964,0.12927280366420746,6.61522750556469
base,r10@mu_D,2.0,cake_impl_16,V,target,cake_impl_16,-4.760919868946075,-5.133612737059593,1.4816147685050964,0.37269286811351776,6.61522750556469
base,r11@mu_D,0.0,cake_impl_16,V,target,cake_impl_16,-5.133612737059593,-5.133612737059593,1.4816147685050964,0.0,6.61522750556469
base,r11@mu_D,1.0,cake_impl_16,V,target,cake_impl_16,-5.008577719330788,-5.133612737059593,1.4816147685050964,0.12503501772880554,6.61522750556469
base,r11@mu_D,2.0,cake_impl_16,V,target,cake_impl_16,-5.003919541835785,-5.133612737059593,1.4816147685050964,0.1296931952238083,6.61522750556469
base,r12@mu_D,0.0,cake_impl_16,V,target,cake_impl_16,-5.133612737059593,-5.133612737059593,1.4816147685050964,0.0,6.61522750556469
base,r12@mu_D,1.0,cake_impl_16,V,target,cake_impl_16,-5.035954624414444,-5.133612737059593,1.4816147685050964,0.09765811264514923,6.61522750556469
base,r12@mu_D,2.0,cake_impl_16,V,target,cake_impl_16,-5.030600607395172,-5.133612737059593,1.4816147685050964,0.10301212966442108,6.61522750556469
base,r13@mu_D,0.0,cake_impl_16,V,target,cake_impl_16,-5.133612737059593,-5.133612737059593,1.4816147685050964,0.0,6.61522750556469
base,r13@mu_D,1.0,cake_impl_16,V,target,cake_impl_16,-5.007271885871887,-5.133612737059593,1.4816147685050964,0.126340851187706,6.61522750556469
base,r13@mu_D,2.0,cake_impl_16,V,target,cake_impl_16,-4.8769597709178925,-5.133612737059593,1.4816147685050964,0.25665296614170074,6.61522750556469
base,r14@mu_D,0.0,cake_impl_16,V,target,cake_impl_16,-5.133612737059593,-5.133612737059593,1.4816147685050964,0.0,6.61522750556469
base,r14@mu_D,1.0,cake_impl_16,V,target,cake_impl_16,-5.146280810236931,-5.133612737059593,1.4816147685050964,-0.012668073177337646,6.61522750556469
base,r14@mu_D,2.0,cake_impl_16,V,target,cake_impl_16,-5.082157418131828,-5.133612737059593,1.4816147685050964,0.05145531892776489,6.61522750556469
base,r15@mu_D,0.0,cake_impl_16,V,target,cake_impl_16,-5.133612737059593,-5.133612737059593,1.4816147685050964,0.0,6.61522750556469
base,r15@mu_D,1.0,cake_impl_16,V,target,cake_impl_16,-4.987449914216995,-5.133612737059593,1.4816147685050964,0.14616282284259796,6.61522750556469
base,r15@mu_D,2.0,cake_impl_16,V,target,cake_impl_16,-4.966503769159317,-5.133612737059593,1.4816147685050964,0.16710896790027618,6.61522750556469
base,r16@mu_D,0.0,cake_impl_16,V,target,cake_impl_16,-5.133612737059593,-5.133612737059593,1.4816147685050964,0.0,6.61522750556469
base,r16@mu_D,1.0,cake_impl_16,V,target,cake_impl_16,-5.138874188065529,-5.133612737059593,1.4816147685050964,-0.005261451005935669,6.61522750556469
base,r16@mu_D,2.0,cake_impl_16,V,target,cake_impl_16,-4.941697418689728,-5.133612737059593,1.4816147685050964,0.19191531836986542,6.61522750556469
base,r17@mu_D,0.0,cake_impl_16,V,target,cake_impl_16,-5.133612737059593,-5.133612737059593,1.4816147685050964,0.0,6.61522750556469
base,r17@mu_D,1.0,cake_impl_16,V,target,cake_impl_16,-5.066716700792313,-5.133612737059593,1.4816147685050964,0.06689603626728058,6.61522750556469
base,r17@mu_D,2.0,cake_impl_16,V,target,cake_impl_16,-4.799747467041016,-5.133612737059593,1.4816147685050964,0.3338652700185776,6.61522750556469
base,r18@mu_D,0.0,cake_impl_16,V,target,cake_impl_16,-5.133612737059593,-5.133612737059593,1.4816147685050964,0.0,6.61522750556469
base,r18@mu_D,1.0,cake_impl_16,V,target,cake_impl_16,-5.008960008621216,-5.133612737059593,1.4816147685050964,0.12465272843837738,6.61522750556469
base,r18@mu_D,2.0,cake_impl_16,V,target,cake_impl_16,-4.758300483226776,-5.133612737059593,1.4816147685050964,0.3753122538328171,6.61522750556469
base,r19@mu_D,0.0,cake_impl_16,V,target,cake_impl_16,-5.133612737059593,-5.133612737059593,1.4816147685050964,0.0,6.61522750556469
base,r19@mu_D,1.0,cake_impl_16,V,target,cake_impl_16,-5.0805827379226685,-5.133612737059593,1.4816147685050964,0.053029999136924744,6.61522750556469
base,r19@mu_D,2.0,cake_impl_16,V,target,cake_impl_16,-5.148691326379776,-5.133612737059593,1.4816147685050964,-0.0150785893201828,6.61522750556469
base,r20@mu_D,0.0,cake_impl_16,V,target,cake_impl_16,-5.133612737059593,-5.133612737059593,1.4816147685050964,0.0,6.61522750556469
base,r20@mu_D,1.0,cake_impl_16,V,target,cake_impl_16,-5.145676285028458,-5.133612737059593,1.4816147685050964,-0.012063547968864441,6.61522750556469
base,r20@mu_D,2.0,cake_impl_16,V,target,cake_impl_16,-5.15000918507576,-5.133612737059593,1.4816147685050964,-0.016396448016166687,6.61522750556469
base,r21@mu_D,0.0,cake_impl_16,V,target,cake_impl_16,-5.133612737059593,-5.133612737059593,1.4816147685050964,0.0,6.61522750556469
base,r21@mu_D,1.0,cake_impl_16,V,target,cake_impl_16,-5.284687370061874,-5.133612737059593,1.4816147685050964,-0.1510746330022812,6.61522750556469
base,r21@mu_D,2.0,cake_impl_16,V,target,cake_impl_16,-5.369627371430397,-5.133612737059593,1.4816147685050964,-0.23601463437080383,6.61522750556469
base,r22@mu_D,0.0,cake_impl_16,V,target,cake_impl_16,-5.133612737059593,-5.133612737059593,1.4816147685050964,0.0,6.61522750556469
base,r22@mu_D,1.0,cake_impl_16,V,target,cake_impl_16,-5.2569721937179565,-5.133612737059593,1.4816147685050964,-0.12335945665836334,6.61522750556469
base,r22@mu_D,2.0,cake_impl_16,V,target,cake_impl_16,-5.239249661564827,-5.133612737059593,1.4816147685050964,-0.10563692450523376,6.61522750556469
finetuned,mu_D,0.0,cake_impl_16,V,target,cake_impl_16,1.4816147685050964,-5.133612737059593,1.4816147685050964,0.0,6.61522750556469
finetuned,mu_D,1.0,cake_impl_16,V,target,cake_impl_16,1.7959175109863281,-5.133612737059593,1.4816147685050964,0.3143027424812317,6.61522750556469
finetuned,mu_D,2.0,cake_impl_16,V,target,cake_impl_16,1.9855298399925232,-5.133612737059593,1.4816147685050964,0.5039150714874268,6.61522750556469
finetuned,mu_Dprime_matched,0.0,cake_impl_16,V,target,cake_impl_16,1.4816147685050964,-5.133612737059593,1.4816147685050964,0.0,6.61522750556469
finetuned,mu_Dprime_matched,1.0,cake_impl_16,V,target,cake_impl_16,1.652022361755371,-5.133612737059593,1.4816147685050964,0.17040759325027466,6.61522750556469
finetuned,mu_Dprime_matched,2.0,cake_impl_16,V,target,cake_impl_16,2.0862454175949097,-5.133612737059593,1.4816147685050964,0.6046306490898132,6.61522750556469
finetuned,r0@mu_D,0.0,cake_impl_16,V,target,cake_impl_16,1.4816147685050964,-5.133612737059593,1.4816147685050964,0.0,6.61522750556469
finetuned,r0@mu_D,1.0,cake_impl_16,V,target,cake_impl_16,1.4566866159439087,-5.133612737059593,1.4816147685050964,-0.024928152561187744,6.61522750556469
finetuned,r0@mu_D,2.0,cake_impl_16,V,target,cake_impl_16,1.4500668048858643,-5.133612737059593,1.4816147685050964,-0.03154796361923218,6.61522750556469
finetuned,r1@mu_D,0.0,cake_impl_16,V,target,cake_impl_16,1.4816147685050964,-5.133612737059593,1.4816147685050964,0.0,6.61522750556469
finetuned,r1@mu_D,1.0,cake_impl_16,V,target,cake_impl_16,1.3666885495185852,-5.133612737059593,1.4816147685050964,-0.11492621898651123,6.61522750556469
finetuned,r1@mu_D,2.0,cake_impl_16,V,target,cake_impl_16,1.3836935758590698,-5.133612737059593,1.4816147685050964,-0.09792119264602661,6.61522750556469
finetuned,r2@mu_D,0.0,cake_impl_16,V,target,cake_impl_16,1.4816147685050964,-5.133612737059593,1.4816147685050964,0.0,6.61522750556469
finetuned,r2@mu_D,1.0,cake_impl_16,V,target,cake_impl_16,1.6364734172821045,-5.133612737059593,1.4816147685050964,0.15485864877700806,6.61522750556469
finetuned,r2@mu_D,2.0,cake_impl_16,V,target,cake_impl_16,1.8936707079410553,-5.133612737059593,1.4816147685050964,0.41205593943595886,6.61522750556469
finetuned,r3@mu_D,0.0,cake_impl_16,V,target,cake_impl_16,1.4816147685050964,-5.133612737059593,1.4816147685050964,0.0,6.61522750556469
finetuned,r3@mu_D,1.0,cake_impl_16,V,target,cake_impl_16,1.3422046303749084,-5.133612737059593,1.4816147685050964,-0.139410138130188,6.61522750556469
finetuned,r3@mu_D,2.0,cake_impl_16,V,target,cake_impl_16,1.220411777496338,-5.133612737059593,1.4816147685050964,-0.26120299100875854,6.61522750556469
finetuned,r4@mu_D,0.0,cake_impl_16,V,target,cake_impl_16,1.4816147685050964,-5.133612737059593,1.4816147685050964,0.0,6.61522750556469
finetuned,r4@mu_D,1.0,cake_impl_16,V,target,cake_impl_16,1.4853441715240479,-5.133612737059593,1.4816147685050964,0.003729403018951416,6.61522750556469
finetuned,r4@mu_D,2.0,cake_impl_16,V,target,cake_impl_16,1.6143574118614197,-5.133612737059593,1.4816147685050964,0.13274264335632324,6.61522750556469
finetuned,r5@mu_D,0.0,cake_impl_16,V,target,cake_impl_16,1.4816147685050964,-5.133612737059593,1.4816147685050964,0.0,6.61522750556469
finetuned,r5@mu_D,1.0,cake_impl_16,V,target,cake_impl_16,1.3545039296150208,-5.133612737059593,1.4816147685050964,-0.12711083889007568,6.61522750556469
finetuned,r5@mu_D,2.0,cake_impl_16,V,target,cake_impl_16,1.1920838952064514,-5.133612737059593,1.4816147685050964,-0.289530873298645,6.61522750556469
finetuned,r6@mu_D,0.0,cake_impl_16,V,target,cake_impl_16,1.4816147685050964,-5.133612737059593,1.4816147685050964,0.0,6.61522750556469
finetuned,r6@mu_D,1.0,cake_impl_16,V,target,cake_impl_16,1.4952561855316162,-5.133612737059593,1.4816147685050964,0.013641417026519775,6.61522750556469
finetuned,r6@mu_D,2.0,cake_impl_16,V,target,cake_impl_16,1.3639230728149414,-5.133612737059593,1.4816147685050964,-0.11769169569015503,6.61522750556469
finetuned,r7@mu_D,0.0,cake_impl_16,V,target,cake_impl_16,1.4816147685050964,-5.133612737059593,1.4816147685050964,0.0,6.61522750556469
finetuned,r7@mu_D,1.0,cake_impl_16,V,target,cake_impl_16,1.634749323129654,-5.133612737059593,1.4816147685050964,0.1531345546245575,6.61522750556469
finetuned,r7@mu_D,2.0,cake_impl_16,V,target,cake_impl_16,1.6569097638130188,-5.133612737059593,1.4816147685050964,0.17529499530792236,6.61522750556469
finetuned,r8@mu_D,0.0,cake_impl_16,V,target,cake_impl_16,1.4816147685050964,-5.133612737059593,1.4816147685050964,0.0,6.61522750556469
finetuned,r8@mu_D,1.0,cake_impl_16,V,target,cake_impl_16,1.50027534365654,-5.133612737059593,1.4816147685050964,0.01866057515144348,6.61522750556469
finetuned,r8@mu_D,2.0,cake_impl_16,V,target,cake_impl_16,1.5030184984207153,-5.133612737059593,1.4816147685050964,0.021403729915618896,6.61522750556469
finetuned,r9@mu_D,0.0,cake_impl_16,V,target,cake_impl_16,1.4816147685050964,-5.133612737059593,1.4816147685050964,0.0,6.61522750556469
finetuned,r9@mu_D,1.0,cake_impl_16,V,target,cake_impl_16,1.4924357235431671,-5.133612737059593,1.4816147685050964,0.010820955038070679,6.61522750556469
finetuned,r9@mu_D,2.0,cake_impl_16,V,target,cake_impl_16,1.6033406853675842,-5.133612737059593,1.4816147685050964,0.12172591686248779,6.61522750556469
finetuned,r10@mu_D,0.0,cake_impl_16,V,target,cake_impl_16,1.4816147685050964,-5.133612737059593,1.4816147685050964,0.0,6.61522750556469
finetuned,r10@mu_D,1.0,cake_impl_16,V,target,cake_impl_16,1.606789469718933,-5.133612737059593,1.4816147685050964,0.12517470121383667,6.61522750556469
finetuned,r10@mu_D,2.0,cake_impl_16,V,target,cake_impl_16,1.4768787026405334,-5.133612737059593,1.4816147685050964,-0.004736065864562988,6.61522750556469
finetuned,r11@mu_D,0.0,cake_impl_16,V,target,cake_impl_16,1.4816147685050964,-5.133612737059593,1.4816147685050964,0.0,6.61522750556469
finetuned,r11@mu_D,1.0,cake_impl_16,V,target,cake_impl_16,1.3572720885276794,-5.133612737059593,1.4816147685050964,-0.12434267997741699,6.61522750556469
finetuned,r11@mu_D,2.0,cake_impl_16,V,target,cake_impl_16,1.3458139300346375,-5.133612737059593,1.4816147685050964,-0.13580083847045898,6.61522750556469
finetuned,r12@mu_D,0.0,cake_impl_16,V,target,cake_impl_16,1.4816147685050964,-5.133612737059593,1.4816147685050964,0.0,6.61522750556469
finetuned,r12@mu_D,1.0,cake_impl_16,V,target,cake_impl_16,1.623353898525238,-5.133612737059593,1.4816147685050964,0.1417391300201416,6.61522750556469
finetuned,r12@mu_D,2.0,cake_impl_16,V,target,cake_impl_16,1.6350067257881165,-5.133612737059593,1.4816147685050964,0.15339195728302002,6.61522750556469
finetuned,r13@mu_D,0.0,cake_impl_16,V,target,cake_impl_16,1.4816147685050964,-5.133612737059593,1.4816147685050964,0.0,6.61522750556469
finetuned,r13@mu_D,1.0,cake_impl_16,V,target,cake_impl_16,1.4928128123283386,-5.133612737059593,1.4816147685050964,0.011198043823242188,6.61522750556469
finetuned,r13@mu_D,2.0,cake_impl_16,V,target,cake_impl_16,1.7639237940311432,-5.133612737059593,1.4816147685050964,0.28230902552604675,6.61522750556469
finetuned,r14@mu_D,0.0,cake_impl_16,V,target,cake_impl_16,1.4816147685050964,-5.133612737059593,1.4816147685050964,0.0,6.61522750556469
finetuned,r14@mu_D,1.0,cake_impl_16,V,target,cake_impl_16,1.490697205066681,-5.133612737059593,1.4816147685050964,0.009082436561584473,6.61522750556469
finetuned,r14@mu_D,2.0,cake_impl_16,V,target,cake_impl_16,1.6050385236740112,-5.133612737059593,1.4816147685050964,0.1234237551689148,6.61522750556469
finetuned,r15@mu_D,0.0,cake_impl_16,V,target,cake_impl_16,1.4816147685050964,-5.133612737059593,1.4816147685050964,0.0,6.61522750556469
finetuned,r15@mu_D,1.0,cake_impl_16,V,target,cake_impl_16,1.4765529036521912,-5.133612737059593,1.4816147685050964,-0.0050618648529052734,6.61522750556469
finetuned,r15@mu_D,2.0,cake_impl_16,V,target,cake_impl_16,1.3662109971046448,-5.133612737059593,1.4816147685050964,-0.11540377140045166,6.61522750556469
finetuned,r16@mu_D,0.0,cake_impl_16,V,target,cake_impl_16,1.4816147685050964,-5.133612737059593,1.4816147685050964,0.0,6.61522750556469
finetuned,r16@mu_D,1.0,cake_impl_16,V,target,cake_impl_16,1.4717841148376465,-5.133612737059593,1.4816147685050964,-0.009830653667449951,6.61522750556469
finetuned,r16@mu_D,2.0,cake_impl_16,V,target,cake_impl_16,1.4538560509681702,-5.133612737059593,1.4816147685050964,-0.02775871753692627,6.61522750556469
finetuned,r17@mu_D,0.0,cake_impl_16,V,target,cake_impl_16,1.4816147685050964,-5.133612737059593,1.4816147685050964,0.0,6.61522750556469
finetuned,r17@mu_D,1.0,cake_impl_16,V,target,cake_impl_16,1.6329233646392822,-5.133612737059593,1.4816147685050964,0.1513085961341858,6.61522750556469
finetuned,r17@mu_D,2.0,cake_impl_16,V,target,cake_impl_16,1.7579445242881775,-5.133612737059593,1.4816147685050964,0.27632975578308105,6.61522750556469
finetuned,r18@mu_D,0.0,cake_impl_16,V,target,cake_impl_16,1.4816147685050964,-5.133612737059593,1.4816147685050964,0.0,6.61522750556469
finetuned,r18@mu_D,1.0,cake_impl_16,V,target,cake_impl_16,1.4707571864128113,-5.133612737059593,1.4816147685050964,-0.010857582092285156,6.61522750556469
finetuned,r18@mu_D,2.0,cake_impl_16,V,target,cake_impl_16,1.2123573422431946,-5.133612737059593,1.4816147685050964,-0.26925742626190186,6.61522750556469
finetuned,r19@mu_D,0.0,cake_impl_16,V,target,cake_impl_16,1.4816147685050964,-5.133612737059593,1.4816147685050964,0.0,6.61522750556469
finetuned,r19@mu_D,1.0,cake_impl_16,V,target,cake_impl_16,1.474457174539566,-5.133612737059593,1.4816147685050964,-0.0071575939655303955,6.61522750556469
finetuned,r19@mu_D,2.0,cake_impl_16,V,target,cake_impl_16,1.4726601839065552,-5.133612737059593,1.4816147685050964,-0.00895458459854126,6.61522750556469
finetuned,r20@mu_D,0.0,cake_impl_16,V,target,cake_impl_16,1.4816147685050964,-5.133612737059593,1.4816147685050964,0.0,6.61522750556469
finetuned,r20@mu_D,1.0,cake_impl_16,V,target,cake_impl_16,1.5970175862312317,-5.133612737059593,1.4816147685050964,0.11540281772613525,6.61522750556469
finetuned,r20@mu_D,2.0,cake_impl_16,V,target,cake_impl_16,1.6160069108009338,-5.133612737059593,1.4816147685050964,0.1343921422958374,6.61522750556469
finetuned,r21@mu_D,0.0,cake_impl_16,V,target,cake_impl_16,1.4816147685050964,-5.133612737059593,1.4816147685050964,0.0,6.61522750556469
finetuned,r21@mu_D,1.0,cake_impl_16,V,target,cake_impl_16,1.4730039834976196,-5.133612737059593,1.4816147685050964,-0.008610785007476807,6.61522750556469
finetuned,r21@mu_D,2.0,cake_impl_16,V,target,cake_impl_16,1.6153189539909363,-5.133612737059593,1.4816147685050964,0.13370418548583984,6.61522750556469
finetuned,r22@mu_D,0.0,cake_impl_16,V,target,cake_impl_16,1.4816147685050964,-5.133612737059593,1.4816147685050964,0.0,6.61522750556469
finetuned,r22@mu_D,1.0,cake_impl_16,V,target,cake_impl_16,1.343179166316986,-5.133612737059593,1.4816147685050964,-0.13843560218811035,6.61522750556469
finetuned,r22@mu_D,2.0,cake_impl_16,V,target,cake_impl_16,1.342543125152588,-5.133612737059593,1.4816147685050964,-0.13907164335250854,6.61522750556469
base,mu_D,0.0,cake_impl_17,V,target,cake_impl_17,-4.462739050388336,-4.462739050388336,0.15051698684692383,0.0,4.61325603723526
base,mu_D,1.0,cake_impl_17,V,target,cake_impl_17,-4.5328168869018555,-4.462739050388336,0.15051698684692383,-0.07007783651351929,4.61325603723526
base,mu_D,2.0,cake_impl_17,V,target,cake_impl_17,-4.411051630973816,-4.462739050388336,0.15051698684692383,0.051687419414520264,4.61325603723526
base,mu_Dprime_matched,0.0,cake_impl_17,V,target,cake_impl_17,-4.462739050388336,-4.462739050388336,0.15051698684692383,0.0,4.61325603723526
base,mu_Dprime_matched,1.0,cake_impl_17,V,target,cake_impl_17,-4.445407867431641,-4.462739050388336,0.15051698684692383,0.017331182956695557,4.61325603723526
base,mu_Dprime_matched,2.0,cake_impl_17,V,target,cake_impl_17,-4.3140774965286255,-4.462739050388336,0.15051698684692383,0.1486615538597107,4.61325603723526
base,r0@mu_D,0.0,cake_impl_17,V,target,cake_impl_17,-4.462739050388336,-4.462739050388336,0.15051698684692383,0.0,4.61325603723526
base,r0@mu_D,1.0,cake_impl_17,V,target,cake_impl_17,-4.450083136558533,-4.462739050388336,0.15051698684692383,0.012655913829803467,4.61325603723526
base,r0@mu_D,2.0,cake_impl_17,V,target,cake_impl_17,-4.590731859207153,-4.462739050388336,0.15051698684692383,-0.12799280881881714,4.61325603723526
base,r1@mu_D,0.0,cake_impl_17,V,target,cake_impl_17,-4.462739050388336,-4.462739050388336,0.15051698684692383,0.0,4.61325603723526
base,r1@mu_D,1.0,cake_impl_17,V,target,cake_impl_17,-4.590461432933807,-4.462739050388336,0.15051698684692383,-0.1277223825454712,4.61325603723526
base,r1@mu_D,2.0,cake_impl_17,V,target,cake_impl_17,-4.458116590976715,-4.462739050388336,0.15051698684692383,0.004622459411621094,4.61325603723526
base,r2@mu_D,0.0,cake_impl_17,V,target,cake_impl_17,-4.462739050388336,-4.462739050388336,0.15051698684692383,0.0,4.61325603723526
base,r2@mu_D,1.0,cake_impl_17,V,target,cake_impl_17,-4.321169435977936,-4.462739050388336,0.15051698684692383,0.1415696144104004,4.61325603723526
base,r2@mu_D,2.0,cake_impl_17,V,target,cake_impl_17,-4.552158236503601,-4.462739050388336,0.15051698684692383,-0.08941918611526489,4.61325603723526
base,r3@mu_D,0.0,cake_impl_17,V,target,cake_impl_17,-4.462739050388336,-4.462739050388336,0.15051698684692383,0.0,4.61325603723526
base,r3@mu_D,1.0,cake_impl_17,V,target,cake_impl_17,-4.573163688182831,-4.462739050388336,0.15051698684692383,-0.11042463779449463,4.61325603723526
base,r3@mu_D,2.0,cake_impl_17,V,target,cake_impl_17,-4.933255434036255,-4.462739050388336,0.15051698684692383,-0.4705163836479187,4.61325603723526
base,r4@mu_D,0.0,cake_impl_17,V,target,cake_impl_17,-4.462739050388336,-4.462739050388336,0.15051698684692383,0.0,4.61325603723526
base,r4@mu_D,1.0,cake_impl_17,V,target,cake_impl_17,-4.302100777626038,-4.462739050388336,0.15051698684692383,0.16063827276229858,4.61325603723526
base,r4@mu_D,2.0,cake_impl_17,V,target,cake_impl_17,-4.143648028373718,-4.462739050388336,0.15051698684692383,0.3190910220146179,4.61325603723526
base,r5@mu_D,0.0,cake_impl_17,V,target,cake_impl_17,-4.462739050388336,-4.462739050388336,0.15051698684692383,0.0,4.61325603723526
base,r5@mu_D,1.0,cake_impl_17,V,target,cake_impl_17,-4.648517966270447,-4.462739050388336,0.15051698684692383,-0.1857789158821106,4.61325603723526
base,r5@mu_D,2.0,cake_impl_17,V,target,cake_impl_17,-4.957394063472748,-4.462739050388336,0.15051698684692383,-0.4946550130844116,4.61325603723526
base,r6@mu_D,0.0,cake_impl_17,V,target,cake_impl_17,-4.462739050388336,-4.462739050388336,0.15051698684692383,0.0,4.61325603723526
base,r6@mu_D,1.0,cake_impl_17,V,target,cake_impl_17,-4.622211813926697,-4.462739050388336,0.15051698684692383,-0.1594727635383606,4.61325603723526
base,r6@mu_D,2.0,cake_impl_17,V,target,cake_impl_17,-4.673861265182495,-4.462739050388336,0.15051698684692383,-0.21112221479415894,4.61325603723526
base,r7@mu_D,0.0,cake_impl_17,V,target,cake_impl_17,-4.462739050388336,-4.462739050388336,0.15051698684692383,0.0,4.61325603723526
base,r7@mu_D,1.0,cake_impl_17,V,target,cake_impl_17,-4.441384196281433,-4.462739050388336,0.15051698684692383,0.021354854106903076,4.61325603723526
base,r7@mu_D,2.0,cake_impl_17,V,target,cake_impl_17,-4.306925654411316,-4.462739050388336,0.15051698684692383,0.15581339597702026,4.61325603723526
base,r8@mu_D,0.0,cake_impl_17,V,target,cake_impl_17,-4.462739050388336,-4.462739050388336,0.15051698684692383,0.0,4.61325603723526
base,r8@mu_D,1.0,cake_impl_17,V,target,cake_impl_17,-4.53581565618515,-4.462739050388336,0.15051698684692383,-0.07307660579681396,4.61325603723526
base,r8@mu_D,2.0,cake_impl_17,V,target,cake_impl_17,-4.227419376373291,-4.462739050388336,0.15051698684692383,0.23531967401504517,4.61325603723526
base,r9@mu_D,0.0,cake_impl_17,V,target,cake_impl_17,-4.462739050388336,-4.462739050388336,0.15051698684692383,0.0,4.61325603723526
base,r9@mu_D,1.0,cake_impl_17,V,target,cake_impl_17,-4.46687251329422,-4.462739050388336,0.15051698684692383,-0.004133462905883789,4.61325603723526
base,r9@mu_D,2.0,cake_impl_17,V,target,cake_impl_17,-4.619042277336121,-4.462739050388336,0.15051698684692383,-0.15630322694778442,4.61325603723526
base,r10@mu_D,0.0,cake_impl_17,V,target,cake_impl_17,-4.462739050388336,-4.462739050388336,0.15051698684692383,0.0,4.61325603723526
base,r10@mu_D,1.0,cake_impl_17,V,target,cake_impl_17,-4.204620182514191,-4.462739050388336,0.15051698684692383,0.2581188678741455,4.61325603723526
base,r10@mu_D,2.0,cake_impl_17,V,target,cake_impl_17,-3.9747009873390198,-4.462739050388336,0.15051698684692383,0.4880380630493164,4.61325603723526
base,r11@mu_D,0.0,cake_impl_17,V,target,cake_impl_17,-4.462739050388336,-4.462739050388336,0.15051698684692383,0.0,4.61325603723526
base,r11@mu_D,1.0,cake_impl_17,V,target,cake_impl_17,-4.452950954437256,-4.462739050388336,0.15051698684692383,0.009788095951080322,4.61325603723526
base,r11@mu_D,2.0,cake_impl_17,V,target,cake_impl_17,-4.448726415634155,-4.462739050388336,0.15051698684692383,0.014012634754180908,4.61325603723526
base,r12@mu_D,0.0,cake_impl_17,V,target,cake_impl_17,-4.462739050388336,-4.462739050388336,0.15051698684692383,0.0,4.61325603723526
base,r12@mu_D,1.0,cake_impl_17,V,target,cake_impl_17,-4.583535671234131,-4.462739050388336,0.15051698684692383,-0.12079662084579468,4.61325603723526
base,r12@mu_D,2.0,cake_impl_17,V,target,cake_impl_17,-4.668355703353882,-4.462739050388336,0.15051698684692383,-0.20561665296554565,4.61325603723526
base,r13@mu_D,0.0,cake_impl_17,V,target,cake_impl_17,-4.462739050388336,-4.462739050388336,0.15051698684692383,0.0,4.61325603723526
base,r13@mu_D,1.0,cake_impl_17,V,target,cake_impl_17,-4.65476006269455,-4.462739050388336,0.15051698684692383,-0.19202101230621338,4.61325603723526
base,r13@mu_D,2.0,cake_impl_17,V,target,cake_impl_17,-4.831717491149902,-4.462739050388336,0.15051698684692383,-0.36897844076156616,4.61325603723526
base,r14@mu_D,0.0,cake_impl_17,V,target,cake_impl_17,-4.462739050388336,-4.462739050388336,0.15051698684692383,0.0,4.61325603723526
base,r14@mu_D,1.0,cake_impl_17,V,target,cake_impl_17,-4.6167632937431335,-4.462739050388336,0.15051698684692383,-0.15402424335479736,4.61325603723526
base,r14@mu_D,2.0,cake_impl_17,V,target,cake_impl_17,-4.696991443634033,-4.462739050388336,0.15051698684692383,-0.23425239324569702,4.61325603723526
base,r15@mu_D,0.0,cake_impl_17,V,target,cake_impl_17,-4.462739050388336,-4.462739050388336,0.15051698684692383,0.0,4.61325603723526
base,r15@mu_D,1.0,cake_impl_17,V,target,cake_impl_17,-4.32257604598999,-4.462739050388336,0.15051698684692383,0.14016300439834595,4.61325603723526
base,r15@mu_D,2.0,cake_impl_17,V,target,cake_impl_17,-4.418041884899139,-4.462739050388336,0.15051698684692383,0.04469716548919678,4.61325603723526
base,r16@mu_D,0.0,cake_impl_17,V,target,cake_impl_17,-4.462739050388336,-4.462739050388336,0.15051698684692383,0.0,4.61325603723526
base,r16@mu_D,1.0,cake_impl_17,V,target,cake_impl_17,-4.429438054561615,-4.462739050388336,0.15051698684692383,0.03330099582672119,4.61325603723526
base,r16@mu_D,2.0,cake_impl_17,V,target,cake_impl_17,-4.555082678794861,-4.462739050388336,0.15051698684692383,-0.09234362840652466,4.61325603723526
base,r17@mu_D,0.0,cake_impl_17,V,target,cake_impl_17,-4.462739050388336,-4.462739050388336,0.15051698684692383,0.0,4.61325603723526
base,r17@mu_D,1.0,cake_impl_17,V,target,cake_impl_17,-4.630769908428192,-4.462739050388336,0.15051698684692383,-0.16803085803985596,4.61325603723526
base,r17@mu_D,2.0,cake_impl_17,V,target,cake_impl_17,-4.593496918678284,-4.462739050388336,0.15051698684692383,-0.1307578682899475,4.61325603723526
base,r18@mu_D,0.0,cake_impl_17,V,target,cake_impl_17,-4.462739050388336,-4.462739050388336,0.15051698684692383,0.0,4.61325603723526
base,r18@mu_D,1.0,cake_impl_17,V,target,cake_impl_17,-4.325153827667236,-4.462739050388336,0.15051698684692383,0.13758522272109985,4.61325603723526
base,r18@mu_D,2.0,cake_impl_17,V,target,cake_impl_17,-4.14958530664444,-4.462739050388336,0.15051698684692383,0.3131537437438965,4.61325603723526
base,r19@mu_D,0.0,cake_impl_17,V,target,cake_impl_17,-4.462739050388336,-4.462739050388336,0.15051698684692383,0.0,4.61325603723526
base,r19@mu_D,1.0,cake_impl_17,V,target,cake_impl_17,-4.690707504749298,-4.462739050388336,0.15051698684692383,-0.22796845436096191,4.61325603723526
base,r19@mu_D,2.0,cake_impl_17,V,target,cake_impl_17,-4.701668620109558,-4.462739050388336,0.15051698684692383,-0.23892956972122192,4.61325603723526
base,r20@mu_D,0.0,cake_impl_17,V,target,cake_impl_17,-4.462739050388336,-4.462739050388336,0.15051698684692383,0.0,4.61325603723526
base,r20@mu_D,1.0,cake_impl_17,V,target,cake_impl_17,-4.450173258781433,-4.462739050388336,0.15051698684692383,0.012565791606903076,4.61325603723526
base,r20@mu_D,2.0,cake_impl_17,V,target,cake_impl_17,-4.255958199501038,-4.462739050388336,0.15051698684692383,0.20678085088729858,4.61325603723526
base,r21@mu_D,0.0,cake_impl_17,V,target,cake_impl_17,-4.462739050388336,-4.462739050388336,0.15051698684692383,0.0,4.61325603723526
base,r21@mu_D,1.0,cake_impl_17,V,target,cake_impl_17,-4.490361392498016,-4.462739050388336,0.15051698684692383,-0.027622342109680176,4.61325603723526
base,r21@mu_D,2.0,cake_impl_17,V,target,cake_impl_17,-4.8350794315338135,-4.462739050388336,0.15051698684692383,-0.3723403811454773,4.61325603723526
base,r22@mu_D,0.0,cake_impl_17,V,target,cake_impl_17,-4.462739050388336,-4.462739050388336,0.15051698684692383,0.0,4.61325603723526
base,r22@mu_D,1.0,cake_impl_17,V,target,cake_impl_17,-4.505801737308502,-4.462739050388336,0.15051698684692383,-0.043062686920166016,4.61325603723526
base,r22@mu_D,2.0,cake_impl_17,V,target,cake_impl_17,-4.557935655117035,-4.462739050388336,0.15051698684692383,-0.09519660472869873,4.61325603723526
finetuned,mu_D,0.0,cake_impl_17,V,target,cake_impl_17,0.15051698684692383,-4.462739050388336,0.15051698684692383,0.0,4.61325603723526
finetuned,mu_D,1.0,cake_impl_17,V,target,cake_impl_17,0.06007838249206543,-4.462739050388336,0.15051698684692383,-0.0904386043548584,4.61325603723526
finetuned,mu_D,2.0,cake_impl_17,V,target,cake_impl_17,0.3219928741455078,-4.462739050388336,0.15051698684692383,0.17147588729858398,4.61325603723526
finetuned,mu_Dprime_matched,0.0,cake_impl_17,V,target,cake_impl_17,0.15051698684692383,-4.462739050388336,0.15051698684692383,0.0,4.61325603723526
finetuned,mu_Dprime_matched,1.0,cake_impl_17,V,target,cake_impl_17,0.029207706451416016,-4.462739050388336,0.15051698684692383,-0.12130928039550781,4.61325603723526
finetuned,mu_Dprime_matched,2.0,cake_impl_17,V,target,cake_impl_17,0.29773831367492676,-4.462739050388336,0.15051698684692383,0.14722132682800293,4.61325603723526
finetuned,r0@mu_D,0.0,cake_impl_17,V,target,cake_impl_17,0.15051698684692383,-4.462739050388336,0.15051698684692383,0.0,4.61325603723526
finetuned,r0@mu_D,1.0,cake_impl_17,V,target,cake_impl_17,-0.12525367736816406,-4.462739050388336,0.15051698684692383,-0.2757706642150879,4.61325603723526
finetuned,r0@mu_D,2.0,cake_impl_17,V,target,cake_impl_17,-0.14003896713256836,-4.462739050388336,0.15051698684692383,-0.2905559539794922,4.61325603723526
finetuned,r1@mu_D,0.0,cake_impl_17,V,target,cake_impl_17,0.15051698684692383,-4.462739050388336,0.15051698684692383,0.0,4.61325603723526
finetuned,r1@mu_D,1.0,cake_impl_17,V,target,cake_impl_17,0.03553462028503418,-4.462739050388336,0.15051698684692383,-0.11498236656188965,4.61325603723526
finetuned,r1@mu_D,2.0,cake_impl_17,V,target,cake_impl_17,0.029360055923461914,-4.462739050388336,0.15051698684692383,-0.12115693092346191,4.61325603723526
finetuned,r2@mu_D,0.0,cake_impl_17,V,target,cake_impl_17,0.15051698684692383,-4.462739050388336,0.15051698684692383,0.0,4.61325603723526
finetuned,r2@mu_D,1.0,cake_impl_17,V,target,cake_impl_17,0.1659531593322754,-4.462739050388336,0.15051698684692383,0.015436172485351562,4.61325603723526
finetuned,r2@mu_D,2.0,cake_impl_17,V,target,cake_impl_17,0.304335355758667,-4.462739050388336,0.15051698684692383,0.15381836891174316,4.61325603723526
finetuned,r3@mu_D,0.0,cake_impl_17,V,target,cake_impl_17,0.15051698684692383,-4.462739050388336,0.15051698684692383,0.0,4.61325603723526
finetuned,r3@mu_D,1.0,cake_impl_17,V,target,cake_impl_17,0.010409832000732422,-4.462739050388336,0.15051698684692383,-0.1401071548461914,4.61325603723526
finetuned,r3@mu_D,2.0,cake_impl_17,V,target,cake_impl_17,-0.25313806533813477,-4.462739050388336,0.15051698684692383,-0.4036550521850586,4.61325603723526
finetuned,r4@mu_D,0.0,cake_impl_17,V,target,cake_impl_17,0.15051698684692383,-4.462739050388336,0.15051698684692383,0.0,4.61325603723526
finetuned,r4@mu_D,1.0,cake_impl_17,V,target,cake_impl_17,0.14160776138305664,-4.462739050388336,0.15051698684692383,-0.008909225463867188,4.61325603723526
finetuned,r4@mu_D,2.0,cake_impl_17,V,target,cake_impl_17,0.16697907447814941,-4.462739050388336,0.15051698684692383,0.016462087631225586,4.61325603723526
finetuned,r5@mu_D,0.0,cake_impl_17,V,target,cake_impl_17,0.15051698684692383,-4.462739050388336,0.15051698684692383,0.0,4.61325603723526
finetuned,r5@mu_D,1.0,cake_impl_17,V,target,cake_impl_17,-0.11928033828735352,-4.462739050388336,0.15051698684692383,-0.26979732513427734,4.61325603723526
finetuned,r5@mu_D,2.0,cake_impl_17,V,target,cake_impl_17,-0.2526731491088867,-4.462739050388336,0.15051698684692383,-0.40319013595581055,4.61325603723526
finetuned,r6@mu_D,0.0,cake_impl_17,V,target,cake_impl_17,0.15051698684692383,-4.462739050388336,0.15051698684692383,0.0,4.61325603723526
finetuned,r6@mu_D,1.0,cake_impl_17,V,target,cake_impl_17,-0.11359429359436035,-4.462739050388336,0.15051698684692383,-0.2641112804412842,4.61325603723526
finetuned,r6@mu_D,2.0,cake_impl_17,V,target,cake_impl_17,-0.10936093330383301,-4.462739050388336,0.15051698684692383,-0.25987792015075684,4.61325603723526
finetuned,r7@mu_D,0.0,cake_impl_17,V,target,cake_impl_17,0.15051698684692383,-4.462739050388336,0.15051698684692383,0.0,4.61325603723526
finetuned,r7@mu_D,1.0,cake_impl_17,V,target,cake_impl_17,0.14983344078063965,-4.462739050388336,0.15051698684692383,-0.0006835460662841797,4.61325603723526
finetuned,r7@mu_D,2.0,cake_impl_17,V,target,cake_impl_17,0.16271138191223145,-4.462739050388336,0.15051698684692383,0.012194395065307617,4.61325603723526
finetuned,r8@mu_D,0.0,cake_impl_17,V,target,cake_impl_17,0.15051698684692383,-4.462739050388336,0.15051698684692383,0.0,4.61325603723526
finetuned,r8@mu_D,1.0,cake_impl_17,V,target,cake_impl_17,0.28988027572631836,-4.462739050388336,0.15051698684692383,0.13936328887939453,4.61325603723526
finetuned,r8@mu_D,2.0,cake_impl_17,V,target,cake_impl_17,0.29205989837646484,-4.462739050388336,0.15051698684692383,0.14154291152954102,4.61325603723526
finetuned,r9@mu_D,0.0,cake_impl_17,V,target,cake_impl_17,0.15051698684692383,-4.462739050388336,0.15051698684692383,0.0,4.61325603723526
finetuned,r9@mu_D,1.0,cake_impl_17,V,target,cake_impl_17,0.1633613109588623,-4.462739050388336,0.15051698684692383,0.012844324111938477,4.61325603723526
finetuned,r9@mu_D,2.0,cake_impl_17,V,target,cake_impl_17,0.3164072036743164,-4.462739050388336,0.15051698684692383,0.16589021682739258,4.61325603723526
finetuned,r10@mu_D,0.0,cake_impl_17,V,target,cake_impl_17,0.15051698684692383,-4.462739050388336,0.15051698684692383,0.0,4.61325603723526
finetuned,r10@mu_D,1.0,cake_impl_17,V,target,cake_impl_17,0.16602301597595215,-4.462739050388336,0.15051698684692383,0.01550602912902832,4.61325603723526
finetuned,r10@mu_D,2.0,cake_impl_17,V,target,cake_impl_17,0.46007752418518066,-4.462739050388336,0.15051698684692383,0.30956053733825684,4.61325603723526
finetuned,r11@mu_D,0.0,cake_impl_17,V,target,cake_impl_17,0.15051698684692383,-4.462739050388336,0.15051698684692383,0.0,4.61325603723526
finetuned,r11@mu_D,1.0,cake_impl_17,V,target,cake_impl_17,0.03293299674987793,-4.462739050388336,0.15051698684692383,-0.1175839900970459,4.61325603723526
finetuned,r11@mu_D,2.0,cake_impl_17,V,target,cake_impl_17,-0.11754393577575684,-4.462739050388336,0.15051698684692383,-0.26806092262268066,4.61325603723526
finetuned,r12@mu_D,0.0,cake_impl_17,V,target,cake_impl_17,0.15051698684692383,-4.462739050388336,0.15051698684692383,0.0,4.61325603723526
finetuned,r12@mu_D,1.0,cake_impl_17,V,target,cake_impl_17,0.010687589645385742,-4.462739050388336,0.15051698684692383,-0.13982939720153809,4.61325603723526
finetuned,r12@mu_D,2.0,cake_impl_17,V,target,cake_impl_17,0.01490020751953125,-4.462739050388336,0.15051698684692383,-0.13561677932739258,4.61325603723526
finetuned,r13@mu_D,0.0,cake_impl_17,V,target,cake_impl_17,0.15051698684692383,-4.462739050388336,0.15051698684692383,0.0,4.61325603723526
finetuned,r13@mu_D,1.0,cake_impl_17,V,target,cake_impl_17,0.1492936611175537,-4.462739050388336,0.15051698684692383,-0.0012233257293701172,4.61325603723526
finetuned,r13@mu_D,2.0,cake_impl_17,V,target,cake_impl_17,0.28000831604003906,-4.462739050388336,0.15051698684692383,0.12949132919311523,4.61325603723526
finetuned,r14@mu_D,0.0,cake_impl_17,V,target,cake_impl_17,0.15051698684692383,-4.462739050388336,0.15051698684692383,0.0,4.61325603723526
finetuned,r14@mu_D,1.0,cake_impl_17,V,target,cake_impl_17,0.023023366928100586,-4.462739050388336,0.15051698684692383,-0.12749361991882324,4.61325603723526
finetuned,r14@mu_D,2.0,cake_impl_17,V,target,cake_impl_17,0.036429405212402344,-4.462739050388336,0.15051698684692383,-0.11408758163452148,4.61325603723526
finetuned,r15@mu_D,0.0,cake_impl_17,V,target,cake_impl_17,0.15051698684692383,-4.462739050388336,0.15051698684692383,0.0,4.61325603723526
finetuned,r15@mu_D,1.0,cake_impl_17,V,target,cake_impl_17,0.04901623725891113,-4.462739050388336,0.15051698684692383,-0.1015007495880127,4.61325603723526
finetuned,r15@mu_D,2.0,cake_impl_17,V,target,cake_impl_17,-0.08590340614318848,-4.462739050388336,0.15051698684692383,-0.2364203929901123,4.61325603723526
finetuned,r16@mu_D,0.0,cake_impl_17,V,target,cake_impl_17,0.15051698684692383,-4.462739050388336,0.15051698684692383,0.0,4.61325603723526
finetuned,r16@mu_D,1.0,cake_impl_17,V,target,cake_impl_17,-0.09953856468200684,-4.462739050388336,0.15051698684692383,-0.25005555152893066,4.61325603723526
finetuned,r16@mu_D,2.0,cake_impl_17,V,target,cake_impl_17,-0.24522042274475098,-4.462739050388336,0.15051698684692383,-0.3957374095916748,4.61325603723526
finetuned,r17@mu_D,0.0,cake_impl_17,V,target,cake_impl_17,0.15051698684692383,-4.462739050388336,0.15051698684692383,0.0,4.61325603723526
finetuned,r17@mu_D,1.0,cake_impl_17,V,target,cake_impl_17,0.026078462600708008,-4.462739050388336,0.15051698684692383,-0.12443852424621582,4.61325603723526
finetuned,r17@mu_D,2.0,cake_impl_17,V,target,cake_impl_17,-0.0959768295288086,-4.462739050388336,0.15051698684692383,-0.24649381637573242,4.61325603723526
finetuned,r18@mu_D,0.0,cake_impl_17,V,target,cake_impl_17,0.15051698684692383,-4.462739050388336,0.15051698684692383,0.0,4.61325603723526
finetuned,r18@mu_D,1.0,cake_impl_17,V,target,cake_impl_17,0.15726566314697266,-4.462739050388336,0.15051698684692383,0.006748676300048828,4.61325603723526
finetuned,r18@mu_D,2.0,cake_impl_17,V,target,cake_impl_17,-0.12013602256774902,-4.462739050388336,0.15051698684692383,-0.27065300941467285,4.61325603723526
finetuned,r19@mu_D,0.0,cake_impl_17,V,target,cake_impl_17,0.15051698684692383,-4.462739050388336,0.15051698684692383,0.0,4.61325603723526
finetuned,r19@mu_D,1.0,cake_impl_17,V,target,cake_impl_17,0.1545553207397461,-4.462739050388336,0.15051698684692383,0.004038333892822266,4.61325603723526
finetuned,r19@mu_D,2.0,cake_impl_17,V,target,cake_impl_17,0.15764617919921875,-4.462739050388336,0.15051698684692383,0.007129192352294922,4.61325603723526
finetuned,r20@mu_D,0.0,cake_impl_17,V,target,cake_impl_17,0.15051698684692383,-4.462739050388336,0.15051698684692383,0.0,4.61325603723526
finetuned,r20@mu_D,1.0,cake_impl_17,V,target,cake_impl_17,0.17786431312561035,-4.462739050388336,0.15051698684692383,0.027347326278686523,4.61325603723526
finetuned,r20@mu_D,2.0,cake_impl_17,V,target,cake_impl_17,0.1754624843597412,-4.462739050388336,0.15051698684692383,0.024945497512817383,4.61325603723526
finetuned,r21@mu_D,0.0,cake_impl_17,V,target,cake_impl_17,0.15051698684692383,-4.462739050388336,0.15051698684692383,0.0,4.61325603723526
finetuned,r21@mu_D,1.0,cake_impl_17,V,target,cake_impl_17,0.030631303787231445,-4.462739050388336,0.15051698684692383,-0.11988568305969238,4.61325603723526
finetuned,r21@mu_D,2.0,cake_impl_17,V,target,cake_impl_17,0.03646516799926758,-4.462739050388336,0.15051698684692383,-0.11405181884765625,4.61325603723526
finetuned,r22@mu_D,0.0,cake_impl_17,V,target,cake_impl_17,0.15051698684692383,-4.462739050388336,0.15051698684692383,0.0,4.61325603723526
finetuned,r22@mu_D,1.0,cake_impl_17,V,target,cake_impl_17,-0.11167788505554199,-4.462739050388336,0.15051698684692383,-0.2621948719024658,4.61325603723526
finetuned,r22@mu_D,2.0,cake_impl_17,V,target,cake_impl_17,-0.2420487403869629,-4.462739050388336,0.15051698684692383,-0.3925657272338867,4.61325603723526
base,mu_D,0.0,ctrl9_cookies_0,cookies,near,ctrl9_cookies_0,-8.331750184297562,-8.331750184297562,0.34697675704956055,0.0,8.678726941347122
base,mu_D,1.0,ctrl9_cookies_0,cookies,near,ctrl9_cookies_0,-8.107392579317093,-8.331750184297562,0.34697675704956055,0.22435760498046875,8.678726941347122
base,mu_D,2.0,ctrl9_cookies_0,cookies,near,ctrl9_cookies_0,-7.750555753707886,-8.331750184297562,0.34697675704956055,0.5811944305896759,8.678726941347122
base,mu_Dprime_matched,0.0,ctrl9_cookies_0,cookies,near,ctrl9_cookies_0,-8.331750184297562,-8.331750184297562,0.34697675704956055,0.0,8.678726941347122
base,mu_Dprime_matched,1.0,ctrl9_cookies_0,cookies,near,ctrl9_cookies_0,-8.002884209156036,-8.331750184297562,0.34697675704956055,0.32886597514152527,8.678726941347122
base,mu_Dprime_matched,2.0,ctrl9_cookies_0,cookies,near,ctrl9_cookies_0,-8.034827053546906,-8.331750184297562,0.34697675704956055,0.29692313075065613,8.678726941347122
base,r0@mu_D,0.0,ctrl9_cookies_0,cookies,near,ctrl9_cookies_0,-8.331750184297562,-8.331750184297562,0.34697675704956055,0.0,8.678726941347122
base,r0@mu_D,1.0,ctrl9_cookies_0,cookies,near,ctrl9_cookies_0,-8.085927069187164,-8.331750184297562,0.34697675704956055,0.24582311511039734,8.678726941347122
base,r0@mu_D,2.0,ctrl9_cookies_0,cookies,near,ctrl9_cookies_0,-7.887335553765297,-8.331750184297562,0.34697675704956055,0.4444146305322647,8.678726941347122
base,r1@mu_D,0.0,ctrl9_cookies_0,cookies,near,ctrl9_cookies_0,-8.331750184297562,-8.331750184297562,0.34697675704956055,0.0,8.678726941347122
base,r1@mu_D,1.0,ctrl9_cookies_0,cookies,near,ctrl9_cookies_0,-7.75602562725544,-8.331750184297562,0.34697675704956055,0.5757245570421219,8.678726941347122
base,r1@mu_D,2.0,ctrl9_cookies_0,cookies,near,ctrl9_cookies_0,-7.312277913093567,-8.331750184297562,0.34697675704956055,1.0194722712039948,8.678726941347122
base,r2@mu_D,0.0,ctrl9_cookies_0,cookies,near,ctrl9_cookies_0,-8.331750184297562,-8.331750184297562,0.34697675704956055,0.0,8.678726941347122
base,r2@mu_D,1.0,ctrl9_cookies_0,cookies,near,ctrl9_cookies_0,-8.427264779806137,-8.331750184297562,0.34697675704956055,-0.09551459550857544,8.678726941347122
base,r2@mu_D,2.0,ctrl9_cookies_0,cookies,near,ctrl9_cookies_0,-8.216769680380821,-8.331750184297562,0.34697675704956055,0.11498050391674042,8.678726941347122
base,r3@mu_D,0.0,ctrl9_cookies_0,cookies,near,ctrl9_cookies_0,-8.331750184297562,-8.331750184297562,0.34697675704956055,0.0,8.678726941347122
base,r3@mu_D,1.0,ctrl9_cookies_0,cookies,near,ctrl9_cookies_0,-8.36387711763382,-8.331750184297562,0.34697675704956055,-0.032126933336257935,8.678726941347122
base,r3@mu_D,2.0,ctrl9_cookies_0,cookies,near,ctrl9_cookies_0,-8.177202180027962,-8.331750184297562,0.34697675704956055,0.15454800426959991,8.678726941347122
base,r4@mu_D,0.0,ctrl9_cookies_0,cookies,near,ctrl9_cookies_0,-8.331750184297562,-8.331750184297562,0.34697675704956055,0.0,8.678726941347122
base,r4@mu_D,1.0,ctrl9_cookies_0,cookies,near,ctrl9_cookies_0,-7.991413876414299,-8.331750184297562,0.34697675704956055,0.34033630788326263,8.678726941347122
base,r4@mu_D,2.0,ctrl9_cookies_0,cookies,near,ctrl9_cookies_0,-7.996002867817879,-8.331750184297562,0.34697675704956055,0.3357473164796829,8.678726941347122
base,r5@mu_D,0.0,ctrl9_cookies_0,cookies,near,ctrl9_cookies_0,-8.331750184297562,-8.331750184297562,0.34697675704956055,0.0,8.678726941347122
base,r5@mu_D,1.0,ctrl9_cookies_0,cookies,near,ctrl9_cookies_0,-8.277148932218552,-8.331750184297562,0.34697675704956055,0.05460125207901001,8.678726941347122
base,r5@mu_D,2.0,ctrl9_cookies_0,cookies,near,ctrl9_cookies_0,-8.249789401888847,-8.331750184297562,0.34697675704956055,0.0819607824087143,8.678726941347122
base,r6@mu_D,0.0,ctrl9_cookies_0,cookies,near,ctrl9_cookies_0,-8.331750184297562,-8.331750184297562,0.34697675704956055,0.0,8.678726941347122
base,r6@mu_D,1.0,ctrl9_cookies_0,cookies,near,ctrl9_cookies_0,-7.976049929857254,-8.331750184297562,0.34697675704956055,0.3557002544403076,8.678726941347122
base,r6@mu_D,2.0,ctrl9_cookies_0,cookies,near,ctrl9_cookies_0,-7.6521011888980865,-8.331750184297562,0.34697675704956055,0.6796489953994751,8.678726941347122
base,r7@mu_D,0.0,ctrl9_cookies_0,cookies,near,ctrl9_cookies_0,-8.331750184297562,-8.331750184297562,0.34697675704956055,0.0,8.678726941347122
base,r7@mu_D,1.0,ctrl9_cookies_0,cookies,near,ctrl9_cookies_0,-8.334204941987991,-8.331750184297562,0.34697675704956055,-0.0024547576904296875,8.678726941347122
base,r7@mu_D,2.0,ctrl9_cookies_0,cookies,near,ctrl9_cookies_0,-8.338358104228973,-8.331750184297562,0.34697675704956055,-0.006607919931411743,8.678726941347122
base,r8@mu_D,0.0,ctrl9_cookies_0,cookies,near,ctrl9_cookies_0,-8.331750184297562,-8.331750184297562,0.34697675704956055,0.0,8.678726941347122
base,r8@mu_D,1.0,ctrl9_cookies_0,cookies,near,ctrl9_cookies_0,-8.333777755498886,-8.331750184297562,0.34697675704956055,-0.002027571201324463,8.678726941347122
base,r8@mu_D,2.0,ctrl9_cookies_0,cookies,near,ctrl9_cookies_0,-8.695237755775452,-8.331750184297562,0.34697675704956055,-0.36348757147789,8.678726941347122
base,r9@mu_D,0.0,ctrl9_cookies_0,cookies,near,ctrl9_cookies_0,-8.331750184297562,-8.331750184297562,0.34697675704956055,0.0,8.678726941347122
base,r9@mu_D,1.0,ctrl9_cookies_0,cookies,near,ctrl9_cookies_0,-8.3492840975523,-8.331750184297562,0.34697675704956055,-0.017533913254737854,8.678726941347122
base,r9@mu_D,2.0,ctrl9_cookies_0,cookies,near,ctrl9_cookies_0,-8.474128812551498,-8.331750184297562,0.34697675704956055,-0.14237862825393677,8.678726941347122
base,r10@mu_D,0.0,ctrl9_cookies_0,cookies,near,ctrl9_cookies_0,-8.331750184297562,-8.331750184297562,0.34697675704956055,0.0,8.678726941347122
base,r10@mu_D,1.0,ctrl9_cookies_0,cookies,near,ctrl9_cookies_0,-8.171436131000519,-8.331750184297562,0.34697675704956055,0.16031405329704285,8.678726941347122
base,r10@mu_D,2.0,ctrl9_cookies_0,cookies,near,ctrl9_cookies_0,-7.793890863656998,-8.331750184297562,0.34697675704956055,0.537859320640564,8.678726941347122
base,r11@mu_D,0.0,ctrl9_cookies_0,cookies,near,ctrl9_cookies_0,-8.331750184297562,-8.331750184297562,0.34697675704956055,0.0,8.678726941347122
base,r11@mu_D,1.0,ctrl9_cookies_0,cookies,near,ctrl9_cookies_0,-8.09937371313572,-8.331750184297562,0.34697675704956055,0.23237647116184235,8.678726941347122
base,r11@mu_D,2.0,ctrl9_cookies_0,cookies,near,ctrl9_cookies_0,-8.031803041696548,-8.331750184297562,0.34697675704956055,0.2999471426010132,8.678726941347122
base,r12@mu_D,0.0,ctrl9_cookies_0,cookies,near,ctrl9_cookies_0,-8.331750184297562,-8.331750184297562,0.34697675704956055,0.0,8.678726941347122
base,r12@mu_D,1.0,ctrl9_cookies_0,cookies,near,ctrl9_cookies_0,-7.8564765602350235,-8.331750184297562,0.34697675704956055,0.47527362406253815,8.678726941347122
base,r12@mu_D,2.0,ctrl9_cookies_0,cookies,near,ctrl9_cookies_0,-7.4596379697322845,-8.331750184297562,0.34697675704956055,0.8721122145652771,8.678726941347122
base,r13@mu_D,0.0,ctrl9_cookies_0,cookies,near,ctrl9_cookies_0,-8.331750184297562,-8.331750184297562,0.34697675704956055,0.0,8.678726941347122
base,r13@mu_D,1.0,ctrl9_cookies_0,cookies,near,ctrl9_cookies_0,-8.669375211000443,-8.331750184297562,0.34697675704956055,-0.33762502670288086,8.678726941347122
base,r13@mu_D,2.0,ctrl9_cookies_0,cookies,near,ctrl9_cookies_0,-8.877920866012573,-8.331750184297562,0.34697675704956055,-0.5461706817150116,8.678726941347122
base,r14@mu_D,0.0,ctrl9_cookies_0,cookies,near,ctrl9_cookies_0,-8.331750184297562,-8.331750184297562,0.34697675704956055,0.0,8.678726941347122
base,r14@mu_D,1.0,ctrl9_cookies_0,cookies,near,ctrl9_cookies_0,-8.069806545972824,-8.331750184297562,0.34697675704956055,0.26194363832473755,8.678726941347122
base,r14@mu_D,2.0,ctrl9_cookies_0,cookies,near,ctrl9_cookies_0,-7.944239109754562,-8.331750184297562,0.34697675704956055,0.38751107454299927,8.678726941347122
base,r15@mu_D,0.0,ctrl9_cookies_0,cookies,near,ctrl9_cookies_0,-8.331750184297562,-8.331750184297562,0.34697675704956055,0.0,8.678726941347122
base,r15@mu_D,1.0,ctrl9_cookies_0,cookies,near,ctrl9_cookies_0,-8.048712626099586,-8.331750184297562,0.34697675704956055,0.28303755819797516,8.678726941347122
base,r15@mu_D,2.0,ctrl9_cookies_0,cookies,near,ctrl9_cookies_0,-7.6886643171310425,-8.331750184297562,0.34697675704956055,0.6430858671665192,8.678726941347122
base,r16@mu_D,0.0,ctrl9_cookies_0,cookies,near,ctrl9_cookies_0,-8.331750184297562,-8.331750184297562,0.34697675704956055,0.0,8.678726941347122
base,r16@mu_D,1.0,ctrl9_cookies_0,cookies,near,ctrl9_cookies_0,-8.371001899242401,-8.331750184297562,0.34697675704956055,-0.03925171494483948,8.678726941347122
base,r16@mu_D,2.0,ctrl9_cookies_0,cookies,near,ctrl9_cookies_0,-8.135670870542526,-8.331750184297562,0.34697675704956055,0.1960793137550354,8.678726941347122
base,r17@mu_D,0.0,ctrl9_cookies_0,cookies,near,ctrl9_cookies_0,-8.331750184297562,-8.331750184297562,0.34697675704956055,0.0,8.678726941347122
base,r17@mu_D,1.0,ctrl9_cookies_0,cookies,near,ctrl9_cookies_0,-8.112662211060524,-8.331750184297562,0.34697675704956055,0.21908797323703766,8.678726941347122
base,r17@mu_D,2.0,ctrl9_cookies_0,cookies,near,ctrl9_cookies_0,-7.613679155707359,-8.331750184297562,0.34697675704956055,0.7180710285902023,8.678726941347122
base,r18@mu_D,0.0,ctrl9_cookies_0,cookies,near,ctrl9_cookies_0,-8.331750184297562,-8.331750184297562,0.34697675704956055,0.0,8.678726941347122
base,r18@mu_D,1.0,ctrl9_cookies_0,cookies,near,ctrl9_cookies_0,-8.06188414990902,-8.331750184297562,0.34697675704956055,0.2698660343885422,8.678726941347122
base,r18@mu_D,2.0,ctrl9_cookies_0,cookies,near,ctrl9_cookies_0,-7.835977613925934,-8.331750184297562,0.34697675704956055,0.4957725703716278,8.678726941347122
base,r19@mu_D,0.0,ctrl9_cookies_0,cookies,near,ctrl9_cookies_0,-8.331750184297562,-8.331750184297562,0.34697675704956055,0.0,8.678726941347122
base,r19@mu_D,1.0,ctrl9_cookies_0,cookies,near,ctrl9_cookies_0,-8.558723255991936,-8.331750184297562,0.34697675704956055,-0.22697307169437408,8.678726941347122
base,r19@mu_D,2.0,ctrl9_cookies_0,cookies,near,ctrl9_cookies_0,-8.665539130568504,-8.331750184297562,0.34697675704956055,-0.3337889462709427,8.678726941347122
base,r20@mu_D,0.0,ctrl9_cookies_0,cookies,near,ctrl9_cookies_0,-8.331750184297562,-8.331750184297562,0.34697675704956055,0.0,8.678726941347122
base,r20@mu_D,1.0,ctrl9_cookies_0,cookies,near,ctrl9_cookies_0,-7.997248396277428,-8.331750184297562,0.34697675704956055,0.33450178802013397,8.678726941347122
base,r20@mu_D,2.0,ctrl9_cookies_0,cookies,near,ctrl9_cookies_0,-7.900377660989761,-8.331750184297562,0.34697675704956055,0.4313725233078003,8.678726941347122
base,r21@mu_D,0.0,ctrl9_cookies_0,cookies,near,ctrl9_cookies_0,-8.331750184297562,-8.331750184297562,0.34697675704956055,0.0,8.678726941347122
base,r21@mu_D,1.0,ctrl9_cookies_0,cookies,near,ctrl9_cookies_0,-8.222450405359268,-8.331750184297562,0.34697675704956055,0.10929977893829346,8.678726941347122
base,r21@mu_D,2.0,ctrl9_cookies_0,cookies,near,ctrl9_cookies_0,-8.11912226676941,-8.331750184297562,0.34697675704956055,0.21262791752815247,8.678726941347122
base,r22@mu_D,0.0,ctrl9_cookies_0,cookies,near,ctrl9_cookies_0,-8.331750184297562,-8.331750184297562,0.34697675704956055,0.0,8.678726941347122
base,r22@mu_D,1.0,ctrl9_cookies_0,cookies,near,ctrl9_cookies_0,-8.320683047175407,-8.331750184297562,0.34697675704956055,0.011067137122154236,8.678726941347122
base,r22@mu_D,2.0,ctrl9_cookies_0,cookies,near,ctrl9_cookies_0,-8.075525015592575,-8.331750184297562,0.34697675704956055,0.2562251687049866,8.678726941347122
finetuned,mu_D,0.0,ctrl9_cookies_0,cookies,near,ctrl9_cookies_0,0.34697675704956055,-8.331750184297562,0.34697675704956055,0.0,8.678726941347122
finetuned,mu_D,1.0,ctrl9_cookies_0,cookies,near,ctrl9_cookies_0,0.6856769323348999,-8.331750184297562,0.34697675704956055,0.33870017528533936,8.678726941347122
finetuned,mu_D,2.0,ctrl9_cookies_0,cookies,near,ctrl9_cookies_0,1.1282373070716858,-8.331750184297562,0.34697675704956055,0.7812605500221252,8.678726941347122
finetuned,mu_Dprime_matched,0.0,ctrl9_cookies_0,cookies,near,ctrl9_cookies_0,0.34697675704956055,-8.331750184297562,0.34697675704956055,0.0,8.678726941347122
finetuned,mu_Dprime_matched,1.0,ctrl9_cookies_0,cookies,near,ctrl9_cookies_0,0.6448779106140137,-8.331750184297562,0.34697675704956055,0.2979011535644531,8.678726941347122
finetuned,mu_Dprime_matched,2.0,ctrl9_cookies_0,cookies,near,ctrl9_cookies_0,0.818946361541748,-8.331750184297562,0.34697675704956055,0.4719696044921875,8.678726941347122
finetuned,r0@mu_D,0.0,ctrl9_cookies_0,cookies,near,ctrl9_cookies_0,0.34697675704956055,-8.331750184297562,0.34697675704956055,0.0,8.678726941347122
finetuned,r0@mu_D,1.0,ctrl9_cookies_0,cookies,near,ctrl9_cookies_0,0.48771631717681885,-8.331750184297562,0.34697675704956055,0.1407395601272583,8.678726941347122
finetuned,r0@mu_D,2.0,ctrl9_cookies_0,cookies,near,ctrl9_cookies_0,0.6310914754867554,-8.331750184297562,0.34697675704956055,0.2841147184371948,8.678726941347122
finetuned,r1@mu_D,0.0,ctrl9_cookies_0,cookies,near,ctrl9_cookies_0,0.34697675704956055,-8.331750184297562,0.34697675704956055,0.0,8.678726941347122
finetuned,r1@mu_D,1.0,ctrl9_cookies_0,cookies,near,ctrl9_cookies_0,0.525450587272644,-8.331750184297562,0.34697675704956055,0.1784738302230835,8.678726941347122
finetuned,r1@mu_D,2.0,ctrl9_cookies_0,cookies,near,ctrl9_cookies_0,0.39625293016433716,-8.331750184297562,0.34697675704956055,0.04927617311477661,8.678726941347122
finetuned,r2@mu_D,0.0,ctrl9_cookies_0,cookies,near,ctrl9_cookies_0,0.34697675704956055,-8.331750184297562,0.34697675704956055,0.0,8.678726941347122
finetuned,r2@mu_D,1.0,ctrl9_cookies_0,cookies,near,ctrl9_cookies_0,0.6710315346717834,-8.331750184297562,0.34697675704956055,0.3240547776222229,8.678726941347122
finetuned,r2@mu_D,2.0,ctrl9_cookies_0,cookies,near,ctrl9_cookies_0,0.9230157136917114,-8.331750184297562,0.34697675704956055,0.5760389566421509,8.678726941347122
finetuned,r3@mu_D,0.0,ctrl9_cookies_0,cookies,near,ctrl9_cookies_0,0.34697675704956055,-8.331750184297562,0.34697675704956055,0.0,8.678726941347122
finetuned,r3@mu_D,1.0,ctrl9_cookies_0,cookies,near,ctrl9_cookies_0,0.17109322547912598,-8.331750184297562,0.34697675704956055,-0.17588353157043457,8.678726941347122
finetuned,r3@mu_D,2.0,ctrl9_cookies_0,cookies,near,ctrl9_cookies_0,0.031382858753204346,-8.331750184297562,0.34697675704956055,-0.3155938982963562,8.678726941347122
finetuned,r4@mu_D,0.0,ctrl9_cookies_0,cookies,near,ctrl9_cookies_0,0.34697675704956055,-8.331750184297562,0.34697675704956055,0.0,8.678726941347122
finetuned,r4@mu_D,1.0,ctrl9_cookies_0,cookies,near,ctrl9_cookies_0,0.47627294063568115,-8.331750184297562,0.34697675704956055,0.1292961835861206,8.678726941347122
finetuned,r4@mu_D,2.0,ctrl9_cookies_0,cookies,near,ctrl9_cookies_0,0.7459708452224731,-8.331750184297562,0.34697675704956055,0.3989940881729126,8.678726941347122
finetuned,r5@mu_D,0.0,ctrl9_cookies_0,cookies,near,ctrl9_cookies_0,0.34697675704956055,-8.331750184297562,0.34697675704956055,0.0,8.678726941347122
finetuned,r5@mu_D,1.0,ctrl9_cookies_0,cookies,near,ctrl9_cookies_0,0.22140085697174072,-8.331750184297562,0.34697675704956055,-0.12557590007781982,8.678726941347122
finetuned,r5@mu_D,2.0,ctrl9_cookies_0,cookies,near,ctrl9_cookies_0,-0.10170739889144897,-8.331750184297562,0.34697675704956055,-0.4486841559410095,8.678726941347122
finetuned,r6@mu_D,0.0,ctrl9_cookies_0,cookies,near,ctrl9_cookies_0,0.34697675704956055,-8.331750184297562,0.34697675704956055,0.0,8.678726941347122
finetuned,r6@mu_D,1.0,ctrl9_cookies_0,cookies,near,ctrl9_cookies_0,0.348175585269928,-8.331750184297562,0.34697675704956055,0.0011988282203674316,8.678726941347122
finetuned,r6@mu_D,2.0,ctrl9_cookies_0,cookies,near,ctrl9_cookies_0,0.3376971483230591,-8.331750184297562,0.34697675704956055,-0.009279608726501465,8.678726941347122
finetuned,r7@mu_D,0.0,ctrl9_cookies_0,cookies,near,ctrl9_cookies_0,0.34697675704956055,-8.331750184297562,0.34697675704956055,0.0,8.678726941347122
finetuned,r7@mu_D,1.0,ctrl9_cookies_0,cookies,near,ctrl9_cookies_0,0.6040287017822266,-8.331750184297562,0.34697675704956055,0.257051944732666,8.678726941347122
finetuned,r7@mu_D,2.0,ctrl9_cookies_0,cookies,near,ctrl9_cookies_0,0.5841956734657288,-8.331750184297562,0.34697675704956055,0.2372189164161682,8.678726941347122
finetuned,r8@mu_D,0.0,ctrl9_cookies_0,cookies,near,ctrl9_cookies_0,0.34697675704956055,-8.331750184297562,0.34697675704956055,0.0,8.678726941347122
finetuned,r8@mu_D,1.0,ctrl9_cookies_0,cookies,near,ctrl9_cookies_0,0.2918189764022827,-8.331750184297562,0.34697675704956055,-0.05515778064727783,8.678726941347122
finetuned,r8@mu_D,2.0,ctrl9_cookies_0,cookies,near,ctrl9_cookies_0,0.3170030117034912,-8.331750184297562,0.34697675704956055,-0.029973745346069336,8.678726941347122
finetuned,r9@mu_D,0.0,ctrl9_cookies_0,cookies,near,ctrl9_cookies_0,0.34697675704956055,-8.331750184297562,0.34697675704956055,0.0,8.678726941347122
finetuned,r9@mu_D,1.0,ctrl9_cookies_0,cookies,near,ctrl9_cookies_0,0.35047364234924316,-8.331750184297562,0.34697675704956055,0.003496885299682617,8.678726941347122
finetuned,r9@mu_D,2.0,ctrl9_cookies_0,cookies,near,ctrl9_cookies_0,0.39680778980255127,-8.331750184297562,0.34697675704956055,0.04983103275299072,8.678726941347122
finetuned,r10@mu_D,0.0,ctrl9_cookies_0,cookies,near,ctrl9_cookies_0,0.34697675704956055,-8.331750184297562,0.34697675704956055,0.0,8.678726941347122
finetuned,r10@mu_D,1.0,ctrl9_cookies_0,cookies,near,ctrl9_cookies_0,0.4419827461242676,-8.331750184297562,0.34697675704956055,0.09500598907470703,8.678726941347122
finetuned,r10@mu_D,2.0,ctrl9_cookies_0,cookies,near,ctrl9_cookies_0,0.7197036147117615,-8.331750184297562,0.34697675704956055,0.3727268576622009,8.678726941347122
finetuned,r11@mu_D,0.0,ctrl9_cookies_0,cookies,near,ctrl9_cookies_0,0.34697675704956055,-8.331750184297562,0.34697675704956055,0.0,8.678726941347122
finetuned,r11@mu_D,1.0,ctrl9_cookies_0,cookies,near,ctrl9_cookies_0,0.18275022506713867,-8.331750184297562,0.34697675704956055,-0.16422653198242188,8.678726941347122
finetuned,r11@mu_D,2.0,ctrl9_cookies_0,cookies,near,ctrl9_cookies_0,0.02716362476348877,-8.331750184297562,0.34697675704956055,-0.3198131322860718,8.678726941347122
finetuned,r12@mu_D,0.0,ctrl9_cookies_0,cookies,near,ctrl9_cookies_0,0.34697675704956055,-8.331750184297562,0.34697675704956055,0.0,8.678726941347122
finetuned,r12@mu_D,1.0,ctrl9_cookies_0,cookies,near,ctrl9_cookies_0,0.5208771824836731,-8.331750184297562,0.34697675704956055,0.17390042543411255,8.678726941347122
finetuned,r12@mu_D,2.0,ctrl9_cookies_0,cookies,near,ctrl9_cookies_0,0.701708197593689,-8.331750184297562,0.34697675704956055,0.3547314405441284,8.678726941347122
finetuned,r13@mu_D,0.0,ctrl9_cookies_0,cookies,near,ctrl9_cookies_0,0.34697675704956055,-8.331750184297562,0.34697675704956055,0.0,8.678726941347122
finetuned,r13@mu_D,1.0,ctrl9_cookies_0,cookies,near,ctrl9_cookies_0,0.38853198289871216,-8.331750184297562,0.34697675704956055,0.04155522584915161,8.678726941347122
finetuned,r13@mu_D,2.0,ctrl9_cookies_0,cookies,near,ctrl9_cookies_0,0.47150933742523193,-8.331750184297562,0.34697675704956055,0.12453258037567139,8.678726941347122
finetuned,r14@mu_D,0.0,ctrl9_cookies_0,cookies,near,ctrl9_cookies_0,0.34697675704956055,-8.331750184297562,0.34697675704956055,0.0,8.678726941347122
finetuned,r14@mu_D,1.0,ctrl9_cookies_0,cookies,near,ctrl9_cookies_0,0.494295597076416,-8.331750184297562,0.34697675704956055,0.14731884002685547,8.678726941347122
finetuned,r14@mu_D,2.0,ctrl9_cookies_0,cookies,near,ctrl9_cookies_0,0.5965631604194641,-8.331750184297562,0.34697675704956055,0.24958640336990356,8.678726941347122
finetuned,r15@mu_D,0.0,ctrl9_cookies_0,cookies,near,ctrl9_cookies_0,0.34697675704956055,-8.331750184297562,0.34697675704956055,0.0,8.678726941347122
finetuned,r15@mu_D,1.0,ctrl9_cookies_0,cookies,near,ctrl9_cookies_0,0.36032330989837646,-8.331750184297562,0.34697675704956055,0.013346552848815918,8.678726941347122
finetuned,r15@mu_D,2.0,ctrl9_cookies_0,cookies,near,ctrl9_cookies_0,0.5269315242767334,-8.331750184297562,0.34697675704956055,0.17995476722717285,8.678726941347122
finetuned,r16@mu_D,0.0,ctrl9_cookies_0,cookies,near,ctrl9_cookies_0,0.34697675704956055,-8.331750184297562,0.34697675704956055,0.0,8.678726941347122
finetuned,r16@mu_D,1.0,ctrl9_cookies_0,cookies,near,ctrl9_cookies_0,0.4548757076263428,-8.331750184297562,0.34697675704956055,0.10789895057678223,8.678726941347122
finetuned,r16@mu_D,2.0,ctrl9_cookies_0,cookies,near,ctrl9_cookies_0,0.37337660789489746,-8.331750184297562,0.34697675704956055,0.026399850845336914,8.678726941347122
finetuned,r17@mu_D,0.0,ctrl9_cookies_0,cookies,near,ctrl9_cookies_0,0.34697675704956055,-8.331750184297562,0.34697675704956055,0.0,8.678726941347122
finetuned,r17@mu_D,1.0,ctrl9_cookies_0,cookies,near,ctrl9_cookies_0,0.6297407150268555,-8.331750184297562,0.34697675704956055,0.2827639579772949,8.678726941347122
finetuned,r17@mu_D,2.0,ctrl9_cookies_0,cookies,near,ctrl9_cookies_0,0.938152551651001,-8.331750184297562,0.34697675704956055,0.5911757946014404,8.678726941347122
finetuned,r18@mu_D,0.0,ctrl9_cookies_0,cookies,near,ctrl9_cookies_0,0.34697675704956055,-8.331750184297562,0.34697675704956055,0.0,8.678726941347122
finetuned,r18@mu_D,1.0,ctrl9_cookies_0,cookies,near,ctrl9_cookies_0,0.3284456729888916,-8.331750184297562,0.34697675704956055,-0.018531084060668945,8.678726941347122
finetuned,r18@mu_D,2.0,ctrl9_cookies_0,cookies,near,ctrl9_cookies_0,0.2936335802078247,-8.331750184297562,0.34697675704956055,-0.05334317684173584,8.678726941347122
finetuned,r19@mu_D,0.0,ctrl9_cookies_0,cookies,near,ctrl9_cookies_0,0.34697675704956055,-8.331750184297562,0.34697675704956055,0.0,8.678726941347122
finetuned,r19@mu_D,1.0,ctrl9_cookies_0,cookies,near,ctrl9_cookies_0,0.4523543119430542,-8.331750184297562,0.34697675704956055,0.10537755489349365,8.678726941347122
finetuned,r19@mu_D,2.0,ctrl9_cookies_0,cookies,near,ctrl9_cookies_0,0.3159921169281006,-8.331750184297562,0.34697675704956055,-0.03098464012145996,8.678726941347122
finetuned,r20@mu_D,0.0,ctrl9_cookies_0,cookies,near,ctrl9_cookies_0,0.34697675704956055,-8.331750184297562,0.34697675704956055,0.0,8.678726941347122
finetuned,r20@mu_D,1.0,ctrl9_cookies_0,cookies,near,ctrl9_cookies_0,0.3527698516845703,-8.331750184297562,0.34697675704956055,0.005793094635009766,8.678726941347122
finetuned,r20@mu_D,2.0,ctrl9_cookies_0,cookies,near,ctrl9_cookies_0,0.4957290291786194,-8.331750184297562,0.34697675704956055,0.14875227212905884,8.678726941347122
finetuned,r21@mu_D,0.0,ctrl9_cookies_0,cookies,near,ctrl9_cookies_0,0.34697675704956055,-8.331750184297562,0.34697675704956055,0.0,8.678726941347122
finetuned,r21@mu_D,1.0,ctrl9_cookies_0,cookies,near,ctrl9_cookies_0,0.21058911085128784,-8.331750184297562,0.34697675704956055,-0.1363876461982727,8.678726941347122
finetuned,r21@mu_D,2.0,ctrl9_cookies_0,cookies,near,ctrl9_cookies_0,0.23488503694534302,-8.331750184297562,0.34697675704956055,-0.11209172010421753,8.678726941347122
finetuned,r22@mu_D,0.0,ctrl9_cookies_0,cookies,near,ctrl9_cookies_0,0.34697675704956055,-8.331750184297562,0.34697675704956055,0.0,8.678726941347122
finetuned,r22@mu_D,1.0,ctrl9_cookies_0,cookies,near,ctrl9_cookies_0,0.22005695104599,-8.331750184297562,0.34697675704956055,-0.12691980600357056,8.678726941347122
finetuned,r22@mu_D,2.0,ctrl9_cookies_0,cookies,near,ctrl9_cookies_0,0.09366989135742188,-8.331750184297562,0.34697675704956055,-0.25330686569213867,8.678726941347122
base,mu_D,0.0,ctrl9_cookies_1,cookies,near,ctrl9_cookies_1,-7.439711213111877,-7.439711213111877,1.5270918607711792,0.0,8.966803073883057
base,mu_D,1.0,ctrl9_cookies_1,cookies,near,ctrl9_cookies_1,-7.488900899887085,-7.439711213111877,1.5270918607711792,-0.04918968677520752,8.966803073883057
base,mu_D,2.0,ctrl9_cookies_1,cookies,near,ctrl9_cookies_1,-7.305372357368469,-7.439711213111877,1.5270918607711792,0.1343388557434082,8.966803073883057
base,mu_Dprime_matched,0.0,ctrl9_cookies_1,cookies,near,ctrl9_cookies_1,-7.439711213111877,-7.439711213111877,1.5270918607711792,0.0,8.966803073883057
base,mu_Dprime_matched,1.0,ctrl9_cookies_1,cookies,near,ctrl9_cookies_1,-7.245263576507568,-7.439711213111877,1.5270918607711792,0.19444763660430908,8.966803073883057
base,mu_Dprime_matched,2.0,ctrl9_cookies_1,cookies,near,ctrl9_cookies_1,-7.134645164012909,-7.439711213111877,1.5270918607711792,0.3050660490989685,8.966803073883057
base,r0@mu_D,0.0,ctrl9_cookies_1,cookies,near,ctrl9_cookies_1,-7.439711213111877,-7.439711213111877,1.5270918607711792,0.0,8.966803073883057
base,r0@mu_D,1.0,ctrl9_cookies_1,cookies,near,ctrl9_cookies_1,-7.459272563457489,-7.439711213111877,1.5270918607711792,-0.019561350345611572,8.966803073883057
base,r0@mu_D,2.0,ctrl9_cookies_1,cookies,near,ctrl9_cookies_1,-7.241347044706345,-7.439711213111877,1.5270918607711792,0.19836416840553284,8.966803073883057
base,r1@mu_D,0.0,ctrl9_cookies_1,cookies,near,ctrl9_cookies_1,-7.439711213111877,-7.439711213111877,1.5270918607711792,0.0,8.966803073883057
base,r1@mu_D,1.0,ctrl9_cookies_1,cookies,near,ctrl9_cookies_1,-7.327533274888992,-7.439711213111877,1.5270918607711792,0.11217793822288513,8.966803073883057
base,r1@mu_D,2.0,ctrl9_cookies_1,cookies,near,ctrl9_cookies_1,-7.108286738395691,-7.439711213111877,1.5270918607711792,0.3314244747161865,8.966803073883057
base,r2@mu_D,0.0,ctrl9_cookies_1,cookies,near,ctrl9_cookies_1,-7.439711213111877,-7.439711213111877,1.5270918607711792,0.0,8.966803073883057
base,r2@mu_D,1.0,ctrl9_cookies_1,cookies,near,ctrl9_cookies_1,-7.437156856060028,-7.439711213111877,1.5270918607711792,0.0025543570518493652,8.966803073883057
base,r2@mu_D,2.0,ctrl9_cookies_1,cookies,near,ctrl9_cookies_1,-7.206736862659454,-7.439711213111877,1.5270918607711792,0.2329743504524231,8.966803073883057
base,r3@mu_D,0.0,ctrl9_cookies_1,cookies,near,ctrl9_cookies_1,-7.439711213111877,-7.439711213111877,1.5270918607711792,0.0,8.966803073883057
base,r3@mu_D,1.0,ctrl9_cookies_1,cookies,near,ctrl9_cookies_1,-7.733382165431976,-7.439711213111877,1.5270918607711792,-0.2936709523200989,8.966803073883057
base,r3@mu_D,2.0,ctrl9_cookies_1,cookies,near,ctrl9_cookies_1,-7.8881441950798035,-7.439711213111877,1.5270918607711792,-0.448432981967926,8.966803073883057
base,r4@mu_D,0.0,ctrl9_cookies_1,cookies,near,ctrl9_cookies_1,-7.439711213111877,-7.439711213111877,1.5270918607711792,0.0,8.966803073883057
base,r4@mu_D,1.0,ctrl9_cookies_1,cookies,near,ctrl9_cookies_1,-7.050248920917511,-7.439711213111877,1.5270918607711792,0.38946229219436646,8.966803073883057
base,r4@mu_D,2.0,ctrl9_cookies_1,cookies,near,ctrl9_cookies_1,-6.66159850358963,-7.439711213111877,1.5270918607711792,0.7781127095222473,8.966803073883057
base,r5@mu_D,0.0,ctrl9_cookies_1,cookies,near,ctrl9_cookies_1,-7.439711213111877,-7.439711213111877,1.5270918607711792,0.0,8.966803073883057
base,r5@mu_D,1.0,ctrl9_cookies_1,cookies,near,ctrl9_cookies_1,-7.471914380788803,-7.439711213111877,1.5270918607711792,-0.03220316767692566,8.966803073883057
base,r5@mu_D,2.0,ctrl9_cookies_1,cookies,near,ctrl9_cookies_1,-7.732438802719116,-7.439711213111877,1.5270918607711792,-0.29272758960723877,8.966803073883057
base,r6@mu_D,0.0,ctrl9_cookies_1,cookies,near,ctrl9_cookies_1,-7.439711213111877,-7.439711213111877,1.5270918607711792,0.0,8.966803073883057
base,r6@mu_D,1.0,ctrl9_cookies_1,cookies,near,ctrl9_cookies_1,-7.436744034290314,-7.439711213111877,1.5270918607711792,0.0029671788215637207,8.966803073883057
base,r6@mu_D,2.0,ctrl9_cookies_1,cookies,near,ctrl9_cookies_1,-7.302817553281784,-7.439711213111877,1.5270918607711792,0.13689365983009338,8.966803073883057
base,r7@mu_D,0.0,ctrl9_cookies_1,cookies,near,ctrl9_cookies_1,-7.439711213111877,-7.439711213111877,1.5270918607711792,0.0,8.966803073883057
base,r7@mu_D,1.0,ctrl9_cookies_1,cookies,near,ctrl9_cookies_1,-7.2147329449653625,-7.439711213111877,1.5270918607711792,0.2249782681465149,8.966803073883057
base,r7@mu_D,2.0,ctrl9_cookies_1,cookies,near,ctrl9_cookies_1,-7.03666090965271,-7.439711213111877,1.5270918607711792,0.4030503034591675,8.966803073883057
base,r8@mu_D,0.0,ctrl9_cookies_1,cookies,near,ctrl9_cookies_1,-7.439711213111877,-7.439711213111877,1.5270918607711792,0.0,8.966803073883057
base,r8@mu_D,1.0,ctrl9_cookies_1,cookies,near,ctrl9_cookies_1,-7.202004373073578,-7.439711213111877,1.5270918607711792,0.23770684003829956,8.966803073883057
base,r8@mu_D,2.0,ctrl9_cookies_1,cookies,near,ctrl9_cookies_1,-7.068744421005249,-7.439711213111877,1.5270918607711792,0.3709667921066284,8.966803073883057
base,r9@mu_D,0.0,ctrl9_cookies_1,cookies,near,ctrl9_cookies_1,-7.439711213111877,-7.439711213111877,1.5270918607711792,0.0,8.966803073883057
base,r9@mu_D,1.0,ctrl9_cookies_1,cookies,near,ctrl9_cookies_1,-7.355824410915375,-7.439711213111877,1.5270918607711792,0.08388680219650269,8.966803073883057
base,r9@mu_D,2.0,ctrl9_cookies_1,cookies,near,ctrl9_cookies_1,-7.183761179447174,-7.439711213111877,1.5270918607711792,0.25595003366470337,8.966803073883057
base,r10@mu_D,0.0,ctrl9_cookies_1,cookies,near,ctrl9_cookies_1,-7.439711213111877,-7.439711213111877,1.5270918607711792,0.0,8.966803073883057
base,r10@mu_D,1.0,ctrl9_cookies_1,cookies,near,ctrl9_cookies_1,-7.214223623275757,-7.439711213111877,1.5270918607711792,0.2254875898361206,8.966803073883057
base,r10@mu_D,2.0,ctrl9_cookies_1,cookies,near,ctrl9_cookies_1,-7.127879977226257,-7.439711213111877,1.5270918607711792,0.3118312358856201,8.966803073883057
base,r11@mu_D,0.0,ctrl9_cookies_1,cookies,near,ctrl9_cookies_1,-7.439711213111877,-7.439711213111877,1.5270918607711792,0.0,8.966803073883057
base,r11@mu_D,1.0,ctrl9_cookies_1,cookies,near,ctrl9_cookies_1,-7.439093291759491,-7.439711213111877,1.5270918607711792,0.0006179213523864746,8.966803073883057
base,r11@mu_D,2.0,ctrl9_cookies_1,cookies,near,ctrl9_cookies_1,-7.091542303562164,-7.439711213111877,1.5270918607711792,0.34816890954971313,8.966803073883057
base,r12@mu_D,0.0,ctrl9_cookies_1,cookies,near,ctrl9_cookies_1,-7.439711213111877,-7.439711213111877,1.5270918607711792,0.0,8.966803073883057
base,r12@mu_D,1.0,ctrl9_cookies_1,cookies,near,ctrl9_cookies_1,-7.2058093547821045,-7.439711213111877,1.5270918607711792,0.23390185832977295,8.966803073883057
base,r12@mu_D,2.0,ctrl9_cookies_1,cookies,near,ctrl9_cookies_1,-7.193591147661209,-7.439711213111877,1.5270918607711792,0.24612006545066833,8.966803073883057
base,r13@mu_D,0.0,ctrl9_cookies_1,cookies,near,ctrl9_cookies_1,-7.439711213111877,-7.439711213111877,1.5270918607711792,0.0,8.966803073883057
base,r13@mu_D,1.0,ctrl9_cookies_1,cookies,near,ctrl9_cookies_1,-7.581867694854736,-7.439711213111877,1.5270918607711792,-0.1421564817428589,8.966803073883057
base,r13@mu_D,2.0,ctrl9_cookies_1,cookies,near,ctrl9_cookies_1,-7.407897472381592,-7.439711213111877,1.5270918607711792,0.031813740730285645,8.966803073883057
base,r14@mu_D,0.0,ctrl9_cookies_1,cookies,near,ctrl9_cookies_1,-7.439711213111877,-7.439711213111877,1.5270918607711792,0.0,8.966803073883057
base,r14@mu_D,1.0,ctrl9_cookies_1,cookies,near,ctrl9_cookies_1,-7.521909177303314,-7.439711213111877,1.5270918607711792,-0.08219796419143677,8.966803073883057
base,r14@mu_D,2.0,ctrl9_cookies_1,cookies,near,ctrl9_cookies_1,-7.786103576421738,-7.439711213111877,1.5270918607711792,-0.34639236330986023,8.966803073883057
base,r15@mu_D,0.0,ctrl9_cookies_1,cookies,near,ctrl9_cookies_1,-7.439711213111877,-7.439711213111877,1.5270918607711792,0.0,8.966803073883057
base,r15@mu_D,1.0,ctrl9_cookies_1,cookies,near,ctrl9_cookies_1,-7.304364264011383,-7.439711213111877,1.5270918607711792,0.13534694910049438,8.966803073883057
base,r15@mu_D,2.0,ctrl9_cookies_1,cookies,near,ctrl9_cookies_1,-7.292238652706146,-7.439711213111877,1.5270918607711792,0.1474725604057312,8.966803073883057
base,r16@mu_D,0.0,ctrl9_cookies_1,cookies,near,ctrl9_cookies_1,-7.439711213111877,-7.439711213111877,1.5270918607711792,0.0,8.966803073883057
base,r16@mu_D,1.0,ctrl9_cookies_1,cookies,near,ctrl9_cookies_1,-7.15520915389061,-7.439711213111877,1.5270918607711792,0.2845020592212677,8.966803073883057
base,r16@mu_D,2.0,ctrl9_cookies_1,cookies,near,ctrl9_cookies_1,-6.921026289463043,-7.439711213111877,1.5270918607711792,0.5186849236488342,8.966803073883057
base,r17@mu_D,0.0,ctrl9_cookies_1,cookies,near,ctrl9_cookies_1,-7.439711213111877,-7.439711213111877,1.5270918607711792,0.0,8.966803073883057
base,r17@mu_D,1.0,ctrl9_cookies_1,cookies,near,ctrl9_cookies_1,-7.0603150725364685,-7.439711213111877,1.5270918607711792,0.37939614057540894,8.966803073883057
base,r17@mu_D,2.0,ctrl9_cookies_1,cookies,near,ctrl9_cookies_1,-6.722464174032211,-7.439711213111877,1.5270918607711792,0.7172470390796661,8.966803073883057
base,r18@mu_D,0.0,ctrl9_cookies_1,cookies,near,ctrl9_cookies_1,-7.439711213111877,-7.439711213111877,1.5270918607711792,0.0,8.966803073883057
base,r18@mu_D,1.0,ctrl9_cookies_1,cookies,near,ctrl9_cookies_1,-7.168053686618805,-7.439711213111877,1.5270918607711792,0.2716575264930725,8.966803073883057
base,r18@mu_D,2.0,ctrl9_cookies_1,cookies,near,ctrl9_cookies_1,-6.8795405626297,-7.439711213111877,1.5270918607711792,0.5601706504821777,8.966803073883057
base,r19@mu_D,0.0,ctrl9_cookies_1,cookies,near,ctrl9_cookies_1,-7.439711213111877,-7.439711213111877,1.5270918607711792,0.0,8.966803073883057
base,r19@mu_D,1.0,ctrl9_cookies_1,cookies,near,ctrl9_cookies_1,-7.566392540931702,-7.439711213111877,1.5270918607711792,-0.12668132781982422,8.966803073883057
base,r19@mu_D,2.0,ctrl9_cookies_1,cookies,near,ctrl9_cookies_1,-7.546664267778397,-7.439711213111877,1.5270918607711792,-0.10695305466651917,8.966803073883057
base,r20@mu_D,0.0,ctrl9_cookies_1,cookies,near,ctrl9_cookies_1,-7.439711213111877,-7.439711213111877,1.5270918607711792,0.0,8.966803073883057
base,r20@mu_D,1.0,ctrl9_cookies_1,cookies,near,ctrl9_cookies_1,-7.641825973987579,-7.439711213111877,1.5270918607711792,-0.2021147608757019,8.966803073883057
base,r20@mu_D,2.0,ctrl9_cookies_1,cookies,near,ctrl9_cookies_1,-7.6581558883190155,-7.439711213111877,1.5270918607711792,-0.21844467520713806,8.966803073883057
base,r21@mu_D,0.0,ctrl9_cookies_1,cookies,near,ctrl9_cookies_1,-7.439711213111877,-7.439711213111877,1.5270918607711792,0.0,8.966803073883057
base,r21@mu_D,1.0,ctrl9_cookies_1,cookies,near,ctrl9_cookies_1,-7.7106285989284515,-7.439711213111877,1.5270918607711792,-0.2709173858165741,8.966803073883057
base,r21@mu_D,2.0,ctrl9_cookies_1,cookies,near,ctrl9_cookies_1,-7.768169313669205,-7.439711213111877,1.5270918607711792,-0.32845810055732727,8.966803073883057
base,r22@mu_D,0.0,ctrl9_cookies_1,cookies,near,ctrl9_cookies_1,-7.439711213111877,-7.439711213111877,1.5270918607711792,0.0,8.966803073883057
base,r22@mu_D,1.0,ctrl9_cookies_1,cookies,near,ctrl9_cookies_1,-7.429666191339493,-7.439711213111877,1.5270918607711792,0.010045021772384644,8.966803073883057
base,r22@mu_D,2.0,ctrl9_cookies_1,cookies,near,ctrl9_cookies_1,-7.327237814664841,-7.439711213111877,1.5270918607711792,0.11247339844703674,8.966803073883057
finetuned,mu_D,0.0,ctrl9_cookies_1,cookies,near,ctrl9_cookies_1,1.5270918607711792,-7.439711213111877,1.5270918607711792,0.0,8.966803073883057
finetuned,mu_D,1.0,ctrl9_cookies_1,cookies,near,ctrl9_cookies_1,1.994908332824707,-7.439711213111877,1.5270918607711792,0.46781647205352783,8.966803073883057
finetuned,mu_D,2.0,ctrl9_cookies_1,cookies,near,ctrl9_cookies_1,2.1571900844573975,-7.439711213111877,1.5270918607711792,0.6300982236862183,8.966803073883057
finetuned,mu_Dprime_matched,0.0,ctrl9_cookies_1,cookies,near,ctrl9_cookies_1,1.5270918607711792,-7.439711213111877,1.5270918607711792,0.0,8.966803073883057
finetuned,mu_Dprime_matched,1.0,ctrl9_cookies_1,cookies,near,ctrl9_cookies_1,1.7412188053131104,-7.439711213111877,1.5270918607711792,0.21412694454193115,8.966803073883057
finetuned,mu_Dprime_matched,2.0,ctrl9_cookies_1,cookies,near,ctrl9_cookies_1,2.038521885871887,-7.439711213111877,1.5270918607711792,0.511430025100708,8.966803073883057
finetuned,r0@mu_D,0.0,ctrl9_cookies_1,cookies,near,ctrl9_cookies_1,1.5270918607711792,-7.439711213111877,1.5270918607711792,0.0,8.966803073883057
finetuned,r0@mu_D,1.0,ctrl9_cookies_1,cookies,near,ctrl9_cookies_1,1.6686410307884216,-7.439711213111877,1.5270918607711792,0.14154917001724243,8.966803073883057
finetuned,r0@mu_D,2.0,ctrl9_cookies_1,cookies,near,ctrl9_cookies_1,1.6939234137535095,-7.439711213111877,1.5270918607711792,0.16683155298233032,8.966803073883057
finetuned,r1@mu_D,0.0,ctrl9_cookies_1,cookies,near,ctrl9_cookies_1,1.5270918607711792,-7.439711213111877,1.5270918607711792,0.0,8.966803073883057
finetuned,r1@mu_D,1.0,ctrl9_cookies_1,cookies,near,ctrl9_cookies_1,1.588824212551117,-7.439711213111877,1.5270918607711792,0.061732351779937744,8.966803073883057
finetuned,r1@mu_D,2.0,ctrl9_cookies_1,cookies,near,ctrl9_cookies_1,1.6268619298934937,-7.439711213111877,1.5270918607711792,0.09977006912231445,8.966803073883057
finetuned,r2@mu_D,0.0,ctrl9_cookies_1,cookies,near,ctrl9_cookies_1,1.5270918607711792,-7.439711213111877,1.5270918607711792,0.0,8.966803073883057
finetuned,r2@mu_D,1.0,ctrl9_cookies_1,cookies,near,ctrl9_cookies_1,1.82997065782547,-7.439711213111877,1.5270918607711792,0.30287879705429077,8.966803073883057
finetuned,r2@mu_D,2.0,ctrl9_cookies_1,cookies,near,ctrl9_cookies_1,2.209486246109009,-7.439711213111877,1.5270918607711792,0.6823943853378296,8.966803073883057
finetuned,r3@mu_D,0.0,ctrl9_cookies_1,cookies,near,ctrl9_cookies_1,1.5270918607711792,-7.439711213111877,1.5270918607711792,0.0,8.966803073883057
finetuned,r3@mu_D,1.0,ctrl9_cookies_1,cookies,near,ctrl9_cookies_1,1.4043574929237366,-7.439711213111877,1.5270918607711792,-0.12273436784744263,8.966803073883057
finetuned,r3@mu_D,2.0,ctrl9_cookies_1,cookies,near,ctrl9_cookies_1,1.0126824975013733,-7.439711213111877,1.5270918607711792,-0.5144093632698059,8.966803073883057
finetuned,r4@mu_D,0.0,ctrl9_cookies_1,cookies,near,ctrl9_cookies_1,1.5270918607711792,-7.439711213111877,1.5270918607711792,0.0,8.966803073883057
finetuned,r4@mu_D,1.0,ctrl9_cookies_1,cookies,near,ctrl9_cookies_1,1.9749597311019897,-7.439711213111877,1.5270918607711792,0.44786787033081055,8.966803073883057
finetuned,r4@mu_D,2.0,ctrl9_cookies_1,cookies,near,ctrl9_cookies_1,2.3634003400802612,-7.439711213111877,1.5270918607711792,0.836308479309082,8.966803073883057
finetuned,r5@mu_D,0.0,ctrl9_cookies_1,cookies,near,ctrl9_cookies_1,1.5270918607711792,-7.439711213111877,1.5270918607711792,0.0,8.966803073883057
finetuned,r5@mu_D,1.0,ctrl9_cookies_1,cookies,near,ctrl9_cookies_1,1.2661333680152893,-7.439711213111877,1.5270918607711792,-0.2609584927558899,8.966803073883057
finetuned,r5@mu_D,2.0,ctrl9_cookies_1,cookies,near,ctrl9_cookies_1,1.0934560894966125,-7.439711213111877,1.5270918607711792,-0.43363577127456665,8.966803073883057
finetuned,r6@mu_D,0.0,ctrl9_cookies_1,cookies,near,ctrl9_cookies_1,1.5270918607711792,-7.439711213111877,1.5270918607711792,0.0,8.966803073883057
finetuned,r6@mu_D,1.0,ctrl9_cookies_1,cookies,near,ctrl9_cookies_1,1.4022123217582703,-7.439711213111877,1.5270918607711792,-0.12487953901290894,8.966803073883057
finetuned,r6@mu_D,2.0,ctrl9_cookies_1,cookies,near,ctrl9_cookies_1,1.2782981395721436,-7.439711213111877,1.5270918607711792,-0.24879372119903564,8.966803073883057
finetuned,r7@mu_D,0.0,ctrl9_cookies_1,cookies,near,ctrl9_cookies_1,1.5270918607711792,-7.439711213111877,1.5270918607711792,0.0,8.966803073883057
finetuned,r7@mu_D,1.0,ctrl9_cookies_1,cookies,near,ctrl9_cookies_1,1.7933188676834106,-7.439711213111877,1.5270918607711792,0.26622700691223145,8.966803073883057
finetuned,r7@mu_D,2.0,ctrl9_cookies_1,cookies,near,ctrl9_cookies_1,1.9474753141403198,-7.439711213111877,1.5270918607711792,0.4203834533691406,8.966803073883057
finetuned,r8@mu_D,0.0,ctrl9_cookies_1,cookies,near,ctrl9_cookies_1,1.5270918607711792,-7.439711213111877,1.5270918607711792,0.0,8.966803073883057
finetuned,r8@mu_D,1.0,ctrl9_cookies_1,cookies,near,ctrl9_cookies_1,1.5431517362594604,-7.439711213111877,1.5270918607711792,0.01605987548828125,8.966803073883057
finetuned,r8@mu_D,2.0,ctrl9_cookies_1,cookies,near,ctrl9_cookies_1,1.2241230607032776,-7.439711213111877,1.5270918607711792,-0.3029688000679016,8.966803073883057
finetuned,r9@mu_D,0.0,ctrl9_cookies_1,cookies,near,ctrl9_cookies_1,1.5270918607711792,-7.439711213111877,1.5270918607711792,0.0,8.966803073883057
finetuned,r9@mu_D,1.0,ctrl9_cookies_1,cookies,near,ctrl9_cookies_1,1.6652913689613342,-7.439711213111877,1.5270918607711792,0.13819950819015503,8.966803073883057
finetuned,r9@mu_D,2.0,ctrl9_cookies_1,cookies,near,ctrl9_cookies_1,1.8310304880142212,-7.439711213111877,1.5270918607711792,0.303938627243042,8.966803073883057
finetuned,r10@mu_D,0.0,ctrl9_cookies_1,cookies,near,ctrl9_cookies_1,1.5270918607711792,-7.439711213111877,1.5270918607711792,0.0,8.966803073883057
finetuned,r10@mu_D,1.0,ctrl9_cookies_1,cookies,near,ctrl9_cookies_1,1.5716648697853088,-7.439711213111877,1.5270918607711792,0.04457300901412964,8.966803073883057
finetuned,r10@mu_D,2.0,ctrl9_cookies_1,cookies,near,ctrl9_cookies_1,1.5372133255004883,-7.439711213111877,1.5270918607711792,0.010121464729309082,8.966803073883057
finetuned,r11@mu_D,0.0,ctrl9_cookies_1,cookies,near,ctrl9_cookies_1,1.5270918607711792,-7.439711213111877,1.5270918607711792,0.0,8.966803073883057
finetuned,r11@mu_D,1.0,ctrl9_cookies_1,cookies,near,ctrl9_cookies_1,1.5289835929870605,-7.439711213111877,1.5270918607711792,0.0018917322158813477,8.966803073883057
finetuned,r11@mu_D,2.0,ctrl9_cookies_1,cookies,near,ctrl9_cookies_1,1.146752119064331,-7.439711213111877,1.5270918607711792,-0.38033974170684814,8.966803073883057
finetuned,r12@mu_D,0.0,ctrl9_cookies_1,cookies,near,ctrl9_cookies_1,1.5270918607711792,-7.439711213111877,1.5270918607711792,0.0,8.966803073883057
finetuned,r12@mu_D,1.0,ctrl9_cookies_1,cookies,near,ctrl9_cookies_1,1.8436067700386047,-7.439711213111877,1.5270918607711792,0.31651490926742554,8.966803073883057
finetuned,r12@mu_D,2.0,ctrl9_cookies_1,cookies,near,ctrl9_cookies_1,2.145628809928894,-7.439711213111877,1.5270918607711792,0.6185369491577148,8.966803073883057
finetuned,r13@mu_D,0.0,ctrl9_cookies_1,cookies,near,ctrl9_cookies_1,1.5270918607711792,-7.439711213111877,1.5270918607711792,0.0,8.966803073883057
finetuned,r13@mu_D,1.0,ctrl9_cookies_1,cookies,near,ctrl9_cookies_1,1.5677324533462524,-7.439711213111877,1.5270918607711792,0.04064059257507324,8.966803073883057
finetuned,r13@mu_D,2.0,ctrl9_cookies_1,cookies,near,ctrl9_cookies_1,1.693312644958496,-7.439711213111877,1.5270918607711792,0.1662207841873169,8.966803073883057
finetuned,r14@mu_D,0.0,ctrl9_cookies_1,cookies,near,ctrl9_cookies_1,1.5270918607711792,-7.439711213111877,1.5270918607711792,0.0,8.966803073883057
finetuned,r14@mu_D,1.0,ctrl9_cookies_1,cookies,near,ctrl9_cookies_1,1.7606204152107239,-7.439711213111877,1.5270918607711792,0.23352855443954468,8.966803073883057
finetuned,r14@mu_D,2.0,ctrl9_cookies_1,cookies,near,ctrl9_cookies_1,2.0241023898124695,-7.439711213111877,1.5270918607711792,0.4970105290412903,8.966803073883057
finetuned,r15@mu_D,0.0,ctrl9_cookies_1,cookies,near,ctrl9_cookies_1,1.5270918607711792,-7.439711213111877,1.5270918607711792,0.0,8.966803073883057
finetuned,r15@mu_D,1.0,ctrl9_cookies_1,cookies,near,ctrl9_cookies_1,1.5461964011192322,-7.439711213111877,1.5270918607711792,0.01910454034805298,8.966803073883057
finetuned,r15@mu_D,2.0,ctrl9_cookies_1,cookies,near,ctrl9_cookies_1,1.7055448293685913,-7.439711213111877,1.5270918607711792,0.1784529685974121,8.966803073883057
finetuned,r16@mu_D,0.0,ctrl9_cookies_1,cookies,near,ctrl9_cookies_1,1.5270918607711792,-7.439711213111877,1.5270918607711792,0.0,8.966803073883057
finetuned,r16@mu_D,1.0,ctrl9_cookies_1,cookies,near,ctrl9_cookies_1,1.673377275466919,-7.439711213111877,1.5270918607711792,0.14628541469573975,8.966803073883057
finetuned,r16@mu_D,2.0,ctrl9_cookies_1,cookies,near,ctrl9_cookies_1,1.7937740087509155,-7.439711213111877,1.5270918607711792,0.26668214797973633,8.966803073883057
finetuned,r17@mu_D,0.0,ctrl9_cookies_1,cookies,near,ctrl9_cookies_1,1.5270918607711792,-7.439711213111877,1.5270918607711792,0.0,8.966803073883057
finetuned,r17@mu_D,1.0,ctrl9_cookies_1,cookies,near,ctrl9_cookies_1,2.0057919025421143,-7.439711213111877,1.5270918607711792,0.47870004177093506,8.966803073883057
finetuned,r17@mu_D,2.0,ctrl9_cookies_1,cookies,near,ctrl9_cookies_1,2.3098634481430054,-7.439711213111877,1.5270918607711792,0.7827715873718262,8.966803073883057
finetuned,r18@mu_D,0.0,ctrl9_cookies_1,cookies,near,ctrl9_cookies_1,1.5270918607711792,-7.439711213111877,1.5270918607711792,0.0,8.966803073883057
finetuned,r18@mu_D,1.0,ctrl9_cookies_1,cookies,near,ctrl9_cookies_1,1.421090006828308,-7.439711213111877,1.5270918607711792,-0.1060018539428711,8.966803073883057
finetuned,r18@mu_D,2.0,ctrl9_cookies_1,cookies,near,ctrl9_cookies_1,1.2590428590774536,-7.439711213111877,1.5270918607711792,-0.2680490016937256,8.966803073883057
finetuned,r19@mu_D,0.0,ctrl9_cookies_1,cookies,near,ctrl9_cookies_1,1.5270918607711792,-7.439711213111877,1.5270918607711792,0.0,8.966803073883057
finetuned,r19@mu_D,1.0,ctrl9_cookies_1,cookies,near,ctrl9_cookies_1,1.5262550115585327,-7.439711213111877,1.5270918607711792,-0.0008368492126464844,8.966803073883057
finetuned,r19@mu_D,2.0,ctrl9_cookies_1,cookies,near,ctrl9_cookies_1,1.5569243431091309,-7.439711213111877,1.5270918607711792,0.02983248233795166,8.966803073883057
finetuned,r20@mu_D,0.0,ctrl9_cookies_1,cookies,near,ctrl9_cookies_1,1.5270918607711792,-7.439711213111877,1.5270918607711792,0.0,8.966803073883057
finetuned,r20@mu_D,1.0,ctrl9_cookies_1,cookies,near,ctrl9_cookies_1,1.5807287693023682,-7.439711213111877,1.5270918607711792,0.053636908531188965,8.966803073883057
finetuned,r20@mu_D,2.0,ctrl9_cookies_1,cookies,near,ctrl9_cookies_1,1.5817341804504395,-7.439711213111877,1.5270918607711792,0.054642319679260254,8.966803073883057
finetuned,r21@mu_D,0.0,ctrl9_cookies_1,cookies,near,ctrl9_cookies_1,1.5270918607711792,-7.439711213111877,1.5270918607711792,0.0,8.966803073883057
finetuned,r21@mu_D,1.0,ctrl9_cookies_1,cookies,near,ctrl9_cookies_1,1.4549747705459595,-7.439711213111877,1.5270918607711792,-0.07211709022521973,8.966803073883057
finetuned,r21@mu_D,2.0,ctrl9_cookies_1,cookies,near,ctrl9_cookies_1,1.442384421825409,-7.439711213111877,1.5270918607711792,-0.08470743894577026,8.966803073883057
finetuned,r22@mu_D,0.0,ctrl9_cookies_1,cookies,near,ctrl9_cookies_1,1.5270918607711792,-7.439711213111877,1.5270918607711792,0.0,8.966803073883057
finetuned,r22@mu_D,1.0,ctrl9_cookies_1,cookies,near,ctrl9_cookies_1,1.4306668639183044,-7.439711213111877,1.5270918607711792,-0.09642499685287476,8.966803073883057
finetuned,r22@mu_D,2.0,ctrl9_cookies_1,cookies,near,ctrl9_cookies_1,1.1830910444259644,-7.439711213111877,1.5270918607711792,-0.34400081634521484,8.966803073883057
base,mu_D,0.0,ctrl9_bread_0,bread,near,ctrl9_bread_0,-2.731362223625183,-2.731362223625183,2.841589629650116,0.0,5.572951853275299
base,mu_D,1.0,ctrl9_bread_0,bread,near,ctrl9_bread_0,-2.5805463790893555,-2.731362223625183,2.841589629650116,0.15081584453582764,5.572951853275299
base,mu_D,2.0,ctrl9_bread_0,bread,near,ctrl9_bread_0,-2.4590941667556763,-2.731362223625183,2.841589629650116,0.27226805686950684,5.572951853275299
base,mu_Dprime_matched,0.0,ctrl9_bread_0,bread,near,ctrl9_bread_0,-2.731362223625183,-2.731362223625183,2.841589629650116,0.0,5.572951853275299
base,mu_Dprime_matched,1.0,ctrl9_bread_0,bread,near,ctrl9_bread_0,-2.3549368381500244,-2.731362223625183,2.841589629650116,0.3764253854751587,5.572951853275299
base,mu_Dprime_matched,2.0,ctrl9_bread_0,bread,near,ctrl9_bread_0,-1.8408069610595703,-2.731362223625183,2.841589629650116,0.8905552625656128,5.572951853275299
base,r0@mu_D,0.0,ctrl9_bread_0,bread,near,ctrl9_bread_0,-2.731362223625183,-2.731362223625183,2.841589629650116,0.0,5.572951853275299
base,r0@mu_D,1.0,ctrl9_bread_0,bread,near,ctrl9_bread_0,-2.741123676300049,-2.731362223625183,2.841589629650116,-0.009761452674865723,5.572951853275299
base,r0@mu_D,2.0,ctrl9_bread_0,bread,near,ctrl9_bread_0,-2.545961618423462,-2.731362223625183,2.841589629650116,0.1854006052017212,5.572951853275299
base,r1@mu_D,0.0,ctrl9_bread_0,bread,near,ctrl9_bread_0,-2.731362223625183,-2.731362223625183,2.841589629650116,0.0,5.572951853275299
base,r1@mu_D,1.0,ctrl9_bread_0,bread,near,ctrl9_bread_0,-2.573914408683777,-2.731362223625183,2.841589629650116,0.15744781494140625,5.572951853275299
base,r1@mu_D,2.0,ctrl9_bread_0,bread,near,ctrl9_bread_0,-2.2500007152557373,-2.731362223625183,2.841589629650116,0.4813615083694458,5.572951853275299
base,r2@mu_D,0.0,ctrl9_bread_0,bread,near,ctrl9_bread_0,-2.731362223625183,-2.731362223625183,2.841589629650116,0.0,5.572951853275299
base,r2@mu_D,1.0,ctrl9_bread_0,bread,near,ctrl9_bread_0,-2.1752370595932007,-2.731362223625183,2.841589629650116,0.5561251640319824,5.572951853275299
base,r2@mu_D,2.0,ctrl9_bread_0,bread,near,ctrl9_bread_0,-2.1050093173980713,-2.731362223625183,2.841589629650116,0.6263529062271118,5.572951853275299
base,r3@mu_D,0.0,ctrl9_bread_0,bread,near,ctrl9_bread_0,-2.731362223625183,-2.731362223625183,2.841589629650116,0.0,5.572951853275299
base,r3@mu_D,1.0,ctrl9_bread_0,bread,near,ctrl9_bread_0,-2.8494070768356323,-2.731362223625183,2.841589629650116,-0.11804485321044922,5.572951853275299
base,r3@mu_D,2.0,ctrl9_bread_0,bread,near,ctrl9_bread_0,-2.919609308242798,-2.731362223625183,2.841589629650116,-0.18824708461761475,5.572951853275299
base,r4@mu_D,0.0,ctrl9_bread_0,bread,near,ctrl9_bread_0,-2.731362223625183,-2.731362223625183,2.841589629650116,0.0,5.572951853275299
base,r4@mu_D,1.0,ctrl9_bread_0,bread,near,ctrl9_bread_0,-2.4871740341186523,-2.731362223625183,2.841589629650116,0.24418818950653076,5.572951853275299
base,r4@mu_D,2.0,ctrl9_bread_0,bread,near,ctrl9_bread_0,-2.2921173572540283,-2.731362223625183,2.841589629650116,0.4392448663711548,5.572951853275299
base,r5@mu_D,0.0,ctrl9_bread_0,bread,near,ctrl9_bread_0,-2.731362223625183,-2.731362223625183,2.841589629650116,0.0,5.572951853275299
base,r5@mu_D,1.0,ctrl9_bread_0,bread,near,ctrl9_bread_0,-2.7431955337524414,-2.731362223625183,2.841589629650116,-0.0118333101272583,5.572951853275299
base,r5@mu_D,2.0,ctrl9_bread_0,bread,near,ctrl9_bread_0,-2.868174195289612,-2.731362223625183,2.841589629650116,-0.1368119716644287,5.572951853275299
base,r6@mu_D,0.0,ctrl9_bread_0,bread,near,ctrl9_bread_0,-2.731362223625183,-2.731362223625183,2.841589629650116,0.0,5.572951853275299
base,r6@mu_D,1.0,ctrl9_bread_0,bread,near,ctrl9_bread_0,-2.731148600578308,-2.731362223625183,2.841589629650116,0.000213623046875,5.572951853275299
base,r6@mu_D,2.0,ctrl9_bread_0,bread,near,ctrl9_bread_0,-2.7217962741851807,-2.731362223625183,2.841589629650116,0.009565949440002441,5.572951853275299
base,r7@mu_D,0.0,ctrl9_bread_0,bread,near,ctrl9_bread_0,-2.731362223625183,-2.731362223625183,2.841589629650116,0.0,5.572951853275299
base,r7@mu_D,1.0,ctrl9_bread_0,bread,near,ctrl9_bread_0,-2.659811854362488,-2.731362223625183,2.841589629650116,0.07155036926269531,5.572951853275299
base,r7@mu_D,2.0,ctrl9_bread_0,bread,near,ctrl9_bread_0,-2.3804508447647095,-2.731362223625183,2.841589629650116,0.35091137886047363,5.572951853275299
base,r8@mu_D,0.0,ctrl9_bread_0,bread,near,ctrl9_bread_0,-2.731362223625183,-2.731362223625183,2.841589629650116,0.0,5.572951853275299
base,r8@mu_D,1.0,ctrl9_bread_0,bread,near,ctrl9_bread_0,-2.7295913696289062,-2.731362223625183,2.841589629650116,0.0017708539962768555,5.572951853275299
base,r8@mu_D,2.0,ctrl9_bread_0,bread,near,ctrl9_bread_0,-2.717480182647705,-2.731362223625183,2.841589629650116,0.013882040977478027,5.572951853275299
base,r9@mu_D,0.0,ctrl9_bread_0,bread,near,ctrl9_bread_0,-2.731362223625183,-2.731362223625183,2.841589629650116,0.0,5.572951853275299
base,r9@mu_D,1.0,ctrl9_bread_0,bread,near,ctrl9_bread_0,-2.7143524885177612,-2.731362223625183,2.841589629650116,0.017009735107421875,5.572951853275299
base,r9@mu_D,2.0,ctrl9_bread_0,bread,near,ctrl9_bread_0,-2.7208566665649414,-2.731362223625183,2.841589629650116,0.0105055570602417,5.572951853275299
base,r10@mu_D,0.0,ctrl9_bread_0,bread,near,ctrl9_bread_0,-2.731362223625183,-2.731362223625183,2.841589629650116,0.0,5.572951853275299
base,r10@mu_D,1.0,ctrl9_bread_0,bread,near,ctrl9_bread_0,-2.6174099445343018,-2.731362223625183,2.841589629650116,0.11395227909088135,5.572951853275299
base,r10@mu_D,2.0,ctrl9_bread_0,bread,near,ctrl9_bread_0,-2.445343255996704,-2.731362223625183,2.841589629650116,0.286018967628479,5.572951853275299
base,r11@mu_D,0.0,ctrl9_bread_0,bread,near,ctrl9_bread_0,-2.731362223625183,-2.731362223625183,2.841589629650116,0.0,5.572951853275299
base,r11@mu_D,1.0,ctrl9_bread_0,bread,near,ctrl9_bread_0,-3.0488005876541138,-2.731362223625183,2.841589629650116,-0.31743836402893066,5.572951853275299
base,r11@mu_D,2.0,ctrl9_bread_0,bread,near,ctrl9_bread_0,-3.2188403606414795,-2.731362223625183,2.841589629650116,-0.4874781370162964,5.572951853275299
base,r12@mu_D,0.0,ctrl9_bread_0,bread,near,ctrl9_bread_0,-2.731362223625183,-2.731362223625183,2.841589629650116,0.0,5.572951853275299
base,r12@mu_D,1.0,ctrl9_bread_0,bread,near,ctrl9_bread_0,-2.4184828996658325,-2.731362223625183,2.841589629650116,0.3128793239593506,5.572951853275299
base,r12@mu_D,2.0,ctrl9_bread_0,bread,near,ctrl9_bread_0,-2.138941764831543,-2.731362223625183,2.841589629650116,0.5924204587936401,5.572951853275299
base,r13@mu_D,0.0,ctrl9_bread_0,bread,near,ctrl9_bread_0,-2.731362223625183,-2.731362223625183,2.841589629650116,0.0,5.572951853275299
base,r13@mu_D,1.0,ctrl9_bread_0,bread,near,ctrl9_bread_0,-2.7837718725204468,-2.731362223625183,2.841589629650116,-0.05240964889526367,5.572951853275299
base,r13@mu_D,2.0,ctrl9_bread_0,bread,near,ctrl9_bread_0,-2.907614827156067,-2.731362223625183,2.841589629650116,-0.1762526035308838,5.572951853275299
base,r14@mu_D,0.0,ctrl9_bread_0,bread,near,ctrl9_bread_0,-2.731362223625183,-2.731362223625183,2.841589629650116,0.0,5.572951853275299
base,r14@mu_D,1.0,ctrl9_bread_0,bread,near,ctrl9_bread_0,-2.670396327972412,-2.731362223625183,2.841589629650116,0.060965895652770996,5.572951853275299
base,r14@mu_D,2.0,ctrl9_bread_0,bread,near,ctrl9_bread_0,-2.6347920894622803,-2.731362223625183,2.841589629650116,0.09657013416290283,5.572951853275299
base,r15@mu_D,0.0,ctrl9_bread_0,bread,near,ctrl9_bread_0,-2.731362223625183,-2.731362223625183,2.841589629650116,0.0,5.572951853275299
base,r15@mu_D,1.0,ctrl9_bread_0,bread,near,ctrl9_bread_0,-2.5782052278518677,-2.731362223625183,2.841589629650116,0.15315699577331543,5.572951853275299
base,r15@mu_D,2.0,ctrl9_bread_0,bread,near,ctrl9_bread_0,-2.562047243118286,-2.731362223625183,2.841589629650116,0.16931498050689697,5.572951853275299
base,r16@mu_D,0.0,ctrl9_bread_0,bread,near,ctrl9_bread_0,-2.731362223625183,-2.731362223625183,2.841589629650116,0.0,5.572951853275299
base,r16@mu_D,1.0,ctrl9_bread_0,bread,near,ctrl9_bread_0,-2.4240076541900635,-2.731362223625183,2.841589629650116,0.30735456943511963,5.572951853275299
base,r16@mu_D,2.0,ctrl9_bread_0,bread,near,ctrl9_bread_0,-2.4590675830841064,-2.731362223625183,2.841589629650116,0.27229464054107666,5.572951853275299
base,r17@mu_D,0.0,ctrl9_bread_0,bread,near,ctrl9_bread_0,-2.731362223625183,-2.731362223625183,2.841589629650116,0.0,5.572951853275299
base,r17@mu_D,1.0,ctrl9_bread_0,bread,near,ctrl9_bread_0,-2.3299472332000732,-2.731362223625183,2.841589629650116,0.40141499042510986,5.572951853275299
base,r17@mu_D,2.0,ctrl9_bread_0,bread,near,ctrl9_bread_0,-1.5655553340911865,-2.731362223625183,2.841589629650116,1.1658068895339966,5.572951853275299
base,r18@mu_D,0.0,ctrl9_bread_0,bread,near,ctrl9_bread_0,-2.731362223625183,-2.731362223625183,2.841589629650116,0.0,5.572951853275299
base,r18@mu_D,1.0,ctrl9_bread_0,bread,near,ctrl9_bread_0,-3.0016040802001953,-2.731362223625183,2.841589629650116,-0.2702418565750122,5.572951853275299
base,r18@mu_D,2.0,ctrl9_bread_0,bread,near,ctrl9_bread_0,-3.126876473426819,-2.731362223625183,2.841589629650116,-0.39551424980163574,5.572951853275299
base,r19@mu_D,0.0,ctrl9_bread_0,bread,near,ctrl9_bread_0,-2.731362223625183,-2.731362223625183,2.841589629650116,0.0,5.572951853275299
base,r19@mu_D,1.0,ctrl9_bread_0,bread,near,ctrl9_bread_0,-2.8291555643081665,-2.731362223625183,2.841589629650116,-0.0977933406829834,5.572951853275299
base,r19@mu_D,2.0,ctrl9_bread_0,bread,near,ctrl9_bread_0,-3.0719118118286133,-2.731362223625183,2.841589629650116,-0.3405495882034302,5.572951853275299
base,r20@mu_D,0.0,ctrl9_bread_0,bread,near,ctrl9_bread_0,-2.731362223625183,-2.731362223625183,2.841589629650116,0.0,5.572951853275299
base,r20@mu_D,1.0,ctrl9_bread_0,bread,near,ctrl9_bread_0,-2.690786361694336,-2.731362223625183,2.841589629650116,0.04057586193084717,5.572951853275299
base,r20@mu_D,2.0,ctrl9_bread_0,bread,near,ctrl9_bread_0,-2.47070050239563,-2.731362223625183,2.841589629650116,0.2606617212295532,5.572951853275299
base,r21@mu_D,0.0,ctrl9_bread_0,bread,near,ctrl9_bread_0,-2.731362223625183,-2.731362223625183,2.841589629650116,0.0,5.572951853275299
base,r21@mu_D,1.0,ctrl9_bread_0,bread,near,ctrl9_bread_0,-3.0076701641082764,-2.731362223625183,2.841589629650116,-0.27630794048309326,5.572951853275299
base,r21@mu_D,2.0,ctrl9_bread_0,bread,near,ctrl9_bread_0,-3.219778299331665,-2.731362223625183,2.841589629650116,-0.48841607570648193,5.572951853275299
base,r22@mu_D,0.0,ctrl9_bread_0,bread,near,ctrl9_bread_0,-2.731362223625183,-2.731362223625183,2.841589629650116,0.0,5.572951853275299
base,r22@mu_D,1.0,ctrl9_bread_0,bread,near,ctrl9_bread_0,-2.5857797861099243,-2.731362223625183,2.841589629650116,0.1455824375152588,5.572951853275299
base,r22@mu_D,2.0,ctrl9_bread_0,bread,near,ctrl9_bread_0,-2.510830879211426,-2.731362223625183,2.841589629650116,0.22053134441375732,5.572951853275299
finetuned,mu_D,0.0,ctrl9_bread_0,bread,near,ctrl9_bread_0,2.841589629650116,-2.731362223625183,2.841589629650116,0.0,5.572951853275299
finetuned,mu_D,1.0,ctrl9_bread_0,bread,near,ctrl9_bread_0,2.967926859855652,-2.731362223625183,2.841589629650116,0.1263372302055359,5.572951853275299
finetuned,mu_D,2.0,ctrl9_bread_0,bread,near,ctrl9_bread_0,3.2966291904449463,-2.731362223625183,2.841589629650116,0.4550395607948303,5.572951853275299
finetuned,mu_Dprime_matched,0.0,ctrl9_bread_0,bread,near,ctrl9_bread_0,2.841589629650116,-2.731362223625183,2.841589629650116,0.0,5.572951853275299
finetuned,mu_Dprime_matched,1.0,ctrl9_bread_0,bread,near,ctrl9_bread_0,3.099867433309555,-2.731362223625183,2.841589629650116,0.2582778036594391,5.572951853275299
finetuned,mu_Dprime_matched,2.0,ctrl9_bread_0,bread,near,ctrl9_bread_0,3.4994159936904907,-2.731362223625183,2.841589629650116,0.6578263640403748,5.572951853275299
finetuned,r0@mu_D,0.0,ctrl9_bread_0,bread,near,ctrl9_bread_0,2.841589629650116,-2.731362223625183,2.841589629650116,0.0,5.572951853275299
finetuned,r0@mu_D,1.0,ctrl9_bread_0,bread,near,ctrl9_bread_0,2.7753116488456726,-2.731362223625183,2.841589629650116,-0.06627798080444336,5.572951853275299
finetuned,r0@mu_D,2.0,ctrl9_bread_0,bread,near,ctrl9_bread_0,2.7193042039871216,-2.731362223625183,2.841589629650116,-0.12228542566299438,5.572951853275299
finetuned,r1@mu_D,0.0,ctrl9_bread_0,bread,near,ctrl9_bread_0,2.841589629650116,-2.731362223625183,2.841589629650116,0.0,5.572951853275299
finetuned,r1@mu_D,1.0,ctrl9_bread_0,bread,near,ctrl9_bread_0,2.765226811170578,-2.731362223625183,2.841589629650116,-0.07636281847953796,5.572951853275299
finetuned,r1@mu_D,2.0,ctrl9_bread_0,bread,near,ctrl9_bread_0,2.7728380858898163,-2.731362223625183,2.841589629650116,-0.06875154376029968,5.572951853275299
finetuned,r2@mu_D,0.0,ctrl9_bread_0,bread,near,ctrl9_bread_0,2.841589629650116,-2.731362223625183,2.841589629650116,0.0,5.572951853275299
finetuned,r2@mu_D,1.0,ctrl9_bread_0,bread,near,ctrl9_bread_0,3.0986372530460358,-2.731362223625183,2.841589629650116,0.2570476233959198,5.572951853275299
finetuned,r2@mu_D,2.0,ctrl9_bread_0,bread,near,ctrl9_bread_0,3.2238969206809998,-2.731362223625183,2.841589629650116,0.3823072910308838,5.572951853275299
finetuned,r3@mu_D,0.0,ctrl9_bread_0,bread,near,ctrl9_bread_0,2.841589629650116,-2.731362223625183,2.841589629650116,0.0,5.572951853275299
finetuned,r3@mu_D,1.0,ctrl9_bread_0,bread,near,ctrl9_bread_0,2.772658407688141,-2.731362223625183,2.841589629650116,-0.0689312219619751,5.572951853275299
finetuned,r3@mu_D,2.0,ctrl9_bread_0,bread,near,ctrl9_bread_0,2.5873181223869324,-2.731362223625183,2.841589629650116,-0.2542715072631836,5.572951853275299
finetuned,r4@mu_D,0.0,ctrl9_bread_0,bread,near,ctrl9_bread_0,2.841589629650116,-2.731362223625183,2.841589629650116,0.0,5.572951853275299
finetuned,r4@mu_D,1.0,ctrl9_bread_0,bread,near,ctrl9_bread_0,2.9005032777786255,-2.731362223625183,2.841589629650116,0.05891364812850952,5.572951853275299
finetuned,r4@mu_D,2.0,ctrl9_bread_0,bread,near,ctrl9_bread_0,3.03438800573349,-2.731362223625183,2.841589629650116,0.19279837608337402,5.572951853275299
finetuned,r5@mu_D,0.0,ctrl9_bread_0,bread,near,ctrl9_bread_0,2.841589629650116,-2.731362223625183,2.841589629650116,0.0,5.572951853275299
finetuned,r5@mu_D,1.0,ctrl9_bread_0,bread,near,ctrl9_bread_0,2.7095015048980713,-2.731362223625183,2.841589629650116,-0.13208812475204468,5.572951853275299
finetuned,r5@mu_D,2.0,ctrl9_bread_0,bread,near,ctrl9_bread_0,2.5881751477718353,-2.731362223625183,2.841589629650116,-0.25341448187828064,5.572951853275299
finetuned,r6@mu_D,0.0,ctrl9_bread_0,bread,near,ctrl9_bread_0,2.841589629650116,-2.731362223625183,2.841589629650116,0.0,5.572951853275299
finetuned,r6@mu_D,1.0,ctrl9_bread_0,bread,near,ctrl9_bread_0,2.6494197249412537,-2.731362223625183,2.841589629650116,-0.1921699047088623,5.572951853275299
finetuned,r6@mu_D,2.0,ctrl9_bread_0,bread,near,ctrl9_bread_0,2.6425782442092896,-2.731362223625183,2.841589629650116,-0.19901138544082642,5.572951853275299
finetuned,r7@mu_D,0.0,ctrl9_bread_0,bread,near,ctrl9_bread_0,2.841589629650116,-2.731362223625183,2.841589629650116,0.0,5.572951853275299
finetuned,r7@mu_D,1.0,ctrl9_bread_0,bread,near,ctrl9_bread_0,2.891980320215225,-2.731362223625183,2.841589629650116,0.05039069056510925,5.572951853275299
finetuned,r7@mu_D,2.0,ctrl9_bread_0,bread,near,ctrl9_bread_0,3.0158373713493347,-2.731362223625183,2.841589629650116,0.17424774169921875,5.572951853275299
finetuned,r8@mu_D,0.0,ctrl9_bread_0,bread,near,ctrl9_bread_0,2.841589629650116,-2.731362223625183,2.841589629650116,0.0,5.572951853275299
finetuned,r8@mu_D,1.0,ctrl9_bread_0,bread,near,ctrl9_bread_0,2.7749179005622864,-2.731362223625183,2.841589629650116,-0.06667172908782959,5.572951853275299
finetuned,r8@mu_D,2.0,ctrl9_bread_0,bread,near,ctrl9_bread_0,2.6354559659957886,-2.731362223625183,2.841589629650116,-0.2061336636543274,5.572951853275299
finetuned,r9@mu_D,0.0,ctrl9_bread_0,bread,near,ctrl9_bread_0,2.841589629650116,-2.731362223625183,2.841589629650116,0.0,5.572951853275299
finetuned,r9@mu_D,1.0,ctrl9_bread_0,bread,near,ctrl9_bread_0,2.7840793132781982,-2.731362223625183,2.841589629650116,-0.057510316371917725,5.572951853275299
finetuned,r9@mu_D,2.0,ctrl9_bread_0,bread,near,ctrl9_bread_0,2.8552504181861877,-2.731362223625183,2.841589629650116,0.013660788536071777,5.572951853275299
finetuned,r10@mu_D,0.0,ctrl9_bread_0,bread,near,ctrl9_bread_0,2.841589629650116,-2.731362223625183,2.841589629650116,0.0,5.572951853275299
finetuned,r10@mu_D,1.0,ctrl9_bread_0,bread,near,ctrl9_bread_0,2.771222770214081,-2.731362223625183,2.841589629650116,-0.07036685943603516,5.572951853275299
finetuned,r10@mu_D,2.0,ctrl9_bread_0,bread,near,ctrl9_bread_0,2.702405631542206,-2.731362223625183,2.841589629650116,-0.13918399810791016,5.572951853275299
finetuned,r11@mu_D,0.0,ctrl9_bread_0,bread,near,ctrl9_bread_0,2.841589629650116,-2.731362223625183,2.841589629650116,0.0,5.572951853275299
finetuned,r11@mu_D,1.0,ctrl9_bread_0,bread,near,ctrl9_bread_0,2.5751840472221375,-2.731362223625183,2.841589629650116,-0.2664055824279785,5.572951853275299
finetuned,r11@mu_D,2.0,ctrl9_bread_0,bread,near,ctrl9_bread_0,2.5178534388542175,-2.731362223625183,2.841589629650116,-0.32373619079589844,5.572951853275299
finetuned,r12@mu_D,0.0,ctrl9_bread_0,bread,near,ctrl9_bread_0,2.841589629650116,-2.731362223625183,2.841589629650116,0.0,5.572951853275299
finetuned,r12@mu_D,1.0,ctrl9_bread_0,bread,near,ctrl9_bread_0,2.9728380143642426,-2.731362223625183,2.841589629650116,0.1312483847141266,5.572951853275299
finetuned,r12@mu_D,2.0,ctrl9_bread_0,bread,near,ctrl9_bread_0,2.9640271365642548,-2.731362223625183,2.841589629650116,0.1224375069141388,5.572951853275299
finetuned,r13@mu_D,0.0,ctrl9_bread_0,bread,near,ctrl9_bread_0,2.841589629650116,-2.731362223625183,2.841589629650116,0.0,5.572951853275299
finetuned,r13@mu_D,1.0,ctrl9_bread_0,bread,near,ctrl9_bread_0,2.8466437458992004,-2.731362223625183,2.841589629650116,0.005054116249084473,5.572951853275299
finetuned,r13@mu_D,2.0,ctrl9_bread_0,bread,near,ctrl9_bread_0,2.9093365371227264,-2.731362223625183,2.841589629650116,0.06774690747261047,5.572951853275299
finetuned,r14@mu_D,0.0,ctrl9_bread_0,bread,near,ctrl9_bread_0,2.841589629650116,-2.731362223625183,2.841589629650116,0.0,5.572951853275299
finetuned,r14@mu_D,1.0,ctrl9_bread_0,bread,near,ctrl9_bread_0,2.9774749279022217,-2.731362223625183,2.841589629650116,0.1358852982521057,5.572951853275299
finetuned,r14@mu_D,2.0,ctrl9_bread_0,bread,near,ctrl9_bread_0,2.9107663929462433,-2.731362223625183,2.841589629650116,0.06917676329612732,5.572951853275299
finetuned,r15@mu_D,0.0,ctrl9_bread_0,bread,near,ctrl9_bread_0,2.841589629650116,-2.731362223625183,2.841589629650116,0.0,5.572951853275299
finetuned,r15@mu_D,1.0,ctrl9_bread_0,bread,near,ctrl9_bread_0,2.641730695962906,-2.731362223625183,2.841589629650116,-0.19985893368721008,5.572951853275299
finetuned,r15@mu_D,2.0,ctrl9_bread_0,bread,near,ctrl9_bread_0,2.834298253059387,-2.731362223625183,2.841589629650116,-0.00729137659072876,5.572951853275299
finetuned,r16@mu_D,0.0,ctrl9_bread_0,bread,near,ctrl9_bread_0,2.841589629650116,-2.731362223625183,2.841589629650116,0.0,5.572951853275299
finetuned,r16@mu_D,1.0,ctrl9_bread_0,bread,near,ctrl9_bread_0,2.7750546634197235,-2.731362223625183,2.841589629650116,-0.06653496623039246,5.572951853275299
finetuned,r16@mu_D,2.0,ctrl9_bread_0,bread,near,ctrl9_bread_0,2.833712160587311,-2.731362223625183,2.841589629650116,-0.007877469062805176,5.572951853275299
finetuned,r17@mu_D,0.0,ctrl9_bread_0,bread,near,ctrl9_bread_0,2.841589629650116,-2.731362223625183,2.841589629650116,0.0,5.572951853275299
finetuned,r17@mu_D,1.0,ctrl9_bread_0,bread,near,ctrl9_bread_0,2.90777787566185,-2.731362223625183,2.841589629650116,0.06618824601173401,5.572951853275299
finetuned,r17@mu_D,2.0,ctrl9_bread_0,bread,near,ctrl9_bread_0,3.0897038877010345,-2.731362223625183,2.841589629650116,0.24811425805091858,5.572951853275299
finetuned,r18@mu_D,0.0,ctrl9_bread_0,bread,near,ctrl9_bread_0,2.841589629650116,-2.731362223625183,2.841589629650116,0.0,5.572951853275299
finetuned,r18@mu_D,1.0,ctrl9_bread_0,bread,near,ctrl9_bread_0,2.7651166319847107,-2.731362223625183,2.841589629650116,-0.07647299766540527,5.572951853275299
finetuned,r18@mu_D,2.0,ctrl9_bread_0,bread,near,ctrl9_bread_0,2.504720985889435,-2.731362223625183,2.841589629650116,-0.33686864376068115,5.572951853275299
finetuned,r19@mu_D,0.0,ctrl9_bread_0,bread,near,ctrl9_bread_0,2.841589629650116,-2.731362223625183,2.841589629650116,0.0,5.572951853275299
finetuned,r19@mu_D,1.0,ctrl9_bread_0,bread,near,ctrl9_bread_0,2.705998808145523,-2.731362223625183,2.841589629650116,-0.1355908215045929,5.572951853275299
finetuned,r19@mu_D,2.0,ctrl9_bread_0,bread,near,ctrl9_bread_0,2.7042388319969177,-2.731362223625183,2.841589629650116,-0.13735079765319824,5.572951853275299
finetuned,r20@mu_D,0.0,ctrl9_bread_0,bread,near,ctrl9_bread_0,2.841589629650116,-2.731362223625183,2.841589629650116,0.0,5.572951853275299
finetuned,r20@mu_D,1.0,ctrl9_bread_0,bread,near,ctrl9_bread_0,2.7797721326351166,-2.731362223625183,2.841589629650116,-0.06181749701499939,5.572951853275299
finetuned,r20@mu_D,2.0,ctrl9_bread_0,bread,near,ctrl9_bread_0,2.7859227657318115,-2.731362223625183,2.841589629650116,-0.05566686391830444,5.572951853275299
finetuned,r21@mu_D,0.0,ctrl9_bread_0,bread,near,ctrl9_bread_0,2.841589629650116,-2.731362223625183,2.841589629650116,0.0,5.572951853275299
finetuned,r21@mu_D,1.0,ctrl9_bread_0,bread,near,ctrl9_bread_0,2.65264356136322,-2.731362223625183,2.841589629650116,-0.18894606828689575,5.572951853275299
finetuned,r21@mu_D,2.0,ctrl9_bread_0,bread,near,ctrl9_bread_0,2.709822654724121,-2.731362223625183,2.841589629650116,-0.13176697492599487,5.572951853275299
finetuned,r22@mu_D,0.0,ctrl9_bread_0,bread,near,ctrl9_bread_0,2.841589629650116,-2.731362223625183,2.841589629650116,0.0,5.572951853275299
finetuned,r22@mu_D,1.0,ctrl9_bread_0,bread,near,ctrl9_bread_0,2.714567631483078,-2.731362223625183,2.841589629650116,-0.12702199816703796,5.572951853275299
finetuned,r22@mu_D,2.0,ctrl9_bread_0,bread,near,ctrl9_bread_0,2.59456405043602,-2.731362223625183,2.841589629650116,-0.24702557921409607,5.572951853275299
base,mu_D,0.0,ctrl9_bread_1,bread,near,ctrl9_bread_1,-2.4454623460769653,-2.4454623460769653,1.685771107673645,0.0,4.13123345375061
base,mu_D,1.0,ctrl9_bread_1,bread,near,ctrl9_bread_1,-2.284806966781616,-2.4454623460769653,1.685771107673645,0.16065537929534912,4.13123345375061
base,mu_D,2.0,ctrl9_bread_1,bread,near,ctrl9_bread_1,-2.219320297241211,-2.4454623460769653,1.685771107673645,0.2261420488357544,4.13123345375061
base,mu_Dprime_matched,0.0,ctrl9_bread_1,bread,near,ctrl9_bread_1,-2.4454623460769653,-2.4454623460769653,1.685771107673645,0.0,4.13123345375061
base,mu_Dprime_matched,1.0,ctrl9_bread_1,bread,near,ctrl9_bread_1,-2.154294729232788,-2.4454623460769653,1.685771107673645,0.29116761684417725,4.13123345375061
base,mu_Dprime_matched,2.0,ctrl9_bread_1,bread,near,ctrl9_bread_1,-2.062499761581421,-2.4454623460769653,1.685771107673645,0.38296258449554443,4.13123345375061
base,r0@mu_D,0.0,ctrl9_bread_1,bread,near,ctrl9_bread_1,-2.4454623460769653,-2.4454623460769653,1.685771107673645,0.0,4.13123345375061
base,r0@mu_D,1.0,ctrl9_bread_1,bread,near,ctrl9_bread_1,-2.257543444633484,-2.4454623460769653,1.685771107673645,0.18791890144348145,4.13123345375061
base,r0@mu_D,2.0,ctrl9_bread_1,bread,near,ctrl9_bread_1,-2.2618167400360107,-2.4454623460769653,1.685771107673645,0.1836456060409546,4.13123345375061
base,r1@mu_D,0.0,ctrl9_bread_1,bread,near,ctrl9_bread_1,-2.4454623460769653,-2.4454623460769653,1.685771107673645,0.0,4.13123345375061
base,r1@mu_D,1.0,ctrl9_bread_1,bread,near,ctrl9_bread_1,-2.0718064308166504,-2.4454623460769653,1.685771107673645,0.37365591526031494,4.13123345375061
base,r1@mu_D,2.0,ctrl9_bread_1,bread,near,ctrl9_bread_1,-2.0501630306243896,-2.4454623460769653,1.685771107673645,0.3952993154525757,4.13123345375061
base,r2@mu_D,0.0,ctrl9_bread_1,bread,near,ctrl9_bread_1,-2.4454623460769653,-2.4454623460769653,1.685771107673645,0.0,4.13123345375061
base,r2@mu_D,1.0,ctrl9_bread_1,bread,near,ctrl9_bread_1,-2.2620376348495483,-2.4454623460769653,1.685771107673645,0.183424711227417,4.13123345375061
base,r2@mu_D,2.0,ctrl9_bread_1,bread,near,ctrl9_bread_1,-2.2251291275024414,-2.4454623460769653,1.685771107673645,0.22033321857452393,4.13123345375061
base,r3@mu_D,0.0,ctrl9_bread_1,bread,near,ctrl9_bread_1,-2.4454623460769653,-2.4454623460769653,1.685771107673645,0.0,4.13123345375061
base,r3@mu_D,1.0,ctrl9_bread_1,bread,near,ctrl9_bread_1,-2.4570517539978027,-2.4454623460769653,1.685771107673645,-0.011589407920837402,4.13123345375061
base,r3@mu_D,2.0,ctrl9_bread_1,bread,near,ctrl9_bread_1,-2.5229947566986084,-2.4454623460769653,1.685771107673645,-0.07753241062164307,4.13123345375061
base,r4@mu_D,0.0,ctrl9_bread_1,bread,near,ctrl9_bread_1,-2.4454623460769653,-2.4454623460769653,1.685771107673645,0.0,4.13123345375061
base,r4@mu_D,1.0,ctrl9_bread_1,bread,near,ctrl9_bread_1,-2.1659936904907227,-2.4454623460769653,1.685771107673645,0.2794686555862427,4.13123345375061
base,r4@mu_D,2.0,ctrl9_bread_1,bread,near,ctrl9_bread_1,-2.0463788509368896,-2.4454623460769653,1.685771107673645,0.3990834951400757,4.13123345375061
base,r5@mu_D,0.0,ctrl9_bread_1,bread,near,ctrl9_bread_1,-2.4454623460769653,-2.4454623460769653,1.685771107673645,0.0,4.13123345375061
base,r5@mu_D,1.0,ctrl9_bread_1,bread,near,ctrl9_bread_1,-2.26128888130188,-2.4454623460769653,1.685771107673645,0.18417346477508545,4.13123345375061
base,r5@mu_D,2.0,ctrl9_bread_1,bread,near,ctrl9_bread_1,-2.25710129737854,-2.4454623460769653,1.685771107673645,0.1883610486984253,4.13123345375061
base,r6@mu_D,0.0,ctrl9_bread_1,bread,near,ctrl9_bread_1,-2.4454623460769653,-2.4454623460769653,1.685771107673645,0.0,4.13123345375061
base,r6@mu_D,1.0,ctrl9_bread_1,bread,near,ctrl9_bread_1,-2.199046492576599,-2.4454623460769653,1.685771107673645,0.2464158535003662,4.13123345375061
base,r6@mu_D,2.0,ctrl9_bread_1,bread,near,ctrl9_bread_1,-2.076340675354004,-2.4454623460769653,1.685771107673645,0.3691216707229614,4.13123345375061
base,r7@mu_D,0.0,ctrl9_bread_1,bread,near,ctrl9_bread_1,-2.4454623460769653,-2.4454623460769653,1.685771107673645,0.0,4.13123345375061
base,r7@mu_D,1.0,ctrl9_bread_1,bread,near,ctrl9_bread_1,-2.1624256372451782,-2.4454623460769653,1.685771107673645,0.2830367088317871,4.13123345375061
base,r7@mu_D,2.0,ctrl9_bread_1,bread,near,ctrl9_bread_1,-2.0408360958099365,-2.4454623460769653,1.685771107673645,0.4046262502670288,4.13123345375061
base,r8@mu_D,0.0,ctrl9_bread_1,bread,near,ctrl9_bread_1,-2.4454623460769653,-2.4454623460769653,1.685771107673645,0.0,4.13123345375061
base,r8@mu_D,1.0,ctrl9_bread_1,bread,near,ctrl9_bread_1,-2.2786056995391846,-2.4454623460769653,1.685771107673645,0.16685664653778076,4.13123345375061
base,r8@mu_D,2.0,ctrl9_bread_1,bread,near,ctrl9_bread_1,-2.337740898132324,-2.4454623460769653,1.685771107673645,0.10772144794464111,4.13123345375061
base,r9@mu_D,0.0,ctrl9_bread_1,bread,near,ctrl9_bread_1,-2.4454623460769653,-2.4454623460769653,1.685771107673645,0.0,4.13123345375061
base,r9@mu_D,1.0,ctrl9_bread_1,bread,near,ctrl9_bread_1,-2.476759433746338,-2.4454623460769653,1.685771107673645,-0.03129708766937256,4.13123345375061
base,r9@mu_D,2.0,ctrl9_bread_1,bread,near,ctrl9_bread_1,-2.506526231765747,-2.4454623460769653,1.685771107673645,-0.06106388568878174,4.13123345375061
base,r10@mu_D,0.0,ctrl9_bread_1,bread,near,ctrl9_bread_1,-2.4454623460769653,-2.4454623460769653,1.685771107673645,0.0,4.13123345375061
base,r10@mu_D,1.0,ctrl9_bread_1,bread,near,ctrl9_bread_1,-2.165601134300232,-2.4454623460769653,1.685771107673645,0.2798612117767334,4.13123345375061
base,r10@mu_D,2.0,ctrl9_bread_1,bread,near,ctrl9_bread_1,-2.0269367694854736,-2.4454623460769653,1.685771107673645,0.4185255765914917,4.13123345375061
base,r11@mu_D,0.0,ctrl9_bread_1,bread,near,ctrl9_bread_1,-2.4454623460769653,-2.4454623460769653,1.685771107673645,0.0,4.13123345375061
base,r11@mu_D,1.0,ctrl9_bread_1,bread,near,ctrl9_bread_1,-2.630433678627014,-2.4454623460769653,1.685771107673645,-0.18497133255004883,4.13123345375061
base,r11@mu_D,2.0,ctrl9_bread_1,bread,near,ctrl9_bread_1,-2.5316816568374634,-2.4454623460769653,1.685771107673645,-0.08621931076049805,4.13123345375061
base,r12@mu_D,0.0,ctrl9_bread_1,bread,near,ctrl9_bread_1,-2.4454623460769653,-2.4454623460769653,1.685771107673645,0.0,4.13123345375061
base,r12@mu_D,1.0,ctrl9_bread_1,bread,near,ctrl9_bread_1,-2.1903107166290283,-2.4454623460769653,1.685771107673645,0.255151629447937,4.13123345375061
base,r12@mu_D,2.0,ctrl9_bread_1,bread,near,ctrl9_bread_1,-2.0129170417785645,-2.4454623460769653,1.685771107673645,0.4325453042984009,4.13123345375061
base,r13@mu_D,0.0,ctrl9_bread_1,bread,near,ctrl9_bread_1,-2.4454623460769653,-2.4454623460769653,1.685771107673645,0.0,4.13123345375061
base,r13@mu_D,1.0,ctrl9_bread_1,bread,near,ctrl9_bread_1,-2.5033864974975586,-2.4454623460769653,1.685771107673645,-0.05792415142059326,4.13123345375061
base,r13@mu_D,2.0,ctrl9_bread_1,bread,near,ctrl9_bread_1,-2.524742603302002,-2.4454623460769653,1.685771107673645,-0.07928025722503662,4.13123345375061
base,r14@mu_D,0.0,ctrl9_bread_1,bread,near,ctrl9_bread_1,-2.4454623460769653,-2.4454623460769653,1.685771107673645,0.0,4.13123345375061
base,r14@mu_D,1.0,ctrl9_bread_1,bread,near,ctrl9_bread_1,-2.347914695739746,-2.4454623460769653,1.685771107673645,0.09754765033721924,4.13123345375061
base,r14@mu_D,2.0,ctrl9_bread_1,bread,near,ctrl9_bread_1,-2.3030591011047363,-2.4454623460769653,1.685771107673645,0.142403244972229,4.13123345375061
base,r15@mu_D,0.0,ctrl9_bread_1,bread,near,ctrl9_bread_1,-2.4454623460769653,-2.4454623460769653,1.685771107673645,0.0,4.13123345375061
base,r15@mu_D,1.0,ctrl9_bread_1,bread,near,ctrl9_bread_1,-2.3849860429763794,-2.4454623460769653,1.685771107673645,0.06047630310058594,4.13123345375061
base,r15@mu_D,2.0,ctrl9_bread_1,bread,near,ctrl9_bread_1,-2.4715542793273926,-2.4454623460769653,1.685771107673645,-0.026091933250427246,4.13123345375061
base,r16@mu_D,0.0,ctrl9_bread_1,bread,near,ctrl9_bread_1,-2.4454623460769653,-2.4454623460769653,1.685771107673645,0.0,4.13123345375061
base,r16@mu_D,1.0,ctrl9_bread_1,bread,near,ctrl9_bread_1,-2.3528021574020386,-2.4454623460769653,1.685771107673645,0.09266018867492676,4.13123345375061
base,r16@mu_D,2.0,ctrl9_bread_1,bread,near,ctrl9_bread_1,-2.266534686088562,-2.4454623460769653,1.685771107673645,0.17892765998840332,4.13123345375061
base,r17@mu_D,0.0,ctrl9_bread_1,bread,near,ctrl9_bread_1,-2.4454623460769653,-2.4454623460769653,1.685771107673645,0.0,4.13123345375061
base,r17@mu_D,1.0,ctrl9_bread_1,bread,near,ctrl9_bread_1,-2.318122148513794,-2.4454623460769653,1.685771107673645,0.1273401975631714,4.13123345375061
base,r17@mu_D,2.0,ctrl9_bread_1,bread,near,ctrl9_bread_1,-2.198739528656006,-2.4454623460769653,1.685771107673645,0.24672281742095947,4.13123345375061
base,r18@mu_D,0.0,ctrl9_bread_1,bread,near,ctrl9_bread_1,-2.4454623460769653,-2.4454623460769653,1.685771107673645,0.0,4.13123345375061
base,r18@mu_D,1.0,ctrl9_bread_1,bread,near,ctrl9_bread_1,-2.280940294265747,-2.4454623460769653,1.685771107673645,0.16452205181121826,4.13123345375061
base,r18@mu_D,2.0,ctrl9_bread_1,bread,near,ctrl9_bread_1,-2.3894788026809692,-2.4454623460769653,1.685771107673645,0.055983543395996094,4.13123345375061
base,r19@mu_D,0.0,ctrl9_bread_1,bread,near,ctrl9_bread_1,-2.4454623460769653,-2.4454623460769653,1.685771107673645,0.0,4.13123345375061
base,r19@mu_D,1.0,ctrl9_bread_1,bread,near,ctrl9_bread_1,-2.3808324337005615,-2.4454623460769653,1.685771107673645,0.06462991237640381,4.13123345375061
base,r19@mu_D,2.0,ctrl9_bread_1,bread,near,ctrl9_bread_1,-2.420185089111328,-2.4454623460769653,1.685771107673645,0.025277256965637207,4.13123345375061
base,r20@mu_D,0.0,ctrl9_bread_1,bread,near,ctrl9_bread_1,-2.4454623460769653,-2.4454623460769653,1.685771107673645,0.0,4.13123345375061
base,r20@mu_D,1.0,ctrl9_bread_1,bread,near,ctrl9_bread_1,-2.1641407012939453,-2.4454623460769653,1.685771107673645,0.28132164478302,4.13123345375061
base,r20@mu_D,2.0,ctrl9_bread_1,bread,near,ctrl9_bread_1,-2.131455421447754,-2.4454623460769653,1.685771107673645,0.3140069246292114,4.13123345375061
base,r21@mu_D,0.0,ctrl9_bread_1,bread,near,ctrl9_bread_1,-2.4454623460769653,-2.4454623460769653,1.685771107673645,0.0,4.13123345375061
base,r21@mu_D,1.0,ctrl9_bread_1,bread,near,ctrl9_bread_1,-2.472259998321533,-2.4454623460769653,1.685771107673645,-0.02679765224456787,4.13123345375061
base,r21@mu_D,2.0,ctrl9_bread_1,bread,near,ctrl9_bread_1,-2.6997069120407104,-2.4454623460769653,1.685771107673645,-0.2542445659637451,4.13123345375061
base,r22@mu_D,0.0,ctrl9_bread_1,bread,near,ctrl9_bread_1,-2.4454623460769653,-2.4454623460769653,1.685771107673645,0.0,4.13123345375061
base,r22@mu_D,1.0,ctrl9_bread_1,bread,near,ctrl9_bread_1,-2.2489010095596313,-2.4454623460769653,1.685771107673645,0.19656133651733398,4.13123345375061
base,r22@mu_D,2.0,ctrl9_bread_1,bread,near,ctrl9_bread_1,-2.262391686439514,-2.4454623460769653,1.685771107673645,0.18307065963745117,4.13123345375061
finetuned,mu_D,0.0,ctrl9_bread_1,bread,near,ctrl9_bread_1,1.685771107673645,-2.4454623460769653,1.685771107673645,0.0,4.13123345375061
finetuned,mu_D,1.0,ctrl9_bread_1,bread,near,ctrl9_bread_1,1.8386280536651611,-2.4454623460769653,1.685771107673645,0.1528569459915161,4.13123345375061
finetuned,mu_D,2.0,ctrl9_bread_1,bread,near,ctrl9_bread_1,1.9344290494918823,-2.4454623460769653,1.685771107673645,0.2486579418182373,4.13123345375061
finetuned,mu_Dprime_matched,0.0,ctrl9_bread_1,bread,near,ctrl9_bread_1,1.685771107673645,-2.4454623460769653,1.685771107673645,0.0,4.13123345375061
finetuned,mu_Dprime_matched,1.0,ctrl9_bread_1,bread,near,ctrl9_bread_1,1.851441502571106,-2.4454623460769653,1.685771107673645,0.16567039489746094,4.13123345375061
finetuned,mu_Dprime_matched,2.0,ctrl9_bread_1,bread,near,ctrl9_bread_1,2.035249412059784,-2.4454623460769653,1.685771107673645,0.3494783043861389,4.13123345375061
finetuned,r0@mu_D,0.0,ctrl9_bread_1,bread,near,ctrl9_bread_1,1.685771107673645,-2.4454623460769653,1.685771107673645,0.0,4.13123345375061
finetuned,r0@mu_D,1.0,ctrl9_bread_1,bread,near,ctrl9_bread_1,1.5598747730255127,-2.4454623460769653,1.685771107673645,-0.12589633464813232,4.13123345375061
finetuned,r0@mu_D,2.0,ctrl9_bread_1,bread,near,ctrl9_bread_1,1.5738845467567444,-2.4454623460769653,1.685771107673645,-0.11188656091690063,4.13123345375061
finetuned,r1@mu_D,0.0,ctrl9_bread_1,bread,near,ctrl9_bread_1,1.685771107673645,-2.4454623460769653,1.685771107673645,0.0,4.13123345375061
finetuned,r1@mu_D,1.0,ctrl9_bread_1,bread,near,ctrl9_bread_1,1.6717921495437622,-2.4454623460769653,1.685771107673645,-0.013978958129882812,4.13123345375061
finetuned,r1@mu_D,2.0,ctrl9_bread_1,bread,near,ctrl9_bread_1,1.684459924697876,-2.4454623460769653,1.685771107673645,-0.001311182975769043,4.13123345375061
finetuned,r2@mu_D,0.0,ctrl9_bread_1,bread,near,ctrl9_bread_1,1.685771107673645,-2.4454623460769653,1.685771107673645,0.0,4.13123345375061
finetuned,r2@mu_D,1.0,ctrl9_bread_1,bread,near,ctrl9_bread_1,1.720506191253662,-2.4454623460769653,1.685771107673645,0.03473508358001709,4.13123345375061
finetuned,r2@mu_D,2.0,ctrl9_bread_1,bread,near,ctrl9_bread_1,1.8973788022994995,-2.4454623460769653,1.685771107673645,0.2116076946258545,4.13123345375061
finetuned,r3@mu_D,0.0,ctrl9_bread_1,bread,near,ctrl9_bread_1,1.685771107673645,-2.4454623460769653,1.685771107673645,0.0,4.13123345375061
finetuned,r3@mu_D,1.0,ctrl9_bread_1,bread,near,ctrl9_bread_1,1.5518590211868286,-2.4454623460769653,1.685771107673645,-0.1339120864868164,4.13123345375061
finetuned,r3@mu_D,2.0,ctrl9_bread_1,bread,near,ctrl9_bread_1,1.5437500476837158,-2.4454623460769653,1.685771107673645,-0.1420210599899292,4.13123345375061
finetuned,r4@mu_D,0.0,ctrl9_bread_1,bread,near,ctrl9_bread_1,1.685771107673645,-2.4454623460769653,1.685771107673645,0.0,4.13123345375061
finetuned,r4@mu_D,1.0,ctrl9_bread_1,bread,near,ctrl9_bread_1,1.8164384961128235,-2.4454623460769653,1.685771107673645,0.13066738843917847,4.13123345375061
finetuned,r4@mu_D,2.0,ctrl9_bread_1,bread,near,ctrl9_bread_1,1.633889377117157,-2.4454623460769653,1.685771107673645,-0.05188173055648804,4.13123345375061
finetuned,r5@mu_D,0.0,ctrl9_bread_1,bread,near,ctrl9_bread_1,1.685771107673645,-2.4454623460769653,1.685771107673645,0.0,4.13123345375061
finetuned,r5@mu_D,1.0,ctrl9_bread_1,bread,near,ctrl9_bread_1,1.67402583360672,-2.4454623460769653,1.685771107673645,-0.011745274066925049,4.13123345375061
finetuned,r5@mu_D,2.0,ctrl9_bread_1,bread,near,ctrl9_bread_1,1.7359204292297363,-2.4454623460769653,1.685771107673645,0.05014932155609131,4.13123345375061
finetuned,r6@mu_D,0.0,ctrl9_bread_1,bread,near,ctrl9_bread_1,1.685771107673645,-2.4454623460769653,1.685771107673645,0.0,4.13123345375061
finetuned,r6@mu_D,1.0,ctrl9_bread_1,bread,near,ctrl9_bread_1,1.5390650033950806,-2.4454623460769653,1.685771107673645,-0.14670610427856445,4.13123345375061
finetuned,r6@mu_D,2.0,ctrl9_bread_1,bread,near,ctrl9_bread_1,1.6624067425727844,-2.4454623460769653,1.685771107673645,-0.023364365100860596,4.13123345375061
finetuned,r7@mu_D,0.0,ctrl9_bread_1,bread,near,ctrl9_bread_1,1.685771107673645,-2.4454623460769653,1.685771107673645,0.0,4.13123345375061
finetuned,r7@mu_D,1.0,ctrl9_bread_1,bread,near,ctrl9_bread_1,1.7136686444282532,-2.4454623460769653,1.685771107673645,0.027897536754608154,4.13123345375061
finetuned,r7@mu_D,2.0,ctrl9_bread_1,bread,near,ctrl9_bread_1,1.697349727153778,-2.4454623460769653,1.685771107673645,0.011578619480133057,4.13123345375061
finetuned,r8@mu_D,0.0,ctrl9_bread_1,bread,near,ctrl9_bread_1,1.685771107673645,-2.4454623460769653,1.685771107673645,0.0,4.13123345375061
finetuned,r8@mu_D,1.0,ctrl9_bread_1,bread,near,ctrl9_bread_1,1.7191355228424072,-2.4454623460769653,1.685771107673645,0.03336441516876221,4.13123345375061
finetuned,r8@mu_D,2.0,ctrl9_bread_1,bread,near,ctrl9_bread_1,1.6646469831466675,-2.4454623460769653,1.685771107673645,-0.02112412452697754,4.13123345375061
finetuned,r9@mu_D,0.0,ctrl9_bread_1,bread,near,ctrl9_bread_1,1.685771107673645,-2.4454623460769653,1.685771107673645,0.0,4.13123345375061
finetuned,r9@mu_D,1.0,ctrl9_bread_1,bread,near,ctrl9_bread_1,1.7300741076469421,-2.4454623460769653,1.685771107673645,0.04430299997329712,4.13123345375061
finetuned,r9@mu_D,2.0,ctrl9_bread_1,bread,near,ctrl9_bread_1,1.7298717498779297,-2.4454623460769653,1.685771107673645,0.04410064220428467,4.13123345375061
finetuned,r10@mu_D,0.0,ctrl9_bread_1,bread,near,ctrl9_bread_1,1.685771107673645,-2.4454623460769653,1.685771107673645,0.0,4.13123345375061
finetuned,r10@mu_D,1.0,ctrl9_bread_1,bread,near,ctrl9_bread_1,1.6427956223487854,-2.4454623460769653,1.685771107673645,-0.04297548532485962,4.13123345375061
finetuned,r10@mu_D,2.0,ctrl9_bread_1,bread,near,ctrl9_bread_1,1.7591121196746826,-2.4454623460769653,1.685771107673645,0.0733410120010376,4.13123345375061
finetuned,r11@mu_D,0.0,ctrl9_bread_1,bread,near,ctrl9_bread_1,1.685771107673645,-2.4454623460769653,1.685771107673645,0.0,4.13123345375061
finetuned,r11@mu_D,1.0,ctrl9_bread_1,bread,near,ctrl9_bread_1,1.5447742938995361,-2.4454623460769653,1.685771107673645,-0.1409968137741089,4.13123345375061
finetuned,r11@mu_D,2.0,ctrl9_bread_1,bread,near,ctrl9_bread_1,1.4133192300796509,-2.4454623460769653,1.685771107673645,-0.27245187759399414,4.13123345375061
finetuned,r12@mu_D,0.0,ctrl9_bread_1,bread,near,ctrl9_bread_1,1.685771107673645,-2.4454623460769653,1.685771107673645,0.0,4.13123345375061
finetuned,r12@mu_D,1.0,ctrl9_bread_1,bread,near,ctrl9_bread_1,1.7301599979400635,-2.4454623460769653,1.685771107673645,0.04438889026641846,4.13123345375061
finetuned,r12@mu_D,2.0,ctrl9_bread_1,bread,near,ctrl9_bread_1,1.9818493723869324,-2.4454623460769653,1.685771107673645,0.29607826471328735,4.13123345375061
finetuned,r13@mu_D,0.0,ctrl9_bread_1,bread,near,ctrl9_bread_1,1.685771107673645,-2.4454623460769653,1.685771107673645,0.0,4.13123345375061
finetuned,r13@mu_D,1.0,ctrl9_bread_1,bread,near,ctrl9_bread_1,1.5617860555648804,-2.4454623460769653,1.685771107673645,-0.12398505210876465,4.13123345375061
finetuned,r13@mu_D,2.0,ctrl9_bread_1,bread,near,ctrl9_bread_1,1.6881479620933533,-2.4454623460769653,1.685771107673645,0.002376854419708252,4.13123345375061
finetuned,r14@mu_D,0.0,ctrl9_bread_1,bread,near,ctrl9_bread_1,1.685771107673645,-2.4454623460769653,1.685771107673645,0.0,4.13123345375061
finetuned,r14@mu_D,1.0,ctrl9_bread_1,bread,near,ctrl9_bread_1,1.6834555864334106,-2.4454623460769653,1.685771107673645,-0.002315521240234375,4.13123345375061
finetuned,r14@mu_D,2.0,ctrl9_bread_1,bread,near,ctrl9_bread_1,1.6952234506607056,-2.4454623460769653,1.685771107673645,0.009452342987060547,4.13123345375061
finetuned,r15@mu_D,0.0,ctrl9_bread_1,bread,near,ctrl9_bread_1,1.685771107673645,-2.4454623460769653,1.685771107673645,0.0,4.13123345375061
finetuned,r15@mu_D,1.0,ctrl9_bread_1,bread,near,ctrl9_bread_1,1.6795172095298767,-2.4454623460769653,1.685771107673645,-0.0062538981437683105,4.13123345375061
finetuned,r15@mu_D,2.0,ctrl9_bread_1,bread,near,ctrl9_bread_1,1.6845973134040833,-2.4454623460769653,1.685771107673645,-0.0011737942695617676,4.13123345375061
finetuned,r16@mu_D,0.0,ctrl9_bread_1,bread,near,ctrl9_bread_1,1.685771107673645,-2.4454623460769653,1.685771107673645,0.0,4.13123345375061
finetuned,r16@mu_D,1.0,ctrl9_bread_1,bread,near,ctrl9_bread_1,1.6845202445983887,-2.4454623460769653,1.685771107673645,-0.0012508630752563477,4.13123345375061
finetuned,r16@mu_D,2.0,ctrl9_bread_1,bread,near,ctrl9_bread_1,1.5745378136634827,-2.4454623460769653,1.685771107673645,-0.11123329401016235,4.13123345375061
finetuned,r17@mu_D,0.0,ctrl9_bread_1,bread,near,ctrl9_bread_1,1.685771107673645,-2.4454623460769653,1.685771107673645,0.0,4.13123345375061
finetuned,r17@mu_D,1.0,ctrl9_bread_1,bread,near,ctrl9_bread_1,1.691175937652588,-2.4454623460769653,1.685771107673645,0.005404829978942871,4.13123345375061
finetuned,r17@mu_D,2.0,ctrl9_bread_1,bread,near,ctrl9_bread_1,1.8640106916427612,-2.4454623460769653,1.685771107673645,0.1782395839691162,4.13123345375061
finetuned,r18@mu_D,0.0,ctrl9_bread_1,bread,near,ctrl9_bread_1,1.685771107673645,-2.4454623460769653,1.685771107673645,0.0,4.13123345375061
finetuned,r18@mu_D,1.0,ctrl9_bread_1,bread,near,ctrl9_bread_1,1.5510358214378357,-2.4454623460769653,1.685771107673645,-0.13473528623580933,4.13123345375061
finetuned,r18@mu_D,2.0,ctrl9_bread_1,bread,near,ctrl9_bread_1,1.5226795077323914,-2.4454623460769653,1.685771107673645,-0.16309159994125366,4.13123345375061
finetuned,r19@mu_D,0.0,ctrl9_bread_1,bread,near,ctrl9_bread_1,1.685771107673645,-2.4454623460769653,1.685771107673645,0.0,4.13123345375061
finetuned,r19@mu_D,1.0,ctrl9_bread_1,bread,near,ctrl9_bread_1,1.7135857343673706,-2.4454623460769653,1.685771107673645,0.027814626693725586,4.13123345375061
finetuned,r19@mu_D,2.0,ctrl9_bread_1,bread,near,ctrl9_bread_1,1.7233599424362183,-2.4454623460769653,1.685771107673645,0.03758883476257324,4.13123345375061
finetuned,r20@mu_D,0.0,ctrl9_bread_1,bread,near,ctrl9_bread_1,1.685771107673645,-2.4454623460769653,1.685771107673645,0.0,4.13123345375061
finetuned,r20@mu_D,1.0,ctrl9_bread_1,bread,near,ctrl9_bread_1,1.7229259014129639,-2.4454623460769653,1.685771107673645,0.03715479373931885,4.13123345375061
finetuned,r20@mu_D,2.0,ctrl9_bread_1,bread,near,ctrl9_bread_1,1.8088488578796387,-2.4454623460769653,1.685771107673645,0.12307775020599365,4.13123345375061
finetuned,r21@mu_D,0.0,ctrl9_bread_1,bread,near,ctrl9_bread_1,1.685771107673645,-2.4454623460769653,1.685771107673645,0.0,4.13123345375061
finetuned,r21@mu_D,1.0,ctrl9_bread_1,bread,near,ctrl9_bread_1,1.5481017231941223,-2.4454623460769653,1.685771107673645,-0.1376693844795227,4.13123345375061
finetuned,r21@mu_D,2.0,ctrl9_bread_1,bread,near,ctrl9_bread_1,1.6793283820152283,-2.4454623460769653,1.685771107673645,-0.006442725658416748,4.13123345375061
finetuned,r22@mu_D,0.0,ctrl9_bread_1,bread,near,ctrl9_bread_1,1.685771107673645,-2.4454623460769653,1.685771107673645,0.0,4.13123345375061
finetuned,r22@mu_D,1.0,ctrl9_bread_1,bread,near,ctrl9_bread_1,1.5914514660835266,-2.4454623460769653,1.685771107673645,-0.09431964159011841,4.13123345375061
finetuned,r22@mu_D,2.0,ctrl9_bread_1,bread,near,ctrl9_bread_1,1.5358765125274658,-2.4454623460769653,1.685771107673645,-0.1498945951461792,4.13123345375061
base,mu_D,0.0,ctrl9_roast_chicken_0,roast_chicken,mid,ctrl9_roast_chicken_0,-0.3749110698699951,-0.3749110698699951,4.056637108325958,0.0,4.431548178195953
base,mu_D,1.0,ctrl9_roast_chicken_0,roast_chicken,mid,ctrl9_roast_chicken_0,-0.153764009475708,-0.3749110698699951,4.056637108325958,0.2211470603942871,4.431548178195953
base,mu_D,2.0,ctrl9_roast_chicken_0,roast_chicken,mid,ctrl9_roast_chicken_0,0.18363237380981445,-0.3749110698699951,4.056637108325958,0.5585434436798096,4.431548178195953
base,mu_Dprime_matched,0.0,ctrl9_roast_chicken_0,roast_chicken,mid,ctrl9_roast_chicken_0,-0.3749110698699951,-0.3749110698699951,4.056637108325958,0.0,4.431548178195953
base,mu_Dprime_matched,1.0,ctrl9_roast_chicken_0,roast_chicken,mid,ctrl9_roast_chicken_0,-0.09610438346862793,-0.3749110698699951,4.056637108325958,0.2788066864013672,4.431548178195953
base,mu_Dprime_matched,2.0,ctrl9_roast_chicken_0,roast_chicken,mid,ctrl9_roast_chicken_0,0.4055521488189697,-0.3749110698699951,4.056637108325958,0.7804632186889648,4.431548178195953
base,r0@mu_D,0.0,ctrl9_roast_chicken_0,roast_chicken,mid,ctrl9_roast_chicken_0,-0.3749110698699951,-0.3749110698699951,4.056637108325958,0.0,4.431548178195953
base,r0@mu_D,1.0,ctrl9_roast_chicken_0,roast_chicken,mid,ctrl9_roast_chicken_0,-0.1922130584716797,-0.3749110698699951,4.056637108325958,0.18269801139831543,4.431548178195953
base,r0@mu_D,2.0,ctrl9_roast_chicken_0,roast_chicken,mid,ctrl9_roast_chicken_0,-0.08287906646728516,-0.3749110698699951,4.056637108325958,0.29203200340270996,4.431548178195953
base,r1@mu_D,0.0,ctrl9_roast_chicken_0,roast_chicken,mid,ctrl9_roast_chicken_0,-0.3749110698699951,-0.3749110698699951,4.056637108325958,0.0,4.431548178195953
base,r1@mu_D,1.0,ctrl9_roast_chicken_0,roast_chicken,mid,ctrl9_roast_chicken_0,-0.23559975624084473,-0.3749110698699951,4.056637108325958,0.1393113136291504,4.431548178195953
base,r1@mu_D,2.0,ctrl9_roast_chicken_0,roast_chicken,mid,ctrl9_roast_chicken_0,-0.3503909111022949,-0.3749110698699951,4.056637108325958,0.024520158767700195,4.431548178195953
base,r2@mu_D,0.0,ctrl9_roast_chicken_0,roast_chicken,mid,ctrl9_roast_chicken_0,-0.3749110698699951,-0.3749110698699951,4.056637108325958,0.0,4.431548178195953
base,r2@mu_D,1.0,ctrl9_roast_chicken_0,roast_chicken,mid,ctrl9_roast_chicken_0,0.13544368743896484,-0.3749110698699951,4.056637108325958,0.51035475730896,4.431548178195953
base,r2@mu_D,2.0,ctrl9_roast_chicken_0,roast_chicken,mid,ctrl9_roast_chicken_0,0.1805896759033203,-0.3749110698699951,4.056637108325958,0.5555007457733154,4.431548178195953
base,r3@mu_D,0.0,ctrl9_roast_chicken_0,roast_chicken,mid,ctrl9_roast_chicken_0,-0.3749110698699951,-0.3749110698699951,4.056637108325958,0.0,4.431548178195953
base,r3@mu_D,1.0,ctrl9_roast_chicken_0,roast_chicken,mid,ctrl9_roast_chicken_0,-0.412858247756958,-0.3749110698699951,4.056637108325958,-0.03794717788696289,4.431548178195953
base,r3@mu_D,2.0,ctrl9_roast_chicken_0,roast_chicken,mid,ctrl9_roast_chicken_0,-0.5079083442687988,-0.3749110698699951,4.056637108325958,-0.1329972743988037,4.431548178195953
base,r4@mu_D,0.0,ctrl9_roast_chicken_0,roast_chicken,mid,ctrl9_roast_chicken_0,-0.3749110698699951,-0.3749110698699951,4.056637108325958,0.0,4.431548178195953
base,r4@mu_D,1.0,ctrl9_roast_chicken_0,roast_chicken,mid,ctrl9_roast_chicken_0,-0.06527900695800781,-0.3749110698699951,4.056637108325958,0.3096320629119873,4.431548178195953
base,r4@mu_D,2.0,ctrl9_roast_chicken_0,roast_chicken,mid,ctrl9_roast_chicken_0,-0.04953169822692871,-0.3749110698699951,4.056637108325958,0.3253793716430664,4.431548178195953
base,r5@mu_D,0.0,ctrl9_roast_chicken_0,roast_chicken,mid,ctrl9_roast_chicken_0,-0.3749110698699951,-0.3749110698699951,4.056637108325958,0.0,4.431548178195953
base,r5@mu_D,1.0,ctrl9_roast_chicken_0,roast_chicken,mid,ctrl9_roast_chicken_0,-0.20499849319458008,-0.3749110698699951,4.056637108325958,0.16991257667541504,4.431548178195953
base,r5@mu_D,2.0,ctrl9_roast_chicken_0,roast_chicken,mid,ctrl9_roast_chicken_0,-0.3128342628479004,-0.3749110698699951,4.056637108325958,0.06207680702209473,4.431548178195953
base,r6@mu_D,0.0,ctrl9_roast_chicken_0,roast_chicken,mid,ctrl9_roast_chicken_0,-0.3749110698699951,-0.3749110698699951,4.056637108325958,0.0,4.431548178195953
base,r6@mu_D,1.0,ctrl9_roast_chicken_0,roast_chicken,mid,ctrl9_roast_chicken_0,-0.05978512763977051,-0.3749110698699951,4.056637108325958,0.3151259422302246,4.431548178195953
base,r6@mu_D,2.0,ctrl9_roast_chicken_0,roast_chicken,mid,ctrl9_roast_chicken_0,-0.14314675331115723,-0.3749110698699951,4.056637108325958,0.2317643165588379,4.431548178195953
base,r7@mu_D,0.0,ctrl9_roast_chicken_0,roast_chicken,mid,ctrl9_roast_chicken_0,-0.3749110698699951,-0.3749110698699951,4.056637108325958,0.0,4.431548178195953
base,r7@mu_D,1.0,ctrl9_roast_chicken_0,roast_chicken,mid,ctrl9_roast_chicken_0,0.2027134895324707,-0.3749110698699951,4.056637108325958,0.5776245594024658,4.431548178195953
base,r7@mu_D,2.0,ctrl9_roast_chicken_0,roast_chicken,mid,ctrl9_roast_chicken_0,0.7403216361999512,-0.3749110698699951,4.056637108325958,1.1152327060699463,4.431548178195953
base,r8@mu_D,0.0,ctrl9_roast_chicken_0,roast_chicken,mid,ctrl9_roast_chicken_0,-0.3749110698699951,-0.3749110698699951,4.056637108325958,0.0,4.431548178195953
base,r8@mu_D,1.0,ctrl9_roast_chicken_0,roast_chicken,mid,ctrl9_roast_chicken_0,-0.4693875312805176,-0.3749110698699951,4.056637108325958,-0.09447646141052246,4.431548178195953
base,r8@mu_D,2.0,ctrl9_roast_chicken_0,roast_chicken,mid,ctrl9_roast_chicken_0,-0.6287610530853271,-0.3749110698699951,4.056637108325958,-0.25384998321533203,4.431548178195953
base,r9@mu_D,0.0,ctrl9_roast_chicken_0,roast_chicken,mid,ctrl9_roast_chicken_0,-0.3749110698699951,-0.3749110698699951,4.056637108325958,0.0,4.431548178195953
base,r9@mu_D,1.0,ctrl9_roast_chicken_0,roast_chicken,mid,ctrl9_roast_chicken_0,0.05791187286376953,-0.3749110698699951,4.056637108325958,0.43282294273376465,4.431548178195953
base,r9@mu_D,2.0,ctrl9_roast_chicken_0,roast_chicken,mid,ctrl9_roast_chicken_0,0.1801316738128662,-0.3749110698699951,4.056637108325958,0.5550427436828613,4.431548178195953
base,r10@mu_D,0.0,ctrl9_roast_chicken_0,roast_chicken,mid,ctrl9_roast_chicken_0,-0.3749110698699951,-0.3749110698699951,4.056637108325958,0.0,4.431548178195953
base,r10@mu_D,1.0,ctrl9_roast_chicken_0,roast_chicken,mid,ctrl9_roast_chicken_0,-0.05852532386779785,-0.3749110698699951,4.056637108325958,0.31638574600219727,4.431548178195953
base,r10@mu_D,2.0,ctrl9_roast_chicken_0,roast_chicken,mid,ctrl9_roast_chicken_0,0.06392335891723633,-0.3749110698699951,4.056637108325958,0.43883442878723145,4.431548178195953
base,r11@mu_D,0.0,ctrl9_roast_chicken_0,roast_chicken,mid,ctrl9_roast_chicken_0,-0.3749110698699951,-0.3749110698699951,4.056637108325958,0.0,4.431548178195953
base,r11@mu_D,1.0,ctrl9_roast_chicken_0,roast_chicken,mid,ctrl9_roast_chicken_0,-0.47208166122436523,-0.3749110698699951,4.056637108325958,-0.09717059135437012,4.431548178195953
base,r11@mu_D,2.0,ctrl9_roast_chicken_0,roast_chicken,mid,ctrl9_roast_chicken_0,-0.6930792331695557,-0.3749110698699951,4.056637108325958,-0.31816816329956055,4.431548178195953
base,r12@mu_D,0.0,ctrl9_roast_chicken_0,roast_chicken,mid,ctrl9_roast_chicken_0,-0.3749110698699951,-0.3749110698699951,4.056637108325958,0.0,4.431548178195953
base,r12@mu_D,1.0,ctrl9_roast_chicken_0,roast_chicken,mid,ctrl9_roast_chicken_0,-0.08759665489196777,-0.3749110698699951,4.056637108325958,0.28731441497802734,4.431548178195953
base,r12@mu_D,2.0,ctrl9_roast_chicken_0,roast_chicken,mid,ctrl9_roast_chicken_0,-0.17725467681884766,-0.3749110698699951,4.056637108325958,0.19765639305114746,4.431548178195953
base,r13@mu_D,0.0,ctrl9_roast_chicken_0,roast_chicken,mid,ctrl9_roast_chicken_0,-0.3749110698699951,-0.3749110698699951,4.056637108325958,0.0,4.431548178195953
base,r13@mu_D,1.0,ctrl9_roast_chicken_0,roast_chicken,mid,ctrl9_roast_chicken_0,-0.49178218841552734,-0.3749110698699951,4.056637108325958,-0.11687111854553223,4.431548178195953
base,r13@mu_D,2.0,ctrl9_roast_chicken_0,roast_chicken,mid,ctrl9_roast_chicken_0,-0.7733948230743408,-0.3749110698699951,4.056637108325958,-0.3984837532043457,4.431548178195953
base,r14@mu_D,0.0,ctrl9_roast_chicken_0,roast_chicken,mid,ctrl9_roast_chicken_0,-0.3749110698699951,-0.3749110698699951,4.056637108325958,0.0,4.431548178195953
base,r14@mu_D,1.0,ctrl9_roast_chicken_0,roast_chicken,mid,ctrl9_roast_chicken_0,0.08195161819458008,-0.3749110698699951,4.056637108325958,0.4568626880645752,4.431548178195953
base,r14@mu_D,2.0,ctrl9_roast_chicken_0,roast_chicken,mid,ctrl9_roast_chicken_0,-0.057033538818359375,-0.3749110698699951,4.056637108325958,0.31787753105163574,4.431548178195953
base,r15@mu_D,0.0,ctrl9_roast_chicken_0,roast_chicken,mid,ctrl9_roast_chicken_0,-0.3749110698699951,-0.3749110698699951,4.056637108325958,0.0,4.431548178195953
base,r15@mu_D,1.0,ctrl9_roast_chicken_0,roast_chicken,mid,ctrl9_roast_chicken_0,-0.2485358715057373,-0.3749110698699951,4.056637108325958,0.1263751983642578,4.431548178195953
base,r15@mu_D,2.0,ctrl9_roast_chicken_0,roast_chicken,mid,ctrl9_roast_chicken_0,-0.39431047439575195,-0.3749110698699951,4.056637108325958,-0.019399404525756836,4.431548178195953
base,r16@mu_D,0.0,ctrl9_roast_chicken_0,roast_chicken,mid,ctrl9_roast_chicken_0,-0.3749110698699951,-0.3749110698699951,4.056637108325958,0.0,4.431548178195953
base,r16@mu_D,1.0,ctrl9_roast_chicken_0,roast_chicken,mid,ctrl9_roast_chicken_0,-0.37498974800109863,-0.3749110698699951,4.056637108325958,-7.867813110351562e-05,4.431548178195953
base,r16@mu_D,2.0,ctrl9_roast_chicken_0,roast_chicken,mid,ctrl9_roast_chicken_0,-0.49343371391296387,-0.3749110698699951,4.056637108325958,-0.11852264404296875,4.431548178195953
base,r17@mu_D,0.0,ctrl9_roast_chicken_0,roast_chicken,mid,ctrl9_roast_chicken_0,-0.3749110698699951,-0.3749110698699951,4.056637108325958,0.0,4.431548178195953
base,r17@mu_D,1.0,ctrl9_roast_chicken_0,roast_chicken,mid,ctrl9_roast_chicken_0,0.038884878158569336,-0.3749110698699951,4.056637108325958,0.41379594802856445,4.431548178195953
base,r17@mu_D,2.0,ctrl9_roast_chicken_0,roast_chicken,mid,ctrl9_roast_chicken_0,0.5442931652069092,-0.3749110698699951,4.056637108325958,0.9192042350769043,4.431548178195953
base,r18@mu_D,0.0,ctrl9_roast_chicken_0,roast_chicken,mid,ctrl9_roast_chicken_0,-0.3749110698699951,-0.3749110698699951,4.056637108325958,0.0,4.431548178195953
base,r18@mu_D,1.0,ctrl9_roast_chicken_0,roast_chicken,mid,ctrl9_roast_chicken_0,-0.4378237724304199,-0.3749110698699951,4.056637108325958,-0.0629127025604248,4.431548178195953
base,r18@mu_D,2.0,ctrl9_roast_chicken_0,roast_chicken,mid,ctrl9_roast_chicken_0,-0.599379301071167,-0.3749110698699951,4.056637108325958,-0.22446823120117188,4.431548178195953
base,r19@mu_D,0.0,ctrl9_roast_chicken_0,roast_chicken,mid,ctrl9_roast_chicken_0,-0.3749110698699951,-0.3749110698699951,4.056637108325958,0.0,4.431548178195953
base,r19@mu_D,1.0,ctrl9_roast_chicken_0,roast_chicken,mid,ctrl9_roast_chicken_0,-0.34847331047058105,-0.3749110698699951,4.056637108325958,0.026437759399414062,4.431548178195953
base,r19@mu_D,2.0,ctrl9_roast_chicken_0,roast_chicken,mid,ctrl9_roast_chicken_0,-0.08776664733886719,-0.3749110698699951,4.056637108325958,0.28714442253112793,4.431548178195953
base,r20@mu_D,0.0,ctrl9_roast_chicken_0,roast_chicken,mid,ctrl9_roast_chicken_0,-0.3749110698699951,-0.3749110698699951,4.056637108325958,0.0,4.431548178195953
base,r20@mu_D,1.0,ctrl9_roast_chicken_0,roast_chicken,mid,ctrl9_roast_chicken_0,-0.2498457431793213,-0.3749110698699951,4.056637108325958,0.12506532669067383,4.431548178195953
base,r20@mu_D,2.0,ctrl9_roast_chicken_0,roast_chicken,mid,ctrl9_roast_chicken_0,-0.12691879272460938,-0.3749110698699951,4.056637108325958,0.24799227714538574,4.431548178195953
base,r21@mu_D,0.0,ctrl9_roast_chicken_0,roast_chicken,mid,ctrl9_roast_chicken_0,-0.3749110698699951,-0.3749110698699951,4.056637108325958,0.0,4.431548178195953
base,r21@mu_D,1.0,ctrl9_roast_chicken_0,roast_chicken,mid,ctrl9_roast_chicken_0,-0.08945846557617188,-0.3749110698699951,4.056637108325958,0.28545260429382324,4.431548178195953
base,r21@mu_D,2.0,ctrl9_roast_chicken_0,roast_chicken,mid,ctrl9_roast_chicken_0,-0.26166224479675293,-0.3749110698699951,4.056637108325958,0.11324882507324219,4.431548178195953
base,r22@mu_D,0.0,ctrl9_roast_chicken_0,roast_chicken,mid,ctrl9_roast_chicken_0,-0.3749110698699951,-0.3749110698699951,4.056637108325958,0.0,4.431548178195953
base,r22@mu_D,1.0,ctrl9_roast_chicken_0,roast_chicken,mid,ctrl9_roast_chicken_0,0.034314632415771484,-0.3749110698699951,4.056637108325958,0.4092257022857666,4.431548178195953
base,r22@mu_D,2.0,ctrl9_roast_chicken_0,roast_chicken,mid,ctrl9_roast_chicken_0,0.06455636024475098,-0.3749110698699951,4.056637108325958,0.4394674301147461,4.431548178195953
finetuned,mu_D,0.0,ctrl9_roast_chicken_0,roast_chicken,mid,ctrl9_roast_chicken_0,4.056637108325958,-0.3749110698699951,4.056637108325958,0.0,4.431548178195953
finetuned,mu_D,1.0,ctrl9_roast_chicken_0,roast_chicken,mid,ctrl9_roast_chicken_0,4.39649561047554,-0.3749110698699951,4.056637108325958,0.3398585021495819,4.431548178195953
finetuned,mu_D,2.0,ctrl9_roast_chicken_0,roast_chicken,mid,ctrl9_roast_chicken_0,4.486933559179306,-0.3749110698699951,4.056637108325958,0.4302964508533478,4.431548178195953
finetuned,mu_Dprime_matched,0.0,ctrl9_roast_chicken_0,roast_chicken,mid,ctrl9_roast_chicken_0,4.056637108325958,-0.3749110698699951,4.056637108325958,0.0,4.431548178195953
finetuned,mu_Dprime_matched,1.0,ctrl9_roast_chicken_0,roast_chicken,mid,ctrl9_roast_chicken_0,4.358747214078903,-0.3749110698699951,4.056637108325958,0.30211010575294495,4.431548178195953
finetuned,mu_Dprime_matched,2.0,ctrl9_roast_chicken_0,roast_chicken,mid,ctrl9_roast_chicken_0,4.614160001277924,-0.3749110698699951,4.056637108325958,0.5575228929519653,4.431548178195953
finetuned,r0@mu_D,0.0,ctrl9_roast_chicken_0,roast_chicken,mid,ctrl9_roast_chicken_0,4.056637108325958,-0.3749110698699951,4.056637108325958,0.0,4.431548178195953
finetuned,r0@mu_D,1.0,ctrl9_roast_chicken_0,roast_chicken,mid,ctrl9_roast_chicken_0,3.945939987897873,-0.3749110698699951,4.056637108325958,-0.11069712042808533,4.431548178195953
finetuned,r0@mu_D,2.0,ctrl9_roast_chicken_0,roast_chicken,mid,ctrl9_roast_chicken_0,4.081669986248016,-0.3749110698699951,4.056637108325958,0.025032877922058105,4.431548178195953
finetuned,r1@mu_D,0.0,ctrl9_roast_chicken_0,roast_chicken,mid,ctrl9_roast_chicken_0,4.056637108325958,-0.3749110698699951,4.056637108325958,0.0,4.431548178195953
finetuned,r1@mu_D,1.0,ctrl9_roast_chicken_0,roast_chicken,mid,ctrl9_roast_chicken_0,4.152795523405075,-0.3749110698699951,4.056637108325958,0.09615841507911682,4.431548178195953
finetuned,r1@mu_D,2.0,ctrl9_roast_chicken_0,roast_chicken,mid,ctrl9_roast_chicken_0,3.937463104724884,-0.3749110698699951,4.056637108325958,-0.11917400360107422,4.431548178195953
finetuned,r2@mu_D,0.0,ctrl9_roast_chicken_0,roast_chicken,mid,ctrl9_roast_chicken_0,4.056637108325958,-0.3749110698699951,4.056637108325958,0.0,4.431548178195953
finetuned,r2@mu_D,1.0,ctrl9_roast_chicken_0,roast_chicken,mid,ctrl9_roast_chicken_0,4.268130421638489,-0.3749110698699951,4.056637108325958,0.21149331331253052,4.431548178195953
finetuned,r2@mu_D,2.0,ctrl9_roast_chicken_0,roast_chicken,mid,ctrl9_roast_chicken_0,4.397765100002289,-0.3749110698699951,4.056637108325958,0.34112799167633057,4.431548178195953
finetuned,r3@mu_D,0.0,ctrl9_roast_chicken_0,roast_chicken,mid,ctrl9_roast_chicken_0,4.056637108325958,-0.3749110698699951,4.056637108325958,0.0,4.431548178195953
finetuned,r3@mu_D,1.0,ctrl9_roast_chicken_0,roast_chicken,mid,ctrl9_roast_chicken_0,3.9291889369487762,-0.3749110698699951,4.056637108325958,-0.127448171377182,4.431548178195953
finetuned,r3@mu_D,2.0,ctrl9_roast_chicken_0,roast_chicken,mid,ctrl9_roast_chicken_0,3.734606236219406,-0.3749110698699951,4.056637108325958,-0.3220308721065521,4.431548178195953
finetuned,r4@mu_D,0.0,ctrl9_roast_chicken_0,roast_chicken,mid,ctrl9_roast_chicken_0,4.056637108325958,-0.3749110698699951,4.056637108325958,0.0,4.431548178195953
finetuned,r4@mu_D,1.0,ctrl9_roast_chicken_0,roast_chicken,mid,ctrl9_roast_chicken_0,4.271613538265228,-0.3749110698699951,4.056637108325958,0.21497642993927002,4.431548178195953
finetuned,r4@mu_D,2.0,ctrl9_roast_chicken_0,roast_chicken,mid,ctrl9_roast_chicken_0,4.407019942998886,-0.3749110698699951,4.056637108325958,0.35038283467292786,4.431548178195953
finetuned,r5@mu_D,0.0,ctrl9_roast_chicken_0,roast_chicken,mid,ctrl9_roast_chicken_0,4.056637108325958,-0.3749110698699951,4.056637108325958,0.0,4.431548178195953
finetuned,r5@mu_D,1.0,ctrl9_roast_chicken_0,roast_chicken,mid,ctrl9_roast_chicken_0,4.024362951517105,-0.3749110698699951,4.056637108325958,-0.03227415680885315,4.431548178195953
finetuned,r5@mu_D,2.0,ctrl9_roast_chicken_0,roast_chicken,mid,ctrl9_roast_chicken_0,4.012980550527573,-0.3749110698699951,4.056637108325958,-0.04365655779838562,4.431548178195953
finetuned,r6@mu_D,0.0,ctrl9_roast_chicken_0,roast_chicken,mid,ctrl9_roast_chicken_0,4.056637108325958,-0.3749110698699951,4.056637108325958,0.0,4.431548178195953
finetuned,r6@mu_D,1.0,ctrl9_roast_chicken_0,roast_chicken,mid,ctrl9_roast_chicken_0,4.053921043872833,-0.3749110698699951,4.056637108325958,-0.002716064453125,4.431548178195953
finetuned,r6@mu_D,2.0,ctrl9_roast_chicken_0,roast_chicken,mid,ctrl9_roast_chicken_0,4.050903022289276,-0.3749110698699951,4.056637108325958,-0.005734086036682129,4.431548178195953
finetuned,r7@mu_D,0.0,ctrl9_roast_chicken_0,roast_chicken,mid,ctrl9_roast_chicken_0,4.056637108325958,-0.3749110698699951,4.056637108325958,0.0,4.431548178195953
finetuned,r7@mu_D,1.0,ctrl9_roast_chicken_0,roast_chicken,mid,ctrl9_roast_chicken_0,4.396166801452637,-0.3749110698699951,4.056637108325958,0.33952969312667847,4.431548178195953
finetuned,r7@mu_D,2.0,ctrl9_roast_chicken_0,roast_chicken,mid,ctrl9_roast_chicken_0,4.43797954916954,-0.3749110698699951,4.056637108325958,0.38134244084358215,4.431548178195953
finetuned,r8@mu_D,0.0,ctrl9_roast_chicken_0,roast_chicken,mid,ctrl9_roast_chicken_0,4.056637108325958,-0.3749110698699951,4.056637108325958,0.0,4.431548178195953
finetuned,r8@mu_D,1.0,ctrl9_roast_chicken_0,roast_chicken,mid,ctrl9_roast_chicken_0,4.030010133981705,-0.3749110698699951,4.056637108325958,-0.02662697434425354,4.431548178195953
finetuned,r8@mu_D,2.0,ctrl9_roast_chicken_0,roast_chicken,mid,ctrl9_roast_chicken_0,3.7915582358837128,-0.3749110698699951,4.056637108325958,-0.2650788724422455,4.431548178195953
finetuned,r9@mu_D,0.0,ctrl9_roast_chicken_0,roast_chicken,mid,ctrl9_roast_chicken_0,4.056637108325958,-0.3749110698699951,4.056637108325958,0.0,4.431548178195953
finetuned,r9@mu_D,1.0,ctrl9_roast_chicken_0,roast_chicken,mid,ctrl9_roast_chicken_0,4.268212378025055,-0.3749110698699951,4.056637108325958,0.21157526969909668,4.431548178195953
finetuned,r9@mu_D,2.0,ctrl9_roast_chicken_0,roast_chicken,mid,ctrl9_roast_chicken_0,4.149558007717133,-0.3749110698699951,4.056637108325958,0.09292089939117432,4.431548178195953
finetuned,r10@mu_D,0.0,ctrl9_roast_chicken_0,roast_chicken,mid,ctrl9_roast_chicken_0,4.056637108325958,-0.3749110698699951,4.056637108325958,0.0,4.431548178195953
finetuned,r10@mu_D,1.0,ctrl9_roast_chicken_0,roast_chicken,mid,ctrl9_roast_chicken_0,4.068124383687973,-0.3749110698699951,4.056637108325958,0.01148727536201477,4.431548178195953
finetuned,r10@mu_D,2.0,ctrl9_roast_chicken_0,roast_chicken,mid,ctrl9_roast_chicken_0,4.0683401226997375,-0.3749110698699951,4.056637108325958,0.011703014373779297,4.431548178195953
finetuned,r11@mu_D,0.0,ctrl9_roast_chicken_0,roast_chicken,mid,ctrl9_roast_chicken_0,4.056637108325958,-0.3749110698699951,4.056637108325958,0.0,4.431548178195953
finetuned,r11@mu_D,1.0,ctrl9_roast_chicken_0,roast_chicken,mid,ctrl9_roast_chicken_0,3.9414164423942566,-0.3749110698699951,4.056637108325958,-0.11522066593170166,4.431548178195953
finetuned,r11@mu_D,2.0,ctrl9_roast_chicken_0,roast_chicken,mid,ctrl9_roast_chicken_0,3.8581278324127197,-0.3749110698699951,4.056637108325958,-0.19850927591323853,4.431548178195953
finetuned,r12@mu_D,0.0,ctrl9_roast_chicken_0,roast_chicken,mid,ctrl9_roast_chicken_0,4.056637108325958,-0.3749110698699951,4.056637108325958,0.0,4.431548178195953
finetuned,r12@mu_D,1.0,ctrl9_roast_chicken_0,roast_chicken,mid,ctrl9_roast_chicken_0,4.055468916893005,-0.3749110698699951,4.056637108325958,-0.0011681914329528809,4.431548178195953
finetuned,r12@mu_D,2.0,ctrl9_roast_chicken_0,roast_chicken,mid,ctrl9_roast_chicken_0,3.9427270591259003,-0.3749110698699951,4.056637108325958,-0.11391004920005798,4.431548178195953
finetuned,r13@mu_D,0.0,ctrl9_roast_chicken_0,roast_chicken,mid,ctrl9_roast_chicken_0,4.056637108325958,-0.3749110698699951,4.056637108325958,0.0,4.431548178195953
finetuned,r13@mu_D,1.0,ctrl9_roast_chicken_0,roast_chicken,mid,ctrl9_roast_chicken_0,4.013596773147583,-0.3749110698699951,4.056637108325958,-0.043040335178375244,4.431548178195953
finetuned,r13@mu_D,2.0,ctrl9_roast_chicken_0,roast_chicken,mid,ctrl9_roast_chicken_0,3.926714301109314,-0.3749110698699951,4.056637108325958,-0.1299228072166443,4.431548178195953
finetuned,r14@mu_D,0.0,ctrl9_roast_chicken_0,roast_chicken,mid,ctrl9_roast_chicken_0,4.056637108325958,-0.3749110698699951,4.056637108325958,0.0,4.431548178195953
finetuned,r14@mu_D,1.0,ctrl9_roast_chicken_0,roast_chicken,mid,ctrl9_roast_chicken_0,4.288197576999664,-0.3749110698699951,4.056637108325958,0.23156046867370605,4.431548178195953
finetuned,r14@mu_D,2.0,ctrl9_roast_chicken_0,roast_chicken,mid,ctrl9_roast_chicken_0,4.423807919025421,-0.3749110698699951,4.056637108325958,0.3671708106994629,4.431548178195953
finetuned,r15@mu_D,0.0,ctrl9_roast_chicken_0,roast_chicken,mid,ctrl9_roast_chicken_0,4.056637108325958,-0.3749110698699951,4.056637108325958,0.0,4.431548178195953
finetuned,r15@mu_D,1.0,ctrl9_roast_chicken_0,roast_chicken,mid,ctrl9_roast_chicken_0,4.062392711639404,-0.3749110698699951,4.056637108325958,0.005755603313446045,4.431548178195953
finetuned,r15@mu_D,2.0,ctrl9_roast_chicken_0,roast_chicken,mid,ctrl9_roast_chicken_0,4.022380769252777,-0.3749110698699951,4.056637108325958,-0.03425633907318115,4.431548178195953
finetuned,r16@mu_D,0.0,ctrl9_roast_chicken_0,roast_chicken,mid,ctrl9_roast_chicken_0,4.056637108325958,-0.3749110698699951,4.056637108325958,0.0,4.431548178195953
finetuned,r16@mu_D,1.0,ctrl9_roast_chicken_0,roast_chicken,mid,ctrl9_roast_chicken_0,4.0706150233745575,-0.3749110698699951,4.056637108325958,0.013977915048599243,4.431548178195953
finetuned,r16@mu_D,2.0,ctrl9_roast_chicken_0,roast_chicken,mid,ctrl9_roast_chicken_0,3.9467466473579407,-0.3749110698699951,4.056637108325958,-0.10989046096801758,4.431548178195953
finetuned,r17@mu_D,0.0,ctrl9_roast_chicken_0,roast_chicken,mid,ctrl9_roast_chicken_0,4.056637108325958,-0.3749110698699951,4.056637108325958,0.0,4.431548178195953
finetuned,r17@mu_D,1.0,ctrl9_roast_chicken_0,roast_chicken,mid,ctrl9_roast_chicken_0,4.0681076645851135,-0.3749110698699951,4.056637108325958,0.011470556259155273,4.431548178195953
finetuned,r17@mu_D,2.0,ctrl9_roast_chicken_0,roast_chicken,mid,ctrl9_roast_chicken_0,4.332677990198135,-0.3749110698699951,4.056637108325958,0.2760408818721771,4.431548178195953
finetuned,r18@mu_D,0.0,ctrl9_roast_chicken_0,roast_chicken,mid,ctrl9_roast_chicken_0,4.056637108325958,-0.3749110698699951,4.056637108325958,0.0,4.431548178195953
finetuned,r18@mu_D,1.0,ctrl9_roast_chicken_0,roast_chicken,mid,ctrl9_roast_chicken_0,4.052708595991135,-0.3749110698699951,4.056637108325958,-0.003928512334823608,4.431548178195953
finetuned,r18@mu_D,2.0,ctrl9_roast_chicken_0,roast_chicken,mid,ctrl9_roast_chicken_0,3.996630549430847,-0.3749110698699951,4.056637108325958,-0.060006558895111084,4.431548178195953
finetuned,r19@mu_D,0.0,ctrl9_roast_chicken_0,roast_chicken,mid,ctrl9_roast_chicken_0,4.056637108325958,-0.3749110698699951,4.056637108325958,0.0,4.431548178195953
finetuned,r19@mu_D,1.0,ctrl9_roast_chicken_0,roast_chicken,mid,ctrl9_roast_chicken_0,4.141325205564499,-0.3749110698699951,4.056637108325958,0.08468809723854065,4.431548178195953
finetuned,r19@mu_D,2.0,ctrl9_roast_chicken_0,roast_chicken,mid,ctrl9_roast_chicken_0,4.189162075519562,-0.3749110698699951,4.056637108325958,0.13252496719360352,4.431548178195953
finetuned,r20@mu_D,0.0,ctrl9_roast_chicken_0,roast_chicken,mid,ctrl9_roast_chicken_0,4.056637108325958,-0.3749110698699951,4.056637108325958,0.0,4.431548178195953
finetuned,r20@mu_D,1.0,ctrl9_roast_chicken_0,roast_chicken,mid,ctrl9_roast_chicken_0,4.077862203121185,-0.3749110698699951,4.056637108325958,0.02122509479522705,4.431548178195953
finetuned,r20@mu_D,2.0,ctrl9_roast_chicken_0,roast_chicken,mid,ctrl9_roast_chicken_0,4.20525997877121,-0.3749110698699951,4.056637108325958,0.14862287044525146,4.431548178195953
finetuned,r21@mu_D,0.0,ctrl9_roast_chicken_0,roast_chicken,mid,ctrl9_roast_chicken_0,4.056637108325958,-0.3749110698699951,4.056637108325958,0.0,4.431548178195953
finetuned,r21@mu_D,1.0,ctrl9_roast_chicken_0,roast_chicken,mid,ctrl9_roast_chicken_0,4.070166230201721,-0.3749110698699951,4.056637108325958,0.01352912187576294,4.431548178195953
finetuned,r21@mu_D,2.0,ctrl9_roast_chicken_0,roast_chicken,mid,ctrl9_roast_chicken_0,4.163318455219269,-0.3749110698699951,4.056637108325958,0.10668134689331055,4.431548178195953
finetuned,r22@mu_D,0.0,ctrl9_roast_chicken_0,roast_chicken,mid,ctrl9_roast_chicken_0,4.056637108325958,-0.3749110698699951,4.056637108325958,0.0,4.431548178195953
finetuned,r22@mu_D,1.0,ctrl9_roast_chicken_0,roast_chicken,mid,ctrl9_roast_chicken_0,4.137732803821564,-0.3749110698699951,4.056637108325958,0.08109569549560547,4.431548178195953
finetuned,r22@mu_D,2.0,ctrl9_roast_chicken_0,roast_chicken,mid,ctrl9_roast_chicken_0,4.236544489860535,-0.3749110698699951,4.056637108325958,0.17990738153457642,4.431548178195953
base,mu_D,0.0,ctrl9_roast_chicken_1,roast_chicken,mid,ctrl9_roast_chicken_1,-1.6776542663574219,-1.6776542663574219,2.0397183895111084,0.0,3.7173726558685303
base,mu_D,1.0,ctrl9_roast_chicken_1,roast_chicken,mid,ctrl9_roast_chicken_1,-1.7370045185089111,-1.6776542663574219,2.0397183895111084,-0.05935025215148926,3.7173726558685303
base,mu_D,2.0,ctrl9_roast_chicken_1,roast_chicken,mid,ctrl9_roast_chicken_1,-1.6662262678146362,-1.6776542663574219,2.0397183895111084,0.011427998542785645,3.7173726558685303
base,mu_Dprime_matched,0.0,ctrl9_roast_chicken_1,roast_chicken,mid,ctrl9_roast_chicken_1,-1.6776542663574219,-1.6776542663574219,2.0397183895111084,0.0,3.7173726558685303
base,mu_Dprime_matched,1.0,ctrl9_roast_chicken_1,roast_chicken,mid,ctrl9_roast_chicken_1,-1.3594903945922852,-1.6776542663574219,2.0397183895111084,0.3181638717651367,3.7173726558685303
base,mu_Dprime_matched,2.0,ctrl9_roast_chicken_1,roast_chicken,mid,ctrl9_roast_chicken_1,-0.9540205001831055,-1.6776542663574219,2.0397183895111084,0.7236337661743164,3.7173726558685303
base,r0@mu_D,0.0,ctrl9_roast_chicken_1,roast_chicken,mid,ctrl9_roast_chicken_1,-1.6776542663574219,-1.6776542663574219,2.0397183895111084,0.0,3.7173726558685303
base,r0@mu_D,1.0,ctrl9_roast_chicken_1,roast_chicken,mid,ctrl9_roast_chicken_1,-1.52903413772583,-1.6776542663574219,2.0397183895111084,0.1486201286315918,3.7173726558685303
base,r0@mu_D,2.0,ctrl9_roast_chicken_1,roast_chicken,mid,ctrl9_roast_chicken_1,-1.6692276000976562,-1.6776542663574219,2.0397183895111084,0.008426666259765625,3.7173726558685303
base,r1@mu_D,0.0,ctrl9_roast_chicken_1,roast_chicken,mid,ctrl9_roast_chicken_1,-1.6776542663574219,-1.6776542663574219,2.0397183895111084,0.0,3.7173726558685303
base,r1@mu_D,1.0,ctrl9_roast_chicken_1,roast_chicken,mid,ctrl9_roast_chicken_1,-1.8431406021118164,-1.6776542663574219,2.0397183895111084,-0.16548633575439453,3.7173726558685303
base,r1@mu_D,2.0,ctrl9_roast_chicken_1,roast_chicken,mid,ctrl9_roast_chicken_1,-1.5422841310501099,-1.6776542663574219,2.0397183895111084,0.135370135307312,3.7173726558685303
base,r2@mu_D,0.0,ctrl9_roast_chicken_1,roast_chicken,mid,ctrl9_roast_chicken_1,-1.6776542663574219,-1.6776542663574219,2.0397183895111084,0.0,3.7173726558685303
base,r2@mu_D,1.0,ctrl9_roast_chicken_1,roast_chicken,mid,ctrl9_roast_chicken_1,-1.4704198837280273,-1.6776542663574219,2.0397183895111084,0.20723438262939453,3.7173726558685303
base,r2@mu_D,2.0,ctrl9_roast_chicken_1,roast_chicken,mid,ctrl9_roast_chicken_1,-1.4746124744415283,-1.6776542663574219,2.0397183895111084,0.20304179191589355,3.7173726558685303
base,r3@mu_D,0.0,ctrl9_roast_chicken_1,roast_chicken,mid,ctrl9_roast_chicken_1,-1.6776542663574219,-1.6776542663574219,2.0397183895111084,0.0,3.7173726558685303
base,r3@mu_D,1.0,ctrl9_roast_chicken_1,roast_chicken,mid,ctrl9_roast_chicken_1,-1.8027071952819824,-1.6776542663574219,2.0397183895111084,-0.12505292892456055,3.7173726558685303
base,r3@mu_D,2.0,ctrl9_roast_chicken_1,roast_chicken,mid,ctrl9_roast_chicken_1,-1.8441741466522217,-1.6776542663574219,2.0397183895111084,-0.1665198802947998,3.7173726558685303
base,r4@mu_D,0.0,ctrl9_roast_chicken_1,roast_chicken,mid,ctrl9_roast_chicken_1,-1.6776542663574219,-1.6776542663574219,2.0397183895111084,0.0,3.7173726558685303
base,r4@mu_D,1.0,ctrl9_roast_chicken_1,roast_chicken,mid,ctrl9_roast_chicken_1,-2.028850555419922,-1.6776542663574219,2.0397183895111084,-0.3511962890625,3.7173726558685303
base,r4@mu_D,2.0,ctrl9_roast_chicken_1,roast_chicken,mid,ctrl9_roast_chicken_1,-2.393559694290161,-1.6776542663574219,2.0397183895111084,-0.7159054279327393,3.7173726558685303
base,r5@mu_D,0.0,ctrl9_roast_chicken_1,roast_chicken,mid,ctrl9_roast_chicken_1,-1.6776542663574219,-1.6776542663574219,2.0397183895111084,0.0,3.7173726558685303
base,r5@mu_D,1.0,ctrl9_roast_chicken_1,roast_chicken,mid,ctrl9_roast_chicken_1,-1.7249512672424316,-1.6776542663574219,2.0397183895111084,-0.047297000885009766,3.7173726558685303
base,r5@mu_D,2.0,ctrl9_roast_chicken_1,roast_chicken,mid,ctrl9_roast_chicken_1,-1.5294008255004883,-1.6776542663574219,2.0397183895111084,0.1482534408569336,3.7173726558685303
base,r6@mu_D,0.0,ctrl9_roast_chicken_1,roast_chicken,mid,ctrl9_roast_chicken_1,-1.6776542663574219,-1.6776542663574219,2.0397183895111084,0.0,3.7173726558685303
base,r6@mu_D,1.0,ctrl9_roast_chicken_1,roast_chicken,mid,ctrl9_roast_chicken_1,-1.858889102935791,-1.6776542663574219,2.0397183895111084,-0.18123483657836914,3.7173726558685303
base,r6@mu_D,2.0,ctrl9_roast_chicken_1,roast_chicken,mid,ctrl9_roast_chicken_1,-1.5518426895141602,-1.6776542663574219,2.0397183895111084,0.12581157684326172,3.7173726558685303
base,r7@mu_D,0.0,ctrl9_roast_chicken_1,roast_chicken,mid,ctrl9_roast_chicken_1,-1.6776542663574219,-1.6776542663574219,2.0397183895111084,0.0,3.7173726558685303
base,r7@mu_D,1.0,ctrl9_roast_chicken_1,roast_chicken,mid,ctrl9_roast_chicken_1,-1.4589617252349854,-1.6776542663574219,2.0397183895111084,0.21869254112243652,3.7173726558685303
base,r7@mu_D,2.0,ctrl9_roast_chicken_1,roast_chicken,mid,ctrl9_roast_chicken_1,-1.3996257781982422,-1.6776542663574219,2.0397183895111084,0.2780284881591797,3.7173726558685303
base,r8@mu_D,0.0,ctrl9_roast_chicken_1,roast_chicken,mid,ctrl9_roast_chicken_1,-1.6776542663574219,-1.6776542663574219,2.0397183895111084,0.0,3.7173726558685303
base,r8@mu_D,1.0,ctrl9_roast_chicken_1,roast_chicken,mid,ctrl9_roast_chicken_1,-1.3395776748657227,-1.6776542663574219,2.0397183895111084,0.3380765914916992,3.7173726558685303
base,r8@mu_D,2.0,ctrl9_roast_chicken_1,roast_chicken,mid,ctrl9_roast_chicken_1,-0.8978772163391113,-1.6776542663574219,2.0397183895111084,0.7797770500183105,3.7173726558685303
base,r9@mu_D,0.0,ctrl9_roast_chicken_1,roast_chicken,mid,ctrl9_roast_chicken_1,-1.6776542663574219,-1.6776542663574219,2.0397183895111084,0.0,3.7173726558685303
base,r9@mu_D,1.0,ctrl9_roast_chicken_1,roast_chicken,mid,ctrl9_roast_chicken_1,-1.7901618480682373,-1.6776542663574219,2.0397183895111084,-0.11250758171081543,3.7173726558685303
base,r9@mu_D,2.0,ctrl9_roast_chicken_1,roast_chicken,mid,ctrl9_roast_chicken_1,-1.8760006427764893,-1.6776542663574219,2.0397183895111084,-0.19834637641906738,3.7173726558685303
base,r10@mu_D,0.0,ctrl9_roast_chicken_1,roast_chicken,mid,ctrl9_roast_chicken_1,-1.6776542663574219,-1.6776542663574219,2.0397183895111084,0.0,3.7173726558685303
base,r10@mu_D,1.0,ctrl9_roast_chicken_1,roast_chicken,mid,ctrl9_roast_chicken_1,-1.4546537399291992,-1.6776542663574219,2.0397183895111084,0.22300052642822266,3.7173726558685303
base,r10@mu_D,2.0,ctrl9_roast_chicken_1,roast_chicken,mid,ctrl9_roast_chicken_1,-1.4455630779266357,-1.6776542663574219,2.0397183895111084,0.23209118843078613,3.7173726558685303
base,r11@mu_D,0.0,ctrl9_roast_chicken_1,roast_chicken,mid,ctrl9_roast_chicken_1,-1.6776542663574219,-1.6776542663574219,2.0397183895111084,0.0,3.7173726558685303
base,r11@mu_D,1.0,ctrl9_roast_chicken_1,roast_chicken,mid,ctrl9_roast_chicken_1,-1.7312402725219727,-1.6776542663574219,2.0397183895111084,-0.05358600616455078,3.7173726558685303
base,r11@mu_D,2.0,ctrl9_roast_chicken_1,roast_chicken,mid,ctrl9_roast_chicken_1,-1.8010493516921997,-1.6776542663574219,2.0397183895111084,-0.12339508533477783,3.7173726558685303
base,r12@mu_D,0.0,ctrl9_roast_chicken_1,roast_chicken,mid,ctrl9_roast_chicken_1,-1.6776542663574219,-1.6776542663574219,2.0397183895111084,0.0,3.7173726558685303
base,r12@mu_D,1.0,ctrl9_roast_chicken_1,roast_chicken,mid,ctrl9_roast_chicken_1,-1.8740403652191162,-1.6776542663574219,2.0397183895111084,-0.19638609886169434,3.7173726558685303
base,r12@mu_D,2.0,ctrl9_roast_chicken_1,roast_chicken,mid,ctrl9_roast_chicken_1,-2.0288959741592407,-1.6776542663574219,2.0397183895111084,-0.35124170780181885,3.7173726558685303
base,r13@mu_D,0.0,ctrl9_roast_chicken_1,roast_chicken,mid,ctrl9_roast_chicken_1,-1.6776542663574219,-1.6776542663574219,2.0397183895111084,0.0,3.7173726558685303
base,r13@mu_D,1.0,ctrl9_roast_chicken_1,roast_chicken,mid,ctrl9_roast_chicken_1,-1.6581010818481445,-1.6776542663574219,2.0397183895111084,0.019553184509277344,3.7173726558685303
base,r13@mu_D,2.0,ctrl9_roast_chicken_1,roast_chicken,mid,ctrl9_roast_chicken_1,-1.4464187622070312,-1.6776542663574219,2.0397183895111084,0.23123550415039062,3.7173726558685303
base,r14@mu_D,0.0,ctrl9_roast_chicken_1,roast_chicken,mid,ctrl9_roast_chicken_1,-1.6776542663574219,-1.6776542663574219,2.0397183895111084,0.0,3.7173726558685303
base,r14@mu_D,1.0,ctrl9_roast_chicken_1,roast_chicken,mid,ctrl9_roast_chicken_1,-1.3454780578613281,-1.6776542663574219,2.0397183895111084,0.33217620849609375,3.7173726558685303
base,r14@mu_D,2.0,ctrl9_roast_chicken_1,roast_chicken,mid,ctrl9_roast_chicken_1,-1.0444049835205078,-1.6776542663574219,2.0397183895111084,0.6332492828369141,3.7173726558685303
base,r15@mu_D,0.0,ctrl9_roast_chicken_1,roast_chicken,mid,ctrl9_roast_chicken_1,-1.6776542663574219,-1.6776542663574219,2.0397183895111084,0.0,3.7173726558685303
base,r15@mu_D,1.0,ctrl9_roast_chicken_1,roast_chicken,mid,ctrl9_roast_chicken_1,-1.352884292602539,-1.6776542663574219,2.0397183895111084,0.3247699737548828,3.7173726558685303
base,r15@mu_D,2.0,ctrl9_roast_chicken_1,roast_chicken,mid,ctrl9_roast_chicken_1,-1.0470798015594482,-1.6776542663574219,2.0397183895111084,0.6305744647979736,3.7173726558685303
base,r16@mu_D,0.0,ctrl9_roast_chicken_1,roast_chicken,mid,ctrl9_roast_chicken_1,-1.6776542663574219,-1.6776542663574219,2.0397183895111084,0.0,3.7173726558685303
base,r16@mu_D,1.0,ctrl9_roast_chicken_1,roast_chicken,mid,ctrl9_roast_chicken_1,-1.9839651584625244,-1.6776542663574219,2.0397183895111084,-0.30631089210510254,3.7173726558685303
base,r16@mu_D,2.0,ctrl9_roast_chicken_1,roast_chicken,mid,ctrl9_roast_chicken_1,-2.51102614402771,-1.6776542663574219,2.0397183895111084,-0.8333718776702881,3.7173726558685303
base,r17@mu_D,0.0,ctrl9_roast_chicken_1,roast_chicken,mid,ctrl9_roast_chicken_1,-1.6776542663574219,-1.6776542663574219,2.0397183895111084,0.0,3.7173726558685303
base,r17@mu_D,1.0,ctrl9_roast_chicken_1,roast_chicken,mid,ctrl9_roast_chicken_1,-1.1898791790008545,-1.6776542663574219,2.0397183895111084,0.4877750873565674,3.7173726558685303
base,r17@mu_D,2.0,ctrl9_roast_chicken_1,roast_chicken,mid,ctrl9_roast_chicken_1,-0.9622876644134521,-1.6776542663574219,2.0397183895111084,0.7153666019439697,3.7173726558685303
base,r18@mu_D,0.0,ctrl9_roast_chicken_1,roast_chicken,mid,ctrl9_roast_chicken_1,-1.6776542663574219,-1.6776542663574219,2.0397183895111084,0.0,3.7173726558685303
base,r18@mu_D,1.0,ctrl9_roast_chicken_1,roast_chicken,mid,ctrl9_roast_chicken_1,-1.8039169311523438,-1.6776542663574219,2.0397183895111084,-0.12626266479492188,3.7173726558685303
base,r18@mu_D,2.0,ctrl9_roast_chicken_1,roast_chicken,mid,ctrl9_roast_chicken_1,-1.737128734588623,-1.6776542663574219,2.0397183895111084,-0.05947446823120117,3.7173726558685303
base,r19@mu_D,0.0,ctrl9_roast_chicken_1,roast_chicken,mid,ctrl9_roast_chicken_1,-1.6776542663574219,-1.6776542663574219,2.0397183895111084,0.0,3.7173726558685303
base,r19@mu_D,1.0,ctrl9_roast_chicken_1,roast_chicken,mid,ctrl9_roast_chicken_1,-1.5692424774169922,-1.6776542663574219,2.0397183895111084,0.10841178894042969,3.7173726558685303
base,r19@mu_D,2.0,ctrl9_roast_chicken_1,roast_chicken,mid,ctrl9_roast_chicken_1,-1.4622950553894043,-1.6776542663574219,2.0397183895111084,0.21535921096801758,3.7173726558685303
base,r20@mu_D,0.0,ctrl9_roast_chicken_1,roast_chicken,mid,ctrl9_roast_chicken_1,-1.6776542663574219,-1.6776542663574219,2.0397183895111084,0.0,3.7173726558685303
base,r20@mu_D,1.0,ctrl9_roast_chicken_1,roast_chicken,mid,ctrl9_roast_chicken_1,-1.735795497894287,-1.6776542663574219,2.0397183895111084,-0.058141231536865234,3.7173726558685303
base,r20@mu_D,2.0,ctrl9_roast_chicken_1,roast_chicken,mid,ctrl9_roast_chicken_1,-1.6565253734588623,-1.6776542663574219,2.0397183895111084,0.02112889289855957,3.7173726558685303
base,r21@mu_D,0.0,ctrl9_roast_chicken_1,roast_chicken,mid,ctrl9_roast_chicken_1,-1.6776542663574219,-1.6776542663574219,2.0397183895111084,0.0,3.7173726558685303
base,r21@mu_D,1.0,ctrl9_roast_chicken_1,roast_chicken,mid,ctrl9_roast_chicken_1,-1.5948057174682617,-1.6776542663574219,2.0397183895111084,0.08284854888916016,3.7173726558685303
base,r21@mu_D,2.0,ctrl9_roast_chicken_1,roast_chicken,mid,ctrl9_roast_chicken_1,-1.254791498184204,-1.6776542663574219,2.0397183895111084,0.4228627681732178,3.7173726558685303
base,r22@mu_D,0.0,ctrl9_roast_chicken_1,roast_chicken,mid,ctrl9_roast_chicken_1,-1.6776542663574219,-1.6776542663574219,2.0397183895111084,0.0,3.7173726558685303
base,r22@mu_D,1.0,ctrl9_roast_chicken_1,roast_chicken,mid,ctrl9_roast_chicken_1,-1.4610395431518555,-1.6776542663574219,2.0397183895111084,0.2166147232055664,3.7173726558685303
base,r22@mu_D,2.0,ctrl9_roast_chicken_1,roast_chicken,mid,ctrl9_roast_chicken_1,-0.9700334072113037,-1.6776542663574219,2.0397183895111084,0.7076208591461182,3.7173726558685303
finetuned,mu_D,0.0,ctrl9_roast_chicken_1,roast_chicken,mid,ctrl9_roast_chicken_1,2.0397183895111084,-1.6776542663574219,2.0397183895111084,0.0,3.7173726558685303
finetuned,mu_D,1.0,ctrl9_roast_chicken_1,roast_chicken,mid,ctrl9_roast_chicken_1,1.909147024154663,-1.6776542663574219,2.0397183895111084,-0.1305713653564453,3.7173726558685303
finetuned,mu_D,2.0,ctrl9_roast_chicken_1,roast_chicken,mid,ctrl9_roast_chicken_1,1.9153597354888916,-1.6776542663574219,2.0397183895111084,-0.1243586540222168,3.7173726558685303
finetuned,mu_Dprime_matched,0.0,ctrl9_roast_chicken_1,roast_chicken,mid,ctrl9_roast_chicken_1,2.0397183895111084,-1.6776542663574219,2.0397183895111084,0.0,3.7173726558685303
finetuned,mu_Dprime_matched,1.0,ctrl9_roast_chicken_1,roast_chicken,mid,ctrl9_roast_chicken_1,1.9244632720947266,-1.6776542663574219,2.0397183895111084,-0.11525511741638184,3.7173726558685303
finetuned,mu_Dprime_matched,2.0,ctrl9_roast_chicken_1,roast_chicken,mid,ctrl9_roast_chicken_1,1.9709802865982056,-1.6776542663574219,2.0397183895111084,-0.06873810291290283,3.7173726558685303
finetuned,r0@mu_D,0.0,ctrl9_roast_chicken_1,roast_chicken,mid,ctrl9_roast_chicken_1,2.0397183895111084,-1.6776542663574219,2.0397183895111084,0.0,3.7173726558685303
finetuned,r0@mu_D,1.0,ctrl9_roast_chicken_1,roast_chicken,mid,ctrl9_roast_chicken_1,1.9459140300750732,-1.6776542663574219,2.0397183895111084,-0.09380435943603516,3.7173726558685303
finetuned,r0@mu_D,2.0,ctrl9_roast_chicken_1,roast_chicken,mid,ctrl9_roast_chicken_1,2.092647969722748,-1.6776542663574219,2.0397183895111084,0.052929580211639404,3.7173726558685303
finetuned,r1@mu_D,0.0,ctrl9_roast_chicken_1,roast_chicken,mid,ctrl9_roast_chicken_1,2.0397183895111084,-1.6776542663574219,2.0397183895111084,0.0,3.7173726558685303
finetuned,r1@mu_D,1.0,ctrl9_roast_chicken_1,roast_chicken,mid,ctrl9_roast_chicken_1,1.887706995010376,-1.6776542663574219,2.0397183895111084,-0.15201139450073242,3.7173726558685303
finetuned,r1@mu_D,2.0,ctrl9_roast_chicken_1,roast_chicken,mid,ctrl9_roast_chicken_1,1.9073715806007385,-1.6776542663574219,2.0397183895111084,-0.13234680891036987,3.7173726558685303
finetuned,r2@mu_D,0.0,ctrl9_roast_chicken_1,roast_chicken,mid,ctrl9_roast_chicken_1,2.0397183895111084,-1.6776542663574219,2.0397183895111084,0.0,3.7173726558685303
finetuned,r2@mu_D,1.0,ctrl9_roast_chicken_1,roast_chicken,mid,ctrl9_roast_chicken_1,2.069592297077179,-1.6776542663574219,2.0397183895111084,0.029873907566070557,3.7173726558685303
finetuned,r2@mu_D,2.0,ctrl9_roast_chicken_1,roast_chicken,mid,ctrl9_roast_chicken_1,2.222600221633911,-1.6776542663574219,2.0397183895111084,0.18288183212280273,3.7173726558685303
finetuned,r3@mu_D,0.0,ctrl9_roast_chicken_1,roast_chicken,mid,ctrl9_roast_chicken_1,2.0397183895111084,-1.6776542663574219,2.0397183895111084,0.0,3.7173726558685303
finetuned,r3@mu_D,1.0,ctrl9_roast_chicken_1,roast_chicken,mid,ctrl9_roast_chicken_1,1.8531391620635986,-1.6776542663574219,2.0397183895111084,-0.18657922744750977,3.7173726558685303
finetuned,r3@mu_D,2.0,ctrl9_roast_chicken_1,roast_chicken,mid,ctrl9_roast_chicken_1,1.822144329547882,-1.6776542663574219,2.0397183895111084,-0.21757405996322632,3.7173726558685303
finetuned,r4@mu_D,0.0,ctrl9_roast_chicken_1,roast_chicken,mid,ctrl9_roast_chicken_1,2.0397183895111084,-1.6776542663574219,2.0397183895111084,0.0,3.7173726558685303
finetuned,r4@mu_D,1.0,ctrl9_roast_chicken_1,roast_chicken,mid,ctrl9_roast_chicken_1,1.86092209815979,-1.6776542663574219,2.0397183895111084,-0.17879629135131836,3.7173726558685303
finetuned,r4@mu_D,2.0,ctrl9_roast_chicken_1,roast_chicken,mid,ctrl9_roast_chicken_1,1.8848514556884766,-1.6776542663574219,2.0397183895111084,-0.15486693382263184,3.7173726558685303
finetuned,r5@mu_D,0.0,ctrl9_roast_chicken_1,roast_chicken,mid,ctrl9_roast_chicken_1,2.0397183895111084,-1.6776542663574219,2.0397183895111084,0.0,3.7173726558685303
finetuned,r5@mu_D,1.0,ctrl9_roast_chicken_1,roast_chicken,mid,ctrl9_roast_chicken_1,1.8732616901397705,-1.6776542663574219,2.0397183895111084,-0.1664566993713379,3.7173726558685303
finetuned,r5@mu_D,2.0,ctrl9_roast_chicken_1,roast_chicken,mid,ctrl9_roast_chicken_1,1.9164390563964844,-1.6776542663574219,2.0397183895111084,-0.12327933311462402,3.7173726558685303
finetuned,r6@mu_D,0.0,ctrl9_roast_chicken_1,roast_chicken,mid,ctrl9_roast_chicken_1,2.0397183895111084,-1.6776542663574219,2.0397183895111084,0.0,3.7173726558685303
finetuned,r6@mu_D,1.0,ctrl9_roast_chicken_1,roast_chicken,mid,ctrl9_roast_chicken_1,1.866403043270111,-1.6776542663574219,2.0397183895111084,-0.17331534624099731,3.7173726558685303
finetuned,r6@mu_D,2.0,ctrl9_roast_chicken_1,roast_chicken,mid,ctrl9_roast_chicken_1,1.8155496716499329,-1.6776542663574219,2.0397183895111084,-0.22416871786117554,3.7173726558685303
finetuned,r7@mu_D,0.0,ctrl9_roast_chicken_1,roast_chicken,mid,ctrl9_roast_chicken_1,2.0397183895111084,-1.6776542663574219,2.0397183895111084,0.0,3.7173726558685303
finetuned,r7@mu_D,1.0,ctrl9_roast_chicken_1,roast_chicken,mid,ctrl9_roast_chicken_1,1.9114209413528442,-1.6776542663574219,2.0397183895111084,-0.12829744815826416,3.7173726558685303
finetuned,r7@mu_D,2.0,ctrl9_roast_chicken_1,roast_chicken,mid,ctrl9_roast_chicken_1,2.0949933528900146,-1.6776542663574219,2.0397183895111084,0.05527496337890625,3.7173726558685303
finetuned,r8@mu_D,0.0,ctrl9_roast_chicken_1,roast_chicken,mid,ctrl9_roast_chicken_1,2.0397183895111084,-1.6776542663574219,2.0397183895111084,0.0,3.7173726558685303
finetuned,r8@mu_D,1.0,ctrl9_roast_chicken_1,roast_chicken,mid,ctrl9_roast_chicken_1,2.030842900276184,-1.6776542663574219,2.0397183895111084,-0.008875489234924316,3.7173726558685303
finetuned,r8@mu_D,2.0,ctrl9_roast_chicken_1,roast_chicken,mid,ctrl9_roast_chicken_1,1.9078142642974854,-1.6776542663574219,2.0397183895111084,-0.13190412521362305,3.7173726558685303
finetuned,r9@mu_D,0.0,ctrl9_roast_chicken_1,roast_chicken,mid,ctrl9_roast_chicken_1,2.0397183895111084,-1.6776542663574219,2.0397183895111084,0.0,3.7173726558685303
finetuned,r9@mu_D,1.0,ctrl9_roast_chicken_1,roast_chicken,mid,ctrl9_roast_chicken_1,2.0458849668502808,-1.6776542663574219,2.0397183895111084,0.006166577339172363,3.7173726558685303
finetuned,r9@mu_D,2.0,ctrl9_roast_chicken_1,roast_chicken,mid,ctrl9_roast_chicken_1,2.268827259540558,-1.6776542663574219,2.0397183895111084,0.22910887002944946,3.7173726558685303
finetuned,r10@mu_D,0.0,ctrl9_roast_chicken_1,roast_chicken,mid,ctrl9_roast_chicken_1,2.0397183895111084,-1.6776542663574219,2.0397183895111084,0.0,3.7173726558685303
finetuned,r10@mu_D,1.0,ctrl9_roast_chicken_1,roast_chicken,mid,ctrl9_roast_chicken_1,2.1660829186439514,-1.6776542663574219,2.0397183895111084,0.12636452913284302,3.7173726558685303
finetuned,r10@mu_D,2.0,ctrl9_roast_chicken_1,roast_chicken,mid,ctrl9_roast_chicken_1,2.154543399810791,-1.6776542663574219,2.0397183895111084,0.11482501029968262,3.7173726558685303
finetuned,r11@mu_D,0.0,ctrl9_roast_chicken_1,roast_chicken,mid,ctrl9_roast_chicken_1,2.0397183895111084,-1.6776542663574219,2.0397183895111084,0.0,3.7173726558685303
finetuned,r11@mu_D,1.0,ctrl9_roast_chicken_1,roast_chicken,mid,ctrl9_roast_chicken_1,1.8978622555732727,-1.6776542663574219,2.0397183895111084,-0.1418561339378357,3.7173726558685303
finetuned,r11@mu_D,2.0,ctrl9_roast_chicken_1,roast_chicken,mid,ctrl9_roast_chicken_1,1.9085023403167725,-1.6776542663574219,2.0397183895111084,-0.13121604919433594,3.7173726558685303
finetuned,r12@mu_D,0.0,ctrl9_roast_chicken_1,roast_chicken,mid,ctrl9_roast_chicken_1,2.0397183895111084,-1.6776542663574219,2.0397183895111084,0.0,3.7173726558685303
finetuned,r12@mu_D,1.0,ctrl9_roast_chicken_1,roast_chicken,mid,ctrl9_roast_chicken_1,1.8725408911705017,-1.6776542663574219,2.0397183895111084,-0.1671774983406067,3.7173726558685303
finetuned,r12@mu_D,2.0,ctrl9_roast_chicken_1,roast_chicken,mid,ctrl9_roast_chicken_1,2.008516550064087,-1.6776542663574219,2.0397183895111084,-0.031201839447021484,3.7173726558685303
finetuned,r13@mu_D,0.0,ctrl9_roast_chicken_1,roast_chicken,mid,ctrl9_roast_chicken_1,2.0397183895111084,-1.6776542663574219,2.0397183895111084,0.0,3.7173726558685303
finetuned,r13@mu_D,1.0,ctrl9_roast_chicken_1,roast_chicken,mid,ctrl9_roast_chicken_1,1.8925575017929077,-1.6776542663574219,2.0397183895111084,-0.14716088771820068,3.7173726558685303
finetuned,r13@mu_D,2.0,ctrl9_roast_chicken_1,roast_chicken,mid,ctrl9_roast_chicken_1,1.9121772050857544,-1.6776542663574219,2.0397183895111084,-0.127541184425354,3.7173726558685303
finetuned,r14@mu_D,0.0,ctrl9_roast_chicken_1,roast_chicken,mid,ctrl9_roast_chicken_1,2.0397183895111084,-1.6776542663574219,2.0397183895111084,0.0,3.7173726558685303
finetuned,r14@mu_D,1.0,ctrl9_roast_chicken_1,roast_chicken,mid,ctrl9_roast_chicken_1,1.9071176052093506,-1.6776542663574219,2.0397183895111084,-0.1326007843017578,3.7173726558685303
finetuned,r14@mu_D,2.0,ctrl9_roast_chicken_1,roast_chicken,mid,ctrl9_roast_chicken_1,1.9126684665679932,-1.6776542663574219,2.0397183895111084,-0.12704992294311523,3.7173726558685303
finetuned,r15@mu_D,0.0,ctrl9_roast_chicken_1,roast_chicken,mid,ctrl9_roast_chicken_1,2.0397183895111084,-1.6776542663574219,2.0397183895111084,0.0,3.7173726558685303
finetuned,r15@mu_D,1.0,ctrl9_roast_chicken_1,roast_chicken,mid,ctrl9_roast_chicken_1,1.9180872440338135,-1.6776542663574219,2.0397183895111084,-0.12163114547729492,3.7173726558685303
finetuned,r15@mu_D,2.0,ctrl9_roast_chicken_1,roast_chicken,mid,ctrl9_roast_chicken_1,1.8052366971969604,-1.6776542663574219,2.0397183895111084,-0.23448169231414795,3.7173726558685303
finetuned,r16@mu_D,0.0,ctrl9_roast_chicken_1,roast_chicken,mid,ctrl9_roast_chicken_1,2.0397183895111084,-1.6776542663574219,2.0397183895111084,0.0,3.7173726558685303
finetuned,r16@mu_D,1.0,ctrl9_roast_chicken_1,roast_chicken,mid,ctrl9_roast_chicken_1,2.0412628054618835,-1.6776542663574219,2.0397183895111084,0.0015444159507751465,3.7173726558685303
finetuned,r16@mu_D,2.0,ctrl9_roast_chicken_1,roast_chicken,mid,ctrl9_roast_chicken_1,1.93329656124115,-1.6776542663574219,2.0397183895111084,-0.1064218282699585,3.7173726558685303
finetuned,r17@mu_D,0.0,ctrl9_roast_chicken_1,roast_chicken,mid,ctrl9_roast_chicken_1,2.0397183895111084,-1.6776542663574219,2.0397183895111084,0.0,3.7173726558685303
finetuned,r17@mu_D,1.0,ctrl9_roast_chicken_1,roast_chicken,mid,ctrl9_roast_chicken_1,1.9418079257011414,-1.6776542663574219,2.0397183895111084,-0.09791046380996704,3.7173726558685303
finetuned,r17@mu_D,2.0,ctrl9_roast_chicken_1,roast_chicken,mid,ctrl9_roast_chicken_1,2.1238995790481567,-1.6776542663574219,2.0397183895111084,0.08418118953704834,3.7173726558685303
finetuned,r18@mu_D,0.0,ctrl9_roast_chicken_1,roast_chicken,mid,ctrl9_roast_chicken_1,2.0397183895111084,-1.6776542663574219,2.0397183895111084,0.0,3.7173726558685303
finetuned,r18@mu_D,1.0,ctrl9_roast_chicken_1,roast_chicken,mid,ctrl9_roast_chicken_1,1.834689736366272,-1.6776542663574219,2.0397183895111084,-0.20502865314483643,3.7173726558685303
finetuned,r18@mu_D,2.0,ctrl9_roast_chicken_1,roast_chicken,mid,ctrl9_roast_chicken_1,1.6732995510101318,-1.6776542663574219,2.0397183895111084,-0.36641883850097656,3.7173726558685303
finetuned,r19@mu_D,0.0,ctrl9_roast_chicken_1,roast_chicken,mid,ctrl9_roast_chicken_1,2.0397183895111084,-1.6776542663574219,2.0397183895111084,0.0,3.7173726558685303
finetuned,r19@mu_D,1.0,ctrl9_roast_chicken_1,roast_chicken,mid,ctrl9_roast_chicken_1,1.8643255829811096,-1.6776542663574219,2.0397183895111084,-0.17539280652999878,3.7173726558685303
finetuned,r19@mu_D,2.0,ctrl9_roast_chicken_1,roast_chicken,mid,ctrl9_roast_chicken_1,1.8725216388702393,-1.6776542663574219,2.0397183895111084,-0.16719675064086914,3.7173726558685303
finetuned,r20@mu_D,0.0,ctrl9_roast_chicken_1,roast_chicken,mid,ctrl9_roast_chicken_1,2.0397183895111084,-1.6776542663574219,2.0397183895111084,0.0,3.7173726558685303
finetuned,r20@mu_D,1.0,ctrl9_roast_chicken_1,roast_chicken,mid,ctrl9_roast_chicken_1,1.9141978025436401,-1.6776542663574219,2.0397183895111084,-0.12552058696746826,3.7173726558685303
finetuned,r20@mu_D,2.0,ctrl9_roast_chicken_1,roast_chicken,mid,ctrl9_roast_chicken_1,1.8920236825942993,-1.6776542663574219,2.0397183895111084,-0.14769470691680908,3.7173726558685303
finetuned,r21@mu_D,0.0,ctrl9_roast_chicken_1,roast_chicken,mid,ctrl9_roast_chicken_1,2.0397183895111084,-1.6776542663574219,2.0397183895111084,0.0,3.7173726558685303
finetuned,r21@mu_D,1.0,ctrl9_roast_chicken_1,roast_chicken,mid,ctrl9_roast_chicken_1,1.908444881439209,-1.6776542663574219,2.0397183895111084,-0.13127350807189941,3.7173726558685303
finetuned,r21@mu_D,2.0,ctrl9_roast_chicken_1,roast_chicken,mid,ctrl9_roast_chicken_1,1.9612032771110535,-1.6776542663574219,2.0397183895111084,-0.07851511240005493,3.7173726558685303
finetuned,r22@mu_D,0.0,ctrl9_roast_chicken_1,roast_chicken,mid,ctrl9_roast_chicken_1,2.0397183895111084,-1.6776542663574219,2.0397183895111084,0.0,3.7173726558685303
finetuned,r22@mu_D,1.0,ctrl9_roast_chicken_1,roast_chicken,mid,ctrl9_roast_chicken_1,2.050387144088745,-1.6776542663574219,2.0397183895111084,0.010668754577636719,3.7173726558685303
finetuned,r22@mu_D,2.0,ctrl9_roast_chicken_1,roast_chicken,mid,ctrl9_roast_chicken_1,2.062038779258728,-1.6776542663574219,2.0397183895111084,0.02232038974761963,3.7173726558685303
base,mu_D,0.0,ctrl9_furnace_0,furnace,far,ctrl9_furnace_0,0.9850120544433594,0.9850120544433594,0.8659663200378418,0.0,-0.11904573440551758
base,mu_D,1.0,ctrl9_furnace_0,furnace,far,ctrl9_furnace_0,0.7074270248413086,0.9850120544433594,0.8659663200378418,-0.2775850296020508,-0.11904573440551758
base,mu_D,2.0,ctrl9_furnace_0,furnace,far,ctrl9_furnace_0,0.6332063674926758,0.9850120544433594,0.8659663200378418,-0.3518056869506836,-0.11904573440551758
base,mu_Dprime_matched,0.0,ctrl9_furnace_0,furnace,far,ctrl9_furnace_0,0.9850120544433594,0.9850120544433594,0.8659663200378418,0.0,-0.11904573440551758
base,mu_Dprime_matched,1.0,ctrl9_furnace_0,furnace,far,ctrl9_furnace_0,0.9330248832702637,0.9850120544433594,0.8659663200378418,-0.0519871711730957,-0.11904573440551758
base,mu_Dprime_matched,2.0,ctrl9_furnace_0,furnace,far,ctrl9_furnace_0,0.7861471176147461,0.9850120544433594,0.8659663200378418,-0.19886493682861328,-0.11904573440551758
base,r0@mu_D,0.0,ctrl9_furnace_0,furnace,far,ctrl9_furnace_0,0.9850120544433594,0.9850120544433594,0.8659663200378418,0.0,-0.11904573440551758
base,r0@mu_D,1.0,ctrl9_furnace_0,furnace,far,ctrl9_furnace_0,0.8616142272949219,0.9850120544433594,0.8659663200378418,-0.1233978271484375,-0.11904573440551758
base,r0@mu_D,2.0,ctrl9_furnace_0,furnace,far,ctrl9_furnace_0,0.8893308639526367,0.9850120544433594,0.8659663200378418,-0.09568119049072266,-0.11904573440551758
base,r1@mu_D,0.0,ctrl9_furnace_0,furnace,far,ctrl9_furnace_0,0.9850120544433594,0.9850120544433594,0.8659663200378418,0.0,-0.11904573440551758
base,r1@mu_D,1.0,ctrl9_furnace_0,furnace,far,ctrl9_furnace_0,0.7308878898620605,0.9850120544433594,0.8659663200378418,-0.25412416458129883,-0.11904573440551758
base,r1@mu_D,2.0,ctrl9_furnace_0,furnace,far,ctrl9_furnace_0,0.6400465965270996,0.9850120544433594,0.8659663200378418,-0.34496545791625977,-0.11904573440551758
base,r2@mu_D,0.0,ctrl9_furnace_0,furnace,far,ctrl9_furnace_0,0.9850120544433594,0.9850120544433594,0.8659663200378418,0.0,-0.11904573440551758
base,r2@mu_D,1.0,ctrl9_furnace_0,furnace,far,ctrl9_furnace_0,0.833519458770752,0.9850120544433594,0.8659663200378418,-0.15149259567260742,-0.11904573440551758
base,r2@mu_D,2.0,ctrl9_furnace_0,furnace,far,ctrl9_furnace_0,0.7931313514709473,0.9850120544433594,0.8659663200378418,-0.1918807029724121,-0.11904573440551758
base,r3@mu_D,0.0,ctrl9_furnace_0,furnace,far,ctrl9_furnace_0,0.9850120544433594,0.9850120544433594,0.8659663200378418,0.0,-0.11904573440551758
base,r3@mu_D,1.0,ctrl9_furnace_0,furnace,far,ctrl9_furnace_0,0.9366474151611328,0.9850120544433594,0.8659663200378418,-0.04836463928222656,-0.11904573440551758
base,r3@mu_D,2.0,ctrl9_furnace_0,furnace,far,ctrl9_furnace_0,0.752161979675293,0.9850120544433594,0.8659663200378418,-0.2328500747680664,-0.11904573440551758
base,r4@mu_D,0.0,ctrl9_furnace_0,furnace,far,ctrl9_furnace_0,0.9850120544433594,0.9850120544433594,0.8659663200378418,0.0,-0.11904573440551758
base,r4@mu_D,1.0,ctrl9_furnace_0,furnace,far,ctrl9_furnace_0,0.9073967933654785,0.9850120544433594,0.8659663200378418,-0.07761526107788086,-0.11904573440551758
base,r4@mu_D,2.0,ctrl9_furnace_0,furnace,far,ctrl9_furnace_0,0.8122353553771973,0.9850120544433594,0.8659663200378418,-0.1727766990661621,-0.11904573440551758
base,r5@mu_D,0.0,ctrl9_furnace_0,furnace,far,ctrl9_furnace_0,0.9850120544433594,0.9850120544433594,0.8659663200378418,0.0,-0.11904573440551758
base,r5@mu_D,1.0,ctrl9_furnace_0,furnace,far,ctrl9_furnace_0,0.7706937789916992,0.9850120544433594,0.8659663200378418,-0.21431827545166016,-0.11904573440551758
base,r5@mu_D,2.0,ctrl9_furnace_0,furnace,far,ctrl9_furnace_0,0.787531852722168,0.9850120544433594,0.8659663200378418,-0.1974802017211914,-0.11904573440551758
base,r6@mu_D,0.0,ctrl9_furnace_0,furnace,far,ctrl9_furnace_0,0.9850120544433594,0.9850120544433594,0.8659663200378418,0.0,-0.11904573440551758
base,r6@mu_D,1.0,ctrl9_furnace_0,furnace,far,ctrl9_furnace_0,0.9329404830932617,0.9850120544433594,0.8659663200378418,-0.052071571350097656,-0.11904573440551758
base,r6@mu_D,2.0,ctrl9_furnace_0,furnace,far,ctrl9_furnace_0,0.9541559219360352,0.9850120544433594,0.8659663200378418,-0.03085613250732422,-0.11904573440551758
base,r7@mu_D,0.0,ctrl9_furnace_0,furnace,far,ctrl9_furnace_0,0.9850120544433594,0.9850120544433594,0.8659663200378418,0.0,-0.11904573440551758
base,r7@mu_D,1.0,ctrl9_furnace_0,furnace,far,ctrl9_furnace_0,0.771026611328125,0.9850120544433594,0.8659663200378418,-0.21398544311523438,-0.11904573440551758
base,r7@mu_D,2.0,ctrl9_furnace_0,furnace,far,ctrl9_furnace_0,0.9364476203918457,0.9850120544433594,0.8659663200378418,-0.04856443405151367,-0.11904573440551758
base,r8@mu_D,0.0,ctrl9_furnace_0,furnace,far,ctrl9_furnace_0,0.9850120544433594,0.9850120544433594,0.8659663200378418,0.0,-0.11904573440551758
base,r8@mu_D,1.0,ctrl9_furnace_0,furnace,far,ctrl9_furnace_0,0.700045108795166,0.9850120544433594,0.8659663200378418,-0.28496694564819336,-0.11904573440551758
base,r8@mu_D,2.0,ctrl9_furnace_0,furnace,far,ctrl9_furnace_0,0.7321877479553223,0.9850120544433594,0.8659663200378418,-0.2528243064880371,-0.11904573440551758
base,r9@mu_D,0.0,ctrl9_furnace_0,furnace,far,ctrl9_furnace_0,0.9850120544433594,0.9850120544433594,0.8659663200378418,0.0,-0.11904573440551758
base,r9@mu_D,1.0,ctrl9_furnace_0,furnace,far,ctrl9_furnace_0,0.9178028106689453,0.9850120544433594,0.8659663200378418,-0.06720924377441406,-0.11904573440551758
base,r9@mu_D,2.0,ctrl9_furnace_0,furnace,far,ctrl9_furnace_0,0.9909038543701172,0.9850120544433594,0.8659663200378418,0.0058917999267578125,-0.11904573440551758
base,r10@mu_D,0.0,ctrl9_furnace_0,furnace,far,ctrl9_furnace_0,0.9850120544433594,0.9850120544433594,0.8659663200378418,0.0,-0.11904573440551758
base,r10@mu_D,1.0,ctrl9_furnace_0,furnace,far,ctrl9_furnace_0,0.9597983360290527,0.9850120544433594,0.8659663200378418,-0.02521371841430664,-0.11904573440551758
base,r10@mu_D,2.0,ctrl9_furnace_0,furnace,far,ctrl9_furnace_0,1.078277587890625,0.9850120544433594,0.8659663200378418,0.09326553344726562,-0.11904573440551758
base,r11@mu_D,0.0,ctrl9_furnace_0,furnace,far,ctrl9_furnace_0,0.9850120544433594,0.9850120544433594,0.8659663200378418,0.0,-0.11904573440551758
base,r11@mu_D,1.0,ctrl9_furnace_0,furnace,far,ctrl9_furnace_0,0.8808488845825195,0.9850120544433594,0.8659663200378418,-0.10416316986083984,-0.11904573440551758
base,r11@mu_D,2.0,ctrl9_furnace_0,furnace,far,ctrl9_furnace_0,0.7482256889343262,0.9850120544433594,0.8659663200378418,-0.2367863655090332,-0.11904573440551758
base,r12@mu_D,0.0,ctrl9_furnace_0,furnace,far,ctrl9_furnace_0,0.9850120544433594,0.9850120544433594,0.8659663200378418,0.0,-0.11904573440551758
base,r12@mu_D,1.0,ctrl9_furnace_0,furnace,far,ctrl9_furnace_0,0.7864642143249512,0.9850120544433594,0.8659663200378418,-0.1985478401184082,-0.11904573440551758
base,r12@mu_D,2.0,ctrl9_furnace_0,furnace,far,ctrl9_furnace_0,0.9607124328613281,0.9850120544433594,0.8659663200378418,-0.02429962158203125,-0.11904573440551758
base,r13@mu_D,0.0,ctrl9_furnace_0,furnace,far,ctrl9_furnace_0,0.9850120544433594,0.9850120544433594,0.8659663200378418,0.0,-0.11904573440551758
base,r13@mu_D,1.0,ctrl9_furnace_0,furnace,far,ctrl9_furnace_0,0.8671350479125977,0.9850120544433594,0.8659663200378418,-0.11787700653076172,-0.11904573440551758
base,r13@mu_D,2.0,ctrl9_furnace_0,furnace,far,ctrl9_furnace_0,0.819786548614502,0.9850120544433594,0.8659663200378418,-0.16522550582885742,-0.11904573440551758
base,r14@mu_D,0.0,ctrl9_furnace_0,furnace,far,ctrl9_furnace_0,0.9850120544433594,0.9850120544433594,0.8659663200378418,0.0,-0.11904573440551758
base,r14@mu_D,1.0,ctrl9_furnace_0,furnace,far,ctrl9_furnace_0,0.8058414459228516,0.9850120544433594,0.8659663200378418,-0.1791706085205078,-0.11904573440551758
base,r14@mu_D,2.0,ctrl9_furnace_0,furnace,far,ctrl9_furnace_0,0.6748957633972168,0.9850120544433594,0.8659663200378418,-0.3101162910461426,-0.11904573440551758
base,r15@mu_D,0.0,ctrl9_furnace_0,furnace,far,ctrl9_furnace_0,0.9850120544433594,0.9850120544433594,0.8659663200378418,0.0,-0.11904573440551758
base,r15@mu_D,1.0,ctrl9_furnace_0,furnace,far,ctrl9_furnace_0,0.985414981842041,0.9850120544433594,0.8659663200378418,0.0004029273986816406,-0.11904573440551758
base,r15@mu_D,2.0,ctrl9_furnace_0,furnace,far,ctrl9_furnace_0,1.0130305290222168,0.9850120544433594,0.8659663200378418,0.028018474578857422,-0.11904573440551758
base,r16@mu_D,0.0,ctrl9_furnace_0,furnace,far,ctrl9_furnace_0,0.9850120544433594,0.9850120544433594,0.8659663200378418,0.0,-0.11904573440551758
base,r16@mu_D,1.0,ctrl9_furnace_0,furnace,far,ctrl9_furnace_0,0.8699865341186523,0.9850120544433594,0.8659663200378418,-0.11502552032470703,-0.11904573440551758
base,r16@mu_D,2.0,ctrl9_furnace_0,furnace,far,ctrl9_furnace_0,0.9740700721740723,0.9850120544433594,0.8659663200378418,-0.01094198226928711,-0.11904573440551758
base,r17@mu_D,0.0,ctrl9_furnace_0,furnace,far,ctrl9_furnace_0,0.9850120544433594,0.9850120544433594,0.8659663200378418,0.0,-0.11904573440551758
base,r17@mu_D,1.0,ctrl9_furnace_0,furnace,far,ctrl9_furnace_0,0.8143811225891113,0.9850120544433594,0.8659663200378418,-0.17063093185424805,-0.11904573440551758
base,r17@mu_D,2.0,ctrl9_furnace_0,furnace,far,ctrl9_furnace_0,0.8782038688659668,0.9850120544433594,0.8659663200378418,-0.10680818557739258,-0.11904573440551758
base,r18@mu_D,0.0,ctrl9_furnace_0,furnace,far,ctrl9_furnace_0,0.9850120544433594,0.9850120544433594,0.8659663200378418,0.0,-0.11904573440551758
base,r18@mu_D,1.0,ctrl9_furnace_0,furnace,far,ctrl9_furnace_0,0.9464097023010254,0.9850120544433594,0.8659663200378418,-0.038602352142333984,-0.11904573440551758
base,r18@mu_D,2.0,ctrl9_furnace_0,furnace,far,ctrl9_furnace_0,0.8746132850646973,0.9850120544433594,0.8659663200378418,-0.11039876937866211,-0.11904573440551758
base,r19@mu_D,0.0,ctrl9_furnace_0,furnace,far,ctrl9_furnace_0,0.9850120544433594,0.9850120544433594,0.8659663200378418,0.0,-0.11904573440551758
base,r19@mu_D,1.0,ctrl9_furnace_0,furnace,far,ctrl9_furnace_0,0.8883051872253418,0.9850120544433594,0.8659663200378418,-0.09670686721801758,-0.11904573440551758
base,r19@mu_D,2.0,ctrl9_furnace_0,furnace,far,ctrl9_furnace_0,1.2106547355651855,0.9850120544433594,0.8659663200378418,0.22564268112182617,-0.11904573440551758
base,r20@mu_D,0.0,ctrl9_furnace_0,furnace,far,ctrl9_furnace_0,0.9850120544433594,0.9850120544433594,0.8659663200378418,0.0,-0.11904573440551758
base,r20@mu_D,1.0,ctrl9_furnace_0,furnace,far,ctrl9_furnace_0,0.8890151977539062,0.9850120544433594,0.8659663200378418,-0.09599685668945312,-0.11904573440551758
base,r20@mu_D,2.0,ctrl9_furnace_0,furnace,far,ctrl9_furnace_0,0.8960776329040527,0.9850120544433594,0.8659663200378418,-0.08893442153930664,-0.11904573440551758
base,r21@mu_D,0.0,ctrl9_furnace_0,furnace,far,ctrl9_furnace_0,0.9850120544433594,0.9850120544433594,0.8659663200378418,0.0,-0.11904573440551758
base,r21@mu_D,1.0,ctrl9_furnace_0,furnace,far,ctrl9_furnace_0,0.8810606002807617,0.9850120544433594,0.8659663200378418,-0.10395145416259766,-0.11904573440551758
base,r21@mu_D,2.0,ctrl9_furnace_0,furnace,far,ctrl9_furnace_0,1.0490436553955078,0.9850120544433594,0.8659663200378418,0.06403160095214844,-0.11904573440551758
base,r22@mu_D,0.0,ctrl9_furnace_0,furnace,far,ctrl9_furnace_0,0.9850120544433594,0.9850120544433594,0.8659663200378418,0.0,-0.11904573440551758
base,r22@mu_D,1.0,ctrl9_furnace_0,furnace,far,ctrl9_furnace_0,1.0295023918151855,0.9850120544433594,0.8659663200378418,0.04449033737182617,-0.11904573440551758
base,r22@mu_D,2.0,ctrl9_furnace_0,furnace,far,ctrl9_furnace_0,1.1897916793823242,0.9850120544433594,0.8659663200378418,0.20477962493896484,-0.11904573440551758
finetuned,mu_D,0.0,ctrl9_furnace_0,furnace,far,ctrl9_furnace_0,0.8659663200378418,0.9850120544433594,0.8659663200378418,0.0,-0.11904573440551758
finetuned,mu_D,1.0,ctrl9_furnace_0,furnace,far,ctrl9_furnace_0,0.9809079170227051,0.9850120544433594,0.8659663200378418,0.11494159698486328,-0.11904573440551758
finetuned,mu_D,2.0,ctrl9_furnace_0,furnace,far,ctrl9_furnace_0,1.0554578304290771,0.9850120544433594,0.8659663200378418,0.18949151039123535,-0.11904573440551758
finetuned,mu_Dprime_matched,0.0,ctrl9_furnace_0,furnace,far,ctrl9_furnace_0,0.8659663200378418,0.9850120544433594,0.8659663200378418,0.0,-0.11904573440551758
finetuned,mu_Dprime_matched,1.0,ctrl9_furnace_0,furnace,far,ctrl9_furnace_0,1.0244474411010742,0.9850120544433594,0.8659663200378418,0.15848112106323242,-0.11904573440551758
finetuned,mu_Dprime_matched,2.0,ctrl9_furnace_0,furnace,far,ctrl9_furnace_0,1.0546677112579346,0.9850120544433594,0.8659663200378418,0.18870139122009277,-0.11904573440551758
finetuned,r0@mu_D,0.0,ctrl9_furnace_0,furnace,far,ctrl9_furnace_0,0.8659663200378418,0.9850120544433594,0.8659663200378418,0.0,-0.11904573440551758
finetuned,r0@mu_D,1.0,ctrl9_furnace_0,furnace,far,ctrl9_furnace_0,0.9366245269775391,0.9850120544433594,0.8659663200378418,0.07065820693969727,-0.11904573440551758
finetuned,r0@mu_D,2.0,ctrl9_furnace_0,furnace,far,ctrl9_furnace_0,0.9647088050842285,0.9850120544433594,0.8659663200378418,0.09874248504638672,-0.11904573440551758
finetuned,r1@mu_D,0.0,ctrl9_furnace_0,furnace,far,ctrl9_furnace_0,0.8659663200378418,0.9850120544433594,0.8659663200378418,0.0,-0.11904573440551758
finetuned,r1@mu_D,1.0,ctrl9_furnace_0,furnace,far,ctrl9_furnace_0,0.8566036224365234,0.9850120544433594,0.8659663200378418,-0.00936269760131836,-0.11904573440551758
finetuned,r1@mu_D,2.0,ctrl9_furnace_0,furnace,far,ctrl9_furnace_0,1.0408439636230469,0.9850120544433594,0.8659663200378418,0.17487764358520508,-0.11904573440551758
finetuned,r2@mu_D,0.0,ctrl9_furnace_0,furnace,far,ctrl9_furnace_0,0.8659663200378418,0.9850120544433594,0.8659663200378418,0.0,-0.11904573440551758
finetuned,r2@mu_D,1.0,ctrl9_furnace_0,furnace,far,ctrl9_furnace_0,0.9741621017456055,0.9850120544433594,0.8659663200378418,0.10819578170776367,-0.11904573440551758
finetuned,r2@mu_D,2.0,ctrl9_furnace_0,furnace,far,ctrl9_furnace_0,1.0334596633911133,0.9850120544433594,0.8659663200378418,0.16749334335327148,-0.11904573440551758
finetuned,r3@mu_D,0.0,ctrl9_furnace_0,furnace,far,ctrl9_furnace_0,0.8659663200378418,0.9850120544433594,0.8659663200378418,0.0,-0.11904573440551758
finetuned,r3@mu_D,1.0,ctrl9_furnace_0,furnace,far,ctrl9_furnace_0,0.9643702507019043,0.9850120544433594,0.8659663200378418,0.0984039306640625,-0.11904573440551758
finetuned,r3@mu_D,2.0,ctrl9_furnace_0,furnace,far,ctrl9_furnace_0,0.8171281814575195,0.9850120544433594,0.8659663200378418,-0.048838138580322266,-0.11904573440551758
finetuned,r4@mu_D,0.0,ctrl9_furnace_0,furnace,far,ctrl9_furnace_0,0.8659663200378418,0.9850120544433594,0.8659663200378418,0.0,-0.11904573440551758
finetuned,r4@mu_D,1.0,ctrl9_furnace_0,furnace,far,ctrl9_furnace_0,0.9744687080383301,0.9850120544433594,0.8659663200378418,0.10850238800048828,-0.11904573440551758
finetuned,r4@mu_D,2.0,ctrl9_furnace_0,furnace,far,ctrl9_furnace_0,0.9309201240539551,0.9850120544433594,0.8659663200378418,0.06495380401611328,-0.11904573440551758
finetuned,r5@mu_D,0.0,ctrl9_furnace_0,furnace,far,ctrl9_furnace_0,0.8659663200378418,0.9850120544433594,0.8659663200378418,0.0,-0.11904573440551758
finetuned,r5@mu_D,1.0,ctrl9_furnace_0,furnace,far,ctrl9_furnace_0,0.9397950172424316,0.9850120544433594,0.8659663200378418,0.07382869720458984,-0.11904573440551758
finetuned,r5@mu_D,2.0,ctrl9_furnace_0,furnace,far,ctrl9_furnace_0,0.8812980651855469,0.9850120544433594,0.8659663200378418,0.015331745147705078,-0.11904573440551758
finetuned,r6@mu_D,0.0,ctrl9_furnace_0,furnace,far,ctrl9_furnace_0,0.8659663200378418,0.9850120544433594,0.8659663200378418,0.0,-0.11904573440551758
finetuned,r6@mu_D,1.0,ctrl9_furnace_0,furnace,far,ctrl9_furnace_0,0.9754750728607178,0.9850120544433594,0.8659663200378418,0.10950875282287598,-0.11904573440551758
finetuned,r6@mu_D,2.0,ctrl9_furnace_0,furnace,far,ctrl9_furnace_0,0.8980040550231934,0.9850120544433594,0.8659663200378418,0.03203773498535156,-0.11904573440551758
finetuned,r7@mu_D,0.0,ctrl9_furnace_0,furnace,far,ctrl9_furnace_0,0.8659663200378418,0.9850120544433594,0.8659663200378418,0.0,-0.11904573440551758
finetuned,r7@mu_D,1.0,ctrl9_furnace_0,furnace,far,ctrl9_furnace_0,0.9790196418762207,0.9850120544433594,0.8659663200378418,0.1130533218383789,-0.11904573440551758
finetuned,r7@mu_D,2.0,ctrl9_furnace_0,furnace,far,ctrl9_furnace_0,0.9908719062805176,0.9850120544433594,0.8659663200378418,0.12490558624267578,-0.11904573440551758
finetuned,r8@mu_D,0.0,ctrl9_furnace_0,furnace,far,ctrl9_furnace_0,0.8659663200378418,0.9850120544433594,0.8659663200378418,0.0,-0.11904573440551758
finetuned,r8@mu_D,1.0,ctrl9_furnace_0,furnace,far,ctrl9_furnace_0,0.972496747970581,0.9850120544433594,0.8659663200378418,0.10653042793273926,-0.11904573440551758
finetuned,r8@mu_D,2.0,ctrl9_furnace_0,furnace,far,ctrl9_furnace_0,0.9559822082519531,0.9850120544433594,0.8659663200378418,0.09001588821411133,-0.11904573440551758
finetuned,r9@mu_D,0.0,ctrl9_furnace_0,furnace,far,ctrl9_furnace_0,0.8659663200378418,0.9850120544433594,0.8659663200378418,0.0,-0.11904573440551758
finetuned,r9@mu_D,1.0,ctrl9_furnace_0,furnace,far,ctrl9_furnace_0,1.009002685546875,0.9850120544433594,0.8659663200378418,0.1430363655090332,-0.11904573440551758
finetuned,r9@mu_D,2.0,ctrl9_furnace_0,furnace,far,ctrl9_furnace_0,1.180243968963623,0.9850120544433594,0.8659663200378418,0.31427764892578125,-0.11904573440551758
finetuned,r10@mu_D,0.0,ctrl9_furnace_0,furnace,far,ctrl9_furnace_0,0.8659663200378418,0.9850120544433594,0.8659663200378418,0.0,-0.11904573440551758
finetuned,r10@mu_D,1.0,ctrl9_furnace_0,furnace,far,ctrl9_furnace_0,0.9410901069641113,0.9850120544433594,0.8659663200378418,0.07512378692626953,-0.11904573440551758
finetuned,r10@mu_D,2.0,ctrl9_furnace_0,furnace,far,ctrl9_furnace_0,1.09859037399292,0.9850120544433594,0.8659663200378418,0.23262405395507812,-0.11904573440551758
finetuned,r11@mu_D,0.0,ctrl9_furnace_0,furnace,far,ctrl9_furnace_0,0.8659663200378418,0.9850120544433594,0.8659663200378418,0.0,-0.11904573440551758
finetuned,r11@mu_D,1.0,ctrl9_furnace_0,furnace,far,ctrl9_furnace_0,0.9776084423065186,0.9850120544433594,0.8659663200378418,0.11164212226867676,-0.11904573440551758
finetuned,r11@mu_D,2.0,ctrl9_furnace_0,furnace,far,ctrl9_furnace_0,0.9086594581604004,0.9850120544433594,0.8659663200378418,0.042693138122558594,-0.11904573440551758
finetuned,r12@mu_D,0.0,ctrl9_furnace_0,furnace,far,ctrl9_furnace_0,0.8659663200378418,0.9850120544433594,0.8659663200378418,0.0,-0.11904573440551758
finetuned,r12@mu_D,1.0,ctrl9_furnace_0,furnace,far,ctrl9_furnace_0,0.873772144317627,0.9850120544433594,0.8659663200378418,0.007805824279785156,-0.11904573440551758
finetuned,r12@mu_D,2.0,ctrl9_furnace_0,furnace,far,ctrl9_furnace_0,0.8873472213745117,0.9850120544433594,0.8659663200378418,0.021380901336669922,-0.11904573440551758
finetuned,r13@mu_D,0.0,ctrl9_furnace_0,furnace,far,ctrl9_furnace_0,0.8659663200378418,0.9850120544433594,0.8659663200378418,0.0,-0.11904573440551758
finetuned,r13@mu_D,1.0,ctrl9_furnace_0,furnace,far,ctrl9_furnace_0,0.7543489933013916,0.9850120544433594,0.8659663200378418,-0.1116173267364502,-0.11904573440551758
finetuned,r13@mu_D,2.0,ctrl9_furnace_0,furnace,far,ctrl9_furnace_0,0.8990116119384766,0.9850120544433594,0.8659663200378418,0.033045291900634766,-0.11904573440551758
finetuned,r14@mu_D,0.0,ctrl9_furnace_0,furnace,far,ctrl9_furnace_0,0.8659663200378418,0.9850120544433594,0.8659663200378418,0.0,-0.11904573440551758
finetuned,r14@mu_D,1.0,ctrl9_furnace_0,furnace,far,ctrl9_furnace_0,1.0350005626678467,0.9850120544433594,0.8659663200378418,0.16903424263000488,-0.11904573440551758
finetuned,r14@mu_D,2.0,ctrl9_furnace_0,furnace,far,ctrl9_furnace_0,1.0794727802276611,0.9850120544433594,0.8659663200378418,0.21350646018981934,-0.11904573440551758
finetuned,r15@mu_D,0.0,ctrl9_furnace_0,furnace,far,ctrl9_furnace_0,0.8659663200378418,0.9850120544433594,0.8659663200378418,0.0,-0.11904573440551758
finetuned,r15@mu_D,1.0,ctrl9_furnace_0,furnace,far,ctrl9_furnace_0,0.9842288494110107,0.9850120544433594,0.8659663200378418,0.11826252937316895,-0.11904573440551758
finetuned,r15@mu_D,2.0,ctrl9_furnace_0,furnace,far,ctrl9_furnace_0,1.0541975498199463,0.9850120544433594,0.8659663200378418,0.1882312297821045,-0.11904573440551758
finetuned,r16@mu_D,0.0,ctrl9_furnace_0,furnace,far,ctrl9_furnace_0,0.8659663200378418,0.9850120544433594,0.8659663200378418,0.0,-0.11904573440551758
finetuned,r16@mu_D,1.0,ctrl9_furnace_0,furnace,far,ctrl9_furnace_0,0.9950666427612305,0.9850120544433594,0.8659663200378418,0.12910032272338867,-0.11904573440551758
finetuned,r16@mu_D,2.0,ctrl9_furnace_0,furnace,far,ctrl9_furnace_0,1.0204904079437256,0.9850120544433594,0.8659663200378418,0.1545240879058838,-0.11904573440551758
finetuned,r17@mu_D,0.0,ctrl9_furnace_0,furnace,far,ctrl9_furnace_0,0.8659663200378418,0.9850120544433594,0.8659663200378418,0.0,-0.11904573440551758
finetuned,r17@mu_D,1.0,ctrl9_furnace_0,furnace,far,ctrl9_furnace_0,0.8362679481506348,0.9850120544433594,0.8659663200378418,-0.02969837188720703,-0.11904573440551758
finetuned,r17@mu_D,2.0,ctrl9_furnace_0,furnace,far,ctrl9_furnace_0,0.9440338611602783,0.9850120544433594,0.8659663200378418,0.07806754112243652,-0.11904573440551758
finetuned,r18@mu_D,0.0,ctrl9_furnace_0,furnace,far,ctrl9_furnace_0,0.8659663200378418,0.9850120544433594,0.8659663200378418,0.0,-0.11904573440551758
finetuned,r18@mu_D,1.0,ctrl9_furnace_0,furnace,far,ctrl9_furnace_0,1.0567889213562012,0.9850120544433594,0.8659663200378418,0.19082260131835938,-0.11904573440551758
finetuned,r18@mu_D,2.0,ctrl9_furnace_0,furnace,far,ctrl9_furnace_0,0.8956212997436523,0.9850120544433594,0.8659663200378418,0.029654979705810547,-0.11904573440551758
finetuned,r19@mu_D,0.0,ctrl9_furnace_0,furnace,far,ctrl9_furnace_0,0.8659663200378418,0.9850120544433594,0.8659663200378418,0.0,-0.11904573440551758
finetuned,r19@mu_D,1.0,ctrl9_furnace_0,furnace,far,ctrl9_furnace_0,0.9041249752044678,0.9850120544433594,0.8659663200378418,0.03815865516662598,-0.11904573440551758
finetuned,r19@mu_D,2.0,ctrl9_furnace_0,furnace,far,ctrl9_furnace_0,1.000230073928833,0.9850120544433594,0.8659663200378418,0.1342637538909912,-0.11904573440551758
finetuned,r20@mu_D,0.0,ctrl9_furnace_0,furnace,far,ctrl9_furnace_0,0.8659663200378418,0.9850120544433594,0.8659663200378418,0.0,-0.11904573440551758
finetuned,r20@mu_D,1.0,ctrl9_furnace_0,furnace,far,ctrl9_furnace_0,1.1256427764892578,0.9850120544433594,0.8659663200378418,0.259676456451416,-0.11904573440551758
finetuned,r20@mu_D,2.0,ctrl9_furnace_0,furnace,far,ctrl9_furnace_0,0.9906618595123291,0.9850120544433594,0.8659663200378418,0.1246955394744873,-0.11904573440551758
finetuned,r21@mu_D,0.0,ctrl9_furnace_0,furnace,far,ctrl9_furnace_0,0.8659663200378418,0.9850120544433594,0.8659663200378418,0.0,-0.11904573440551758
finetuned,r21@mu_D,1.0,ctrl9_furnace_0,furnace,far,ctrl9_furnace_0,0.972015380859375,0.9850120544433594,0.8659663200378418,0.1060490608215332,-0.11904573440551758
finetuned,r21@mu_D,2.0,ctrl9_furnace_0,furnace,far,ctrl9_furnace_0,0.8878600597381592,0.9850120544433594,0.8659663200378418,0.021893739700317383,-0.11904573440551758
finetuned,r22@mu_D,0.0,ctrl9_furnace_0,furnace,far,ctrl9_furnace_0,0.8659663200378418,0.9850120544433594,0.8659663200378418,0.0,-0.11904573440551758
finetuned,r22@mu_D,1.0,ctrl9_furnace_0,furnace,far,ctrl9_furnace_0,0.872889518737793,0.9850120544433594,0.8659663200378418,0.006923198699951172,-0.11904573440551758
finetuned,r22@mu_D,2.0,ctrl9_furnace_0,furnace,far,ctrl9_furnace_0,0.8829879760742188,0.9850120544433594,0.8659663200378418,0.017021656036376953,-0.11904573440551758
base,mu_D,0.0,ctrl9_furnace_1,furnace,far,ctrl9_furnace_1,0.21504592895507812,0.21504592895507812,0.5165438652038574,0.0,0.3014979362487793
base,mu_D,1.0,ctrl9_furnace_1,furnace,far,ctrl9_furnace_1,0.18359994888305664,0.21504592895507812,0.5165438652038574,-0.031445980072021484,0.3014979362487793
base,mu_D,2.0,ctrl9_furnace_1,furnace,far,ctrl9_furnace_1,-0.05097627639770508,0.21504592895507812,0.5165438652038574,-0.2660222053527832,0.3014979362487793
base,mu_Dprime_matched,0.0,ctrl9_furnace_1,furnace,far,ctrl9_furnace_1,0.21504592895507812,0.21504592895507812,0.5165438652038574,0.0,0.3014979362487793
base,mu_Dprime_matched,1.0,ctrl9_furnace_1,furnace,far,ctrl9_furnace_1,0.23793268203735352,0.21504592895507812,0.5165438652038574,0.02288675308227539,0.3014979362487793
base,mu_Dprime_matched,2.0,ctrl9_furnace_1,furnace,far,ctrl9_furnace_1,0.14017295837402344,0.21504592895507812,0.5165438652038574,-0.07487297058105469,0.3014979362487793
base,r0@mu_D,0.0,ctrl9_furnace_1,furnace,far,ctrl9_furnace_1,0.21504592895507812,0.21504592895507812,0.5165438652038574,0.0,0.3014979362487793
base,r0@mu_D,1.0,ctrl9_furnace_1,furnace,far,ctrl9_furnace_1,0.21080875396728516,0.21504592895507812,0.5165438652038574,-0.004237174987792969,0.3014979362487793
base,r0@mu_D,2.0,ctrl9_furnace_1,furnace,far,ctrl9_furnace_1,0.3126039505004883,0.21504592895507812,0.5165438652038574,0.09755802154541016,0.3014979362487793
base,r1@mu_D,0.0,ctrl9_furnace_1,furnace,far,ctrl9_furnace_1,0.21504592895507812,0.21504592895507812,0.5165438652038574,0.0,0.3014979362487793
base,r1@mu_D,1.0,ctrl9_furnace_1,furnace,far,ctrl9_furnace_1,-0.10027074813842773,0.21504592895507812,0.5165438652038574,-0.31531667709350586,0.3014979362487793
base,r1@mu_D,2.0,ctrl9_furnace_1,furnace,far,ctrl9_furnace_1,-0.0804133415222168,0.21504592895507812,0.5165438652038574,-0.2954592704772949,0.3014979362487793
base,r2@mu_D,0.0,ctrl9_furnace_1,furnace,far,ctrl9_furnace_1,0.21504592895507812,0.21504592895507812,0.5165438652038574,0.0,0.3014979362487793
base,r2@mu_D,1.0,ctrl9_furnace_1,furnace,far,ctrl9_furnace_1,0.06633710861206055,0.21504592895507812,0.5165438652038574,-0.14870882034301758,0.3014979362487793
base,r2@mu_D,2.0,ctrl9_furnace_1,furnace,far,ctrl9_furnace_1,0.30217885971069336,0.21504592895507812,0.5165438652038574,0.08713293075561523,0.3014979362487793
base,r3@mu_D,0.0,ctrl9_furnace_1,furnace,far,ctrl9_furnace_1,0.21504592895507812,0.21504592895507812,0.5165438652038574,0.0,0.3014979362487793
base,r3@mu_D,1.0,ctrl9_furnace_1,furnace,far,ctrl9_furnace_1,0.18169784545898438,0.21504592895507812,0.5165438652038574,-0.03334808349609375,0.3014979362487793
base,r3@mu_D,2.0,ctrl9_furnace_1,furnace,far,ctrl9_furnace_1,0.2022686004638672,0.21504592895507812,0.5165438652038574,-0.012777328491210938,0.3014979362487793
base,r4@mu_D,0.0,ctrl9_furnace_1,furnace,far,ctrl9_furnace_1,0.21504592895507812,0.21504592895507812,0.5165438652038574,0.0,0.3014979362487793
base,r4@mu_D,1.0,ctrl9_furnace_1,furnace,far,ctrl9_furnace_1,0.027552127838134766,0.21504592895507812,0.5165438652038574,-0.18749380111694336,0.3014979362487793
base,r4@mu_D,2.0,ctrl9_furnace_1,furnace,far,ctrl9_furnace_1,0.04703187942504883,0.21504592895507812,0.5165438652038574,-0.1680140495300293,0.3014979362487793
base,r5@mu_D,0.0,ctrl9_furnace_1,furnace,far,ctrl9_furnace_1,0.21504592895507812,0.21504592895507812,0.5165438652038574,0.0,0.3014979362487793
base,r5@mu_D,1.0,ctrl9_furnace_1,furnace,far,ctrl9_furnace_1,0.1569204330444336,0.21504592895507812,0.5165438652038574,-0.05812549591064453,0.3014979362487793
base,r5@mu_D,2.0,ctrl9_furnace_1,furnace,far,ctrl9_furnace_1,-0.18981075286865234,0.21504592895507812,0.5165438652038574,-0.40485668182373047,0.3014979362487793
base,r6@mu_D,0.0,ctrl9_furnace_1,furnace,far,ctrl9_furnace_1,0.21504592895507812,0.21504592895507812,0.5165438652038574,0.0,0.3014979362487793
base,r6@mu_D,1.0,ctrl9_furnace_1,furnace,far,ctrl9_furnace_1,0.14911985397338867,0.21504592895507812,0.5165438652038574,-0.06592607498168945,0.3014979362487793
base,r6@mu_D,2.0,ctrl9_furnace_1,furnace,far,ctrl9_furnace_1,0.090667724609375,0.21504592895507812,0.5165438652038574,-0.12437820434570312,0.3014979362487793
base,r7@mu_D,0.0,ctrl9_furnace_1,furnace,far,ctrl9_furnace_1,0.21504592895507812,0.21504592895507812,0.5165438652038574,0.0,0.3014979362487793
base,r7@mu_D,1.0,ctrl9_furnace_1,furnace,far,ctrl9_furnace_1,0.24866151809692383,0.21504592895507812,0.5165438652038574,0.0336155891418457,0.3014979362487793
base,r7@mu_D,2.0,ctrl9_furnace_1,furnace,far,ctrl9_furnace_1,0.34691429138183594,0.21504592895507812,0.5165438652038574,0.1318683624267578,0.3014979362487793
base,r8@mu_D,0.0,ctrl9_furnace_1,furnace,far,ctrl9_furnace_1,0.21504592895507812,0.21504592895507812,0.5165438652038574,0.0,0.3014979362487793
base,r8@mu_D,1.0,ctrl9_furnace_1,furnace,far,ctrl9_furnace_1,0.17261028289794922,0.21504592895507812,0.5165438652038574,-0.042435646057128906,0.3014979362487793
base,r8@mu_D,2.0,ctrl9_furnace_1,furnace,far,ctrl9_furnace_1,0.09075021743774414,0.21504592895507812,0.5165438652038574,-0.12429571151733398,0.3014979362487793
base,r9@mu_D,0.0,ctrl9_furnace_1,furnace,far,ctrl9_furnace_1,0.21504592895507812,0.21504592895507812,0.5165438652038574,0.0,0.3014979362487793
base,r9@mu_D,1.0,ctrl9_furnace_1,furnace,far,ctrl9_furnace_1,0.30249691009521484,0.21504592895507812,0.5165438652038574,0.08745098114013672,0.3014979362487793
base,r9@mu_D,2.0,ctrl9_furnace_1,furnace,far,ctrl9_furnace_1,0.24164485931396484,0.21504592895507812,0.5165438652038574,0.02659893035888672,0.3014979362487793
base,r10@mu_D,0.0,ctrl9_furnace_1,furnace,far,ctrl9_furnace_1,0.21504592895507812,0.21504592895507812,0.5165438652038574,0.0,0.3014979362487793
base,r10@mu_D,1.0,ctrl9_furnace_1,furnace,far,ctrl9_furnace_1,0.19162702560424805,0.21504592895507812,0.5165438652038574,-0.023418903350830078,0.3014979362487793
base,r10@mu_D,2.0,ctrl9_furnace_1,furnace,far,ctrl9_furnace_1,0.372100830078125,0.21504592895507812,0.5165438652038574,0.15705490112304688,0.3014979362487793
base,r11@mu_D,0.0,ctrl9_furnace_1,furnace,far,ctrl9_furnace_1,0.21504592895507812,0.21504592895507812,0.5165438652038574,0.0,0.3014979362487793
base,r11@mu_D,1.0,ctrl9_furnace_1,furnace,far,ctrl9_furnace_1,0.22672271728515625,0.21504592895507812,0.5165438652038574,0.011676788330078125,0.3014979362487793
base,r11@mu_D,2.0,ctrl9_furnace_1,furnace,far,ctrl9_furnace_1,0.33876752853393555,0.21504592895507812,0.5165438652038574,0.12372159957885742,0.3014979362487793
base,r12@mu_D,0.0,ctrl9_furnace_1,furnace,far,ctrl9_furnace_1,0.21504592895507812,0.21504592895507812,0.5165438652038574,0.0,0.3014979362487793
base,r12@mu_D,1.0,ctrl9_furnace_1,furnace,far,ctrl9_furnace_1,0.18675804138183594,0.21504592895507812,0.5165438652038574,-0.028287887573242188,0.3014979362487793
base,r12@mu_D,2.0,ctrl9_furnace_1,furnace,far,ctrl9_furnace_1,-0.07690811157226562,0.21504592895507812,0.5165438652038574,-0.29195404052734375,0.3014979362487793
base,r13@mu_D,0.0,ctrl9_furnace_1,furnace,far,ctrl9_furnace_1,0.21504592895507812,0.21504592895507812,0.5165438652038574,0.0,0.3014979362487793
base,r13@mu_D,1.0,ctrl9_furnace_1,furnace,far,ctrl9_furnace_1,-0.07497310638427734,0.21504592895507812,0.5165438652038574,-0.29001903533935547,0.3014979362487793
base,r13@mu_D,2.0,ctrl9_furnace_1,furnace,far,ctrl9_furnace_1,0.04989910125732422,0.21504592895507812,0.5165438652038574,-0.1651468276977539,0.3014979362487793
base,r14@mu_D,0.0,ctrl9_furnace_1,furnace,far,ctrl9_furnace_1,0.21504592895507812,0.21504592895507812,0.5165438652038574,0.0,0.3014979362487793
base,r14@mu_D,1.0,ctrl9_furnace_1,furnace,far,ctrl9_furnace_1,0.1358966827392578,0.21504592895507812,0.5165438652038574,-0.07914924621582031,0.3014979362487793
base,r14@mu_D,2.0,ctrl9_furnace_1,furnace,far,ctrl9_furnace_1,-0.12480783462524414,0.21504592895507812,0.5165438652038574,-0.33985376358032227,0.3014979362487793
base,r15@mu_D,0.0,ctrl9_furnace_1,furnace,far,ctrl9_furnace_1,0.21504592895507812,0.21504592895507812,0.5165438652038574,0.0,0.3014979362487793
base,r15@mu_D,1.0,ctrl9_furnace_1,furnace,far,ctrl9_furnace_1,-0.17793607711791992,0.21504592895507812,0.5165438652038574,-0.39298200607299805,0.3014979362487793
base,r15@mu_D,2.0,ctrl9_furnace_1,furnace,far,ctrl9_furnace_1,0.11365461349487305,0.21504592895507812,0.5165438652038574,-0.10139131546020508,0.3014979362487793
base,r16@mu_D,0.0,ctrl9_furnace_1,furnace,far,ctrl9_furnace_1,0.21504592895507812,0.21504592895507812,0.5165438652038574,0.0,0.3014979362487793
base,r16@mu_D,1.0,ctrl9_furnace_1,furnace,far,ctrl9_furnace_1,0.20681333541870117,0.21504592895507812,0.5165438652038574,-0.008232593536376953,0.3014979362487793
base,r16@mu_D,2.0,ctrl9_furnace_1,furnace,far,ctrl9_furnace_1,0.34890222549438477,0.21504592895507812,0.5165438652038574,0.13385629653930664,0.3014979362487793
base,r17@mu_D,0.0,ctrl9_furnace_1,furnace,far,ctrl9_furnace_1,0.21504592895507812,0.21504592895507812,0.5165438652038574,0.0,0.3014979362487793
base,r17@mu_D,1.0,ctrl9_furnace_1,furnace,far,ctrl9_furnace_1,0.2879467010498047,0.21504592895507812,0.5165438652038574,0.07290077209472656,0.3014979362487793
base,r17@mu_D,2.0,ctrl9_furnace_1,furnace,far,ctrl9_furnace_1,0.27741575241088867,0.21504592895507812,0.5165438652038574,0.06236982345581055,0.3014979362487793
base,r18@mu_D,0.0,ctrl9_furnace_1,furnace,far,ctrl9_furnace_1,0.21504592895507812,0.21504592895507812,0.5165438652038574,0.0,0.3014979362487793
base,r18@mu_D,1.0,ctrl9_furnace_1,furnace,far,ctrl9_furnace_1,0.24855709075927734,0.21504592895507812,0.5165438652038574,0.03351116180419922,0.3014979362487793
base,r18@mu_D,2.0,ctrl9_furnace_1,furnace,far,ctrl9_furnace_1,0.2652397155761719,0.21504592895507812,0.5165438652038574,0.05019378662109375,0.3014979362487793
base,r19@mu_D,0.0,ctrl9_furnace_1,furnace,far,ctrl9_furnace_1,0.21504592895507812,0.21504592895507812,0.5165438652038574,0.0,0.3014979362487793
base,r19@mu_D,1.0,ctrl9_furnace_1,furnace,far,ctrl9_furnace_1,0.32018280029296875,0.21504592895507812,0.5165438652038574,0.10513687133789062,0.3014979362487793
base,r19@mu_D,2.0,ctrl9_furnace_1,furnace,far,ctrl9_furnace_1,0.49921321868896484,0.21504592895507812,0.5165438652038574,0.2841672897338867,0.3014979362487793
base,r20@mu_D,0.0,ctrl9_furnace_1,furnace,far,ctrl9_furnace_1,0.21504592895507812,0.21504592895507812,0.5165438652038574,0.0,0.3014979362487793
base,r20@mu_D,1.0,ctrl9_furnace_1,furnace,far,ctrl9_furnace_1,0.09219646453857422,0.21504592895507812,0.5165438652038574,-0.1228494644165039,0.3014979362487793
base,r20@mu_D,2.0,ctrl9_furnace_1,furnace,far,ctrl9_furnace_1,0.01235342025756836,0.21504592895507812,0.5165438652038574,-0.20269250869750977,0.3014979362487793
base,r21@mu_D,0.0,ctrl9_furnace_1,furnace,far,ctrl9_furnace_1,0.21504592895507812,0.21504592895507812,0.5165438652038574,0.0,0.3014979362487793
base,r21@mu_D,1.0,ctrl9_furnace_1,furnace,far,ctrl9_furnace_1,0.15485763549804688,0.21504592895507812,0.5165438652038574,-0.06018829345703125,0.3014979362487793
base,r21@mu_D,2.0,ctrl9_furnace_1,furnace,far,ctrl9_furnace_1,-0.013444900512695312,0.21504592895507812,0.5165438652038574,-0.22849082946777344,0.3014979362487793
base,r22@mu_D,0.0,ctrl9_furnace_1,furnace,far,ctrl9_furnace_1,0.21504592895507812,0.21504592895507812,0.5165438652038574,0.0,0.3014979362487793
base,r22@mu_D,1.0,ctrl9_furnace_1,furnace,far,ctrl9_furnace_1,0.25766944885253906,0.21504592895507812,0.5165438652038574,0.04262351989746094,0.3014979362487793
base,r22@mu_D,2.0,ctrl9_furnace_1,furnace,far,ctrl9_furnace_1,0.13075637817382812,0.21504592895507812,0.5165438652038574,-0.08428955078125,0.3014979362487793
finetuned,mu_D,0.0,ctrl9_furnace_1,furnace,far,ctrl9_furnace_1,0.5165438652038574,0.21504592895507812,0.5165438652038574,0.0,0.3014979362487793
finetuned,mu_D,1.0,ctrl9_furnace_1,furnace,far,ctrl9_furnace_1,0.30553722381591797,0.21504592895507812,0.5165438652038574,-0.21100664138793945,0.3014979362487793
finetuned,mu_D,2.0,ctrl9_furnace_1,furnace,far,ctrl9_furnace_1,0.11127281188964844,0.21504592895507812,0.5165438652038574,-0.405271053314209,0.3014979362487793
finetuned,mu_Dprime_matched,0.0,ctrl9_furnace_1,furnace,far,ctrl9_furnace_1,0.5165438652038574,0.21504592895507812,0.5165438652038574,0.0,0.3014979362487793
finetuned,mu_Dprime_matched,1.0,ctrl9_furnace_1,furnace,far,ctrl9_furnace_1,0.14353609085083008,0.21504592895507812,0.5165438652038574,-0.37300777435302734,0.3014979362487793
finetuned,mu_Dprime_matched,2.0,ctrl9_furnace_1,furnace,far,ctrl9_furnace_1,-0.007796764373779297,0.21504592895507812,0.5165438652038574,-0.5243406295776367,0.3014979362487793
finetuned,r0@mu_D,0.0,ctrl9_furnace_1,furnace,far,ctrl9_furnace_1,0.5165438652038574,0.21504592895507812,0.5165438652038574,0.0,0.3014979362487793
finetuned,r0@mu_D,1.0,ctrl9_furnace_1,furnace,far,ctrl9_furnace_1,0.37470579147338867,0.21504592895507812,0.5165438652038574,-0.14183807373046875,0.3014979362487793
finetuned,r0@mu_D,2.0,ctrl9_furnace_1,furnace,far,ctrl9_furnace_1,0.554011344909668,0.21504592895507812,0.5165438652038574,0.03746747970581055,0.3014979362487793
finetuned,r1@mu_D,0.0,ctrl9_furnace_1,furnace,far,ctrl9_furnace_1,0.5165438652038574,0.21504592895507812,0.5165438652038574,0.0,0.3014979362487793
finetuned,r1@mu_D,1.0,ctrl9_furnace_1,furnace,far,ctrl9_furnace_1,0.5099220275878906,0.21504592895507812,0.5165438652038574,-0.006621837615966797,0.3014979362487793
finetuned,r1@mu_D,2.0,ctrl9_furnace_1,furnace,far,ctrl9_furnace_1,0.27370405197143555,0.21504592895507812,0.5165438652038574,-0.24283981323242188,0.3014979362487793
finetuned,r2@mu_D,0.0,ctrl9_furnace_1,furnace,far,ctrl9_furnace_1,0.5165438652038574,0.21504592895507812,0.5165438652038574,0.0,0.3014979362487793
finetuned,r2@mu_D,1.0,ctrl9_furnace_1,furnace,far,ctrl9_furnace_1,0.5088539123535156,0.21504592895507812,0.5165438652038574,-0.007689952850341797,0.3014979362487793
finetuned,r2@mu_D,2.0,ctrl9_furnace_1,furnace,far,ctrl9_furnace_1,0.6135797500610352,0.21504592895507812,0.5165438652038574,0.09703588485717773,0.3014979362487793
finetuned,r3@mu_D,0.0,ctrl9_furnace_1,furnace,far,ctrl9_furnace_1,0.5165438652038574,0.21504592895507812,0.5165438652038574,0.0,0.3014979362487793
finetuned,r3@mu_D,1.0,ctrl9_furnace_1,furnace,far,ctrl9_furnace_1,0.4756612777709961,0.21504592895507812,0.5165438652038574,-0.04088258743286133,0.3014979362487793
finetuned,r3@mu_D,2.0,ctrl9_furnace_1,furnace,far,ctrl9_furnace_1,0.7166337966918945,0.21504592895507812,0.5165438652038574,0.2000899314880371,0.3014979362487793
finetuned,r4@mu_D,0.0,ctrl9_furnace_1,furnace,far,ctrl9_furnace_1,0.5165438652038574,0.21504592895507812,0.5165438652038574,0.0,0.3014979362487793
finetuned,r4@mu_D,1.0,ctrl9_furnace_1,furnace,far,ctrl9_furnace_1,0.4701848030090332,0.21504592895507812,0.5165438652038574,-0.04635906219482422,0.3014979362487793
finetuned,r4@mu_D,2.0,ctrl9_furnace_1,furnace,far,ctrl9_furnace_1,0.3375263214111328,0.21504592895507812,0.5165438652038574,-0.1790175437927246,0.3014979362487793
finetuned,r5@mu_D,0.0,ctrl9_furnace_1,furnace,far,ctrl9_furnace_1,0.5165438652038574,0.21504592895507812,0.5165438652038574,0.0,0.3014979362487793
finetuned,r5@mu_D,1.0,ctrl9_furnace_1,furnace,far,ctrl9_furnace_1,0.41562461853027344,0.21504592895507812,0.5165438652038574,-0.10091924667358398,0.3014979362487793
finetuned,r5@mu_D,2.0,ctrl9_furnace_1,furnace,far,ctrl9_furnace_1,0.1546640396118164,0.21504592895507812,0.5165438652038574,-0.361879825592041,0.3014979362487793
finetuned,r6@mu_D,0.0,ctrl9_furnace_1,furnace,far,ctrl9_furnace_1,0.5165438652038574,0.21504592895507812,0.5165438652038574,0.0,0.3014979362487793
finetuned,r6@mu_D,1.0,ctrl9_furnace_1,furnace,far,ctrl9_furnace_1,0.38638925552368164,0.21504592895507812,0.5165438652038574,-0.13015460968017578,0.3014979362487793
finetuned,r6@mu_D,2.0,ctrl9_furnace_1,furnace,far,ctrl9_furnace_1,0.34708499908447266,0.21504592895507812,0.5165438652038574,-0.16945886611938477,0.3014979362487793
finetuned,r7@mu_D,0.0,ctrl9_furnace_1,furnace,far,ctrl9_furnace_1,0.5165438652038574,0.21504592895507812,0.5165438652038574,0.0,0.3014979362487793
finetuned,r7@mu_D,1.0,ctrl9_furnace_1,furnace,far,ctrl9_furnace_1,0.5042233467102051,0.21504592895507812,0.5165438652038574,-0.012320518493652344,0.3014979362487793
finetuned,r7@mu_D,2.0,ctrl9_furnace_1,furnace,far,ctrl9_furnace_1,0.5731515884399414,0.21504592895507812,0.5165438652038574,0.056607723236083984,0.3014979362487793
finetuned,r8@mu_D,0.0,ctrl9_furnace_1,furnace,far,ctrl9_furnace_1,0.5165438652038574,0.21504592895507812,0.5165438652038574,0.0,0.3014979362487793
finetuned,r8@mu_D,1.0,ctrl9_furnace_1,furnace,far,ctrl9_furnace_1,0.3728933334350586,0.21504592895507812,0.5165438652038574,-0.14365053176879883,0.3014979362487793
finetuned,r8@mu_D,2.0,ctrl9_furnace_1,furnace,far,ctrl9_furnace_1,0.5479178428649902,0.21504592895507812,0.5165438652038574,0.03137397766113281,0.3014979362487793
finetuned,r9@mu_D,0.0,ctrl9_furnace_1,furnace,far,ctrl9_furnace_1,0.5165438652038574,0.21504592895507812,0.5165438652038574,0.0,0.3014979362487793
finetuned,r9@mu_D,1.0,ctrl9_furnace_1,furnace,far,ctrl9_furnace_1,0.3245120048522949,0.21504592895507812,0.5165438652038574,-0.1920318603515625,0.3014979362487793
finetuned,r9@mu_D,2.0,ctrl9_furnace_1,furnace,far,ctrl9_furnace_1,0.4646735191345215,0.21504592895507812,0.5165438652038574,-0.05187034606933594,0.3014979362487793
finetuned,r10@mu_D,0.0,ctrl9_furnace_1,furnace,far,ctrl9_furnace_1,0.5165438652038574,0.21504592895507812,0.5165438652038574,0.0,0.3014979362487793
finetuned,r10@mu_D,1.0,ctrl9_furnace_1,furnace,far,ctrl9_furnace_1,0.4756803512573242,0.21504592895507812,0.5165438652038574,-0.0408635139465332,0.3014979362487793
finetuned,r10@mu_D,2.0,ctrl9_furnace_1,furnace,far,ctrl9_furnace_1,0.5977768898010254,0.21504592895507812,0.5165438652038574,0.08123302459716797,0.3014979362487793
finetuned,r11@mu_D,0.0,ctrl9_furnace_1,furnace,far,ctrl9_furnace_1,0.5165438652038574,0.21504592895507812,0.5165438652038574,0.0,0.3014979362487793
finetuned,r11@mu_D,1.0,ctrl9_furnace_1,furnace,far,ctrl9_furnace_1,0.4184126853942871,0.21504592895507812,0.5165438652038574,-0.09813117980957031,0.3014979362487793
finetuned,r11@mu_D,2.0,ctrl9_furnace_1,furnace,far,ctrl9_furnace_1,0.35441112518310547,0.21504592895507812,0.5165438652038574,-0.16213274002075195,0.3014979362487793
finetuned,r12@mu_D,0.0,ctrl9_furnace_1,furnace,far,ctrl9_furnace_1,0.5165438652038574,0.21504592895507812,0.5165438652038574,0.0,0.3014979362487793
finetuned,r12@mu_D,1.0,ctrl9_furnace_1,furnace,far,ctrl9_furnace_1,0.45035362243652344,0.21504592895507812,0.5165438652038574,-0.06619024276733398,0.3014979362487793
finetuned,r12@mu_D,2.0,ctrl9_furnace_1,furnace,far,ctrl9_furnace_1,0.6063714027404785,0.21504592895507812,0.5165438652038574,0.0898275375366211,0.3014979362487793
finetuned,r13@mu_D,0.0,ctrl9_furnace_1,furnace,far,ctrl9_furnace_1,0.5165438652038574,0.21504592895507812,0.5165438652038574,0.0,0.3014979362487793
finetuned,r13@mu_D,1.0,ctrl9_furnace_1,furnace,far,ctrl9_furnace_1,0.46819114685058594,0.21504592895507812,0.5165438652038574,-0.048352718353271484,0.3014979362487793
finetuned,r13@mu_D,2.0,ctrl9_furnace_1,furnace,far,ctrl9_furnace_1,0.40639209747314453,0.21504592895507812,0.5165438652038574,-0.11015176773071289,0.3014979362487793
finetuned,r14@mu_D,0.0,ctrl9_furnace_1,furnace,far,ctrl9_furnace_1,0.5165438652038574,0.21504592895507812,0.5165438652038574,0.0,0.3014979362487793
finetuned,r14@mu_D,1.0,ctrl9_furnace_1,furnace,far,ctrl9_furnace_1,0.30154895782470703,0.21504592895507812,0.5165438652038574,-0.2149949073791504,0.3014979362487793
finetuned,r14@mu_D,2.0,ctrl9_furnace_1,furnace,far,ctrl9_furnace_1,0.009875297546386719,0.21504592895507812,0.5165438652038574,-0.5066685676574707,0.3014979362487793
finetuned,r15@mu_D,0.0,ctrl9_furnace_1,furnace,far,ctrl9_furnace_1,0.5165438652038574,0.21504592895507812,0.5165438652038574,0.0,0.3014979362487793
finetuned,r15@mu_D,1.0,ctrl9_furnace_1,furnace,far,ctrl9_furnace_1,0.22132110595703125,0.21504592895507812,0.5165438652038574,-0.29522275924682617,0.3014979362487793
finetuned,r15@mu_D,2.0,ctrl9_furnace_1,furnace,far,ctrl9_furnace_1,0.39072608947753906,0.21504592895507812,0.5165438652038574,-0.12581777572631836,0.3014979362487793
finetuned,r16@mu_D,0.0,ctrl9_furnace_1,furnace,far,ctrl9_furnace_1,0.5165438652038574,0.21504592895507812,0.5165438652038574,0.0,0.3014979362487793
finetuned,r16@mu_D,1.0,ctrl9_furnace_1,furnace,far,ctrl9_furnace_1,0.20817852020263672,0.21504592895507812,0.5165438652038574,-0.3083653450012207,0.3014979362487793
finetuned,r16@mu_D,2.0,ctrl9_furnace_1,furnace,far,ctrl9_furnace_1,0.24562501907348633,0.21504592895507812,0.5165438652038574,-0.2709188461303711,0.3014979362487793
finetuned,r17@mu_D,0.0,ctrl9_furnace_1,furnace,far,ctrl9_furnace_1,0.5165438652038574,0.21504592895507812,0.5165438652038574,0.0,0.3014979362487793
finetuned,r17@mu_D,1.0,ctrl9_furnace_1,furnace,far,ctrl9_furnace_1,0.3895082473754883,0.21504592895507812,0.5165438652038574,-0.12703561782836914,0.3014979362487793
finetuned,r17@mu_D,2.0,ctrl9_furnace_1,furnace,far,ctrl9_furnace_1,0.5475850105285645,0.21504592895507812,0.5165438652038574,0.03104114532470703,0.3014979362487793
finetuned,r18@mu_D,0.0,ctrl9_furnace_1,furnace,far,ctrl9_furnace_1,0.5165438652038574,0.21504592895507812,0.5165438652038574,0.0,0.3014979362487793
finetuned,r18@mu_D,1.0,ctrl9_furnace_1,furnace,far,ctrl9_furnace_1,0.42958545684814453,0.21504592895507812,0.5165438652038574,-0.08695840835571289,0.3014979362487793
finetuned,r18@mu_D,2.0,ctrl9_furnace_1,furnace,far,ctrl9_furnace_1,0.5410089492797852,0.21504592895507812,0.5165438652038574,0.024465084075927734,0.3014979362487793
finetuned,r19@mu_D,0.0,ctrl9_furnace_1,furnace,far,ctrl9_furnace_1,0.5165438652038574,0.21504592895507812,0.5165438652038574,0.0,0.3014979362487793
finetuned,r19@mu_D,1.0,ctrl9_furnace_1,furnace,far,ctrl9_furnace_1,0.5692539215087891,0.21504592895507812,0.5165438652038574,0.05271005630493164,0.3014979362487793
finetuned,r19@mu_D,2.0,ctrl9_furnace_1,furnace,far,ctrl9_furnace_1,0.9418849945068359,0.21504592895507812,0.5165438652038574,0.4253411293029785,0.3014979362487793
finetuned,r20@mu_D,0.0,ctrl9_furnace_1,furnace,far,ctrl9_furnace_1,0.5165438652038574,0.21504592895507812,0.5165438652038574,0.0,0.3014979362487793
finetuned,r20@mu_D,1.0,ctrl9_furnace_1,furnace,far,ctrl9_furnace_1,0.3143649101257324,0.21504592895507812,0.5165438652038574,-0.202178955078125,0.3014979362487793
finetuned,r20@mu_D,2.0,ctrl9_furnace_1,furnace,far,ctrl9_furnace_1,0.17612075805664062,0.21504592895507812,0.5165438652038574,-0.3404231071472168,0.3014979362487793
finetuned,r21@mu_D,0.0,ctrl9_furnace_1,furnace,far,ctrl9_furnace_1,0.5165438652038574,0.21504592895507812,0.5165438652038574,0.0,0.3014979362487793
finetuned,r21@mu_D,1.0,ctrl9_furnace_1,furnace,far,ctrl9_furnace_1,0.4599285125732422,0.21504592895507812,0.5165438652038574,-0.056615352630615234,0.3014979362487793
finetuned,r21@mu_D,2.0,ctrl9_furnace_1,furnace,far,ctrl9_furnace_1,0.4543790817260742,0.21504592895507812,0.5165438652038574,-0.0621647834777832,0.3014979362487793
finetuned,r22@mu_D,0.0,ctrl9_furnace_1,furnace,far,ctrl9_furnace_1,0.5165438652038574,0.21504592895507812,0.5165438652038574,0.0,0.3014979362487793
finetuned,r22@mu_D,1.0,ctrl9_furnace_1,furnace,far,ctrl9_furnace_1,0.4503803253173828,0.21504592895507812,0.5165438652038574,-0.06616353988647461,0.3014979362487793
finetuned,r22@mu_D,2.0,ctrl9_furnace_1,furnace,far,ctrl9_furnace_1,0.3752121925354004,0.21504592895507812,0.5165438652038574,-0.14133167266845703,0.3014979362487793
base,mu_D,0.0,ctrl9_odometer_0,odometer,number_only,ctrl9_odometer_0,0.24746036529541016,0.24746036529541016,0.454833984375,0.0,0.20737361907958984
base,mu_D,1.0,ctrl9_odometer_0,odometer,number_only,ctrl9_odometer_0,0.2835679054260254,0.24746036529541016,0.454833984375,0.036107540130615234,0.20737361907958984
base,mu_D,2.0,ctrl9_odometer_0,odometer,number_only,ctrl9_odometer_0,0.3580455780029297,0.24746036529541016,0.454833984375,0.11058521270751953,0.20737361907958984
base,mu_Dprime_matched,0.0,ctrl9_odometer_0,odometer,number_only,ctrl9_odometer_0,0.24746036529541016,0.24746036529541016,0.454833984375,0.0,0.20737361907958984
base,mu_Dprime_matched,1.0,ctrl9_odometer_0,odometer,number_only,ctrl9_odometer_0,0.37096500396728516,0.24746036529541016,0.454833984375,0.123504638671875,0.20737361907958984
base,mu_Dprime_matched,2.0,ctrl9_odometer_0,odometer,number_only,ctrl9_odometer_0,0.40256547927856445,0.24746036529541016,0.454833984375,0.1551051139831543,0.20737361907958984
base,r0@mu_D,0.0,ctrl9_odometer_0,odometer,number_only,ctrl9_odometer_0,0.24746036529541016,0.24746036529541016,0.454833984375,0.0,0.20737361907958984
base,r0@mu_D,1.0,ctrl9_odometer_0,odometer,number_only,ctrl9_odometer_0,0.05789756774902344,0.24746036529541016,0.454833984375,-0.18956279754638672,0.20737361907958984
base,r0@mu_D,2.0,ctrl9_odometer_0,odometer,number_only,ctrl9_odometer_0,-0.09301948547363281,0.24746036529541016,0.454833984375,-0.34047985076904297,0.20737361907958984
base,r1@mu_D,0.0,ctrl9_odometer_0,odometer,number_only,ctrl9_odometer_0,0.24746036529541016,0.24746036529541016,0.454833984375,0.0,0.20737361907958984
base,r1@mu_D,1.0,ctrl9_odometer_0,odometer,number_only,ctrl9_odometer_0,0.33275794982910156,0.24746036529541016,0.454833984375,0.0852975845336914,0.20737361907958984
base,r1@mu_D,2.0,ctrl9_odometer_0,odometer,number_only,ctrl9_odometer_0,-0.03241539001464844,0.24746036529541016,0.454833984375,-0.2798757553100586,0.20737361907958984
base,r2@mu_D,0.0,ctrl9_odometer_0,odometer,number_only,ctrl9_odometer_0,0.24746036529541016,0.24746036529541016,0.454833984375,0.0,0.20737361907958984
base,r2@mu_D,1.0,ctrl9_odometer_0,odometer,number_only,ctrl9_odometer_0,0.3997626304626465,0.24746036529541016,0.454833984375,0.15230226516723633,0.20737361907958984
base,r2@mu_D,2.0,ctrl9_odometer_0,odometer,number_only,ctrl9_odometer_0,0.3681654930114746,0.24746036529541016,0.454833984375,0.12070512771606445,0.20737361907958984
base,r3@mu_D,0.0,ctrl9_odometer_0,odometer,number_only,ctrl9_odometer_0,0.24746036529541016,0.24746036529541016,0.454833984375,0.0,0.20737361907958984
base,r3@mu_D,1.0,ctrl9_odometer_0,odometer,number_only,ctrl9_odometer_0,0.2601299285888672,0.24746036529541016,0.454833984375,0.012669563293457031,0.20737361907958984
base,r3@mu_D,2.0,ctrl9_odometer_0,odometer,number_only,ctrl9_odometer_0,0.22504711151123047,0.24746036529541016,0.454833984375,-0.022413253784179688,0.20737361907958984
base,r4@mu_D,0.0,ctrl9_odometer_0,odometer,number_only,ctrl9_odometer_0,0.24746036529541016,0.24746036529541016,0.454833984375,0.0,0.20737361907958984
base,r4@mu_D,1.0,ctrl9_odometer_0,odometer,number_only,ctrl9_odometer_0,0.09771442413330078,0.24746036529541016,0.454833984375,-0.14974594116210938,0.20737361907958984
base,r4@mu_D,2.0,ctrl9_odometer_0,odometer,number_only,ctrl9_odometer_0,0.25759029388427734,0.24746036529541016,0.454833984375,0.010129928588867188,0.20737361907958984
base,r5@mu_D,0.0,ctrl9_odometer_0,odometer,number_only,ctrl9_odometer_0,0.24746036529541016,0.24746036529541016,0.454833984375,0.0,0.20737361907958984
base,r5@mu_D,1.0,ctrl9_odometer_0,odometer,number_only,ctrl9_odometer_0,0.12781143188476562,0.24746036529541016,0.454833984375,-0.11964893341064453,0.20737361907958984
base,r5@mu_D,2.0,ctrl9_odometer_0,odometer,number_only,ctrl9_odometer_0,0.3778562545776367,0.24746036529541016,0.454833984375,0.13039588928222656,0.20737361907958984
base,r6@mu_D,0.0,ctrl9_odometer_0,odometer,number_only,ctrl9_odometer_0,0.24746036529541016,0.24746036529541016,0.454833984375,0.0,0.20737361907958984
base,r6@mu_D,1.0,ctrl9_odometer_0,odometer,number_only,ctrl9_odometer_0,0.12410402297973633,0.24746036529541016,0.454833984375,-0.12335634231567383,0.20737361907958984
base,r6@mu_D,2.0,ctrl9_odometer_0,odometer,number_only,ctrl9_odometer_0,0.28307533264160156,0.24746036529541016,0.454833984375,0.035614967346191406,0.20737361907958984
base,r7@mu_D,0.0,ctrl9_odometer_0,odometer,number_only,ctrl9_odometer_0,0.24746036529541016,0.24746036529541016,0.454833984375,0.0,0.20737361907958984
base,r7@mu_D,1.0,ctrl9_odometer_0,odometer,number_only,ctrl9_odometer_0,0.3697042465209961,0.24746036529541016,0.454833984375,0.12224388122558594,0.20737361907958984
base,r7@mu_D,2.0,ctrl9_odometer_0,odometer,number_only,ctrl9_odometer_0,0.5549173355102539,0.24746036529541016,0.454833984375,0.30745697021484375,0.20737361907958984
base,r8@mu_D,0.0,ctrl9_odometer_0,odometer,number_only,ctrl9_odometer_0,0.24746036529541016,0.24746036529541016,0.454833984375,0.0,0.20737361907958984
base,r8@mu_D,1.0,ctrl9_odometer_0,odometer,number_only,ctrl9_odometer_0,0.10479927062988281,0.24746036529541016,0.454833984375,-0.14266109466552734,0.20737361907958984
base,r8@mu_D,2.0,ctrl9_odometer_0,odometer,number_only,ctrl9_odometer_0,0.27370691299438477,0.24746036529541016,0.454833984375,0.02624654769897461,0.20737361907958984
base,r9@mu_D,0.0,ctrl9_odometer_0,odometer,number_only,ctrl9_odometer_0,0.24746036529541016,0.24746036529541016,0.454833984375,0.0,0.20737361907958984
base,r9@mu_D,1.0,ctrl9_odometer_0,odometer,number_only,ctrl9_odometer_0,0.4307260513305664,0.24746036529541016,0.454833984375,0.18326568603515625,0.20737361907958984
base,r9@mu_D,2.0,ctrl9_odometer_0,odometer,number_only,ctrl9_odometer_0,0.22719621658325195,0.24746036529541016,0.454833984375,-0.020264148712158203,0.20737361907958984
base,r10@mu_D,0.0,ctrl9_odometer_0,odometer,number_only,ctrl9_odometer_0,0.24746036529541016,0.24746036529541016,0.454833984375,0.0,0.20737361907958984
base,r10@mu_D,1.0,ctrl9_odometer_0,odometer,number_only,ctrl9_odometer_0,0.2981271743774414,0.24746036529541016,0.454833984375,0.05066680908203125,0.20737361907958984
base,r10@mu_D,2.0,ctrl9_odometer_0,odometer,number_only,ctrl9_odometer_0,0.23737382888793945,0.24746036529541016,0.454833984375,-0.010086536407470703,0.20737361907958984
base,r11@mu_D,0.0,ctrl9_odometer_0,odometer,number_only,ctrl9_odometer_0,0.24746036529541016,0.24746036529541016,0.454833984375,0.0,0.20737361907958984
base,r11@mu_D,1.0,ctrl9_odometer_0,odometer,number_only,ctrl9_odometer_0,0.22840118408203125,0.24746036529541016,0.454833984375,-0.019059181213378906,0.20737361907958984
base,r11@mu_D,2.0,ctrl9_odometer_0,odometer,number_only,ctrl9_odometer_0,0.06775474548339844,0.24746036529541016,0.454833984375,-0.17970561981201172,0.20737361907958984
base,r12@mu_D,0.0,ctrl9_odometer_0,odometer,number_only,ctrl9_odometer_0,0.24746036529541016,0.24746036529541016,0.454833984375,0.0,0.20737361907958984
base,r12@mu_D,1.0,ctrl9_odometer_0,odometer,number_only,ctrl9_odometer_0,0.23173904418945312,0.24746036529541016,0.454833984375,-0.01572132110595703,0.20737361907958984
base,r12@mu_D,2.0,ctrl9_odometer_0,odometer,number_only,ctrl9_odometer_0,0.07294988632202148,0.24746036529541016,0.454833984375,-0.17451047897338867,0.20737361907958984
base,r13@mu_D,0.0,ctrl9_odometer_0,odometer,number_only,ctrl9_odometer_0,0.24746036529541016,0.24746036529541016,0.454833984375,0.0,0.20737361907958984
base,r13@mu_D,1.0,ctrl9_odometer_0,odometer,number_only,ctrl9_odometer_0,0.23644685745239258,0.24746036529541016,0.454833984375,-0.011013507843017578,0.20737361907958984
base,r13@mu_D,2.0,ctrl9_odometer_0,odometer,number_only,ctrl9_odometer_0,0.3844757080078125,0.24746036529541016,0.454833984375,0.13701534271240234,0.20737361907958984
base,r14@mu_D,0.0,ctrl9_odometer_0,odometer,number_only,ctrl9_odometer_0,0.24746036529541016,0.24746036529541016,0.454833984375,0.0,0.20737361907958984
base,r14@mu_D,1.0,ctrl9_odometer_0,odometer,number_only,ctrl9_odometer_0,0.28231096267700195,0.24746036529541016,0.454833984375,0.0348505973815918,0.20737361907958984
base,r14@mu_D,2.0,ctrl9_odometer_0,odometer,number_only,ctrl9_odometer_0,0.42325544357299805,0.24746036529541016,0.454833984375,0.1757950782775879,0.20737361907958984
base,r15@mu_D,0.0,ctrl9_odometer_0,odometer,number_only,ctrl9_odometer_0,0.24746036529541016,0.24746036529541016,0.454833984375,0.0,0.20737361907958984
base,r15@mu_D,1.0,ctrl9_odometer_0,odometer,number_only,ctrl9_odometer_0,0.2844724655151367,0.24746036529541016,0.454833984375,0.03701210021972656,0.20737361907958984
base,r15@mu_D,2.0,ctrl9_odometer_0,odometer,number_only,ctrl9_odometer_0,0.27443647384643555,0.24746036529541016,0.454833984375,0.02697610855102539,0.20737361907958984
base,r16@mu_D,0.0,ctrl9_odometer_0,odometer,number_only,ctrl9_odometer_0,0.24746036529541016,0.24746036529541016,0.454833984375,0.0,0.20737361907958984
base,r16@mu_D,1.0,ctrl9_odometer_0,odometer,number_only,ctrl9_odometer_0,0.3926577568054199,0.24746036529541016,0.454833984375,0.14519739151000977,0.20737361907958984
base,r16@mu_D,2.0,ctrl9_odometer_0,odometer,number_only,ctrl9_odometer_0,0.39563751220703125,0.24746036529541016,0.454833984375,0.1481771469116211,0.20737361907958984
base,r17@mu_D,0.0,ctrl9_odometer_0,odometer,number_only,ctrl9_odometer_0,0.24746036529541016,0.24746036529541016,0.454833984375,0.0,0.20737361907958984
base,r17@mu_D,1.0,ctrl9_odometer_0,odometer,number_only,ctrl9_odometer_0,0.07277774810791016,0.24746036529541016,0.454833984375,-0.1746826171875,0.20737361907958984
base,r17@mu_D,2.0,ctrl9_odometer_0,odometer,number_only,ctrl9_odometer_0,0.21208763122558594,0.24746036529541016,0.454833984375,-0.03537273406982422,0.20737361907958984
base,r18@mu_D,0.0,ctrl9_odometer_0,odometer,number_only,ctrl9_odometer_0,0.24746036529541016,0.24746036529541016,0.454833984375,0.0,0.20737361907958984
base,r18@mu_D,1.0,ctrl9_odometer_0,odometer,number_only,ctrl9_odometer_0,0.1106104850769043,0.24746036529541016,0.454833984375,-0.13684988021850586,0.20737361907958984
base,r18@mu_D,2.0,ctrl9_odometer_0,odometer,number_only,ctrl9_odometer_0,0.21583843231201172,0.24746036529541016,0.454833984375,-0.03162193298339844,0.20737361907958984
base,r19@mu_D,0.0,ctrl9_odometer_0,odometer,number_only,ctrl9_odometer_0,0.24746036529541016,0.24746036529541016,0.454833984375,0.0,0.20737361907958984
base,r19@mu_D,1.0,ctrl9_odometer_0,odometer,number_only,ctrl9_odometer_0,0.3783383369445801,0.24746036529541016,0.454833984375,0.13087797164916992,0.20737361907958984
base,r19@mu_D,2.0,ctrl9_odometer_0,odometer,number_only,ctrl9_odometer_0,0.3584446907043457,0.24746036529541016,0.454833984375,0.11098432540893555,0.20737361907958984
base,r20@mu_D,0.0,ctrl9_odometer_0,odometer,number_only,ctrl9_odometer_0,0.24746036529541016,0.24746036529541016,0.454833984375,0.0,0.20737361907958984
base,r20@mu_D,1.0,ctrl9_odometer_0,odometer,number_only,ctrl9_odometer_0,0.2540464401245117,0.24746036529541016,0.454833984375,0.0065860748291015625,0.20737361907958984
base,r20@mu_D,2.0,ctrl9_odometer_0,odometer,number_only,ctrl9_odometer_0,0.3483738899230957,0.24746036529541016,0.454833984375,0.10091352462768555,0.20737361907958984
base,r21@mu_D,0.0,ctrl9_odometer_0,odometer,number_only,ctrl9_odometer_0,0.24746036529541016,0.24746036529541016,0.454833984375,0.0,0.20737361907958984
base,r21@mu_D,1.0,ctrl9_odometer_0,odometer,number_only,ctrl9_odometer_0,0.18822145462036133,0.24746036529541016,0.454833984375,-0.05923891067504883,0.20737361907958984
base,r21@mu_D,2.0,ctrl9_odometer_0,odometer,number_only,ctrl9_odometer_0,0.2034440040588379,0.24746036529541016,0.454833984375,-0.044016361236572266,0.20737361907958984
base,r22@mu_D,0.0,ctrl9_odometer_0,odometer,number_only,ctrl9_odometer_0,0.24746036529541016,0.24746036529541016,0.454833984375,0.0,0.20737361907958984
base,r22@mu_D,1.0,ctrl9_odometer_0,odometer,number_only,ctrl9_odometer_0,0.12652301788330078,0.24746036529541016,0.454833984375,-0.12093734741210938,0.20737361907958984
base,r22@mu_D,2.0,ctrl9_odometer_0,odometer,number_only,ctrl9_odometer_0,0.3224506378173828,0.24746036529541016,0.454833984375,0.07499027252197266,0.20737361907958984
finetuned,mu_D,0.0,ctrl9_odometer_0,odometer,number_only,ctrl9_odometer_0,0.454833984375,0.24746036529541016,0.454833984375,0.0,0.20737361907958984
finetuned,mu_D,1.0,ctrl9_odometer_0,odometer,number_only,ctrl9_odometer_0,0.5568137168884277,0.24746036529541016,0.454833984375,0.10197973251342773,0.20737361907958984
finetuned,mu_D,2.0,ctrl9_odometer_0,odometer,number_only,ctrl9_odometer_0,0.45920658111572266,0.24746036529541016,0.454833984375,0.004372596740722656,0.20737361907958984
finetuned,mu_Dprime_matched,0.0,ctrl9_odometer_0,odometer,number_only,ctrl9_odometer_0,0.454833984375,0.24746036529541016,0.454833984375,0.0,0.20737361907958984
finetuned,mu_Dprime_matched,1.0,ctrl9_odometer_0,odometer,number_only,ctrl9_odometer_0,0.5057201385498047,0.24746036529541016,0.454833984375,0.05088615417480469,0.20737361907958984
finetuned,mu_Dprime_matched,2.0,ctrl9_odometer_0,odometer,number_only,ctrl9_odometer_0,0.5755910873413086,0.24746036529541016,0.454833984375,0.1207571029663086,0.20737361907958984
finetuned,r0@mu_D,0.0,ctrl9_odometer_0,odometer,number_only,ctrl9_odometer_0,0.454833984375,0.24746036529541016,0.454833984375,0.0,0.20737361907958984
finetuned,r0@mu_D,1.0,ctrl9_odometer_0,odometer,number_only,ctrl9_odometer_0,0.48572778701782227,0.24746036529541016,0.454833984375,0.030893802642822266,0.20737361907958984
finetuned,r0@mu_D,2.0,ctrl9_odometer_0,odometer,number_only,ctrl9_odometer_0,0.4715418815612793,0.24746036529541016,0.454833984375,0.016707897186279297,0.20737361907958984
finetuned,r1@mu_D,0.0,ctrl9_odometer_0,odometer,number_only,ctrl9_odometer_0,0.454833984375,0.24746036529541016,0.454833984375,0.0,0.20737361907958984
finetuned,r1@mu_D,1.0,ctrl9_odometer_0,odometer,number_only,ctrl9_odometer_0,0.38486719131469727,0.24746036529541016,0.454833984375,-0.06996679306030273,0.20737361907958984
finetuned,r1@mu_D,2.0,ctrl9_odometer_0,odometer,number_only,ctrl9_odometer_0,0.5374665260314941,0.24746036529541016,0.454833984375,0.08263254165649414,0.20737361907958984
finetuned,r2@mu_D,0.0,ctrl9_odometer_0,odometer,number_only,ctrl9_odometer_0,0.454833984375,0.24746036529541016,0.454833984375,0.0,0.20737361907958984
finetuned,r2@mu_D,1.0,ctrl9_odometer_0,odometer,number_only,ctrl9_odometer_0,0.7016391754150391,0.24746036529541016,0.454833984375,0.24680519104003906,0.20737361907958984
finetuned,r2@mu_D,2.0,ctrl9_odometer_0,odometer,number_only,ctrl9_odometer_0,0.6307964324951172,0.24746036529541016,0.454833984375,0.1759624481201172,0.20737361907958984
finetuned,r3@mu_D,0.0,ctrl9_odometer_0,odometer,number_only,ctrl9_odometer_0,0.454833984375,0.24746036529541016,0.454833984375,0.0,0.20737361907958984
finetuned,r3@mu_D,1.0,ctrl9_odometer_0,odometer,number_only,ctrl9_odometer_0,0.6443428993225098,0.24746036529541016,0.454833984375,0.18950891494750977,0.20737361907958984
finetuned,r3@mu_D,2.0,ctrl9_odometer_0,odometer,number_only,ctrl9_odometer_0,0.5567975044250488,0.24746036529541016,0.454833984375,0.10196352005004883,0.20737361907958984
finetuned,r4@mu_D,0.0,ctrl9_odometer_0,odometer,number_only,ctrl9_odometer_0,0.454833984375,0.24746036529541016,0.454833984375,0.0,0.20737361907958984
finetuned,r4@mu_D,1.0,ctrl9_odometer_0,odometer,number_only,ctrl9_odometer_0,0.4919414520263672,0.24746036529541016,0.454833984375,0.03710746765136719,0.20737361907958984
finetuned,r4@mu_D,2.0,ctrl9_odometer_0,odometer,number_only,ctrl9_odometer_0,0.4762101173400879,0.24746036529541016,0.454833984375,0.02137613296508789,0.20737361907958984
finetuned,r5@mu_D,0.0,ctrl9_odometer_0,odometer,number_only,ctrl9_odometer_0,0.454833984375,0.24746036529541016,0.454833984375,0.0,0.20737361907958984
finetuned,r5@mu_D,1.0,ctrl9_odometer_0,odometer,number_only,ctrl9_odometer_0,0.47508907318115234,0.24746036529541016,0.454833984375,0.020255088806152344,0.20737361907958984
finetuned,r5@mu_D,2.0,ctrl9_odometer_0,odometer,number_only,ctrl9_odometer_0,0.32572269439697266,0.24746036529541016,0.454833984375,-0.12911128997802734,0.20737361907958984
finetuned,r6@mu_D,0.0,ctrl9_odometer_0,odometer,number_only,ctrl9_odometer_0,0.454833984375,0.24746036529541016,0.454833984375,0.0,0.20737361907958984
finetuned,r6@mu_D,1.0,ctrl9_odometer_0,odometer,number_only,ctrl9_odometer_0,0.43245601654052734,0.24746036529541016,0.454833984375,-0.022377967834472656,0.20737361907958984
finetuned,r6@mu_D,2.0,ctrl9_odometer_0,odometer,number_only,ctrl9_odometer_0,0.5435686111450195,0.24746036529541016,0.454833984375,0.08873462677001953,0.20737361907958984
finetuned,r7@mu_D,0.0,ctrl9_odometer_0,odometer,number_only,ctrl9_odometer_0,0.454833984375,0.24746036529541016,0.454833984375,0.0,0.20737361907958984
finetuned,r7@mu_D,1.0,ctrl9_odometer_0,odometer,number_only,ctrl9_odometer_0,0.6746029853820801,0.24746036529541016,0.454833984375,0.21976900100708008,0.20737361907958984
finetuned,r7@mu_D,2.0,ctrl9_odometer_0,odometer,number_only,ctrl9_odometer_0,0.8290510177612305,0.24746036529541016,0.454833984375,0.37421703338623047,0.20737361907958984
finetuned,r8@mu_D,0.0,ctrl9_odometer_0,odometer,number_only,ctrl9_odometer_0,0.454833984375,0.24746036529541016,0.454833984375,0.0,0.20737361907958984
finetuned,r8@mu_D,1.0,ctrl9_odometer_0,odometer,number_only,ctrl9_odometer_0,0.4799385070800781,0.24746036529541016,0.454833984375,0.025104522705078125,0.20737361907958984
finetuned,r8@mu_D,2.0,ctrl9_odometer_0,odometer,number_only,ctrl9_odometer_0,0.2944927215576172,0.24746036529541016,0.454833984375,-0.1603412628173828,0.20737361907958984
finetuned,r9@mu_D,0.0,ctrl9_odometer_0,odometer,number_only,ctrl9_odometer_0,0.454833984375,0.24746036529541016,0.454833984375,0.0,0.20737361907958984
finetuned,r9@mu_D,1.0,ctrl9_odometer_0,odometer,number_only,ctrl9_odometer_0,0.6468667984008789,0.24746036529541016,0.454833984375,0.1920328140258789,0.20737361907958984
finetuned,r9@mu_D,2.0,ctrl9_odometer_0,odometer,number_only,ctrl9_odometer_0,0.6685881614685059,0.24746036529541016,0.454833984375,0.21375417709350586,0.20737361907958984
finetuned,r10@mu_D,0.0,ctrl9_odometer_0,odometer,number_only,ctrl9_odometer_0,0.454833984375,0.24746036529541016,0.454833984375,0.0,0.20737361907958984
finetuned,r10@mu_D,1.0,ctrl9_odometer_0,odometer,number_only,ctrl9_odometer_0,0.6734685897827148,0.24746036529541016,0.454833984375,0.21863460540771484,0.20737361907958984
finetuned,r10@mu_D,2.0,ctrl9_odometer_0,odometer,number_only,ctrl9_odometer_0,0.5057697296142578,0.24746036529541016,0.454833984375,0.05093574523925781,0.20737361907958984
finetuned,r11@mu_D,0.0,ctrl9_odometer_0,odometer,number_only,ctrl9_odometer_0,0.454833984375,0.24746036529541016,0.454833984375,0.0,0.20737361907958984
finetuned,r11@mu_D,1.0,ctrl9_odometer_0,odometer,number_only,ctrl9_odometer_0,0.7278122901916504,0.24746036529541016,0.454833984375,0.2729783058166504,0.20737361907958984
finetuned,r11@mu_D,2.0,ctrl9_odometer_0,odometer,number_only,ctrl9_odometer_0,0.6355185508728027,0.24746036529541016,0.454833984375,0.18068456649780273,0.20737361907958984
finetuned,r12@mu_D,0.0,ctrl9_odometer_0,odometer,number_only,ctrl9_odometer_0,0.454833984375,0.24746036529541016,0.454833984375,0.0,0.20737361907958984
finetuned,r12@mu_D,1.0,ctrl9_odometer_0,odometer,number_only,ctrl9_odometer_0,0.348543643951416,0.24746036529541016,0.454833984375,-0.10629034042358398,0.20737361907958984
finetuned,r12@mu_D,2.0,ctrl9_odometer_0,odometer,number_only,ctrl9_odometer_0,0.32254838943481445,0.24746036529541016,0.454833984375,-0.13228559494018555,0.20737361907958984
finetuned,r13@mu_D,0.0,ctrl9_odometer_0,odometer,number_only,ctrl9_odometer_0,0.454833984375,0.24746036529541016,0.454833984375,0.0,0.20737361907958984
finetuned,r13@mu_D,1.0,ctrl9_odometer_0,odometer,number_only,ctrl9_odometer_0,0.5962381362915039,0.24746036529541016,0.454833984375,0.1414041519165039,0.20737361907958984
finetuned,r13@mu_D,2.0,ctrl9_odometer_0,odometer,number_only,ctrl9_odometer_0,0.47680044174194336,0.24746036529541016,0.454833984375,0.02196645736694336,0.20737361907958984
finetuned,r14@mu_D,0.0,ctrl9_odometer_0,odometer,number_only,ctrl9_odometer_0,0.454833984375,0.24746036529541016,0.454833984375,0.0,0.20737361907958984
finetuned,r14@mu_D,1.0,ctrl9_odometer_0,odometer,number_only,ctrl9_odometer_0,0.5574674606323242,0.24746036529541016,0.454833984375,0.10263347625732422,0.20737361907958984
finetuned,r14@mu_D,2.0,ctrl9_odometer_0,odometer,number_only,ctrl9_odometer_0,0.5171303749084473,0.24746036529541016,0.454833984375,0.062296390533447266,0.20737361907958984
finetuned,r15@mu_D,0.0,ctrl9_odometer_0,odometer,number_only,ctrl9_odometer_0,0.454833984375,0.24746036529541016,0.454833984375,0.0,0.20737361907958984
finetuned,r15@mu_D,1.0,ctrl9_odometer_0,odometer,number_only,ctrl9_odometer_0,0.44092845916748047,0.24746036529541016,0.454833984375,-0.013905525207519531,0.20737361907958984
finetuned,r15@mu_D,2.0,ctrl9_odometer_0,odometer,number_only,ctrl9_odometer_0,0.38233280181884766,0.24746036529541016,0.454833984375,-0.07250118255615234,0.20737361907958984
finetuned,r16@mu_D,0.0,ctrl9_odometer_0,odometer,number_only,ctrl9_odometer_0,0.454833984375,0.24746036529541016,0.454833984375,0.0,0.20737361907958984
finetuned,r16@mu_D,1.0,ctrl9_odometer_0,odometer,number_only,ctrl9_odometer_0,0.584498405456543,0.24746036529541016,0.454833984375,0.12966442108154297,0.20737361907958984
finetuned,r16@mu_D,2.0,ctrl9_odometer_0,odometer,number_only,ctrl9_odometer_0,0.711942195892334,0.24746036529541016,0.454833984375,0.257108211517334,0.20737361907958984
finetuned,r17@mu_D,0.0,ctrl9_odometer_0,odometer,number_only,ctrl9_odometer_0,0.454833984375,0.24746036529541016,0.454833984375,0.0,0.20737361907958984
finetuned,r17@mu_D,1.0,ctrl9_odometer_0,odometer,number_only,ctrl9_odometer_0,0.38094615936279297,0.24746036529541016,0.454833984375,-0.07388782501220703,0.20737361907958984
finetuned,r17@mu_D,2.0,ctrl9_odometer_0,odometer,number_only,ctrl9_odometer_0,0.34357357025146484,0.24746036529541016,0.454833984375,-0.11126041412353516,0.20737361907958984
finetuned,r18@mu_D,0.0,ctrl9_odometer_0,odometer,number_only,ctrl9_odometer_0,0.454833984375,0.24746036529541016,0.454833984375,0.0,0.20737361907958984
finetuned,r18@mu_D,1.0,ctrl9_odometer_0,odometer,number_only,ctrl9_odometer_0,0.35219717025756836,0.24746036529541016,0.454833984375,-0.10263681411743164,0.20737361907958984
finetuned,r18@mu_D,2.0,ctrl9_odometer_0,odometer,number_only,ctrl9_odometer_0,0.4672889709472656,0.24746036529541016,0.454833984375,0.012454986572265625,0.20737361907958984
finetuned,r19@mu_D,0.0,ctrl9_odometer_0,odometer,number_only,ctrl9_odometer_0,0.454833984375,0.24746036529541016,0.454833984375,0.0,0.20737361907958984
finetuned,r19@mu_D,1.0,ctrl9_odometer_0,odometer,number_only,ctrl9_odometer_0,0.2431468963623047,0.24746036529541016,0.454833984375,-0.2116870880126953,0.20737361907958984
finetuned,r19@mu_D,2.0,ctrl9_odometer_0,odometer,number_only,ctrl9_odometer_0,0.572598934173584,0.24746036529541016,0.454833984375,0.11776494979858398,0.20737361907958984
finetuned,r20@mu_D,0.0,ctrl9_odometer_0,odometer,number_only,ctrl9_odometer_0,0.454833984375,0.24746036529541016,0.454833984375,0.0,0.20737361907958984
finetuned,r20@mu_D,1.0,ctrl9_odometer_0,odometer,number_only,ctrl9_odometer_0,0.5789790153503418,0.24746036529541016,0.454833984375,0.1241450309753418,0.20737361907958984
finetuned,r20@mu_D,2.0,ctrl9_odometer_0,odometer,number_only,ctrl9_odometer_0,0.5856776237487793,0.24746036529541016,0.454833984375,0.1308436393737793,0.20737361907958984
finetuned,r21@mu_D,0.0,ctrl9_odometer_0,odometer,number_only,ctrl9_odometer_0,0.454833984375,0.24746036529541016,0.454833984375,0.0,0.20737361907958984
finetuned,r21@mu_D,1.0,ctrl9_odometer_0,odometer,number_only,ctrl9_odometer_0,0.5222430229187012,0.24746036529541016,0.454833984375,0.06740903854370117,0.20737361907958984
finetuned,r21@mu_D,2.0,ctrl9_odometer_0,odometer,number_only,ctrl9_odometer_0,0.48250436782836914,0.24746036529541016,0.454833984375,0.02767038345336914,0.20737361907958984
finetuned,r22@mu_D,0.0,ctrl9_odometer_0,odometer,number_only,ctrl9_odometer_0,0.454833984375,0.24746036529541016,0.454833984375,0.0,0.20737361907958984
finetuned,r22@mu_D,1.0,ctrl9_odometer_0,odometer,number_only,ctrl9_odometer_0,0.6079654693603516,0.24746036529541016,0.454833984375,0.15313148498535156,0.20737361907958984
finetuned,r22@mu_D,2.0,ctrl9_odometer_0,odometer,number_only,ctrl9_odometer_0,0.5371561050415039,0.24746036529541016,0.454833984375,0.0823221206665039,0.20737361907958984
base,mu_D,0.0,ctrl9_odometer_1,odometer,number_only,ctrl9_odometer_1,-0.27848243713378906,-0.27848243713378906,0.06481170654296875,0.0,0.3432941436767578
base,mu_D,1.0,ctrl9_odometer_1,odometer,number_only,ctrl9_odometer_1,-0.43538379669189453,-0.27848243713378906,0.06481170654296875,-0.15690135955810547,0.3432941436767578
base,mu_D,2.0,ctrl9_odometer_1,odometer,number_only,ctrl9_odometer_1,-0.38404130935668945,-0.27848243713378906,0.06481170654296875,-0.10555887222290039,0.3432941436767578
base,mu_Dprime_matched,0.0,ctrl9_odometer_1,odometer,number_only,ctrl9_odometer_1,-0.27848243713378906,-0.27848243713378906,0.06481170654296875,0.0,0.3432941436767578
base,mu_Dprime_matched,1.0,ctrl9_odometer_1,odometer,number_only,ctrl9_odometer_1,-0.300753116607666,-0.27848243713378906,0.06481170654296875,-0.022270679473876953,0.3432941436767578
base,mu_Dprime_matched,2.0,ctrl9_odometer_1,odometer,number_only,ctrl9_odometer_1,-0.12372970581054688,-0.27848243713378906,0.06481170654296875,0.1547527313232422,0.3432941436767578
base,r0@mu_D,0.0,ctrl9_odometer_1,odometer,number_only,ctrl9_odometer_1,-0.27848243713378906,-0.27848243713378906,0.06481170654296875,0.0,0.3432941436767578
base,r0@mu_D,1.0,ctrl9_odometer_1,odometer,number_only,ctrl9_odometer_1,-0.40563201904296875,-0.27848243713378906,0.06481170654296875,-0.1271495819091797,0.3432941436767578
base,r0@mu_D,2.0,ctrl9_odometer_1,odometer,number_only,ctrl9_odometer_1,-0.3265676498413086,-0.27848243713378906,0.06481170654296875,-0.04808521270751953,0.3432941436767578
base,r1@mu_D,0.0,ctrl9_odometer_1,odometer,number_only,ctrl9_odometer_1,-0.27848243713378906,-0.27848243713378906,0.06481170654296875,0.0,0.3432941436767578
base,r1@mu_D,1.0,ctrl9_odometer_1,odometer,number_only,ctrl9_odometer_1,-0.35356664657592773,-0.27848243713378906,0.06481170654296875,-0.07508420944213867,0.3432941436767578
base,r1@mu_D,2.0,ctrl9_odometer_1,odometer,number_only,ctrl9_odometer_1,-0.5053844451904297,-0.27848243713378906,0.06481170654296875,-0.22690200805664062,0.3432941436767578
base,r2@mu_D,0.0,ctrl9_odometer_1,odometer,number_only,ctrl9_odometer_1,-0.27848243713378906,-0.27848243713378906,0.06481170654296875,0.0,0.3432941436767578
base,r2@mu_D,1.0,ctrl9_odometer_1,odometer,number_only,ctrl9_odometer_1,-0.30797290802001953,-0.27848243713378906,0.06481170654296875,-0.02949047088623047,0.3432941436767578
base,r2@mu_D,2.0,ctrl9_odometer_1,odometer,number_only,ctrl9_odometer_1,-0.22878265380859375,-0.27848243713378906,0.06481170654296875,0.04969978332519531,0.3432941436767578
base,r3@mu_D,0.0,ctrl9_odometer_1,odometer,number_only,ctrl9_odometer_1,-0.27848243713378906,-0.27848243713378906,0.06481170654296875,0.0,0.3432941436767578
base,r3@mu_D,1.0,ctrl9_odometer_1,odometer,number_only,ctrl9_odometer_1,-0.48183107376098633,-0.27848243713378906,0.06481170654296875,-0.20334863662719727,0.3432941436767578
base,r3@mu_D,2.0,ctrl9_odometer_1,odometer,number_only,ctrl9_odometer_1,-0.42718935012817383,-0.27848243713378906,0.06481170654296875,-0.14870691299438477,0.3432941436767578
base,r4@mu_D,0.0,ctrl9_odometer_1,odometer,number_only,ctrl9_odometer_1,-0.27848243713378906,-0.27848243713378906,0.06481170654296875,0.0,0.3432941436767578
base,r4@mu_D,1.0,ctrl9_odometer_1,odometer,number_only,ctrl9_odometer_1,-0.45425891876220703,-0.27848243713378906,0.06481170654296875,-0.17577648162841797,0.3432941436767578
base,r4@mu_D,2.0,ctrl9_odometer_1,odometer,number_only,ctrl9_odometer_1,-0.5164728164672852,-0.27848243713378906,0.06481170654296875,-0.2379903793334961,0.3432941436767578
base,r5@mu_D,0.0,ctrl9_odometer_1,odometer,number_only,ctrl9_odometer_1,-0.27848243713378906,-0.27848243713378906,0.06481170654296875,0.0,0.3432941436767578
base,r5@mu_D,1.0,ctrl9_odometer_1,odometer,number_only,ctrl9_odometer_1,-0.2917008399963379,-0.27848243713378906,0.06481170654296875,-0.013218402862548828,0.3432941436767578
base,r5@mu_D,2.0,ctrl9_odometer_1,odometer,number_only,ctrl9_odometer_1,-0.46864891052246094,-0.27848243713378906,0.06481170654296875,-0.19016647338867188,0.3432941436767578
base,r6@mu_D,0.0,ctrl9_odometer_1,odometer,number_only,ctrl9_odometer_1,-0.27848243713378906,-0.27848243713378906,0.06481170654296875,0.0,0.3432941436767578
base,r6@mu_D,1.0,ctrl9_odometer_1,odometer,number_only,ctrl9_odometer_1,-0.3631291389465332,-0.27848243713378906,0.06481170654296875,-0.08464670181274414,0.3432941436767578
base,r6@mu_D,2.0,ctrl9_odometer_1,odometer,number_only,ctrl9_odometer_1,-0.12256908416748047,-0.27848243713378906,0.06481170654296875,0.1559133529663086,0.3432941436767578
base,r7@mu_D,0.0,ctrl9_odometer_1,odometer,number_only,ctrl9_odometer_1,-0.27848243713378906,-0.27848243713378906,0.06481170654296875,0.0,0.3432941436767578
base,r7@mu_D,1.0,ctrl9_odometer_1,odometer,number_only,ctrl9_odometer_1,-0.4950098991394043,-0.27848243713378906,0.06481170654296875,-0.21652746200561523,0.3432941436767578
base,r7@mu_D,2.0,ctrl9_odometer_1,odometer,number_only,ctrl9_odometer_1,-0.25606632232666016,-0.27848243713378906,0.06481170654296875,0.022416114807128906,0.3432941436767578
base,r8@mu_D,0.0,ctrl9_odometer_1,odometer,number_only,ctrl9_odometer_1,-0.27848243713378906,-0.27848243713378906,0.06481170654296875,0.0,0.3432941436767578
base,r8@mu_D,1.0,ctrl9_odometer_1,odometer,number_only,ctrl9_odometer_1,-0.28829288482666016,-0.27848243713378906,0.06481170654296875,-0.009810447692871094,0.3432941436767578
base,r8@mu_D,2.0,ctrl9_odometer_1,odometer,number_only,ctrl9_odometer_1,-0.4576597213745117,-0.27848243713378906,0.06481170654296875,-0.17917728424072266,0.3432941436767578
base,r9@mu_D,0.0,ctrl9_odometer_1,odometer,number_only,ctrl9_odometer_1,-0.27848243713378906,-0.27848243713378906,0.06481170654296875,0.0,0.3432941436767578
base,r9@mu_D,1.0,ctrl9_odometer_1,odometer,number_only,ctrl9_odometer_1,-0.31551504135131836,-0.27848243713378906,0.06481170654296875,-0.0370326042175293,0.3432941436767578
base,r9@mu_D,2.0,ctrl9_odometer_1,odometer,number_only,ctrl9_odometer_1,-0.013632774353027344,-0.27848243713378906,0.06481170654296875,0.2648496627807617,0.3432941436767578
base,r10@mu_D,0.0,ctrl9_odometer_1,odometer,number_only,ctrl9_odometer_1,-0.27848243713378906,-0.27848243713378906,0.06481170654296875,0.0,0.3432941436767578
base,r10@mu_D,1.0,ctrl9_odometer_1,odometer,number_only,ctrl9_odometer_1,-0.3408064842224121,-0.27848243713378906,0.06481170654296875,-0.06232404708862305,0.3432941436767578
base,r10@mu_D,2.0,ctrl9_odometer_1,odometer,number_only,ctrl9_odometer_1,0.09970521926879883,-0.27848243713378906,0.06481170654296875,0.3781876564025879,0.3432941436767578
base,r11@mu_D,0.0,ctrl9_odometer_1,odometer,number_only,ctrl9_odometer_1,-0.27848243713378906,-0.27848243713378906,0.06481170654296875,0.0,0.3432941436767578
base,r11@mu_D,1.0,ctrl9_odometer_1,odometer,number_only,ctrl9_odometer_1,-0.45482444763183594,-0.27848243713378906,0.06481170654296875,-0.17634201049804688,0.3432941436767578
base,r11@mu_D,2.0,ctrl9_odometer_1,odometer,number_only,ctrl9_odometer_1,-0.2241678237915039,-0.27848243713378906,0.06481170654296875,0.054314613342285156,0.3432941436767578
base,r12@mu_D,0.0,ctrl9_odometer_1,odometer,number_only,ctrl9_odometer_1,-0.27848243713378906,-0.27848243713378906,0.06481170654296875,0.0,0.3432941436767578
base,r12@mu_D,1.0,ctrl9_odometer_1,odometer,number_only,ctrl9_odometer_1,-0.3561844825744629,-0.27848243713378906,0.06481170654296875,-0.07770204544067383,0.3432941436767578
base,r12@mu_D,2.0,ctrl9_odometer_1,odometer,number_only,ctrl9_odometer_1,-0.07159233093261719,-0.27848243713378906,0.06481170654296875,0.20689010620117188,0.3432941436767578
base,r13@mu_D,0.0,ctrl9_odometer_1,odometer,number_only,ctrl9_odometer_1,-0.27848243713378906,-0.27848243713378906,0.06481170654296875,0.0,0.3432941436767578
base,r13@mu_D,1.0,ctrl9_odometer_1,odometer,number_only,ctrl9_odometer_1,-0.1812601089477539,-0.27848243713378906,0.06481170654296875,0.09722232818603516,0.3432941436767578
base,r13@mu_D,2.0,ctrl9_odometer_1,odometer,number_only,ctrl9_odometer_1,-0.2141737937927246,-0.27848243713378906,0.06481170654296875,0.06430864334106445,0.3432941436767578
base,r14@mu_D,0.0,ctrl9_odometer_1,odometer,number_only,ctrl9_odometer_1,-0.27848243713378906,-0.27848243713378906,0.06481170654296875,0.0,0.3432941436767578
base,r14@mu_D,1.0,ctrl9_odometer_1,odometer,number_only,ctrl9_odometer_1,-0.5707097053527832,-0.27848243713378906,0.06481170654296875,-0.29222726821899414,0.3432941436767578
base,r14@mu_D,2.0,ctrl9_odometer_1,odometer,number_only,ctrl9_odometer_1,-0.4515867233276367,-0.27848243713378906,0.06481170654296875,-0.17310428619384766,0.3432941436767578
base,r15@mu_D,0.0,ctrl9_odometer_1,odometer,number_only,ctrl9_odometer_1,-0.27848243713378906,-0.27848243713378906,0.06481170654296875,0.0,0.3432941436767578
base,r15@mu_D,1.0,ctrl9_odometer_1,odometer,number_only,ctrl9_odometer_1,-0.49294137954711914,-0.27848243713378906,0.06481170654296875,-0.21445894241333008,0.3432941436767578
base,r15@mu_D,2.0,ctrl9_odometer_1,odometer,number_only,ctrl9_odometer_1,-0.3048419952392578,-0.27848243713378906,0.06481170654296875,-0.02635955810546875,0.3432941436767578
base,r16@mu_D,0.0,ctrl9_odometer_1,odometer,number_only,ctrl9_odometer_1,-0.27848243713378906,-0.27848243713378906,0.06481170654296875,0.0,0.3432941436767578
base,r16@mu_D,1.0,ctrl9_odometer_1,odometer,number_only,ctrl9_odometer_1,-0.44269847869873047,-0.27848243713378906,0.06481170654296875,-0.1642160415649414,0.3432941436767578
base,r16@mu_D,2.0,ctrl9_odometer_1,odometer,number_only,ctrl9_odometer_1,-0.09380817413330078,-0.27848243713378906,0.06481170654296875,0.18467426300048828,0.3432941436767578
base,r17@mu_D,0.0,ctrl9_odometer_1,odometer,number_only,ctrl9_odometer_1,-0.27848243713378906,-0.27848243713378906,0.06481170654296875,0.0,0.3432941436767578
base,r17@mu_D,1.0,ctrl9_odometer_1,odometer,number_only,ctrl9_odometer_1,-0.4629225730895996,-0.27848243713378906,0.06481170654296875,-0.18444013595581055,0.3432941436767578
base,r17@mu_D,2.0,ctrl9_odometer_1,odometer,number_only,ctrl9_odometer_1,-0.11683273315429688,-0.27848243713378906,0.06481170654296875,0.1616497039794922,0.3432941436767578
base,r18@mu_D,0.0,ctrl9_odometer_1,odometer,number_only,ctrl9_odometer_1,-0.27848243713378906,-0.27848243713378906,0.06481170654296875,0.0,0.3432941436767578
base,r18@mu_D,1.0,ctrl9_odometer_1,odometer,number_only,ctrl9_odometer_1,-0.43419933319091797,-0.27848243713378906,0.06481170654296875,-0.1557168960571289,0.3432941436767578
base,r18@mu_D,2.0,ctrl9_odometer_1,odometer,number_only,ctrl9_odometer_1,-0.5022339820861816,-0.27848243713378906,0.06481170654296875,-0.22375154495239258,0.3432941436767578
base,r19@mu_D,0.0,ctrl9_odometer_1,odometer,number_only,ctrl9_odometer_1,-0.27848243713378906,-0.27848243713378906,0.06481170654296875,0.0,0.3432941436767578
base,r19@mu_D,1.0,ctrl9_odometer_1,odometer,number_only,ctrl9_odometer_1,-0.39434242248535156,-0.27848243713378906,0.06481170654296875,-0.1158599853515625,0.3432941436767578
base,r19@mu_D,2.0,ctrl9_odometer_1,odometer,number_only,ctrl9_odometer_1,-0.34312009811401367,-0.27848243713378906,0.06481170654296875,-0.06463766098022461,0.3432941436767578
base,r20@mu_D,0.0,ctrl9_odometer_1,odometer,number_only,ctrl9_odometer_1,-0.27848243713378906,-0.27848243713378906,0.06481170654296875,0.0,0.3432941436767578
base,r20@mu_D,1.0,ctrl9_odometer_1,odometer,number_only,ctrl9_odometer_1,-0.4937448501586914,-0.27848243713378906,0.06481170654296875,-0.21526241302490234,0.3432941436767578
base,r20@mu_D,2.0,ctrl9_odometer_1,odometer,number_only,ctrl9_odometer_1,-0.4457559585571289,-0.27848243713378906,0.06481170654296875,-0.16727352142333984,0.3432941436767578
base,r21@mu_D,0.0,ctrl9_odometer_1,odometer,number_only,ctrl9_odometer_1,-0.27848243713378906,-0.27848243713378906,0.06481170654296875,0.0,0.3432941436767578
base,r21@mu_D,1.0,ctrl9_odometer_1,odometer,number_only,ctrl9_odometer_1,-0.21068096160888672,-0.27848243713378906,0.06481170654296875,0.06780147552490234,0.3432941436767578
base,r21@mu_D,2.0,ctrl9_odometer_1,odometer,number_only,ctrl9_odometer_1,-0.2460174560546875,-0.27848243713378906,0.06481170654296875,0.03246498107910156,0.3432941436767578
base,r22@mu_D,0.0,ctrl9_odometer_1,odometer,number_only,ctrl9_odometer_1,-0.27848243713378906,-0.27848243713378906,0.06481170654296875,0.0,0.3432941436767578
base,r22@mu_D,1.0,ctrl9_odometer_1,odometer,number_only,ctrl9_odometer_1,-0.5775489807128906,-0.27848243713378906,0.06481170654296875,-0.29906654357910156,0.3432941436767578
base,r22@mu_D,2.0,ctrl9_odometer_1,odometer,number_only,ctrl9_odometer_1,-0.5950160026550293,-0.27848243713378906,0.06481170654296875,-0.31653356552124023,0.3432941436767578
finetuned,mu_D,0.0,ctrl9_odometer_1,odometer,number_only,ctrl9_odometer_1,0.06481170654296875,-0.27848243713378906,0.06481170654296875,0.0,0.3432941436767578
finetuned,mu_D,1.0,ctrl9_odometer_1,odometer,number_only,ctrl9_odometer_1,-0.14812850952148438,-0.27848243713378906,0.06481170654296875,-0.21294021606445312,0.3432941436767578
finetuned,mu_D,2.0,ctrl9_odometer_1,odometer,number_only,ctrl9_odometer_1,0.09220314025878906,-0.27848243713378906,0.06481170654296875,0.027391433715820312,0.3432941436767578
finetuned,mu_Dprime_matched,0.0,ctrl9_odometer_1,odometer,number_only,ctrl9_odometer_1,0.06481170654296875,-0.27848243713378906,0.06481170654296875,0.0,0.3432941436767578
finetuned,mu_Dprime_matched,1.0,ctrl9_odometer_1,odometer,number_only,ctrl9_odometer_1,-0.09087657928466797,-0.27848243713378906,0.06481170654296875,-0.15568828582763672,0.3432941436767578
finetuned,mu_Dprime_matched,2.0,ctrl9_odometer_1,odometer,number_only,ctrl9_odometer_1,-0.15321826934814453,-0.27848243713378906,0.06481170654296875,-0.21802997589111328,0.3432941436767578
finetuned,r0@mu_D,0.0,ctrl9_odometer_1,odometer,number_only,ctrl9_odometer_1,0.06481170654296875,-0.27848243713378906,0.06481170654296875,0.0,0.3432941436767578
finetuned,r0@mu_D,1.0,ctrl9_odometer_1,odometer,number_only,ctrl9_odometer_1,-0.08008193969726562,-0.27848243713378906,0.06481170654296875,-0.14489364624023438,0.3432941436767578
finetuned,r0@mu_D,2.0,ctrl9_odometer_1,odometer,number_only,ctrl9_odometer_1,-0.06235504150390625,-0.27848243713378906,0.06481170654296875,-0.127166748046875,0.3432941436767578
finetuned,r1@mu_D,0.0,ctrl9_odometer_1,odometer,number_only,ctrl9_odometer_1,0.06481170654296875,-0.27848243713378906,0.06481170654296875,0.0,0.3432941436767578
finetuned,r1@mu_D,1.0,ctrl9_odometer_1,odometer,number_only,ctrl9_odometer_1,-0.01244354248046875,-0.27848243713378906,0.06481170654296875,-0.0772552490234375,0.3432941436767578
finetuned,r1@mu_D,2.0,ctrl9_odometer_1,odometer,number_only,ctrl9_odometer_1,-0.11536502838134766,-0.27848243713378906,0.06481170654296875,-0.1801767349243164,0.3432941436767578
finetuned,r2@mu_D,0.0,ctrl9_odometer_1,odometer,number_only,ctrl9_odometer_1,0.06481170654296875,-0.27848243713378906,0.06481170654296875,0.0,0.3432941436767578
finetuned,r2@mu_D,1.0,ctrl9_odometer_1,odometer,number_only,ctrl9_odometer_1,0.10633707046508789,-0.27848243713378906,0.06481170654296875,0.04152536392211914,0.3432941436767578
finetuned,r2@mu_D,2.0,ctrl9_odometer_1,odometer,number_only,ctrl9_odometer_1,-0.1404285430908203,-0.27848243713378906,0.06481170654296875,-0.20524024963378906,0.3432941436767578
finetuned,r3@mu_D,0.0,ctrl9_odometer_1,odometer,number_only,ctrl9_odometer_1,0.06481170654296875,-0.27848243713378906,0.06481170654296875,0.0,0.3432941436767578
finetuned,r3@mu_D,1.0,ctrl9_odometer_1,odometer,number_only,ctrl9_odometer_1,-0.09868049621582031,-0.27848243713378906,0.06481170654296875,-0.16349220275878906,0.3432941436767578
finetuned,r3@mu_D,2.0,ctrl9_odometer_1,odometer,number_only,ctrl9_odometer_1,-0.019327163696289062,-0.27848243713378906,0.06481170654296875,-0.08413887023925781,0.3432941436767578
finetuned,r4@mu_D,0.0,ctrl9_odometer_1,odometer,number_only,ctrl9_odometer_1,0.06481170654296875,-0.27848243713378906,0.06481170654296875,0.0,0.3432941436767578
finetuned,r4@mu_D,1.0,ctrl9_odometer_1,odometer,number_only,ctrl9_odometer_1,-0.07320976257324219,-0.27848243713378906,0.06481170654296875,-0.13802146911621094,0.3432941436767578
finetuned,r4@mu_D,2.0,ctrl9_odometer_1,odometer,number_only,ctrl9_odometer_1,-0.18274497985839844,-0.27848243713378906,0.06481170654296875,-0.2475566864013672,0.3432941436767578
finetuned,r5@mu_D,0.0,ctrl9_odometer_1,odometer,number_only,ctrl9_odometer_1,0.06481170654296875,-0.27848243713378906,0.06481170654296875,0.0,0.3432941436767578
finetuned,r5@mu_D,1.0,ctrl9_odometer_1,odometer,number_only,ctrl9_odometer_1,-0.13239336013793945,-0.27848243713378906,0.06481170654296875,-0.1972050666809082,0.3432941436767578
finetuned,r5@mu_D,2.0,ctrl9_odometer_1,odometer,number_only,ctrl9_odometer_1,-0.2821989059448242,-0.27848243713378906,0.06481170654296875,-0.34701061248779297,0.3432941436767578
finetuned,r6@mu_D,0.0,ctrl9_odometer_1,odometer,number_only,ctrl9_odometer_1,0.06481170654296875,-0.27848243713378906,0.06481170654296875,0.0,0.3432941436767578
finetuned,r6@mu_D,1.0,ctrl9_odometer_1,odometer,number_only,ctrl9_odometer_1,-0.14711618423461914,-0.27848243713378906,0.06481170654296875,-0.2119278907775879,0.3432941436767578
finetuned,r6@mu_D,2.0,ctrl9_odometer_1,odometer,number_only,ctrl9_odometer_1,0.00766754150390625,-0.27848243713378906,0.06481170654296875,-0.0571441650390625,0.3432941436767578
finetuned,r7@mu_D,0.0,ctrl9_odometer_1,odometer,number_only,ctrl9_odometer_1,0.06481170654296875,-0.27848243713378906,0.06481170654296875,0.0,0.3432941436767578
finetuned,r7@mu_D,1.0,ctrl9_odometer_1,odometer,number_only,ctrl9_odometer_1,0.05334043502807617,-0.27848243713378906,0.06481170654296875,-0.011471271514892578,0.3432941436767578
finetuned,r7@mu_D,2.0,ctrl9_odometer_1,odometer,number_only,ctrl9_odometer_1,-0.021183013916015625,-0.27848243713378906,0.06481170654296875,-0.08599472045898438,0.3432941436767578
finetuned,r8@mu_D,0.0,ctrl9_odometer_1,odometer,number_only,ctrl9_odometer_1,0.06481170654296875,-0.27848243713378906,0.06481170654296875,0.0,0.3432941436767578
finetuned,r8@mu_D,1.0,ctrl9_odometer_1,odometer,number_only,ctrl9_odometer_1,-0.23367977142333984,-0.27848243713378906,0.06481170654296875,-0.2984914779663086,0.3432941436767578
finetuned,r8@mu_D,2.0,ctrl9_odometer_1,odometer,number_only,ctrl9_odometer_1,-0.18976211547851562,-0.27848243713378906,0.06481170654296875,-0.2545738220214844,0.3432941436767578
finetuned,r9@mu_D,0.0,ctrl9_odometer_1,odometer,number_only,ctrl9_odometer_1,0.06481170654296875,-0.27848243713378906,0.06481170654296875,0.0,0.3432941436767578
finetuned,r9@mu_D,1.0,ctrl9_odometer_1,odometer,number_only,ctrl9_odometer_1,-0.05012035369873047,-0.27848243713378906,0.06481170654296875,-0.11493206024169922,0.3432941436767578
finetuned,r9@mu_D,2.0,ctrl9_odometer_1,odometer,number_only,ctrl9_odometer_1,0.013545513153076172,-0.27848243713378906,0.06481170654296875,-0.05126619338989258,0.3432941436767578
finetuned,r10@mu_D,0.0,ctrl9_odometer_1,odometer,number_only,ctrl9_odometer_1,0.06481170654296875,-0.27848243713378906,0.06481170654296875,0.0,0.3432941436767578
finetuned,r10@mu_D,1.0,ctrl9_odometer_1,odometer,number_only,ctrl9_odometer_1,0.0014600753784179688,-0.27848243713378906,0.06481170654296875,-0.06335163116455078,0.3432941436767578
finetuned,r10@mu_D,2.0,ctrl9_odometer_1,odometer,number_only,ctrl9_odometer_1,0.0205230712890625,-0.27848243713378906,0.06481170654296875,-0.04428863525390625,0.3432941436767578
finetuned,r11@mu_D,0.0,ctrl9_odometer_1,odometer,number_only,ctrl9_odometer_1,0.06481170654296875,-0.27848243713378906,0.06481170654296875,0.0,0.3432941436767578
finetuned,r11@mu_D,1.0,ctrl9_odometer_1,odometer,number_only,ctrl9_odometer_1,0.011433601379394531,-0.27848243713378906,0.06481170654296875,-0.05337810516357422,0.3432941436767578
finetuned,r11@mu_D,2.0,ctrl9_odometer_1,odometer,number_only,ctrl9_odometer_1,-0.024666309356689453,-0.27848243713378906,0.06481170654296875,-0.0894780158996582,0.3432941436767578
finetuned,r12@mu_D,0.0,ctrl9_odometer_1,odometer,number_only,ctrl9_odometer_1,0.06481170654296875,-0.27848243713378906,0.06481170654296875,0.0,0.3432941436767578
finetuned,r12@mu_D,1.0,ctrl9_odometer_1,odometer,number_only,ctrl9_odometer_1,-0.030529499053955078,-0.27848243713378906,0.06481170654296875,-0.09534120559692383,0.3432941436767578
finetuned,r12@mu_D,2.0,ctrl9_odometer_1,odometer,number_only,ctrl9_odometer_1,0.10800647735595703,-0.27848243713378906,0.06481170654296875,0.04319477081298828,0.3432941436767578
finetuned,r13@mu_D,0.0,ctrl9_odometer_1,odometer,number_only,ctrl9_odometer_1,0.06481170654296875,-0.27848243713378906,0.06481170654296875,0.0,0.3432941436767578
finetuned,r13@mu_D,1.0,ctrl9_odometer_1,odometer,number_only,ctrl9_odometer_1,-0.04640483856201172,-0.27848243713378906,0.06481170654296875,-0.11121654510498047,0.3432941436767578
finetuned,r13@mu_D,2.0,ctrl9_odometer_1,odometer,number_only,ctrl9_odometer_1,-0.0006508827209472656,-0.27848243713378906,0.06481170654296875,-0.06546258926391602,0.3432941436767578
finetuned,r14@mu_D,0.0,ctrl9_odometer_1,odometer,number_only,ctrl9_odometer_1,0.06481170654296875,-0.27848243713378906,0.06481170654296875,0.0,0.3432941436767578
finetuned,r14@mu_D,1.0,ctrl9_odometer_1,odometer,number_only,ctrl9_odometer_1,-0.1974039077758789,-0.27848243713378906,0.06481170654296875,-0.26221561431884766,0.3432941436767578
finetuned,r14@mu_D,2.0,ctrl9_odometer_1,odometer,number_only,ctrl9_odometer_1,-0.08643817901611328,-0.27848243713378906,0.06481170654296875,-0.15124988555908203,0.3432941436767578
finetuned,r15@mu_D,0.0,ctrl9_odometer_1,odometer,number_only,ctrl9_odometer_1,0.06481170654296875,-0.27848243713378906,0.06481170654296875,0.0,0.3432941436767578
finetuned,r15@mu_D,1.0,ctrl9_odometer_1,odometer,number_only,ctrl9_odometer_1,-0.0471186637878418,-0.27848243713378906,0.06481170654296875,-0.11193037033081055,0.3432941436767578
finetuned,r15@mu_D,2.0,ctrl9_odometer_1,odometer,number_only,ctrl9_odometer_1,-0.22818470001220703,-0.27848243713378906,0.06481170654296875,-0.2929964065551758,0.3432941436767578
finetuned,r16@mu_D,0.0,ctrl9_odometer_1,odometer,number_only,ctrl9_odometer_1,0.06481170654296875,-0.27848243713378906,0.06481170654296875,0.0,0.3432941436767578
finetuned,r16@mu_D,1.0,ctrl9_odometer_1,odometer,number_only,ctrl9_odometer_1,-0.03692007064819336,-0.27848243713378906,0.06481170654296875,-0.10173177719116211,0.3432941436767578
finetuned,r16@mu_D,2.0,ctrl9_odometer_1,odometer,number_only,ctrl9_odometer_1,0.1358346939086914,-0.27848243713378906,0.06481170654296875,0.07102298736572266,0.3432941436767578
finetuned,r17@mu_D,0.0,ctrl9_odometer_1,odometer,number_only,ctrl9_odometer_1,0.06481170654296875,-0.27848243713378906,0.06481170654296875,0.0,0.3432941436767578
finetuned,r17@mu_D,1.0,ctrl9_odometer_1,odometer,number_only,ctrl9_odometer_1,-0.13692712783813477,-0.27848243713378906,0.06481170654296875,-0.20173883438110352,0.3432941436767578
finetuned,r17@mu_D,2.0,ctrl9_odometer_1,odometer,number_only,ctrl9_odometer_1,0.005196571350097656,-0.27848243713378906,0.06481170654296875,-0.059615135192871094,0.3432941436767578
finetuned,r18@mu_D,0.0,ctrl9_odometer_1,odometer,number_only,ctrl9_odometer_1,0.06481170654296875,-0.27848243713378906,0.06481170654296875,0.0,0.3432941436767578
finetuned,r18@mu_D,1.0,ctrl9_odometer_1,odometer,number_only,ctrl9_odometer_1,0.18056535720825195,-0.27848243713378906,0.06481170654296875,0.1157536506652832,0.3432941436767578
finetuned,r18@mu_D,2.0,ctrl9_odometer_1,odometer,number_only,ctrl9_odometer_1,-0.1401653289794922,-0.27848243713378906,0.06481170654296875,-0.20497703552246094,0.3432941436767578
finetuned,r19@mu_D,0.0,ctrl9_odometer_1,odometer,number_only,ctrl9_odometer_1,0.06481170654296875,-0.27848243713378906,0.06481170654296875,0.0,0.3432941436767578
finetuned,r19@mu_D,1.0,ctrl9_odometer_1,odometer,number_only,ctrl9_odometer_1,0.010562896728515625,-0.27848243713378906,0.06481170654296875,-0.054248809814453125,0.3432941436767578
finetuned,r19@mu_D,2.0,ctrl9_odometer_1,odometer,number_only,ctrl9_odometer_1,-0.11375904083251953,-0.27848243713378906,0.06481170654296875,-0.17857074737548828,0.3432941436767578
finetuned,r20@mu_D,0.0,ctrl9_odometer_1,odometer,number_only,ctrl9_odometer_1,0.06481170654296875,-0.27848243713378906,0.06481170654296875,0.0,0.3432941436767578
finetuned,r20@mu_D,1.0,ctrl9_odometer_1,odometer,number_only,ctrl9_odometer_1,-0.19238758087158203,-0.27848243713378906,0.06481170654296875,-0.2571992874145508,0.3432941436767578
finetuned,r20@mu_D,2.0,ctrl9_odometer_1,odometer,number_only,ctrl9_odometer_1,-0.3034553527832031,-0.27848243713378906,0.06481170654296875,-0.3682670593261719,0.3432941436767578
finetuned,r21@mu_D,0.0,ctrl9_odometer_1,odometer,number_only,ctrl9_odometer_1,0.06481170654296875,-0.27848243713378906,0.06481170654296875,0.0,0.3432941436767578
finetuned,r21@mu_D,1.0,ctrl9_odometer_1,odometer,number_only,ctrl9_odometer_1,-0.035073280334472656,-0.27848243713378906,0.06481170654296875,-0.0998849868774414,0.3432941436767578
finetuned,r21@mu_D,2.0,ctrl9_odometer_1,odometer,number_only,ctrl9_odometer_1,-0.05758857727050781,-0.27848243713378906,0.06481170654296875,-0.12240028381347656,0.3432941436767578
finetuned,r22@mu_D,0.0,ctrl9_odometer_1,odometer,number_only,ctrl9_odometer_1,0.06481170654296875,-0.27848243713378906,0.06481170654296875,0.0,0.3432941436767578
finetuned,r22@mu_D,1.0,ctrl9_odometer_1,odometer,number_only,ctrl9_odometer_1,-0.05350685119628906,-0.27848243713378906,0.06481170654296875,-0.11831855773925781,0.3432941436767578
finetuned,r22@mu_D,2.0,ctrl9_odometer_1,odometer,number_only,ctrl9_odometer_1,-0.10211467742919922,-0.27848243713378906,0.06481170654296875,-0.16692638397216797,0.3432941436767578
