item_id,arm,alpha,grid_total_mass,mode,p450_norm,p350_norm,p400_425_norm,p450_raw,p350_raw,grid_total_mass_b,mode_b,p450_norm_b,p350_norm_b,p400_425_norm_b,logp_300,logp_325,logp_350,logp_375,logp_400,logp_425,logp_450,logp_475,logp_500,pnorm_300,pnorm_325,pnorm_350,pnorm_375,pnorm_400,pnorm_425,pnorm_450,pnorm_475,pnorm_500,logp_b_300,logp_b_325,logp_b_350,logp_b_375,logp_b_400,logp_b_425,logp_b_450,logp_b_475,logp_b_500,pnorm_b_300,pnorm_b_325,pnorm_b_350,pnorm_b_375,pnorm_b_400,pnorm_b_425,pnorm_b_450,pnorm_b_475,pnorm_b_500
cake_impl_01,mu_D,0.0,0.8840484397366504,350,0.01709264601102549,0.6857316694659585,0.11496012068155309,0.015110727037017964,0.6062200124693891,0.6855783221063176,350,0.015801097365931088,0.7151481655527989,0.09523338502660611,-5.250465393066406,-4.002171993255615,-0.5005123019218445,-2.0006370544433594,-2.567304849624634,-3.6933608055114746,-4.192350387573242,-7.44301700592041,-6.358595848083496,0.005933019699982429,0.020672962921910048,0.6857316694659585,0.15298833035627232,0.08680757184691233,0.028152548834640766,0.01709264601102549,0.0006623121522014976,0.00195893871109666,-5.580236911773682,-4.338766574859619,-0.7127580642700195,-2.295567035675049,-3.0092613697052,-4.137554168701172,-4.525168418884277,-7.716853618621826,-6.732470512390137,0.005501445623133786,0.01903884251404528,0.7151481655527989,0.14688952510936118,0.07195107976223968,0.023282305264366435,0.015801097365931088,0.0006494653398994488,0.001738073468224057
cake_impl_01,mu_D,0.5,0.8945067999869319,350,0.014096237767425796,0.6834676933058874,0.10433906916963295,0.012609180537194982,0.6113664992334992,0.7137807838894143,350,0.013124123596307262,0.7100012836984578,0.08779714478282928,-5.492020130157471,-4.118516445159912,-0.492058664560318,-1.8671557903289795,-2.6232872009277344,-3.8743386268615723,-4.373330116271973,-7.623767852783203,-6.342654705047607,0.004605346553942435,0.018187264709017575,0.6834676933058874,0.17279091205588126,0.08112172887026023,0.023217340299372717,0.014096237767425796,0.0005463312513538006,0.0019671451868587667,-5.821503639221191,-4.450465202331543,-0.6796678900718689,-2.1307525634765625,-3.0210466384887695,-4.274590492248535,-4.670482635498047,-7.92604923248291,-6.713454246520996,0.004151339398968175,0.016353950121361618,0.7100012836984578,0.16636465644502,0.06829851538354872,0.019498629399280556,0.013124123596307262,0.0005060526496826666,0.001701449307373147
cake_impl_01,mu_D,1.0,0.9143893788660996,350,0.013745034578369971,0.685860181051825,0.1047534972202173,0.01256831363060878,0.6271432649409688,0.7444325570652287,350,0.01256968492145331,0.7127354560152297,0.08994466200492748,-5.591550827026367,-4.218245506286621,-0.46658027172088623,-1.8416755199432373,-2.6265366077423096,-3.7525882720947266,-4.3765764236450195,-7.627085208892822,-6.571287631988525,0.004078393797975018,0.016103047739699755,0.685860181051825,0.1733960944993809,0.07910036215610475,0.025653135064112556,0.013745034578369971,0.0005326817378286032,0.0015310693747035687,-5.885752201080322,-4.486827850341797,-0.6337779760360718,-2.1027297973632812,-2.9841678142547607,-4.111928939819336,-4.671600341796875,-7.897267818450928,-6.903114318847656,0.0037327159188987494,0.015120636218790449,0.7127354560152297,0.16404790696500088,0.06794649001913958,0.021998171985787913,0.01256968492145331,0.000499384209649026,0.0013495537460503338
cake_impl_01,mu_D,2.0,0.9332349032100163,350,0.013731337794085275,0.659475154015737,0.09235042791414418,0.012814563697207211,0.6154452315272869,0.8039718764775287,350,0.012270202499198527,0.6807020420571329,0.0778418113723781,-5.860390663146973,-4.237311363220215,-0.48540931940078735,-1.6104638576507568,-2.7321228981018066,-3.858308792114258,-4.357172966003418,-7.732601165771484,-6.676059722900391,0.0030540328213111883,0.015479897607802627,0.659475154015737,0.21408855957895828,0.06973697875621736,0.022613449157926815,0.013731337794085275,0.00046965939011019104,0.0013509308778512157,-6.070417881011963,-4.475127696990967,-0.6028215885162354,-1.7762776613235474,-3.0519227981567383,-4.178943634033203,-4.618772506713867,-7.946199417114258,-6.970665454864502,0.0028734930717844672,0.014165629487169566,0.6807020420571329,0.21053851543630964,0.05879303942349032,0.019048771948887776,0.012270202499198527,0.0004403201741314568,0.0011679859018954115
cake_impl_01,mu_D,4.0,0.9618261337311133,350,0.013376179402056036,0.5891607530145421,0.1052665013405035,0.012865558918373312,0.5666702092180883,0.8854100053712032,350,0.012548466877328416,0.600287845524234,0.09523809150610282,-6.442969799041748,-4.569876194000244,-0.567977786064148,-1.317972183227539,-2.603166341781616,-3.604196548461914,-4.353201389312744,-7.728524208068848,-6.93437385559082,0.0016548445199369907,0.010770389586289073,0.5891607530145421,0.2783013931846455,0.07697729559869186,0.02828920574181164,0.013376179402056036,0.00045755995655743186,0.001012378995469696,-6.574465274810791,-4.702493667602539,-0.6320504546165466,-1.3990552425384521,-2.7859723567962646,-3.7873454093933105,-4.499861240386963,-7.860630035400391,-7.143493175506592,0.0015761646550337186,0.010246806230173712,0.600287845524234,0.2787748578090478,0.06965032598444787,0.02558776552165495,0.012548466877328416,0.00043553927717421905,0.0008922281209051838
cake_impl_01,mu_Dprime_native,0.0,0.8840484397366504,350,0.01709264601102549,0.6857316694659585,0.11496012068155309,0.015110727037017964,0.6062200124693891,0.6855783221063176,350,0.015801097365931088,0.7151481655527989,0.09523338502660611,-5.250465393066406,-4.002171993255615,-0.5005123019218445,-2.0006370544433594,-2.567304849624634,-3.6933608055114746,-4.192350387573242,-7.44301700592041,-6.358595848083496,0.005933019699982429,0.020672962921910048,0.6857316694659585,0.15298833035627232,0.08680757184691233,0.028152548834640766,0.01709264601102549,0.0006623121522014976,0.00195893871109666,-5.580236911773682,-4.338766574859619,-0.7127580642700195,-2.295567035675049,-3.0092613697052,-4.137554168701172,-4.525168418884277,-7.716853618621826,-6.732470512390137,0.005501445623133786,0.01903884251404528,0.7151481655527989,0.14688952510936118,0.07195107976223968,0.023282305264366435,0.015801097365931088,0.0006494653398994488,0.001738073468224057
cake_impl_01,mu_Dprime_native,0.5,0.8974251566373722,350,0.012628955803207442,0.6915764977289846,0.09348075502249112,0.01133354263985989,0.6206381468011593,0.7588581789362349,350,0.011138200625381196,0.7161254184739805,0.07949736085805094,-5.476980686187744,-3.97867751121521,-0.47700706124305725,-1.852115511894226,-2.729947805404663,-3.9808754920959473,-4.4799885749816895,-7.855498790740967,-6.588076114654541,0.004659928691767239,0.020848944444436284,0.6915764977289846,0.17483895972660138,0.0726775858343294,0.02080316918816172,0.012628955803207442,0.0004319186758836682,0.0015340399066282177,-5.713232517242432,-4.218156814575195,-0.6098403334617615,-2.0613670349121094,-3.0516769886016846,-4.339147090911865,-4.773314952850342,-8.071968078613281,-6.886733531951904,0.00435124988322654,0.019405156621358277,0.7161254184739805,0.16772548341569907,0.06230356591444839,0.01719379494360255,0.011138200625381196,0.00041136580326118664,0.0013457643190423589
cake_impl_01,mu_Dprime_native,1.0,0.9163574682296011,350,0.010108239281058825,0.7069166900528475,0.08478451492541705,0.009262760555850067,0.647788388346077,0.8266534203570685,350,0.009301600785677511,0.7220161972495681,0.0741950294265574,-5.809159278869629,-4.310657978057861,-0.43419119715690613,-1.8092360496520996,-2.806713342666626,-4.057642459869385,-4.681753158569336,-8.057194709777832,-6.819095611572266,0.0032737782347396177,0.01465008360394514,0.7069166900528475,0.178728513581014,0.06591662445445823,0.018867890470958826,0.010108239281058825,0.0003457322354472924,0.0011924480855304207,-5.958249568939209,-4.480405807495117,-0.51607745885849,-1.925998330116272,-3.037179946899414,-4.315220832824707,-4.86793851852417,-8.226884841918945,-7.055473327636719,0.003126378989280147,0.013704431173630176,0.7220161972495681,0.17628935388941805,0.058029127598707805,0.01616590182784959,0.009301600785677511,0.0003234341273836458,0.001043574358485062
cake_impl_01,mu_Dprime_native,2.0,0.928782361465406,350,0.00700038983329027,0.705662696143362,0.06850601753473398,0.006501838600541757,0.655407065322077,0.8958523601163283,350,0.006693933415208963,0.7093940068636518,0.06448860935043599,-6.047486782073975,-4.423979759216309,-0.42249876260757446,-1.6725223064422607,-3.035637617111206,-4.161564350128174,-5.035670280456543,-8.286001205444336,-7.045661926269531,0.002545047557217243,0.012905535904729292,0.705662696143362,0.20217098747402718,0.0517279627732834,0.016778054761450584,0.00700038983329027,0.0002713447606781514,0.0009379807919617574,-6.1118879318237305,-4.489109992980957,-0.4533238410949707,-1.703160047531128,-3.12632155418396,-4.276343822479248,-5.116533279418945,-8.367927551269531,-7.150239944458008,0.0024740265447481804,0.012536256203203226,0.7093940068636518,0.20327807874461856,0.0489800651196591,0.015508544230776895,0.006693933415208963,0.00025919033162034665,0.0008758985465130188
cake_impl_01,mu_Dprime_native,4.0,0.8648191564757725,350,0.03764244558742726,0.615992778109043,0.14167948076432324,0.032553908040604006,0.5327223547594302,0.8598663084146269,350,0.03743136304561361,0.6171746195962299,0.14068304631509015,-4.629734992980957,-3.6316514015197754,-0.629754900932312,-2.0048656463623047,-2.674835681915283,-2.9260387420654297,-3.4248578548431396,-6.300013542175293,-5.455832481384277,0.011282525891654236,0.030610366895833782,0.615992778109043,0.15573011768187262,0.07969082489324698,0.061988655871076256,0.03764244558742726,0.0021233108631857037,0.004938974206660351,-4.635316848754883,-3.6399025917053223,-0.6335816383361816,-2.009685754776001,-2.684872627258301,-2.9424052238464355,-3.4362246990203857,-6.309008598327637,-5.468984603881836,0.011284349744405541,0.030533701610779892,0.6171746195962299,0.15587398328630406,0.07934940978913962,0.061333636525950544,0.03743136304561361,0.0021164180016617446,0.004902518399915069
cake_impl_01,mu_Dprime_matched,0.0,0.8840484397366504,350,0.01709264601102549,0.6857316694659585,0.11496012068155309,0.015110727037017964,0.6062200124693891,0.6855783221063176,350,0.015801097365931088,0.7151481655527989,0.09523338502660611,-5.250465393066406,-4.002171993255615,-0.5005123019218445,-2.0006370544433594,-2.567304849624634,-3.6933608055114746,-4.192350387573242,-7.44301700592041,-6.358595848083496,0.005933019699982429,0.020672962921910048,0.6857316694659585,0.15298833035627232,0.08680757184691233,0.028152548834640766,0.01709264601102549,0.0006623121522014976,0.00195893871109666,-5.580236911773682,-4.338766574859619,-0.7127580642700195,-2.295567035675049,-3.0092613697052,-4.137554168701172,-4.525168418884277,-7.716853618621826,-6.732470512390137,0.005501445623133786,0.01903884251404528,0.7151481655527989,0.14688952510936118,0.07195107976223968,0.023282305264366435,0.015801097365931088,0.0006494653398994488,0.001738073468224057
cake_impl_01,mu_Dprime_matched,0.5,0.8875319123059535,350,0.014098916999121565,0.6831582777050477,0.10435860469496275,0.012513238765673278,0.6063247726192026,0.7219787397149332,350,0.012897544659714127,0.7101651848561101,0.08960500480072475,-5.375312805175781,-4.126805305480957,-0.5003395080566406,-1.875449776649475,-2.630927324295044,-3.88198184967041,-4.38096809387207,-7.631476879119873,-6.477567195892334,0.0052161171001659686,0.018178885336618034,0.6831582777050477,0.1727104172208906,0.08113697334458175,0.023221631350380995,0.014098916999121565,0.0005463962688323737,0.0017323846743611429,-5.6408610343933105,-4.396441459655762,-0.6680172681808472,-2.1378464698791504,-2.989284038543701,-4.242650508880615,-4.676477909088135,-7.902752876281738,-6.811734676361084,0.00491677993505125,0.017065747870707866,0.7101651848561101,0.16331296588602673,0.06970212654968011,0.019902878251044646,0.012897544659714127,0.0005120986429957427,0.001524673348669656
cake_impl_01,mu_Dprime_matched,1.0,0.9033119218158304,350,0.011301911683323545,0.6934854323032502,0.09479351787067525,0.010209151562855779,0.6264336586051309,0.7677167232913589,350,0.010223851876747646,0.7145202453933515,0.08088683721894961,-5.467677116394043,-4.094178676605225,-0.46771240234375,-1.8427982330322266,-2.70943546295166,-3.9604921340942383,-4.584470748901367,-7.83498477935791,-6.5847649574279785,0.004672832969937306,0.018453682779663572,0.6934854323032502,0.17532552744348376,0.07370032234088444,0.02109319552979081,0.011301911683323545,0.0004379974705898194,0.001529097479076607,-5.679946422576904,-4.334825038909912,-0.6004784107208252,-2.0297765731811523,-3.0302486419677734,-4.283481597900391,-4.8473663330078125,-8.075825691223145,-6.88146448135376,0.004446615834190078,0.017069012819632655,0.7145202453933515,0.1711111199210897,0.06291855427744658,0.01796828294150303,0.010223851876747646,0.00040505357021635005,0.0013372633658223913
cake_impl_01,mu_Dprime_matched,2.0,0.9202329972423202,350,0.009022308119621318,0.7150198343056395,0.07567546172149103,0.008302625642962847,0.6579848452107858,0.8394992003609788,350,0.008214463861433565,0.7288882164977661,0.0659063616985262,-5.793550491333008,-4.2948713302612305,-0.41857337951660156,-1.7936129570007324,-2.916152000427246,-4.167080879211426,-4.7911834716796875,-8.166631698608398,-6.928991317749023,0.0033112745337259505,0.014820514440535766,0.7150198343056395,0.18077817101143498,0.05883469086820913,0.01684077085328191,0.009022308119621318,0.0003085880582005022,0.0010638478093508987,-5.942501544952393,-4.445955276489258,-0.49118465185165405,-1.8972134590148926,-3.146139621734619,-4.397305488586426,-4.976808547973633,-8.317949295043945,-7.140541076660156,0.0031274046929351067,0.01396773123562108,0.7288882164977661,0.17866125360386398,0.05124230253149118,0.014664059167035023,0.008214463861433565,0.0002907637314304946,0.0009438046784234922
cake_impl_01,mu_Dprime_matched,4.0,0.9290479552536406,350,0.007832017696890493,0.7056622582015668,0.06763836726023086,0.007276320026806441,0.6555940780818322,0.9023262810806478,350,0.007505939979528698,0.7092190017187284,0.06437295230453437,-6.047194004058838,-4.423506259918213,-0.42221346497535706,-1.6722288131713867,-3.048097610473633,-4.174025535583496,-4.923130035400391,-8.173416137695312,-7.04511833190918,0.0025450650157232526,0.01290795696583541,0.7056622582015668,0.20217251893067784,0.051072826754466095,0.016565540505764757,0.007832017696890493,0.00030359341072299376,0.0009382225183525315,-6.092132568359375,-4.474553108215332,-0.446370005607605,-1.699338674545288,-3.119378089904785,-4.275811195373535,-4.994839668273926,-8.230562210083008,-7.137844085693359,0.0025052832556774996,0.012628816978612269,0.7092190017187284,0.20259232287423523,0.048967474045801866,0.015405478258732503,0.007505939979528698,0.00029522194858024487,0.0008804609401032586
cake_impl_01,mu_D_par,0.0,0.8840484397366504,350,0.01709264601102549,0.6857316694659585,0.11496012068155309,0.015110727037017964,0.6062200124693891,0.6855783221063176,350,0.015801097365931088,0.7151481655527989,0.09523338502660611,-5.250465393066406,-4.002171993255615,-0.5005123019218445,-2.0006370544433594,-2.567304849624634,-3.6933608055114746,-4.192350387573242,-7.44301700592041,-6.358595848083496,0.005933019699982429,0.020672962921910048,0.6857316694659585,0.15298833035627232,0.08680757184691233,0.028152548834640766,0.01709264601102549,0.0006623121522014976,0.00195893871109666,-5.580236911773682,-4.338766574859619,-0.7127580642700195,-2.295567035675049,-3.0092613697052,-4.137554168701172,-4.525168418884277,-7.716853618621826,-6.732470512390137,0.005501445623133786,0.01903884251404528,0.7151481655527989,0.14688952510936118,0.07195107976223968,0.023282305264366435,0.015801097365931088,0.0006494653398994488,0.001738073468224057
cake_impl_01,mu_D_par,0.5,0.8874687231108328,350,0.015336002227554163,0.6973291738822832,0.10314462606466582,0.01361022231451238,0.6188578315332418,0.719586002188068,350,0.014053900491554906,0.726832538019732,0.08542704550918691,-5.354844093322754,-3.9813425540924072,-0.4798797070980072,-1.979988932609558,-2.6718966960906982,-3.797952175140381,-4.296934127807617,-7.672447681427002,-6.4753098487854,0.005324363561461744,0.02102673503039698,0.6973291738822832,0.15557817621056924,0.07788556100235536,0.025259065062310463,0.015336002227554163,0.0005244997107486854,0.0017364233123201604,-5.649567127227783,-4.28192663192749,-0.6481384038925171,-2.242525100708008,-3.0695292949676514,-4.19776725769043,-4.593934535980225,-7.944234371185303,-6.810082912445068,0.004890367143122583,0.019199953868755178,0.726832538019732,0.14757099877277827,0.0645412925360232,0.020885752973163706,0.014053900491554906,0.0004929242031547703,0.0015322719917155196
cake_impl_01,mu_D_par,1.0,0.8974214477786384,350,0.012308570651547484,0.6934679299124918,0.09380839259114188,0.011045975294197402,0.6223329936501237,0.7594997163954004,350,0.010844403287257842,0.7175708698442447,0.08029784290737219,-5.474251747131348,-4.1007466316223145,-0.4742799699306488,-1.8493871688842773,-2.755653142929077,-3.881582260131836,-4.5056891441345215,-7.881202697753906,-6.577150344848633,0.0046726820316221225,0.018453209890819378,0.6934679299124918,0.17531735625810907,0.0708334836540955,0.02297490893704637,0.012308570651547484,0.0004209598858082595,0.001550898778460074,-5.711701393127441,-4.341498851776123,-0.6069788932800293,-2.0586352348327637,-3.0776350498199463,-4.205179214477539,-4.799201488494873,-8.122678756713867,-6.874781131744385,0.004354236225704296,0.017138917547067076,0.7175708698442447,0.16804223968635626,0.06065581807741313,0.019642024829959057,0.010844403287257842,0.0003906949715457363,0.0013607955304518853
cake_impl_01,mu_D_par,2.0,0.9120189691712784,350,0.010108203399117574,0.7053958013051005,0.08478433752270735,0.009218873244236822,0.6433343515640257,0.8139741236181386,350,0.0091864792261409,0.7204912365181367,0.0749527596436126,-5.816064357757568,-4.192378044128418,-0.4410907030105591,-1.8161553144454956,-2.8114614486694336,-4.062389373779297,-4.686502456665039,-8.061882972717285,-6.82526969909668,0.0032667166921635307,0.016567976810691876,0.7053958013051005,0.17834046607866488,0.06591646904400095,0.018867868478706407,0.010108203399117574,0.00034575211056689565,0.0011907460809872188,-5.98333740234375,-4.3623046875,-0.5336487293243408,-1.9474718570709229,-3.0425198078155518,-4.320359706878662,-4.895849227905273,-8.232185363769531,-7.06301212310791,0.003096413726191273,0.015662624891890554,0.7204912365181367,0.1752318798499554,0.05861919330850915,0.016333566335103453,0.0091864792261409,0.00032673580117232595,0.0010518703429001019
cake_impl_01,mu_D_par,4.0,0.9237217961191942,350,0.007832557003568332,0.7040915982613098,0.06764481185625472,0.0072351036235421134,0.6503847557783713,0.8844616134786022,350,0.007465180817536907,0.7100951460134225,0.06276178729849449,-5.930171489715576,-4.306666374206543,-0.43019115924835205,-1.680206060409546,-3.0537798404693604,-4.179593086242676,-4.9288105964660645,-8.179253578186035,-7.0533246994018555,0.0028775180327154566,0.014591413567633172,0.7040915982613098,0.20172261440723363,0.051076258347020224,0.01656855350923449,0.007832557003568332,0.00030356668882695605,0.0009359201824578461,-5.994622230529785,-4.380387783050537,-0.465132474899292,-1.7244662046432495,-3.16872239112854,-4.30854606628418,-5.020281791687012,-8.261749267578125,-7.185296058654785,0.0028176669332671514,0.014156072180101651,0.7100951460134225,0.20155559313434623,0.047551296435422954,0.015210490863071531,0.007465180817536907,0.0002919368336731559,0.000856616789157914
cake_impl_01,mu_D_perp_native,0.0,0.8840484397366504,350,0.01709264601102549,0.6857316694659585,0.11496012068155309,0.015110727037017964,0.6062200124693891,0.6855783221063176,350,0.015801097365931088,0.7151481655527989,0.09523338502660611,-5.250465393066406,-4.002171993255615,-0.5005123019218445,-2.0006370544433594,-2.567304849624634,-3.6933608055114746,-4.192350387573242,-7.44301700592041,-6.358595848083496,0.005933019699982429,0.020672962921910048,0.6857316694659585,0.15298833035627232,0.08680757184691233,0.028152548834640766,0.01709264601102549,0.0006623121522014976,0.00195893871109666,-5.580236911773682,-4.338766574859619,-0.7127580642700195,-2.295567035675049,-3.0092613697052,-4.137554168701172,-4.525168418884277,-7.716853618621826,-6.732470512390137,0.005501445623133786,0.01903884251404528,0.7151481655527989,0.14688952510936118,0.07195107976223968,0.023282305264366435,0.015801097365931088,0.0006494653398994488,0.001738073468224057
cake_impl_01,mu_D_perp_native,0.5,0.8955401469417275,350,0.01904221857756394,0.6699660211432127,0.113020150112178,0.017053071223048104,0.5999814690205572,0.6784225658858953,350,0.018020338432520447,0.6981493783010353,0.09585514943747031,-5.260815620422363,-4.012314319610596,-0.5108565092086792,-1.8860081434249878,-2.5713753700256348,-3.697567939758301,-4.071424961090088,-7.447000503540039,-6.348299980163574,0.005796578821605786,0.02020174902359675,0.6699660211432127,0.16936825401906327,0.08534553514504865,0.027674614967129356,0.01904221857756394,0.0006512139790370294,0.0019538143237427695,-5.5926618576049805,-4.349687576293945,-0.7473071217536926,-2.2140376567840576,-3.012942314147949,-4.1424784660339355,-4.404239177703857,-7.752364635467529,-6.723523139953613,0.005490824097232109,0.019030684198739465,0.6981493783010353,0.16104801556788062,0.07244284430258366,0.023412305134886652,0.018020338432520447,0.0006334181915451687,0.001772191773576557
cake_impl_01,mu_D_perp_native,1.0,0.8958610759619392,350,0.017092682396797898,0.6684272018664211,0.11495618904639363,0.015312668843071064,0.5988179122662803,0.6745949351643916,350,0.015716416011319675,0.700981264367639,0.09365285324114292,-5.3877763748168945,-3.889268159866333,-0.5127977132797241,-1.8879307508468628,-2.554032802581787,-3.680222511291504,-4.179074764251709,-7.429657936096191,-6.356662273406982,0.005103613566805538,0.02283871326504795,0.6684272018664211,0.1689823810444647,0.08680744618935166,0.02814874285704197,0.017092682396797898,0.0006623688321472798,0.0019368499819219275,-5.7560906410217285,-4.262019634246826,-0.7489169836044312,-2.2159390449523926,-3.041943311691284,-4.1710710525512695,-4.546692371368408,-7.737724304199219,-6.731971263885498,0.004689413410521324,0.020892254851641204,0.700981264367639,0.16165413734735237,0.07077139060843927,0.022881462632703645,0.015716416011319675,0.0006464068588899802,0.0017672539114937033
cake_impl_01,mu_D_perp_native,2.0,0.9107931444428411,350,0.019031368428604395,0.6534447193902774,0.11295634817344058,0.01733363989413881,0.5951529706930406,0.6654339179757432,350,0.018034359278641082,0.6867770533499122,0.09139001608693068,-5.393901348114014,-4.020587921142578,-0.518936812877655,-1.769078016281128,-2.5550525188446045,-3.6812400817871094,-4.055106163024902,-7.305756092071533,-6.33211088180542,0.0049892889401766775,0.01969976742078297,0.6534447193902774,0.18718861305281226,0.08529725145846172,0.02765909671497887,0.019031368428604395,0.0007374467908976569,0.0019524478030080391,-5.762495994567871,-4.394518852233887,-0.7830615043640137,-2.1330833435058594,-3.0918610095977783,-4.173604488372803,-4.422792434692383,-7.6442155838012695,-6.7455010414123535,0.004723618925388341,0.018551531932971765,0.6867770533499122,0.17803637411196332,0.0682522371489723,0.02313777893795837,0.018034359278641082,0.0007195391351863202,0.0017675071790060756
cake_impl_01,mu_D_perp_native,4.0,0.9260084295515363,350,0.021176123564365417,0.6421018431971302,0.125681879258223,0.0196092689258273,0.5945917194311213,0.6458522222218923,350,0.01933921631828334,0.6862808631807342,0.1009395254023082,-5.39485502243042,-4.0217766761779785,-0.5198802947998047,-1.7700600624084473,-2.4316933155059814,-3.5580408573150635,-3.931752920150757,-7.057398796081543,-6.331022262573242,0.0049026319704742255,0.01935305995135046,0.6421018431971302,0.18393219012658538,0.09491045846611566,0.030771420792107342,0.021176123564365417,0.0009298131975039956,0.0019224587343672265,-5.84714412689209,-4.477479934692383,-0.8136528730392456,-2.216507911682129,-3.0237717628479004,-4.099888801574707,-4.382804870605469,-7.4735565185546875,-6.788361072540283,0.004471821015253817,0.01759227532709482,0.6862808631807342,0.16875229452394472,0.07527650561333317,0.025663019788975033,0.01933921631828334,0.0008793109584005919,0.0017446932739803144
cake_impl_01,mu_D_perp_matched,0.0,0.8840484397366504,350,0.01709264601102549,0.6857316694659585,0.11496012068155309,0.015110727037017964,0.6062200124693891,0.6855783221063176,350,0.015801097365931088,0.7151481655527989,0.09523338502660611,-5.250465393066406,-4.002171993255615,-0.5005123019218445,-2.0006370544433594,-2.567304849624634,-3.6933608055114746,-4.192350387573242,-7.44301700592041,-6.358595848083496,0.005933019699982429,0.020672962921910048,0.6857316694659585,0.15298833035627232,0.08680757184691233,0.028152548834640766,0.01709264601102549,0.0006623121522014976,0.00195893871109666,-5.580236911773682,-4.338766574859619,-0.7127580642700195,-2.295567035675049,-3.0092613697052,-4.137554168701172,-4.525168418884277,-7.716853618621826,-6.732470512390137,0.005501445623133786,0.01903884251404528,0.7151481655527989,0.14688952510936118,0.07195107976223968,0.023282305264366435,0.015801097365931088,0.0006494653398994488,0.001738073468224057
cake_impl_01,mu_D_perp_matched,0.5,0.9052456484428537,350,0.01659858770231593,0.6811136033635184,0.10172876534489368,0.015025799287818562,0.6165751255400569,0.6843185342961563,350,0.015202979501779458,0.7115323842380554,0.08256237835544604,-5.358541488647461,-3.985240936279297,-0.48357510566711426,-1.8586983680725098,-2.697934627532959,-3.699129343032837,-4.197986602783203,-7.448562145233154,-6.318969249725342,0.005200541359190212,0.020533614605006436,0.6811136033635184,0.1721912621542271,0.07439357561274348,0.027335189732150194,0.01659858770231593,0.0006432267784121507,0.0019903986924360963,-5.726840972900391,-4.3225016593933105,-0.7196661233901978,-2.1860809326171875,-3.185786247253418,-4.189540863037109,-4.565595626831055,-7.753686904907227,-6.732366561889648,0.004759992451522284,0.019386663785369126,0.7115323842380554,0.16418701651201267,0.060418829803773125,0.02214354855167291,0.015202979501779458,0.000627130986939042,0.001741454168875794
cake_impl_01,mu_D_perp_matched,1.0,0.9064797685592443,350,0.019030491641888345,0.6699670297692345,0.1129534417347298,0.01725075565910758,0.60731155808754,0.6777627366482021,350,0.01693008856887378,0.7073805077736829,0.09266090057946696,-5.248682498931885,-4.000606536865234,-0.49871334433555603,-1.8738656044006348,-2.559858798980713,-3.6859097480773926,-4.05989933013916,-7.310482978820801,-6.336238861083984,0.005796529331233086,0.020192985857800657,0.6699670297692345,0.1693684030019522,0.08529220331636084,0.02766123841836897,0.019030491641888345,0.0007374616938859818,0.001953656969275371,-5.6172332763671875,-4.413599967956543,-0.7351445555686951,-2.2385849952697754,-3.0481486320495605,-4.176286697387695,-4.467620849609375,-7.648557186126709,-6.7107625007629395,0.005362766611865639,0.017869820945069174,0.7073805077736829,0.15729582718236332,0.07000485838677711,0.022656042192689844,0.01693008856887378,0.0007033899063045095,0.001796698432373692
cake_impl_01,mu_D_perp_matched,2.0,0.9283828276039929,350,0.01903108620280376,0.6538917148437008,0.1129508328222317,0.017668133621334292,0.6070618391734188,0.6572006942664838,350,0.017837842346311934,0.6882134331823028,0.0930243421871702,-5.499110221862793,-4.001016139984131,-0.4991246163845062,-1.7492682933807373,-2.5359344482421875,-3.6622793674468994,-4.035992622375488,-7.286855697631836,-6.3099212646484375,0.004405951138860841,0.01970850444914338,0.6538917148437008,0.1873161979677023,0.0852963729300076,0.027654459892224113,0.01903108620280376,0.000737278690018484,0.0019584338855386948,-5.907914161682129,-4.456645965576172,-0.7934221029281616,-2.1532349586486816,-3.0744943618774414,-4.204873561859131,-4.4461989402771,-7.662323951721191,-6.767622947692871,0.004135494679968649,0.01765245998918131,0.6882134331823028,0.17667045424173838,0.07031792560091626,0.022706416586253945,0.017837842346311934,0.0007154791389468147,0.001750494234380031
cake_impl_01,mu_D_perp_matched,4.0,0.9469491549808927,350,0.028233792339253074,0.631385562190631,0.1347536521338285,0.0267359657975617,0.5978900245835539,0.6183226388797392,350,0.026256267230603234,0.6729402044770304,0.10935740298596461,-5.38932991027832,-4.141796588897705,-0.5143484473228455,-1.7645413875579834,-2.3716702461242676,-3.3731892108917236,-3.6217455863952637,-6.747477054595947,-6.308998107910156,0.004820777617894425,0.01678471360858158,0.631385562190631,0.1808600936803224,0.09855304298702397,0.03620060914680454,0.028233792339253074,0.0012395992008478178,0.0019218092286412058,-5.888310432434082,-4.695627212524414,-0.8768436908721924,-2.257336139678955,-3.021453380584717,-3.96923828125,-4.120595455169678,-7.206436634063721,-6.81421422958374,0.004482539483923125,0.014774060214835707,0.6729402044770304,0.16921397319782347,0.07881054334972822,0.030546859636236396,0.026256267230603234,0.0011996904117362727,0.0017758619980833058
cake_impl_01,r0,0.0,0.8840484397366504,350,0.01709264601102549,0.6857316694659585,0.11496012068155309,0.015110727037017964,0.6062200124693891,0.6855783221063176,350,0.015801097365931088,0.7151481655527989,0.09523338502660611,-5.250465393066406,-4.002171993255615,-0.5005123019218445,-2.0006370544433594,-2.567304849624634,-3.6933608055114746,-4.192350387573242,-7.44301700592041,-6.358595848083496,0.005933019699982429,0.020672962921910048,0.6857316694659585,0.15298833035627232,0.08680757184691233,0.028152548834640766,0.01709264601102549,0.0006623121522014976,0.00195893871109666,-5.580236911773682,-4.338766574859619,-0.7127580642700195,-2.295567035675049,-3.0092613697052,-4.137554168701172,-4.525168418884277,-7.716853618621826,-6.732470512390137,0.005501445623133786,0.01903884251404528,0.7151481655527989,0.14688952510936118,0.07195107976223968,0.023282305264366435,0.015801097365931088,0.0006494653398994488,0.001738073468224057
cake_impl_01,r0,0.5,0.9038337417164399,350,0.013714579630995344,0.7070568713600685,0.0922389769052529,0.012395699823950593,0.6390618576476902,0.7016213520442026,350,0.012692612970303708,0.7373758611916625,0.07641818010579718,-5.322718143463135,-3.9492201805114746,-0.44775402545928955,-1.947890043258667,-2.7653746604919434,-3.8914270401000977,-4.390405654907227,-7.64108943939209,-6.318079471588135,0.005398639541414356,0.021319986114453224,0.7070568713600685,0.1577442554548615,0.06965054102930761,0.022588435875945292,0.013714579630995344,0.000531408467810184,0.001995282525144068,-5.652704238891602,-4.28482723236084,-0.6590189337730408,-2.2743608951568604,-3.2059710025787354,-4.335365295410156,-4.721096515655518,-7.9458818435668945,-6.692720890045166,0.004999872665048229,0.019634524124450298,0.7373758611916625,0.14660703688116317,0.05775128968915741,0.018666890416639763,0.012692612970303708,0.00050471308506224,0.0017671989765124948
cake_impl_01,r0,1.0,0.9049021255645344,350,0.015323473486646904,0.6937565022523325,0.10306150393145036,0.01386624372909857,0.6277817335123524,0.7002252149416729,350,0.013746046591043533,0.7258397128559964,0.08562364072770942,-5.090523719787598,-3.8420231342315674,-0.46556273102760315,-1.9657509326934814,-2.653249740600586,-3.779303789138794,-4.2782979011535645,-7.528799057006836,-6.31965970993042,0.006801614761190548,0.023704398803183375,0.6937565022523325,0.15476886895149639,0.07782276736757149,0.025238736563878872,0.015323473486646904,0.0005938578557464158,0.001989779957953372,-5.420149803161621,-4.176959991455078,-0.6767793297767639,-2.292919635772705,-3.0945520401000977,-4.222596168518066,-4.643357276916504,-7.801854610443115,-6.691831111907959,0.006321513996475708,0.02191450064414099,0.7258397128559964,0.14419822323798032,0.06468675709911527,0.020936883628594156,0.013746046591043533,0.0005840632066721645,0.0017722987399816392
cake_impl_01,r0,2.0,0.9147833978880983,350,0.016604499612781876,0.6782907332783078,0.10176757798611645,0.015189520576012217,0.6204891017443401,0.7078118317043813,350,0.015434949565658019,0.7104777670255377,0.08465852191550391,-5.227206707000732,-3.853916883468628,-0.4772472381591797,-1.852372169494629,-2.687107563018799,-3.6881706714630127,-4.187149524688721,-7.562727928161621,-6.184872627258301,0.0058686025398641895,0.02317111270616227,0.6782907332783078,0.17147733061002907,0.07441932712676069,0.02734825085935576,0.016604499612781876,0.0005678461930411027,0.002252297073697252,-5.554816246032715,-4.1878461837768555,-0.6873946189880371,-2.178366184234619,-3.1273858547210693,-4.129552841186523,-4.516697883605957,-7.864162921905518,-6.556003570556641,0.005465830231327958,0.021444883602817114,0.7104777670255377,0.15996676738058674,0.06192638985578773,0.022732132059716182,0.015434949565658019,0.0005428997232236195,0.002008380555344999
cake_impl_01,r0,4.0,0.9268627524005483,350,0.013725606658186328,0.7015484720861839,0.09231105310388968,0.012721753565573871,0.6502391477801996,0.722212958845233,350,0.012700443486242555,0.7305513772054114,0.07376149072903607,-5.180367469787598,-3.681879997253418,-0.4304150640964508,-1.9306031465530396,-2.739391803741455,-3.865614414215088,-4.364441871643066,-7.865320205688477,-6.167662620544434,0.006069872435213344,0.027162166342968187,0.7015484720861839,0.15650718390445875,0.06970787218929522,0.022603180914594453,0.013725606658186328,0.00041411351717538094,0.002261531951924321,-5.507277011871338,-4.013990879058838,-0.6393909454345703,-2.222792625427246,-3.223975896835327,-4.306920051574707,-4.691553592681885,-8.168063163757324,-6.538088321685791,0.00561765037554798,0.025008096355393326,0.7305513772054114,0.14996439215553617,0.05510357570484078,0.018657915024195285,0.012700443486242555,0.0003926358613667454,0.002003913831465632
cake_impl_01,r1,0.0,0.8840484397366504,350,0.01709264601102549,0.6857316694659585,0.11496012068155309,0.015110727037017964,0.6062200124693891,0.6855783221063176,350,0.015801097365931088,0.7151481655527989,0.09523338502660611,-5.250465393066406,-4.002171993255615,-0.5005123019218445,-2.0006370544433594,-2.567304849624634,-3.6933608055114746,-4.192350387573242,-7.44301700592041,-6.358595848083496,0.005933019699982429,0.020672962921910048,0.6857316694659585,0.15298833035627232,0.08680757184691233,0.028152548834640766,0.01709264601102549,0.0006623121522014976,0.00195893871109666,-5.580236911773682,-4.338766574859619,-0.7127580642700195,-2.295567035675049,-3.0092613697052,-4.137554168701172,-4.525168418884277,-7.716853618621826,-6.732470512390137,0.005501445623133786,0.01903884251404528,0.7151481655527989,0.14688952510936118,0.07195107976223968,0.023282305264366435,0.015801097365931088,0.0006494653398994488,0.001738073468224057
cake_impl_01,r1,0.5,0.8836795322290025,350,0.017083579539453345,0.6696085357272812,0.11489463049367776,0.01509640957622109,0.5917193576280312,0.6851845369365648,350,0.01582807836722059,0.6991231780690609,0.09519151010432766,-5.2746968269348145,-4.026195049285889,-0.5247228145599365,-1.8998565673828125,-2.5682573318481445,-3.694455146789551,-4.19329833984375,-7.443802356719971,-6.120660781860352,0.005793399511258743,0.020190678386214904,0.6696085357272812,0.16928090820709238,0.08676113338356632,0.02813349711011144,0.017083579539453345,0.0006620684857747178,0.002486199649247021,-5.606736183166504,-4.329598903656006,-0.7359954118728638,-2.195556402206421,-3.010307550430298,-4.13847017288208,-4.524036884307861,-7.749534606933594,-6.493124961853027,0.005360655036020697,0.019225229546861115,0.6991231780690609,0.16243305648340506,0.07191715334777758,0.02327435675655008,0.01582807836722059,0.0006289445085098698,0.0022093478845940408
cake_impl_01,r1,1.0,0.8935983352973865,350,0.015320668288735117,0.6964222192009347,0.10303763366790583,0.01369052367845716,0.6223217357420668,0.6944613985738611,350,0.014135037878058537,0.7245106273818172,0.08602617347216168,-5.224270343780518,-3.9759750366210938,-0.47429805994033813,-1.97452974319458,-2.6660165786743164,-3.7922143936157227,-4.291051387786865,-7.541824817657471,-6.2098588943481445,0.006025399771836121,0.020994891295955272,0.6964222192009347,0.15535680356153597,0.07780748186208876,0.025230151805817076,0.015320668288735117,0.0005935875004586641,0.002248796712638354,-5.556453704833984,-4.349837779998779,-0.6868775486946106,-2.270962715148926,-3.1083078384399414,-4.195356845855713,-4.623717308044434,-7.8491363525390625,-6.582468509674072,0.005561791530557724,0.018588371535084195,0.7245106273818172,0.14862275708165126,0.06433257679354237,0.02169359667861931,0.014135037878058537,0.0005617140459482974,0.0019935270747214154
cake_impl_01,r1,2.0,0.8874792554356395,350,0.017515977349103373,0.6672991806320029,0.11441394626063128,0.015545066536009788,0.5922141799801023,0.6830361338961761,350,0.016275111561606895,0.7009338636624792,0.09531473001508414,-5.273860931396484,-3.90057373046875,-0.5238869190216064,-1.8991193771362305,-2.5389626026153564,-3.790170669555664,-4.1640119552612305,-7.414764404296875,-5.982215881347656,0.005773419155623375,0.022795238594479315,0.6672991806320029,0.16868043941708663,0.08895786302207827,0.025456083238553015,0.017515977349103373,0.0006786572989106323,0.002843141292162584,-5.6078901290893555,-4.2383809089660645,-0.7365492582321167,-2.2278311252593994,-2.982989549636841,-4.236217498779297,-4.499325752258301,-7.692297458648682,-6.356680870056152,0.005371314508653253,0.02112763472438505,0.7009338636624792,0.15776895770927132,0.07414133807254475,0.0211733919425394,0.016275111561606895,0.0006680884770548414,0.0025402993414652126
cake_impl_01,r1,4.0,0.8803283691535694,350,0.02161742873227646,0.6847663775567319,0.10996192967703855,0.019030435781178447,0.6028192684057151,0.6666200884414198,350,0.019668659002025062,0.7128315366470822,0.09383561426975498,-5.3811187744140625,-4.00834321975708,-0.5061378479003906,-2.0064146518707275,-2.5866622924804688,-3.838226556777954,-3.9617156982421875,-7.212846755981445,-5.598628997802734,0.005228355532569825,0.020632600090290353,0.6847663775567319,0.15274974390049803,0.08550315542763323,0.02445877424940532,0.02161742873227646,0.0008372511593031346,0.004206313351291647,-5.752680778503418,-4.34887170791626,-0.7440451383590698,-2.3374240398406982,-3.032111167907715,-4.24477481842041,-4.334263801574707,-7.493127822875977,-5.975826740264893,0.004761722527777165,0.01938342944885734,0.7128315366470822,0.1448742633658688,0.0723256681486032,0.021509946121151785,0.019668659002025062,0.0008354058987067878,0.003809368839927965
cake_impl_01,r2,0.0,0.8840484397366504,350,0.01709264601102549,0.6857316694659585,0.11496012068155309,0.015110727037017964,0.6062200124693891,0.6855783221063176,350,0.015801097365931088,0.7151481655527989,0.09523338502660611,-5.250465393066406,-4.002171993255615,-0.5005123019218445,-2.0006370544433594,-2.567304849624634,-3.6933608055114746,-4.192350387573242,-7.44301700592041,-6.358595848083496,0.005933019699982429,0.020672962921910048,0.6857316694659585,0.15298833035627232,0.08680757184691233,0.028152548834640766,0.01709264601102549,0.0006623121522014976,0.00195893871109666,-5.580236911773682,-4.338766574859619,-0.7127580642700195,-2.295567035675049,-3.0092613697052,-4.137554168701172,-4.525168418884277,-7.716853618621826,-6.732470512390137,0.005501445623133786,0.01903884251404528,0.7151481655527989,0.14688952510936118,0.07195107976223968,0.023282305264366435,0.015801097365931088,0.0006494653398994488,0.001738073468224057
cake_impl_01,r2,0.5,0.8946446423091912,350,0.015332806727186746,0.6612983152926071,0.1031203934417684,0.013717413390039946,0.5916269947446252,0.7009146359349577,350,0.014055984856862616,0.6988095629437897,0.08462456050830804,-5.274849891662598,-3.9013471603393555,-0.5248789191246033,-1.7750123739242554,-2.66404390335083,-3.7902400493621826,-4.289089202880859,-7.664596080780029,-6.34230375289917,0.005721517540971407,0.022595184444423714,0.6612983152926071,0.18943985614179246,0.07786994496876327,0.025250448473005123,0.015332806727186746,0.0005243939235740747,0.0019675324876761535,-5.60454797744751,-4.236352443695068,-0.713746190071106,-2.1021950244903564,-3.1056010723114014,-4.232434272766113,-4.6200761795043945,-7.938053131103516,-6.67982816696167,0.005251829413384309,0.02063052983197356,0.6988095629437897,0.1743264042716081,0.0639130381664659,0.020711522341842138,0.014055984856862616,0.0005091927359271697,0.0017919354381464201
cake_impl_01,r2,1.0,0.8944570164196364,350,0.01661480350829403,0.6639577119618921,0.10183123238718261,0.014861227574427186,0.5938816340702423,0.6954612026577418,350,0.015354936253595772,0.6915648408397036,0.08523604072329108,-5.39604377746582,-4.0227460861206055,-0.5210752487182617,-1.7711833715438843,-2.708956003189087,-3.7100069522857666,-4.2089996337890625,-7.584505081176758,-6.467907905578613,0.005069539230406102,0.020016313643510884,0.6639577119618921,0.19020650261303526,0.07446563219826982,0.027365600188912795,0.01661480350829403,0.0005682400241377279,0.0017356566315413066,-5.6930131912231445,-4.357612133026123,-0.7319784164428711,-2.064575433731079,-3.1494994163513184,-4.110182762145996,-4.539498329162598,-7.857425689697266,-6.803224563598633,0.004844878367670809,0.01841790332810468,0.6915648408397036,0.18242878867021373,0.061647699608751466,0.023588341114539606,0.015354936253595772,0.0005562761929513616,0.0015963356244689504
cake_impl_01,r2,2.0,0.8951300851187368,350,0.015340714961657847,0.6475988321266982,0.10317917989112305,0.013731935489411068,0.5796851977243659,0.7129320893578984,350,0.01387491108442953,0.674046827855908,0.08703054482135816,-5.545236587524414,-4.171727657318115,-0.5452700853347778,-1.6703461408615112,-2.6629984378814697,-3.788921356201172,-4.288031101226807,-7.663548469543457,-6.592212677001953,0.004363632777234412,0.017232787968751658,0.6475988321266982,0.21022856905572132,0.0779091236362868,0.025270056254836255,0.015340714961657847,0.0005246588874283223,0.001531624331385165,-5.841540813446045,-4.4724812507629395,-0.7328248023986816,-1.9325294494628906,-3.0602080821990967,-4.188506126403809,-4.616042137145996,-7.935213088989258,-6.926944255828857,0.004073829943292107,0.016016879544275445,0.674046827855908,0.2030789742224557,0.0657537238679818,0.021276820953376366,0.01387491108442953,0.0005020333633909452,0.0013759991648900956
cake_impl_01,r2,4.0,0.9001297782094558,350,0.017944985395003825,0.6302917919719484,0.1005429954262585,0.016152815723576717,0.5673444109149504,0.7320163185113496,350,0.016464646305552406,0.6560079700100901,0.08416771321722516,-5.941760540008545,-4.318267345428467,-0.5667887330055237,-1.5668355226516724,-2.750619649887085,-3.6263372898101807,-4.1256608963012695,-7.501047611236572,-6.9874749183654785,0.0029189123587624165,0.014801140840199414,0.6302917919719484,0.23186054327900474,0.07097672150380761,0.029566273922450877,0.017944985395003825,0.0006138062194121329,0.001025824509410589,-6.2070698738098145,-4.616074562072754,-0.7335348129272461,-1.801092267036438,-3.146422863006592,-3.9842469692230225,-4.418492317199707,-7.7413010597229,-7.288099765777588,0.002752853134761672,0.013512743310496133,0.6560079700100901,0.22556660567269235,0.05874963194252535,0.025418081274699803,0.016464646305552406,0.0005935740475497775,0.0009338943016323155
cake_impl_04,mu_D,0.0,0.6490018143270098,350,0.003049678088854872,0.8989862262600079,0.012126112070359567,0.0019792466127801396,0.5834436918977368,0.4008470575236816,350,0.001992584105397924,0.9227249039669119,0.00792033369699123,-6.413983345031738,-3.540466547012329,-0.5388073325157166,-3.789187431335449,-5.599558353424072,-5.479750156402588,-6.225039005279541,-7.855212688446045,-6.180674076080322,0.0025246228889416046,0.044683687345803344,0.8989862262600079,0.034844232006019916,0.005700287956603321,0.006425824113756247,0.003049678088854872,0.0005974183586499082,0.0031880229813629497,-7.272356033325195,-4.222599983215332,-0.994599461555481,-4.483445167541504,-6.504602432250977,-6.389969825744629,-7.132498264312744,-9.573063850402832,-8.170182228088379,0.0017325158016625953,0.03657374462024916,0.9227249039669119,0.02817641945356907,0.003733432955714577,0.004186900741276653,0.001992584105397924,0.0001735771266598749,0.000705921228558096
cake_impl_04,mu_D,0.5,0.6461416180357111,350,0.0038239144953464456,0.896441966986353,0.01341456010579851,0.002470790299253362,0.5792284630236777,0.3981617337688774,350,0.0025107205502816164,0.9233586398546442,0.00878984783902415,-6.296302795410156,-3.5476937294006348,-0.5460582971572876,-3.796537160873413,-5.502849578857422,-5.383316993713379,-6.0032172203063965,-7.883017539978027,-6.068292140960693,0.0028524807658791814,0.04455828581968041,0.896441966986353,0.034742186380520776,0.0063068874128752546,0.007107672692923255,0.0038239144953464456,0.0005836080406612898,0.0035829974057602736,-7.227660655975342,-4.289724349975586,-1.0006345510482788,-4.492181777954102,-6.484705924987793,-6.228113174438477,-6.908082485198975,-9.585315704345703,-8.058625221252441,0.0018239265332097583,0.03442998766183136,0.9233586398546442,0.028119702606539516,0.0038341445420690093,0.004955703296955141,0.0025107205502816164,0.00017261986135438224,0.0007945550931150599
cake_impl_04,mu_D,1.0,0.667488771976754,350,0.004509430459485031,0.9106130194193048,0.014947212797264183,0.003009994199716233,0.6078239660782359,0.3944887224450893,350,0.0031075797001581993,0.9344091238860104,0.00955255043311372,-6.373164176940918,-3.7498888969421387,-0.49786996841430664,-3.9983248710632324,-5.430502414703369,-5.185667037963867,-5.805817127227783,-7.6860246658325195,-5.935061454772949,0.002556972168715055,0.03523708544937508,0.9106130194193048,0.02748562436910739,0.006563247814665663,0.00838396498259852,0.004509430459485031,0.0006879516793676262,0.003962703657380459,-7.378036975860596,-4.491825103759766,-0.9980056285858154,-4.753348350524902,-6.487391471862793,-6.098667621612549,-6.704075813293457,-9.234516143798828,-8.000823974609375,0.0015838887054047117,0.02839164470305849,0.9344091238860104,0.021858102017327904,0.0038594648469631723,0.005693085586150548,0.0031075797001581993,0.00024743777598250615,0.0008496727789439635
cake_impl_04,mu_D,2.0,0.7000308566756592,350,0.005001953009162893,0.9108071636305094,0.014631349591219426,0.0035015214500556916,0.6375931190225929,0.4136295982705389,350,0.0034830655703193708,0.933972518504999,0.009334792346746902,-6.325464248657227,-3.7029507160186768,-0.45005494356155396,-3.950631618499756,-5.404351234436035,-5.159351348876953,-5.654557704925537,-7.911553859710693,-5.935472011566162,0.0025572229749073667,0.035213707587829136,0.9108071636305094,0.02748813685280057,0.006423961018301367,0.008207388572918058,0.005001953009162893,0.0005235264541117668,0.003776939899459316,-7.333688259124756,-4.386233329772949,-0.9510926604270935,-4.771550178527832,-6.466273307800293,-6.072181701660156,-6.542626857757568,-9.350179672241211,-7.945664882659912,0.0015790942381362005,0.03009341403553699,0.933972518504999,0.02047059561565453,0.0037594263037875873,0.005575366042959314,0.0034830655703193708,0.00021021173433871535,0.0008563079542683997
cake_impl_04,mu_D,4.0,0.8115949185265736,350,0.005331839451394359,0.9367668155165699,0.012136257534106763,0.004327293805151176,0.7602751873175684,0.5319825604583055,350,0.003871145220352115,0.9526625505870135,0.007879303769815126,-7.149749279022217,-4.153797149658203,-0.27407482266426086,-4.024608135223389,-5.442739486694336,-5.1989946365356445,-5.442812919616699,-8.076313972473145,-6.002832412719727,0.0009673063124850702,0.01935038007555586,0.9367668155165699,0.02201889780703366,0.005332230998322889,0.006804026535783873,0.005331839451394359,0.00038296764875012074,0.0030455356541042454,-7.934835910797119,-4.716717720031738,-0.6796391010284424,-4.702254295349121,-6.417273044586182,-5.968315124511719,-6.185349464416504,-8.932127952575684,-7.769911289215088,0.0006730497289953064,0.01681349991718496,0.9526625505870135,0.017058447829677165,0.0030698441832433046,0.004809459586571822,0.003871145220352115,0.0002482725604296552,0.0007937303865317929
cake_impl_04,mu_Dprime_native,0.0,0.6490018143270098,350,0.003049678088854872,0.8989862262600079,0.012126112070359567,0.0019792466127801396,0.5834436918977368,0.4008470575236816,350,0.001992584105397924,0.9227249039669119,0.00792033369699123,-6.413983345031738,-3.540466547012329,-0.5388073325157166,-3.789187431335449,-5.599558353424072,-5.479750156402588,-6.225039005279541,-7.855212688446045,-6.180674076080322,0.0025246228889416046,0.044683687345803344,0.8989862262600079,0.034844232006019916,0.005700287956603321,0.006425824113756247,0.003049678088854872,0.0005974183586499082,0.0031880229813629497,-7.272356033325195,-4.222599983215332,-0.994599461555481,-4.483445167541504,-6.504602432250977,-6.389969825744629,-7.132498264312744,-9.573063850402832,-8.170182228088379,0.0017325158016625953,0.03657374462024916,0.9227249039669119,0.02817641945356907,0.003733432955714577,0.004186900741276653,0.001992584105397924,0.0001735771266598749,0.000705921228558096
cake_impl_04,mu_Dprime_native,0.5,0.6093240865307964,350,0.004758690193862334,0.9001412385608626,0.014732050766168346,0.0028995845554582247,0.5484777379347973,0.3918680713479802,350,0.003227409756058007,0.9260591679016965,0.00926725210989337,-6.22590970993042,-3.6026268005371094,-0.6006085872650146,-4.101201057434082,-5.4678635597229,-5.348273754119873,-5.8431878089904785,-7.848409175872803,-5.879047393798828,0.0032454387858689144,0.04472503757255927,0.9001412385608626,0.027165810413948853,0.0069260987953017605,0.007805951970866585,0.004758690193862334,0.0006406647909629139,0.004591068915766692,-7.156167030334473,-4.228492736816406,-1.013647198677063,-4.796160697937012,-6.449713230133057,-6.189640045166016,-6.672905445098877,-9.308855056762695,-7.895569801330566,0.001990564560349487,0.03719195932310991,0.9260591679016965,0.021082106121449198,0.004034458521779425,0.005232793588113946,0.003227409756058007,0.00023124680260490013,0.0009502934248385097
cake_impl_04,mu_Dprime_native,1.0,0.5788837256211159,350,0.006593270745351848,0.9034550958137954,0.01827634419028501,0.0038167371330979894,0.5229954517960721,0.3568543650340536,350,0.004709132803572102,0.928477152604309,0.012071829732158802,-6.273627281188965,-3.900489330291748,-0.6481825113296509,-4.148841857910156,-5.443164348602295,-5.074517250061035,-5.568359375,-7.698126792907715,-5.764197826385498,0.003256918942037959,0.03495003917526149,0.9034550958137954,0.027263997581910712,0.007472611760196986,0.010803732430088024,0.006593270745351848,0.0007837087084295275,0.005420624842928292,-7.13475227355957,-4.525725364685059,-1.1046370267868042,-4.9062347412109375,-6.426753997802734,-5.918142795562744,-6.388679027557373,-9.069132804870605,-7.835023880004883,0.002233188817240315,0.030339710615149142,0.928477152604309,0.020737591323356907,0.004533203222276433,0.007538626509882368,0.004709132803572102,0.0003227265191395605,0.0011086675850741049
cake_impl_04,mu_Dprime_native,2.0,0.6132809771238189,350,0.006012784470356854,0.9485663823164022,0.011325115850641422,0.0036875263352153754,0.5817377178138091,0.4890516856414664,350,0.004291489341953176,0.9602878376127304,0.007490242598350533,-7.542316436767578,-4.418980598449707,-0.5417355895042419,-5.167503356933594,-6.102717399597168,-5.358344078063965,-5.602799415588379,-8.110108375549316,-6.060036659240723,0.0008644783014513906,0.01964271957570992,0.9485663823164022,0.009292280541017101,0.003647237251027285,0.007677878599614137,0.006012784470356854,0.0004899651501786123,0.0038062737942421913,-8.088699340820312,-4.7265777587890625,-0.7558093070983887,-5.556204319000244,-6.750278949737549,-5.994443893432617,-6.166408538818359,-8.792263984680176,-7.640913009643555,0.0006277225789664806,0.018110006280226635,0.9602878376127304,0.007899804864457571,0.0023935160314261265,0.005096726566924406,0.004291489341953176,0.0003106086227030452,0.000982288100612011
cake_impl_04,mu_Dprime_native,4.0,0.6997037600473822,350,0.0030830441511510427,0.9664793030764322,0.005077294134263219,0.0021572175849524744,0.6762492023705531,0.6938920396147628,350,0.002936564398489132,0.968102554093305,0.004731728919290678,-9.142135620117188,-4.142343521118164,-0.3911936283111572,-8.142598152160645,-7.138803958892822,-5.892922878265381,-6.1389360427856445,-8.268580436706543,-6.721466064453125,0.0001530053933297656,0.022703293255725232,0.9664793030764322,0.0004157194523012403,0.0011343383773665039,0.003942955756896715,0.0030830441511510427,0.00036651093409556225,0.0017218296027016423,-9.195490837097168,-4.163267135620117,-0.3978561460971832,-8.168290138244629,-7.194490432739258,-5.978509426116943,-6.195953845977783,-8.362031936645508,-7.358428001403809,0.0001462706414040295,0.022419408541503823,0.968102554093305,0.00040856838801551755,0.0010818837549852352,0.0036498451643054426,0.002936564398489132,0.0003366074835942728,0.0009182975343973569
cake_impl_04,mu_Dprime_matched,0.0,0.6490018143270098,350,0.003049678088854872,0.8989862262600079,0.012126112070359567,0.0019792466127801396,0.5834436918977368,0.4008470575236816,350,0.001992584105397924,0.9227249039669119,0.00792033369699123,-6.413983345031738,-3.540466547012329,-0.5388073325157166,-3.789187431335449,-5.599558353424072,-5.479750156402588,-6.225039005279541,-7.855212688446045,-6.180674076080322,0.0025246228889416046,0.044683687345803344,0.8989862262600079,0.034844232006019916,0.005700287956603321,0.006425824113756247,0.003049678088854872,0.0005974183586499082,0.0031880229813629497,-7.272356033325195,-4.222599983215332,-0.994599461555481,-4.483445167541504,-6.504602432250977,-6.389969825744629,-7.132498264312744,-9.573063850402832,-8.170182228088379,0.0017325158016625953,0.03657374462024916,0.9227249039669119,0.02817641945356907,0.003733432955714577,0.004186900741276653,0.001992584105397924,0.0001735771266598749,0.000705921228558096
cake_impl_04,mu_Dprime_matched,0.5,0.6120984724365279,350,0.0038061168946914624,0.904643831326209,0.013351922046061986,0.0023297183371555055,0.5537311072539005,0.37641463556749494,350,0.002515801515064319,0.929969611301757,0.008456383307536577,-6.341309547424316,-3.71848201751709,-0.5910760760307312,-3.966515064239502,-5.561635494232178,-5.442140579223633,-6.062007904052734,-7.816319942474365,-5.995570182800293,0.0028786108622753334,0.039651761297010354,0.904643831326209,0.030941623660465423,0.00627756327400065,0.007074358772061335,0.0038061168946914624,0.0006585580829500875,0.004067575830336441,-7.270902633666992,-4.3981428146362305,-1.0496673583984375,-4.727651596069336,-6.538387298583984,-6.356006622314453,-6.962227821350098,-9.429990768432617,-8.08793830871582,0.001847653830150006,0.03267716295549575,0.929969611301757,0.023503930721859797,0.003843686643358902,0.004612696664177675,0.002515801515064319,0.00021327529127989283,0.0008161810768565012
cake_impl_04,mu_Dprime_matched,1.0,0.6063399122599473,350,0.004505542738399487,0.9084816049273717,0.014928376876742764,0.002731890388684588,0.5508486566214387,0.37462173799237336,350,0.0031848675025284135,0.9330470022713204,0.009802411049602191,-6.346622467041016,-3.723323345184326,-0.596295177936554,-4.2219767570495605,-5.527475357055664,-5.283299446105957,-5.902761459350586,-7.782918453216553,-5.908940315246582,0.00289055160526666,0.03983502190169587,0.9084816049273717,0.02419371916347608,0.0065574018219257055,0.008370975054817058,0.004505542738399487,0.0006873933179385547,0.004477789469109031,-7.275564670562744,-4.404544830322266,-1.051138162612915,-4.98112678527832,-6.515453338623047,-6.1230268478393555,-6.731183052062988,-9.256336212158203,-7.983662128448486,0.001847861582550531,0.03262402269343814,0.9330470022713204,0.018328678319556646,0.003951678404270002,0.00585073264533219,0.0031848675025284135,0.00025493606967867585,0.0009102205113249362
cake_impl_04,mu_Dprime_matched,2.0,0.5802732341340135,350,0.005838059484738887,0.9048195293330632,0.016185302008005446,0.0033876696582761864,0.5250425545937125,0.3586946093568261,350,0.004158132302423331,0.9289994322513596,0.010659965747472733,-6.269749164581299,-3.771554946899414,-0.644275963306427,-4.269927978515625,-5.562448501586914,-5.193500995635986,-5.687613010406494,-7.8179426193237305,-5.758157253265381,0.003261744932137867,0.03966449777944902,0.9048195293330632,0.02409690703595194,0.006616476453248642,0.009568825554756804,0.005838059484738887,0.0006935505523906276,0.005440408874263069,-7.20120906829834,-4.3945393562316895,-1.098931074142456,-5.02866792678833,-6.548099994659424,-6.036111831665039,-6.5079731941223145,-9.016271591186523,-7.841305732727051,0.0020788817594939502,0.03441525225373875,0.9289994322513596,0.018253763446733667,0.003994583055374959,0.006665382692097774,0.004158132302423331,0.0003384995928727018,0.0010960726459052778
cake_impl_04,mu_Dprime_matched,4.0,0.6526523431129186,350,0.005322378495090054,0.9579631615473879,0.010026293681948403,0.0034736627957543333,0.6252169019997621,0.5460405922256969,350,0.004179122315361896,0.9663103011823855,0.007188661279626021,-7.970157623291016,-4.596572399139404,-0.46965664625167847,-5.345165252685547,-6.16248893737793,-5.417848587036133,-5.662545680999756,-8.167607307434082,-6.249581336975098,0.0005295690834115404,0.01545439719350116,0.9579631615473879,0.007310419924311609,0.0032283689240153275,0.006797924757933074,0.005322378495090054,0.0004346816575844847,0.002959098416764691,-8.375109672546387,-4.844082832336426,-0.6393322348594666,-5.659812927246094,-6.7423224449157715,-5.897829532623291,-6.08271598815918,-8.708751678466797,-7.740169525146484,0.0004221931229536222,0.014421705641563016,0.9663103011823855,0.006378955141378724,0.002160835160467245,0.005027826119158776,0.004179122315361896,0.00030242122815367546,0.0007966400885775091
cake_impl_04,mu_D_par,0.0,0.6490018143270098,350,0.003049678088854872,0.8989862262600079,0.012126112070359567,0.0019792466127801396,0.5834436918977368,0.4008470575236816,350,0.001992584105397924,0.9227249039669119,0.00792033369699123,-6.413983345031738,-3.540466547012329,-0.5388073325157166,-3.789187431335449,-5.599558353424072,-5.479750156402588,-6.225039005279541,-7.855212688446045,-6.180674076080322,0.0025246228889416046,0.044683687345803344,0.8989862262600079,0.034844232006019916,0.005700287956603321,0.006425824113756247,0.003049678088854872,0.0005974183586499082,0.0031880229813629497,-7.272356033325195,-4.222599983215332,-0.994599461555481,-4.483445167541504,-6.504602432250977,-6.389969825744629,-7.132498264312744,-9.573063850402832,-8.170182228088379,0.0017325158016625953,0.03657374462024916,0.9227249039669119,0.02817641945356907,0.003733432955714577,0.004186900741276653,0.001992584105397924,0.0001735771266598749,0.000705921228558096
cake_impl_04,mu_D_par,0.5,0.6172602478982585,350,0.004321671545795526,0.9059457914352639,0.015157858767165213,0.0026675960496925963,0.559204323803715,0.3809449102082148,350,0.003048409119958084,0.9307804737727939,0.00996037395897426,-6.331470489501953,-3.7080068588256836,-0.5812403559684753,-4.0817461013793945,-5.426214694976807,-5.307030200958252,-5.926577568054199,-7.806520462036133,-6.015278339385986,0.0028827633707946983,0.03973422744589192,0.9059457914352639,0.027343360147382475,0.007127817826494767,0.008030040940670445,0.004321671545795526,0.0006594819775338817,0.00395484531017244,-7.261401176452637,-4.388941287994385,-1.036832332611084,-4.838237285614014,-6.406362533569336,-6.145392417907715,-6.758235931396484,-9.482146263122559,-8.111716270446777,0.0018431104557394382,0.032587034610398656,0.9307804737727939,0.02079304384631772,0.004334010181609232,0.005626363777365026,0.003048409119958084,0.0002000294892204205,0.00078752474659747
cake_impl_04,mu_D_par,1.0,0.607638675659567,350,0.004508581103555816,0.897389781987714,0.014943055963186975,0.002739588250868405,0.5452887386774421,0.3742777128244452,350,0.002976307630963252,0.9216130088884099,0.009850737436980422,-6.231751441955566,-3.6080970764160156,-0.6064398288726807,-3.9820380210876465,-5.524580955505371,-5.279998302459717,-5.899947643280029,-7.780121803283691,-6.034191131591797,0.0032354845299415974,0.04460442456921082,0.897389781987714,0.03068862654243925,0.006562352691155609,0.008380703272031366,0.004508581103555816,0.0006878450618742122,0.003942200242077432,-7.08966588973999,-4.232413291931152,-1.0643870830535889,-4.736983776092529,-6.504145622253418,-6.12399435043335,-6.799829006195068,-9.265031814575195,-8.025808334350586,0.0022274258663362127,0.03878754525484791,0.9216130088884099,0.023418556299414115,0.004000290030792638,0.005850447406187785,0.002976307630963252,0.0002529611584048159,0.0008734574646432272
cake_impl_04,mu_D_par,2.0,0.5993190246370717,350,0.005314317440854671,0.9066511335389764,0.016699841842918166,0.0031849715452648003,0.5433732730386748,0.3839136641917958,350,0.003651633887407457,0.9344611955689958,0.01089899936238375,-6.235381126403809,-3.8625519275665283,-0.6099587678909302,-4.110457420349121,-5.4990997314453125,-5.1297430992126465,-5.749311923980713,-7.754970550537109,-5.825888156890869,0.003268513779258655,0.03506363588177919,0.9066511335389764,0.027364842960787606,0.006825166762201161,0.009874675080717005,0.005314317440854671,0.0007151563818726719,0.004922558173552676,-7.164429664611816,-4.5434393882751465,-1.0251227617263794,-4.865006446838379,-6.415301322937012,-5.972466945648193,-6.569918155670166,-9.0322904586792,-8.00614070892334,0.002015088668960317,0.02770612409484984,0.9344611955689958,0.020087272723016487,0.004262225921291726,0.0066367734410920235,0.003651633887407457,0.0003112379349429311,0.0008684477594434704
cake_impl_04,mu_D_par,4.0,0.6297513491767832,350,0.0060919622879746504,0.9407503915334521,0.01355342871026129,0.003836421469986119,0.5924388283067785,0.47437543580069724,350,0.004332447426130816,0.9547402502305624,0.009043378541497935,-7.1490960121154785,-4.275838375091553,-0.5235076546669006,-4.899153709411621,-5.8131256103515625,-5.194459438323975,-5.563215255737305,-8.069221496582031,-5.995902061462402,0.0012474350563093594,0.02207282304329185,0.9407503915334521,0.01183465144018831,0.004744850335189773,0.008808578375071516,0.0060919622879746504,0.0004970642447003863,0.00395224368382215,-7.8089094161987305,-4.657790184020996,-0.7920721769332886,-5.374818325042725,-6.586485385894775,-5.839231491088867,-6.187378883361816,-8.8799409866333,-7.683127403259277,0.0008560744562112475,0.01999978067231998,0.9547402502305624,0.009763912256768866,0.0029067223472581017,0.006136656194239833,0.004332447426130816,0.00029333807500981805,0.0009708183414988938
cake_impl_04,mu_D_perp_native,0.0,0.6490018143270098,350,0.003049678088854872,0.8989862262600079,0.012126112070359567,0.0019792466127801396,0.5834436918977368,0.4008470575236816,350,0.001992584105397924,0.9227249039669119,0.00792033369699123,-6.413983345031738,-3.540466547012329,-0.5388073325157166,-3.789187431335449,-5.599558353424072,-5.479750156402588,-6.225039005279541,-7.855212688446045,-6.180674076080322,0.0025246228889416046,0.044683687345803344,0.8989862262600079,0.034844232006019916,0.005700287956603321,0.006425824113756247,0.003049678088854872,0.0005974183586499082,0.0031880229813629497,-7.272356033325195,-4.222599983215332,-0.994599461555481,-4.483445167541504,-6.504602432250977,-6.389969825744629,-7.132498264312744,-9.573063850402832,-8.170182228088379,0.0017325158016625953,0.03657374462024916,0.9227249039669119,0.02817641945356907,0.003733432955714577,0.004186900741276653,0.001992584105397924,0.0001735771266598749,0.000705921228558096
cake_impl_04,mu_D_perp_native,0.5,0.6780677569727344,350,0.0033690738239420246,0.9079148366696965,0.011820924714959217,0.0022844603308759216,0.6156277768228876,0.4008303568110321,350,0.002310380564954316,0.9303307196045386,0.007546395584159846,-6.485350131988525,-3.611750364303589,-0.4851127564907074,-3.8604378700256348,-5.581241607666016,-5.461423873901367,-6.081625461578369,-7.836882591247559,-6.139364719390869,0.0022499617284428754,0.03982572157100218,0.9079148366696965,0.031057038592955378,0.005556796264751176,0.006264128450208041,0.0033690738239420246,0.0005823874956168161,0.00318005540338483,-7.4146833419799805,-4.291335105895996,-0.9864321351051331,-4.675859451293945,-6.632486343383789,-6.372467517852783,-6.984560012817383,-9.51810073852539,-8.129683494567871,0.0015027382268987938,0.034145717127863136,0.9303307196045386,0.02324552915703477,0.0032853918423834494,0.004261003741776397,0.002310380564954316,0.00018339216002842814,0.0007351275745221212
cake_impl_04,mu_D_perp_native,1.0,0.7039277049505492,350,0.0028584368200157005,0.9143184754550467,0.010657811836748972,0.0020121328704597982,0.6436141060209561,0.41651130554013194,350,0.0019465257223671908,0.9372886126271375,0.006759260891730252,-6.44083309173584,-3.6928911209106445,-0.4406559467315674,-3.8160579204559326,-5.58306360244751,-5.588321208953857,-6.208559989929199,-8.088693618774414,-6.22327184677124,0.002265967470827634,0.03537282174662431,0.9143184754550467,0.03127368404142968,0.005342914531319244,0.005314897305429728,0.0028584368200157005,0.0004361108957762611,0.0028166917335308043,-7.37072229385376,-4.437148094177246,-0.9406057000160217,-4.632863998413086,-6.635895729064941,-6.500354766845703,-7.117550849914551,-9.766505241394043,-8.291251182556152,0.0015111556038824006,0.02840169590629133,0.9372886126271375,0.02335317511637824,0.0031509412682129956,0.003608319623517256,0.0019465257223671908,0.00013766827543041879,0.0006019058567827706
cake_impl_04,mu_D_perp_native,2.0,0.7397151091906178,350,0.0028434441334596844,0.9149072298860953,0.010682409797677721,0.002103338587659552,0.6767707014544786,0.4378121301155236,350,0.001959637328790268,0.9375418221965588,0.0065563831161471655,-6.51568078994751,-3.6424522399902344,-0.3904227614402771,-3.765709638595581,-5.6638641357421875,-5.4187116622924805,-6.164229393005371,-8.044779777526855,-6.320476531982422,0.0020008351002307697,0.03540288073355112,0.9149072298860953,0.031297424032477546,0.004689759480796373,0.005992650316881348,0.0028434441334596844,0.0004336427051134028,0.0024321336113945677,-7.442629814147949,-4.386208534240723,-0.8904592990875244,-4.576241493225098,-6.713963508605957,-6.402975559234619,-7.0609612464904785,-9.799874305725098,-8.360265731811523,0.001337886128235964,0.028431910741488577,0.9375418221965588,0.023511253363333918,0.002772521396662042,0.0037838617194851237,0.001959637328790268,0.0001266720723434178,0.0005344350531019535
cake_impl_04,mu_D_perp_native,4.0,0.8225932689036864,350,0.0028824932237049364,0.9021094659690898,0.010752574161542645,0.0023711195234801686,0.7420691745204725,0.43984571093939584,350,0.0020443023247542933,0.9252578303337549,0.006771258738752275,-6.423580169677734,-3.5520992279052734,-0.29831281304359436,-3.298678159713745,-5.419046878814697,-5.42305850982666,-6.044393062591553,-8.174642562866211,-6.316042900085449,0.0019728289250201965,0.034846386932282376,0.9021094659690898,0.044896979698718836,0.0053870709063003714,0.005365503255242272,0.0028824932237049364,0.00034246223917018005,0.0021968088504708983,-7.427218437194824,-4.359649658203125,-0.8990141153335571,-4.177233695983887,-6.626529216766357,-6.404827117919922,-7.0140299797058105,-9.854419708251953,-8.393074989318848,0.0013523828522933993,0.029062157295617234,0.9252578303337549,0.034877881260536425,0.0030118585079922794,0.0037594002307599957,0.0020443023247542933,0.00011939318475583827,0.0005147940095356864
cake_impl_04,mu_D_perp_matched,0.0,0.6490018143270098,350,0.003049678088854872,0.8989862262600079,0.012126112070359567,0.0019792466127801396,0.5834436918977368,0.4008470575236816,350,0.001992584105397924,0.9227249039669119,0.00792033369699123,-6.413983345031738,-3.540466547012329,-0.5388073325157166,-3.789187431335449,-5.599558353424072,-5.479750156402588,-6.225039005279541,-7.855212688446045,-6.180674076080322,0.0025246228889416046,0.044683687345803344,0.8989862262600079,0.034844232006019916,0.005700287956603321,0.006425824113756247,0.003049678088854872,0.0005974183586499082,0.0031880229813629497,-7.272356033325195,-4.222599983215332,-0.994599461555481,-4.483445167541504,-6.504602432250977,-6.389969825744629,-7.132498264312744,-9.573063850402832,-8.170182228088379,0.0017325158016625953,0.03657374462024916,0.9227249039669119,0.02817641945356907,0.003733432955714577,0.004186900741276653,0.001992584105397924,0.0001735771266598749,0.000705921228558096
cake_impl_04,mu_D_perp_matched,0.5,0.7028780615326559,350,0.0032203533433856797,0.9129143104387742,0.01200840243251881,0.0022635157154491338,0.6416674408666269,0.41492456828788393,350,0.0022094759202793885,0.9350262502655889,0.007361350925944518,-6.56894588470459,-3.6954424381256104,-0.4436851143836975,-3.8190603256225586,-5.465419769287109,-5.4703216552734375,-6.090836048126221,-7.845475196838379,-6.251796722412109,0.001996471257409343,0.03533537891211571,0.9129143104387742,0.031226491154213845,0.006018917141693171,0.005989485290825641,0.0032203533433856797,0.0005570233821528719,0.002741569079429561,-7.497677803039551,-4.439821243286133,-0.9468392133712769,-4.573465347290039,-6.51789665222168,-6.451829433441162,-6.994658470153809,-9.559412956237793,-8.322637557983398,0.0013360747369446737,0.028434197955825326,0.9350262502655889,0.024877119118912584,0.003559133673804332,0.0038022172521401856,0.0022094759202793885,0.00016999280968081767,0.0005855382668238044
cake_impl_04,mu_D_perp_matched,1.0,0.7425781350910436,350,0.0030772077068392713,0.9085767468365411,0.012241187547232722,0.002285067160232493,0.674689226252966,0.41976123088703604,350,0.0022141992816219393,0.9283270135829855,0.007842636123050094,-6.393693447113037,-3.520935535430908,-0.3935030996799469,-3.7688183784484863,-5.455868721008301,-5.335215091705322,-6.08135986328125,-7.961789131164551,-6.29683256149292,0.002251707941268133,0.03982309119968791,0.9085767468365411,0.03107998621385311,0.005751805119507943,0.006489382427724778,0.0030772077068392713,0.00046934992932185616,0.0024807226252558374,-7.396520614624023,-4.264703273773193,-0.9424404501914978,-4.519243240356445,-6.507990837097168,-6.319656848907471,-6.980933666229248,-9.732401847839355,-8.343012809753418,0.0014612670350637826,0.03348579210025335,0.9283270135829855,0.025960632757756823,0.003553146927031406,0.004289489196018688,0.0022141992816219393,0.00014134135716890403,0.000567117762099568
cake_impl_04,mu_D_perp_matched,2.0,0.8109626034726146,350,0.002881759758624852,0.9110464452076513,0.010750524989256525,0.0023369993964370236,0.7388245970900676,0.45754085728546035,350,0.0020852993758252894,0.9340963184619776,0.006143693802769131,-6.552988052368164,-3.6816117763519287,-0.30269473791122437,-3.4279913902282715,-5.433478355407715,-5.437488079071045,-6.058887481689453,-8.188400268554688,-6.351222038269043,0.0017582175921683446,0.031052422982079306,0.9110464452076513,0.04001671437892721,0.005386039138800124,0.0053644858504564,0.002881759758624852,0.0003426274231693801,0.0021512876681230517,-7.556318283081055,-4.492758750915527,-0.8500648140907288,-4.241611480712891,-6.641462326049805,-6.498382091522217,-6.9547319412231445,-9.884859085083008,-8.332103729248047,0.0011426225337852112,0.024456245446297983,0.9340963184619776,0.03143848850866864,0.002852460758114544,0.0032912330446545866,0.0020852993758252894,0.00011133465389753386,0.0005259972167786144
cake_impl_04,mu_D_perp_matched,4.0,0.9014059092814982,350,0.002760082011543604,0.903857920893113,0.010981502731263474,0.002487954235306969,0.814742871043941,0.4836629278364412,350,0.0019737295335052574,0.9279283105426404,0.006866927998616027,-6.455358028411865,-3.9633266925811768,-0.20488271117210388,-2.955305576324463,-5.246094703674316,-5.3750386238098145,-5.9962944984436035,-8.37938404083252,-6.5626678466796875,0.0017440270987614669,0.021077965368150868,0.903857920893113,0.0577572750138799,0.005844261200470661,0.005137241530792812,0.002760082011543604,0.00025465918714260075,0.001566567696144818,-7.381828308105469,-4.836913108825684,-0.8011678457260132,-3.8262836933135986,-6.446415424346924,-6.356701374053955,-6.954197406768799,-9.905969619750977,-8.57788372039795,0.0012869743725308091,0.016398817279600235,0.9279283105426404,0.04505295747594269,0.003279552235830083,0.003587375762785944,0.0019737295335052574,0.00010312150809544395,0.00038916128906921806
cake_impl_04,r0,0.0,0.6490018143270098,350,0.003049678088854872,0.8989862262600079,0.012126112070359567,0.0019792466127801396,0.5834436918977368,0.4008470575236816,350,0.001992584105397924,0.9227249039669119,0.00792033369699123,-6.413983345031738,-3.540466547012329,-0.5388073325157166,-3.789187431335449,-5.599558353424072,-5.479750156402588,-6.225039005279541,-7.855212688446045,-6.180674076080322,0.0025246228889416046,0.044683687345803344,0.8989862262600079,0.034844232006019916,0.005700287956603321,0.006425824113756247,0.003049678088854872,0.0005974183586499082,0.0031880229813629497,-7.272356033325195,-4.222599983215332,-0.994599461555481,-4.483445167541504,-6.504602432250977,-6.389969825744629,-7.132498264312744,-9.573063850402832,-8.170182228088379,0.0017325158016625953,0.03657374462024916,0.9227249039669119,0.02817641945356907,0.003733432955714577,0.004186900741276653,0.001992584105397924,0.0001735771266598749,0.000705921228558096
cake_impl_04,r0,0.5,0.6764576656808794,350,0.003532467759895679,0.9192774731447463,0.011620166279812577,0.002389564894951996,0.6218522935965124,0.4197266576365623,350,0.002322423254785131,0.9402308001356635,0.007051599023637625,-6.475231647491455,-3.8516592979431152,-0.47505268454551697,-3.975343704223633,-5.536287307739258,-5.541811943054199,-6.036643981933594,-7.790936470031738,-6.039250373840332,0.0022782532781138215,0.031405448369517704,0.9192774731447463,0.027751696862870153,0.005826132394334308,0.005794033885478269,0.003532467759895679,0.0006112215524265122,0.0035232727526171024,-7.402924060821533,-4.531787395477295,-0.9297814965248108,-4.6666579246521,-6.587421417236328,-6.4489665031433105,-6.933295726776123,-9.417157173156738,-8.123983383178711,0.0014520593829117606,0.02563912431101575,0.9402308001356635,0.022404211376247336,0.0032821065479400583,0.0037694924756975674,0.002322423254785131,0.00019373766070769497,0.0007060448550311102
cake_impl_04,r0,1.0,0.6861881292211754,350,0.0033671533517614267,0.9320676802350524,0.011818619678502158,0.002310500659245984,0.6395737778080114,0.4280052342726146,350,0.0020472164247125856,0.9508359326564275,0.007141396972397946,-6.5721025466918945,-4.074376106262207,-0.44695329666137695,-4.197279930114746,-5.444934844970703,-5.574947357177734,-6.070291042327881,-7.8234357833862305,-6.050910472869873,0.0020385854904063886,0.024778655585804173,0.9320676802350524,0.0219129721455341,0.006292911756855294,0.005525707921646864,0.0033671533517614267,0.0005832863444212694,0.003433047168518162,-7.4992995262146,-4.700381278991699,-0.8990336060523987,-4.9444355964660645,-6.490376949310303,-6.476896286010742,-7.039894104003906,-9.433215141296387,-8.249204635620117,0.0012931428932445206,0.02124228676802861,0.9508359326564275,0.016642165021293252,0.0035466311586556955,0.0035947658137422504,0.0020472164247125856,0.00018696384773313475,0.0006108954161624296
cake_impl_04,r0,2.0,0.7406056947737544,350,0.0036931614295938574,0.9508585429716508,0.011442765292523178,0.0027351763864759907,0.7042112518490793,0.44479137104686095,350,0.0023516865464521556,0.965507464864639,0.006971960228164759,-6.850785255432129,-4.602749347686768,-0.35067689418792725,-4.475968360900879,-5.401140213012695,-5.530717849731445,-5.901559352874756,-7.65452766418457,-6.097386837005615,0.0014294031001902841,0.01353518853514299,0.9508585429716508,0.015364717956893582,0.006091546480050786,0.005351218812472392,0.0036931614295938574,0.000639873061263968,0.0030363476527411845,-7.7735915184021,-5.224968910217285,-0.8452513813972473,-5.283470153808594,-6.518945693969727,-6.421728134155273,-6.862772464752197,-9.359431266784668,-8.365594863891602,0.0009458357946780788,0.012096743747680126,0.965507464864639,0.011409371293898811,0.0033166642069241696,0.0036552960212405893,0.0023516865464521556,0.00019368424442916567,0.0005232532800580384
cake_impl_04,r0,4.0,0.8082781158071993,350,0.002670772705256625,0.9587667397376444,0.007823134955534227,0.0021587271299541213,0.7749501738937546,0.4437339868110982,350,0.0013879579146008792,0.9712942431865679,0.004506024368278286,-7.130029678344727,-5.1323161125183105,-0.25495654344558716,-4.12999153137207,-5.887996673583984,-5.640598297119141,-6.1382365226745605,-8.01426887512207,-6.360413074493408,0.0009906189567179832,0.007303022060785159,0.9587667397376444,0.019897872661095595,0.0034301626584829483,0.004392972297051279,0.002670772705256625,0.00040915365078904927,0.002138685272176973,-8.45657730102539,-5.865015029907227,-0.8416558504104614,-4.98411226272583,-7.245322227478027,-6.656240463256836,-7.392451763153076,-9.981496810913086,-8.618226051330566,0.00047888633932975086,0.006393425993804999,0.9712942431865679,0.015427830305483184,0.0016079548249205266,0.0028980695433577595,0.0013879579146008792,0.0001042241399583858,0.0004074077519767089
cake_impl_04,r1,0.0,0.6490018143270098,350,0.003049678088854872,0.8989862262600079,0.012126112070359567,0.0019792466127801396,0.5834436918977368,0.4008470575236816,350,0.001992584105397924,0.9227249039669119,0.00792033369699123,-6.413983345031738,-3.540466547012329,-0.5388073325157166,-3.789187431335449,-5.599558353424072,-5.479750156402588,-6.225039005279541,-7.855212688446045,-6.180674076080322,0.0025246228889416046,0.044683687345803344,0.8989862262600079,0.034844232006019916,0.005700287956603321,0.006425824113756247,0.003049678088854872,0.0005974183586499082,0.0031880229813629497,-7.272356033325195,-4.222599983215332,-0.994599461555481,-4.483445167541504,-6.504602432250977,-6.389969825744629,-7.132498264312744,-9.573063850402832,-8.170182228088379,0.0017325158016625953,0.03657374462024916,0.9227249039669119,0.02817641945356907,0.003733432955714577,0.004186900741276653,0.001992584105397924,0.0001735771266598749,0.000705921228558096
cake_impl_04,r1,0.5,0.6258044201203262,350,0.0036369208703925246,0.9015783568065359,0.013555626030220353,0.002276001156319506,0.5642117207743508,0.37010256751232495,350,0.002485243569287776,0.9228548235667997,0.008602570592001046,-6.447545528411865,-3.69917893409729,-0.5723257064819336,-3.8226332664489746,-5.459903717041016,-5.465741157531738,-6.0853352546691895,-7.842201232910156,-6.100231647491455,0.0025317914500506233,0.03953924525831189,0.9015783568065359,0.034947236559420884,0.0067975954990015,0.006758030531218854,0.0036369208703925246,0.0006276776319018286,0.0035831453931659584,-7.306429862976074,-4.379546642303467,-1.0742584466934204,-4.518650531768799,-6.513647079467773,-6.376672744750977,-6.991359710693359,-9.556866645812988,-8.212248802185059,0.0018135758757646587,0.033858285448865065,0.9228548235667997,0.02946136810836774,0.004007162167079948,0.004595408424921097,0.002485243569287776,0.0001910660184037734,0.0007330668205101341
cake_impl_04,r1,1.0,0.6408109034333113,350,0.004089372650562784,0.8948072268240275,0.015229922799839906,0.0026205145826826122,0.5734022274197609,0.3767647902478776,350,0.0028030299274447914,0.9195250938988625,0.010028161527511636,-6.431393623352051,-3.68342661857605,-0.5561678409576416,-3.6817092895507812,-5.318967819213867,-5.32636833190918,-5.944384574890137,-7.575811386108398,-5.956421852111816,0.0025127619424626323,0.03922638191381084,0.8948072268240275,0.039293804394749124,0.007643138580577596,0.007586784219262311,0.004089372650562784,0.0008000866544650464,0.004040442820082297,-7.295529365539551,-4.369686126708984,-1.0600321292877197,-4.4444074630737305,-6.3037943840026855,-6.240486145019531,-6.853188514709473,-9.278267860412598,-8.064537048339844,0.001801032475988422,0.03358915802465148,0.9195250938988625,0.031170807529023174,0.004855417441245436,0.0051727440862662,0.0028030299274447914,0.00024798713810450274,0.0008347294784136912
cake_impl_04,r1,2.0,0.6233981483257401,350,0.004612298954397309,0.8640618277572442,0.017170940533806814,0.0028752986276960302,0.5386545434628206,0.3618401317813369,350,0.00319878634408253,0.8951401236878301,0.01099028886050283,-6.49395751953125,-3.6211225986480713,-0.6186808347702026,-3.244100332260132,-5.2260518074035645,-5.234473705291748,-5.851598739624023,-7.489373683929443,-5.7029337882995605,0.0024263004322796944,0.04291419093542029,0.8640618277572442,0.06256617700518813,0.008621623030170578,0.008549317503636238,0.004612298954397309,0.0008966869064937454,0.005351577475169964,-7.362022399902344,-4.311392784118652,-1.127327799797058,-4.001380920410156,-6.293728351593018,-6.152163982391357,-6.761536598205566,-9.163167953491211,-7.9200758934021,0.001754678534113506,0.03707397661266746,0.8951401236878301,0.050548190479899426,0.005106834379296893,0.005883454481205938,0.00319878634408253,0.0002897143374086201,0.0010042411434956228
cake_impl_04,r1,4.0,0.5884880130673391,350,0.005636790567323266,0.8144878107729474,0.018598104026918076,0.0033171836810407876,0.47931631342933867,0.3506949284440138,350,0.003820045037154169,0.8559918387707108,0.011115826630427313,-6.485926628112793,-3.7385125160217285,-0.7353945374488831,-2.735689640045166,-5.332985877990723,-5.096988677978516,-5.708639144897461,-7.222464084625244,-5.517400741577148,0.002590957172155868,0.04042472020362116,0.8144878107729474,0.1101964145169711,0.008206841388559292,0.010391262638358786,0.005636790567323266,0.0012404694733031945,0.006824733266759852,-7.296038627624512,-4.432110786437988,-1.2033330202102661,-3.4388270378112793,-6.410300254821777,-6.09516716003418,-6.615331649780273,-8.737411499023438,-7.741031169891357,0.001933931996929439,0.03390230735780363,0.8559918387707108,0.0915391568402407,0.004689348251977692,0.006426478378449621,0.003820045037154169,0.0004575735524239068,0.0012393198143100482
cake_impl_04,r2,0.0,0.6490018143270098,350,0.003049678088854872,0.8989862262600079,0.012126112070359567,0.0019792466127801396,0.5834436918977368,0.4008470575236816,350,0.001992584105397924,0.9227249039669119,0.00792033369699123,-6.413983345031738,-3.540466547012329,-0.5388073325157166,-3.789187431335449,-5.599558353424072,-5.479750156402588,-6.225039005279541,-7.855212688446045,-6.180674076080322,0.0025246228889416046,0.044683687345803344,0.8989862262600079,0.034844232006019916,0.005700287956603321,0.006425824113756247,0.003049678088854872,0.0005974183586499082,0.0031880229813629497,-7.272356033325195,-4.222599983215332,-0.994599461555481,-4.483445167541504,-6.504602432250977,-6.389969825744629,-7.132498264312744,-9.573063850402832,-8.170182228088379,0.0017325158016625953,0.03657374462024916,0.9227249039669119,0.02817641945356907,0.003733432955714577,0.004186900741276653,0.001992584105397924,0.0001735771266598749,0.000705921228558096
cake_impl_04,r2,0.5,0.6466129683072416,350,0.003694296389675101,0.9123517580036932,0.011438685749683208,0.002388779954334543,0.5899384783830982,0.39982604656069287,350,0.002427624672280147,0.9338846078125331,0.00696841331097151,-6.5279011726379395,-3.7795186042785645,-0.527737021446228,-3.903099775314331,-5.661552429199219,-5.541845321655273,-6.036972522735596,-7.7925190925598145,-6.213868141174316,0.0022611227095843127,0.03531274801955066,0.9123517580036932,0.031207637652393528,0.0053774280783763515,0.006061257671306857,0.003694296389675101,0.0006384215636072181,0.0030953299118129367,-7.45623779296875,-4.4019999504089355,-0.9851281046867371,-4.656919956207275,-6.71139669418335,-6.45719575881958,-6.937567710876465,-9.453832626342773,-8.205358505249023,0.0014451934616174782,0.03064535308444555,0.9338846078125331,0.023749489436441333,0.003043731698022021,0.00392468161294949,0.002427624672280147,0.00019605664874558227,0.0006832615729651886
cake_impl_04,r2,1.0,0.633545387721784,350,0.003952998108759066,0.9104263502583405,0.01309915354689645,0.0025044037194772418,0.5767964150665491,0.39224758748097144,350,0.0026094978841845165,0.9326884514854503,0.008316064747003329,-6.675450325012207,-3.927467107772827,-0.550265908241272,-3.8007583618164062,-5.614437103271484,-5.370018005371094,-5.989704608917236,-7.6209611892700195,-6.14378547668457,0.001991182313675465,0.031084577846985352,0.9104263502583405,0.03528368066667052,0.0057531170957241294,0.007346036451172321,0.003952998108759066,0.0007735366141014164,0.003388520644571186,-7.532436370849609,-4.6075334548950195,-1.0055460929870605,-4.495100975036621,-6.589664459228516,-6.272525787353516,-6.884459495544434,-9.127447128295898,-8.006636619567871,0.0013650361966576195,0.025433923706743158,0.9326884514854503,0.028460476684360077,0.0035041670905775145,0.004811897656425814,0.0026094978841845165,0.000276974506462104,0.0008495747891392666
cake_impl_04,r2,2.0,0.6443944083978186,350,0.004996978635598924,0.8839390830202792,0.014285962647140299,0.003220025091663307,0.5696054024625631,0.39710029979154693,350,0.003571563755914257,0.909538824763876,0.009189344312661623,-6.813032150268555,-4.06560754776001,-0.5628114342689514,-3.1881299018859863,-5.738162040710449,-5.118480205535889,-5.73836612701416,-7.494671821594238,-6.072115421295166,0.0017060272699175086,0.026618115988114022,0.8839390830202792,0.06401194342954006,0.004997998554570592,0.009287964092569706,0.004996978635598924,0.0008628863937233886,0.0035790026156864462,-7.670309066772461,-4.6896209716796875,-1.0183839797973633,-3.878788948059082,-6.706832408905029,-6.021280288696289,-6.558318138122559,-8.834704399108887,-7.88401985168457,0.001174699767708875,0.023143192879145038,0.909538824763876,0.05206707112619275,0.003078644048234973,0.006110700264426649,0.003571563755914257,0.00036663710522270995,0.0009486662892785665
cake_impl_04,r2,4.0,0.6758216842219892,350,0.007806864515703062,0.8365619420257676,0.016989972340310376,0.005276048325495327,0.5653667006158724,0.4145281652363966,350,0.005326542242411374,0.8650532084862569,0.011580515377152881,-7.195631504058838,-4.323963165283203,-0.5702807307243347,-2.570417881011963,-5.869491100311279,-4.7492852210998535,-5.244577884674072,-7.375748634338379,-5.96393346786499,0.0011095447470427777,0.019601735969190803,0.8365619420257676,0.11320082077918464,0.0041790761156502414,0.012810896224660135,0.007806864515703062,0.0009266611289986948,0.003802458493801909,-8.055583000183105,-4.949225425720215,-1.0255786180496216,-3.1997456550598145,-6.907650947570801,-5.572663307189941,-6.115667343139648,-8.524774551391602,-7.499232769012451,0.000765509721522733,0.017101124303164513,0.8650532084862569,0.09835899313147989,0.0024126330144146153,0.009167882362738267,0.005326542242411374,0.00047883226727427904,0.0013352744707372383
cake_impl_02,mu_D,0.0,0.5976702168426317,350,0.0004330069873685014,0.9772873019598619,0.0009415028760060022,0.0002587953800349069,0.5840955136799011,0.2691355774081551,350,0.00032060842909995,0.9793047067414433,0.0006136810008325951,-7.416769504547119,-4.5386834144592285,-0.5376907587051392,-6.914621829986572,-8.002790451049805,-8.385374069213867,-8.259472846984863,-9.76046371459961,-7.790131092071533,0.0010057182153724831,0.017881881947223146,0.9772873019598619,0.001661714005320454,0.0005597197773599608,0.0003817830986460415,0.0004330069873685014,9.652123127589059e-05,0.0006923527775715616,-8.545795440673828,-5.379150390625,-1.3334524631500244,-7.894392013549805,-9.365585327148438,-9.439214706420898,-9.357830047607422,-10.576268196105957,-9.079774856567383,0.0007221660787453108,0.017135372761313074,0.9793047067414433,0.0013852813870460297,0.0003181316376279301,0.000295549363204665,0.00032060842909995,9.48012299157659e-05,0.0004233823716039877
cake_impl_02,mu_D,0.5,0.6018194168659308,350,0.00044707416269062074,0.977009259499389,0.0009252203327089923,0.00026905791188629364,0.5879831428245371,0.2724170942014463,350,0.0003332809106230566,0.9787262897891499,0.0006200976334963361,-7.285094738006592,-4.532160758972168,-0.5310570001602173,-6.782560348510742,-7.964216232299805,-8.47254753112793,-8.22058391571045,-9.721001625061035,-7.8914384841918945,0.001139350532392154,0.017874808418337388,0.977009259499389,0.0018832382738017417,0.0005777216488666028,0.00034749868384238947,0.00044707416269062074,9.971406931992179e-05,0.0006213347113604657,-8.408441543579102,-5.342486381530762,-1.3219242095947266,-7.826687812805176,-9.315751075744629,-9.446952819824219,-9.30694580078125,-10.591567993164062,-9.165407180786133,0.0008185135628261658,0.017561163597104586,0.9787262897891499,0.0014644627018912098,0.0003303591628388811,0.00028973847065745506,0.0003332809106230566,9.223719977185079e-05,0.00038395460513690705
cake_impl_02,mu_D,1.0,0.6008793865769834,350,0.0004672847763053053,0.974036166799372,0.0010961208401619278,0.0002807817897430947,0.5852782544102029,0.27209949455234095,350,0.00032400194378445887,0.9753036845873079,0.0007223436574386008,-7.165043354034424,-4.411984443664551,-0.535667896270752,-6.6622538566589355,-7.79653263092041,-8.304187774658203,-8.177932739257812,-9.679648399353027,-7.783187389373779,0.0012866899331793634,0.02018887858712725,0.974036166799372,0.0021273189432794055,0.0006842606960075324,0.00041186014415439535,0.0004672847763053053,0.00010408659647535704,0.0006934535240992928,-8.277420043945312,-5.194642066955566,-1.3265938758850098,-7.628148078918457,-9.129515647888184,-9.33668327331543,-9.336348533630371,-10.60273551940918,-9.000545501708984,0.0009341882821470446,0.02038298945588004,0.9753036845873079,0.001788173469602879,0.0003984501518124727,0.00032389350562612816,0.00032400194378445887,9.131933406673194e-05,0.00045329926977221406
cake_impl_02,mu_D,2.0,0.6112457135803128,350,0.0004870699719405257,0.9664546045791138,0.0012944210844276084,0.00029771943256232954,0.5907412344189394,0.260337048129065,350,0.0003642178775433031,0.9669783337449097,0.0009215471013422916,-6.905538558959961,-4.152658462524414,-0.5263772010803223,-6.152938365936279,-7.612700939178467,-8.121529579162598,-8.119359016418457,-9.621861457824707,-7.606353282928467,0.001639633876353989,0.025722164888297566,0.9664546045791138,0.0034801422305922934,0.000808407181874907,0.00048601390255270145,0.0004870699719405257,0.00010840837551342425,0.0008135549937606833,-8.009916305541992,-4.962156295776367,-1.3793573379516602,-7.185966491699219,-8.930249214172363,-9.137203216552734,-9.26353645324707,-10.51819133758545,-8.819114685058594,0.0012758557398287727,0.026879855280656985,0.9669783337449097,0.0029082948167649613,0.0005082835658437997,0.000413263535498492,0.0003642178775433031,0.00010386555982583334,0.0005680298791280228
cake_impl_02,mu_D,4.0,0.6055360936646978,350,0.000675189766669822,0.9490185213530095,0.0019450936615004553,0.00040885177379162285,0.574664968235549,0.2587169773120083,350,0.0005175008412134905,0.9484406986563609,0.0015285159801627806,-6.558821678161621,-3.805755138397217,-0.553968071937561,-5.304829120635986,-7.169406890869141,-7.804132461547852,-7.802157878875732,-9.428449630737305,-7.458450794219971,0.002340991854250927,0.036731740633086776,0.9490185213530095,0.008203552288891856,0.0012712357974356344,0.0006738578640648208,0.000675189766669822,0.00013278111695215876,0.0009521293256386362,-7.651310920715332,-4.574037075042725,-1.404956579208374,-6.324224472045898,-8.370837211608887,-8.716062545776367,-8.918519973754883,-10.225000381469727,-8.570222854614258,0.0018376083653920058,0.03987456972302065,0.9484406986563609,0.00692786284177139,0.0008948838316554852,0.0006336321485072954,0.0005175008412134905,0.00014012442010290452,0.0007331191719758933
cake_impl_02,mu_Dprime_native,0.0,0.5976702168426317,350,0.0004330069873685014,0.9772873019598619,0.0009415028760060022,0.0002587953800349069,0.5840955136799011,0.2691355774081551,350,0.00032060842909995,0.9793047067414433,0.0006136810008325951,-7.416769504547119,-4.5386834144592285,-0.5376907587051392,-6.914621829986572,-8.002790451049805,-8.385374069213867,-8.259472846984863,-9.76046371459961,-7.790131092071533,0.0010057182153724831,0.017881881947223146,0.9772873019598619,0.001661714005320454,0.0005597197773599608,0.0003817830986460415,0.0004330069873685014,9.652123127589059e-05,0.0006923527775715616,-8.545795440673828,-5.379150390625,-1.3334524631500244,-7.894392013549805,-9.365585327148438,-9.439214706420898,-9.357830047607422,-10.576268196105957,-9.079774856567383,0.0007221660787453108,0.017135372761313074,0.9793047067414433,0.0013852813870460297,0.0003181316376279301,0.000295549363204665,0.00032060842909995,9.48012299157659e-05,0.0004233823716039877
cake_impl_02,mu_Dprime_native,0.5,0.5834903793975159,350,0.00046353549093580834,0.9739353925746663,0.0010872860970104238,0.0002704684994703486,0.5682819317220607,0.26371326134049894,350,0.00031804322197956126,0.9756076242544715,0.0007349475235628807,-7.194382190704346,-4.441442489624023,-0.5651376247406006,-6.691951751708984,-7.8340349197387695,-8.341574668884277,-8.215354919433594,-9.59174919128418,-7.6741557121276855,0.001286725222412165,0.020187025670328148,0.9739353925746663,0.002126613572388086,0.0006787161190841989,0.0004085699779262249,0.00046353549093580834,0.00011703683119780623,0.0007963845410612906,-8.310453414916992,-5.246384143829346,-1.3575876951217651,-7.6618146896362305,-9.181541442871094,-9.30582046508789,-9.386216163635254,-10.460737228393555,-8.850194931030273,0.0009325754319678721,0.019970656726542895,0.9756076242544715,0.0017839562079365174,0.0003902790563990443,0.00034466846716383633,0.00031804322197956126,0.0001085994373948919,0.0005435971961438996
cake_impl_02,mu_Dprime_native,1.0,0.5887642701358594,350,0.0005291979821913956,0.9703761808625311,0.0012414463289475161,0.0003115728637422866,0.5713228238827508,0.26722037576292157,350,0.00039786844158011124,0.9727515484949489,0.0008898736925056034,-7.1884660720825195,-4.3109331130981445,-0.5598008632659912,-6.4365363121032715,-7.692223072052002,-8.200352668762207,-8.073877334594727,-9.575399398803711,-7.503184795379639,0.0012827658959137025,0.022795235887097833,0.9703761808625311,0.002720860968615919,0.0007751192448459692,0.00046632708410154696,0.0005291979821913956,0.00011790044183576943,0.0009364116328668595,-8.217293739318848,-5.132634162902832,-1.3473081588745117,-7.473122596740723,-8.939459800720215,-9.145671844482422,-9.149070739746094,-10.424751281738281,-8.688870429992676,0.001010194739135301,0.022082881148816614,0.9727515484949489,0.002126153047640253,0.0004906506369724633,0.0003992230555331402,0.00039786844158011124,0.0001111011291383334,0.0006303793062349182
cake_impl_02,mu_Dprime_native,2.0,0.5570013970000031,350,0.0007137169459813446,0.960489933670082,0.001551871685566086,0.0003975413359741846,0.5349942348586759,0.27251346212075844,350,0.0005500956082947899,0.9587751609610463,0.0012466594196542738,-6.879604816436768,-4.126642227172852,-0.6254993081092834,-5.876800537109375,-7.573428630828857,-7.95624303817749,-7.830211639404297,-9.330745697021484,-7.282731056213379,0.0018465850115188163,0.02897115218898521,0.960489933670082,0.005033634424756798,0.0009226679861224305,0.0006292036994436555,0.0007137169459813446,0.00015916674953985534,0.0012339393235702622,-7.744181156158447,-4.72998571395874,-1.3421659469604492,-6.749429225921631,-8.621885299682617,-8.742770195007324,-8.805485725402832,-9.971696853637695,-8.229840278625488,0.0015898527257771585,0.03238958203116427,0.9587751609610463,0.004299046770655041,0.0006609594702105536,0.0005856999494437202,0.0005500956082947899,0.00017137959809837875,0.000978222885310117
cake_impl_02,mu_Dprime_native,4.0,0.6788051377957953,350,0.0008849329011686463,0.96900574616114,0.0015744179423449675,0.0006006969999178158,0.6577660790478301,0.6028708112987932,350,0.0008112904927885503,0.9708760992962655,0.0014018866957415325,-7.422664165496826,-4.169692039489746,-0.41890591382980347,-6.295047760009766,-7.664034843444824,-7.4197258949279785,-7.417419910430908,-8.542348861694336,-6.665113925933838,0.0008803042348802192,0.02277092302635263,0.96900574616114,0.002718631682110321,0.0006915233316909717,0.000882894610653996,0.0008849329011686463,0.00028731606252906577,0.0018777279894740273,-7.577467441558838,-4.336975574493408,-0.5356087684631348,-6.453765869140625,-7.950741767883301,-7.615496635437012,-7.622936725616455,-8.71572208404541,-7.016176700592041,0.0008490308010799144,0.021689581997468007,0.9708760992962655,0.0026118055357975812,0.00058453761826438,0.0008173490774771525,0.0008112904927885503,0.00027201054186804186,0.00148829463899087
cake_impl_02,mu_Dprime_matched,0.0,0.5976702168426317,350,0.0004330069873685014,0.9772873019598619,0.0009415028760060022,0.0002587953800349069,0.5840955136799011,0.2691355774081551,350,0.00032060842909995,0.9793047067414433,0.0006136810008325951,-7.416769504547119,-4.5386834144592285,-0.5376907587051392,-6.914621829986572,-8.002790451049805,-8.385374069213867,-8.259472846984863,-9.76046371459961,-7.790131092071533,0.0010057182153724831,0.017881881947223146,0.9772873019598619,0.001661714005320454,0.0005597197773599608,0.0003817830986460415,0.0004330069873685014,9.652123127589059e-05,0.0006923527775715616,-8.545795440673828,-5.379150390625,-1.3334524631500244,-7.894392013549805,-9.365585327148438,-9.439214706420898,-9.357830047607422,-10.576268196105957,-9.079774856567383,0.0007221660787453108,0.017135372761313074,0.9793047067414433,0.0013852813870460297,0.0003181316376279301,0.000295549363204665,0.00032060842909995,9.48012299157659e-05,0.0004233823716039877
cake_impl_02,mu_Dprime_matched,0.5,0.6013252187360294,350,0.0004908395352486317,0.9741725227887266,0.001068142282542331,0.0002951541908976745,0.5857945053525606,0.27151113884303846,350,0.0003617619571600254,0.9758261078469722,0.0007579656671761455,-7.2889723777771,-4.41077995300293,-0.5347862243652344,-6.661620616912842,-7.870988845825195,-8.252354621887207,-8.128012657165527,-9.627708435058594,-7.776262283325195,0.0011358738455333633,0.02019822415531482,0.9741725227887266,0.002127088245341732,0.000634692781779975,0.00043344950076235593,0.0004908395352486317,0.00010955442791691604,0.0006977547193756262,-8.331747055053711,-5.222905158996582,-1.3282229900360107,-7.641269683837891,-9.140928268432617,-9.22435474395752,-9.228276252746582,-10.503087997436523,-9.033041954040527,0.0008867079004684893,0.019857906365336395,0.9758261078469722,0.0017686874335888858,0.00039478227205243433,0.0003631833951237111,0.0003617619571600254,0.00010110652600380063,0.00043975630329398457
cake_impl_02,mu_Dprime_matched,1.0,0.5817816234671896,350,0.00046284871235549406,0.9739262951449614,0.0010868085106471815,0.0002692768752938776,0.566612421126821,0.2630311666191812,350,0.0003463653302280195,0.9752457907511262,0.0007353516789671531,-7.1967620849609375,-4.444350242614746,-0.5680797696113586,-6.694868087768555,-7.837590217590332,-8.344642639160156,-8.219770431518555,-9.59455680847168,-7.665857315063477,0.0012874368619535245,0.02018753138062928,0.9739262951449614,0.002126648593474542,0.0006782937538995464,0.00040851475674763516,0.00046284871235549406,0.00011705148357465225,0.0008053793124038086,-8.312898635864258,-5.231427192687988,-1.360548496246338,-7.665752410888672,-9.1829252243042,-9.30860424041748,-9.303499221801758,-10.400308609008789,-8.900256156921387,0.000932710321256737,0.020324170359178342,0.9752457907511262,0.0017815532883118607,0.00039075004451756166,0.00034460163444959143,0.0003463653302280195,0.00011566345201621189,0.0005183948189158818
cake_impl_02,mu_Dprime_matched,2.0,0.569703890052023,350,0.0005459271465677271,0.970368597644539,0.0012231804795607524,0.0003110168190846351,0.5528227648624202,0.25897023958100934,350,0.0004116966136102405,0.9709383718007153,0.0008746235865984074,-7.221897125244141,-4.344032287597656,-0.5927178263664246,-6.469435691833496,-7.6944169998168945,-8.328689575195312,-8.075663566589355,-9.576973915100098,-7.525111198425293,0.0012820965888929873,0.02279090460773755,0.970368597644539,0.0027208875478021647,0.0007992966092071565,0.0004238838703535959,0.0005459271465677271,0.00012165329893814793,0.0009467526859616696,-8.2470703125,-5.092865943908691,-1.3805344104766846,-7.425507068634033,-8.93233585357666,-9.267416000366211,-9.146265983581543,-10.360424041748047,-8.721534729003906,0.001011796127427661,0.023710819525973568,0.9709383718007153,0.0023008769648438085,0.0005099011244856614,0.00036472246211274596,0.0004116966136102405,0.0001222573984073769,0.0006295579824235242
cake_impl_02,mu_Dprime_matched,4.0,0.5470636990944416,350,0.0009175229372317941,0.9596769801521303,0.001992595590150137,0.0005019434920460224,0.5250044386978074,0.2843538471423916,350,0.0007206174341780754,0.9598149917157704,0.0015146416539307066,-7.023797988891602,-4.14548397064209,-0.6443485617637634,-5.895361423492432,-7.341378211975098,-7.724381446838379,-7.597023010253906,-9.096898078918457,-7.039187431335449,0.001627666382301393,0.028946848556848963,0.9596769801521303,0.005030824499614904,0.0011847918422643795,0.0008078037478857575,0.0009175229372317941,0.0002047526183446281,0.0016028092633779262,-7.819855690002441,-4.747941017150879,-1.2985506057739258,-6.630682945251465,-8.38668441772461,-8.503228187561035,-8.492938041687012,-9.731285095214844,-7.9827704429626465,0.0014126049253289767,0.030488517507043403,0.9598149917157704,0.004639507458643456,0.0008014014567511844,0.0007132401971795221,0.0007206174341780754,0.00020888029537265195,0.0012002390097321958
cake_impl_02,mu_D_par,0.0,0.5976702168426317,350,0.0004330069873685014,0.9772873019598619,0.0009415028760060022,0.0002587953800349069,0.5840955136799011,0.2691355774081551,350,0.00032060842909995,0.9793047067414433,0.0006136810008325951,-7.416769504547119,-4.5386834144592285,-0.5376907587051392,-6.914621829986572,-8.002790451049805,-8.385374069213867,-8.259472846984863,-9.76046371459961,-7.790131092071533,0.0010057182153724831,0.017881881947223146,0.9772873019598619,0.001661714005320454,0.0005597197773599608,0.0003817830986460415,0.0004330069873685014,9.652123127589059e-05,0.0006923527775715616,-8.545795440673828,-5.379150390625,-1.3334524631500244,-7.894392013549805,-9.365585327148438,-9.439214706420898,-9.357830047607422,-10.576268196105957,-9.079774856567383,0.0007221660787453108,0.017135372761313074,0.9793047067414433,0.0013852813870460297,0.0003181316376279301,0.000295549363204665,0.00032060842909995,9.48012299157659e-05,0.0004233823716039877
cake_impl_02,mu_D_par,0.5,0.5993514552164929,350,0.000506392183349074,0.9743259067788925,0.0010480541895238824,0.0003035068920005246,0.5839636500830583,0.2703530708274468,350,0.0003471626607279501,0.9761256031442682,0.0007109713394485538,-7.292003631591797,-4.413909435272217,-0.5379165410995483,-6.789541721343994,-7.844029426574707,-8.351395606994629,-8.100106239318848,-9.601823806762695,-7.653581619262695,0.0011361652357549281,0.020201421233995882,0.9743259067788925,0.0018778371716755345,0.0006541837319662763,0.000393870457557606,0.000506392183349074,0.0001127974652408493,0.000791425741567119,-8.337898254394531,-5.232118129730225,-1.3321905136108398,-7.764690399169922,-9.120132446289062,-9.399407386779785,-9.273743629455566,-10.421817779541016,-8.92713737487793,0.0008850452804750299,0.019760078278211225,0.9761256031442682,0.0015700247511821397,0.0004048046545021085,0.0003061666849464453,0.0003471626607279501,0.00011013636534049788,0.0004909781803465026
cake_impl_02,mu_D_par,1.0,0.6054370340474413,350,0.00046729707700027484,0.9766502998976023,0.001096017418230536,0.0002829189563180852,0.5913002608715484,0.27388396242896484,350,0.0003482366681261859,0.9780502308458415,0.0007768644034031488,-7.279608726501465,-4.526595115661621,-0.5254313349723816,-6.7773213386535645,-7.7890801429748535,-8.296710014343262,-8.170350074768066,-9.671675682067871,-7.639607906341553,0.0011387728826111265,0.0178671686434477,0.9766502998976023,0.0018818186038431102,0.0006841896370858828,0.0004118277811446531,0.00046729707700027484,0.00010412994468234838,0.0007944955325825672,-8.39948844909668,-5.3226776123046875,-1.3172450065612793,-7.747250556945801,-9.052684783935547,-9.254350662231445,-9.257678985595703,-10.545064926147461,-8.869318962097168,0.0008214514741700361,0.017816561102385137,0.9780502308458415,0.001577049157643744,0.00042746676005942424,0.0003493976433437246,0.0003482366681261859,9.611029025837884e-05,0.0005134960581717146
cake_impl_02,mu_D_par,2.0,0.5648674548119037,350,0.0005290256653117092,0.9706940075617909,0.0012414325049305676,0.0002988293810947992,0.5483134534525956,0.25649905943356943,350,0.0003971443091594936,0.9718729114820946,0.0008841887058478037,-7.229698657989502,-4.352177619934082,-0.6009081602096558,-6.60260009765625,-7.733429908752441,-8.242196083068848,-8.11563777923584,-9.616226196289062,-7.548354148864746,0.0012830252804418034,0.02279957345470268,0.9706940075617909,0.002402042338693758,0.0007752959425534145,0.0004661365623771531,0.0005290256653117092,0.00011797214417516629,0.0009329210499532129,-8.25966739654541,-5.1289143562316895,-1.3891605138778687,-7.5694684982299805,-8.985800743103027,-9.194280624389648,-9.191841125488281,-10.465213775634766,-8.742207527160645,0.0010087562776103908,0.023091652857235422,0.9718729114820946,0.002011573118646148,0.0004880120490209003,0.00039617665682690334,0.0003971443091594936,0.0001111551600610082,0.0006226180893453271
cake_impl_02,mu_D_par,4.0,0.5780131491479211,350,0.0006802642088904041,0.9611067478828138,0.0015949515286211259,0.0003932016576333617,0.5555323380110623,0.26488255142164346,350,0.0005588213003825791,0.9589063762476351,0.001218182724490528,-6.841926097869873,-4.089049339294434,-0.5878284573554993,-5.9641876220703125,-7.459988117218018,-7.96837854385376,-7.841187953948975,-9.341470718383789,-7.28511905670166,0.0018477854025030949,0.02898749705149918,0.9611067478828138,0.0044447619727277995,0.0009959341111414415,0.0005990174174796843,0.0006802642088904041,0.00015174454784465876,0.0011862474051001002,-7.77958345413208,-4.751794815063477,-1.370430588722229,-6.841450214385986,-8.59739875793457,-8.887604713439941,-8.81814956665039,-10.03706169128418,-8.303621292114258,0.0015787613411318712,0.032603812107209265,0.9589063762476351,0.004034062037288086,0.0006968572290797423,0.0005213254954107857,0.0005588213003825791,0.00016516048211656975,0.0009348237597460019
cake_impl_02,mu_D_perp_native,0.0,0.5976702168426317,350,0.0004330069873685014,0.9772873019598619,0.0009415028760060022,0.0002587953800349069,0.5840955136799011,0.2691355774081551,350,0.00032060842909995,0.9793047067414433,0.0006136810008325951,-7.416769504547119,-4.5386834144592285,-0.5376907587051392,-6.914621829986572,-8.002790451049805,-8.385374069213867,-8.259472846984863,-9.76046371459961,-7.790131092071533,0.0010057182153724831,0.017881881947223146,0.9772873019598619,0.001661714005320454,0.0005597197773599608,0.0003817830986460415,0.0004330069873685014,9.652123127589059e-05,0.0006923527775715616,-8.545795440673828,-5.379150390625,-1.3334524631500244,-7.894392013549805,-9.365585327148438,-9.439214706420898,-9.357830047607422,-10.576268196105957,-9.079774856567383,0.0007221660787453108,0.017135372761313074,0.9793047067414433,0.0013852813870460297,0.0003181316376279301,0.000295549363204665,0.00032060842909995,9.48012299157659e-05,0.0004233823716039877
cake_impl_02,mu_D_perp_native,0.5,0.600913728783215,350,0.00046659903040587557,0.9744169304779682,0.001095631568188364,0.0002803857632078274,0.5855405110830106,0.27174005255815864,350,0.00034648404242635023,0.9765575541295451,0.0007664839246286458,-7.289794445037842,-4.4113945960998535,-0.5352199077606201,-6.7871270179748535,-7.796903133392334,-8.304608345031738,-8.179344177246094,-9.680779457092285,-7.767980575561523,0.0011357176419841534,0.02019963598601986,0.9744169304779682,0.0018774832100048153,0.000683968131689807,0.00041166343649855707,0.00046659903040587557,0.00010396299325599428,0.0007040390921729827,-8.417803764343262,-5.237949371337891,-1.32663094997406,-7.8404951095581055,-9.065473556518555,-9.286187171936035,-9.270583152770996,-10.558160781860352,-9.05914306640625,0.0008129065452053667,0.01954491726954991,0.9765575541295451,0.0014479800673066951,0.0004253644624846151,0.0003411194621440307,0.00034648404242635023,9.560825205284192e-05,0.0004280657692852388
cake_impl_02,mu_D_perp_native,1.0,0.622138253845871,350,0.00041245051896704406,0.9744375302176767,0.0009687572906174879,0.00025660124566798006,0.6062348635315085,0.2808378323362193,350,0.00028344485885988853,0.9763045919237241,0.0006619847806527623,-7.2551069259643555,-4.37652587890625,-0.5004878044128418,-6.6273603439331055,-7.885471820831299,-8.392624855041504,-8.267987251281738,-9.768125534057617,-7.8553242683410645,0.0011356910166260108,0.02020282281485733,0.9744375302176767,0.0021275857218112444,0.0006046390539868312,0.00036411823663065666,0.00041245051896704406,9.201742504563004e-05,0.0006231449943986551,-8.37950611114502,-5.19859504699707,-1.2939585447311401,-7.601397514343262,-9.148848533630371,-9.438896179199219,-9.438470840454102,-10.704551696777344,-9.087982177734375,0.0008172804730245307,0.019670855367521545,0.9763045919237241,0.0017795057371786393,0.0003786604562376493,0.00028332432441511305,0.00028344485885988853,7.991285644713042e-05,0.00040242400259141273
cake_impl_02,mu_D_perp_native,2.0,0.6470292720746708,350,0.0004125666532434826,0.971762241716157,0.0009687706909259177,0.00026694270133041366,0.6287586158872553,0.2738866464722275,350,0.0003058219495862589,0.971711753825607,0.0006807009686106803,-7.093061923980713,-4.215139389038086,-0.4640078544616699,-6.590645790100098,-7.846248149871826,-8.353349685668945,-8.228476524353027,-9.729269027709961,-7.977460861206055,0.0012840987337202838,0.0228278123546207,0.971762241716157,0.002122242328031146,0.0006046357138565191,0.0003641349770693986,0.0004125666532434826,9.19831375716441e-05,0.0005302843857298425,-8.21875,-5.020803451538086,-1.3237370252609253,-7.6358842849731445,-9.188461303710938,-9.382043838500977,-9.387548446655273,-10.592926025390625,-9.20139217376709,0.00098417282339486,0.02409472133207765,0.971711753825607,0.0017628149789645998,0.00037319094720248704,0.00030751002140819324,0.0003058219495862589,9.161779210486706e-05,0.0003683963296540981
cake_impl_02,mu_D_perp_native,4.0,0.6461234563259698,350,0.0003943182491011391,0.9710555318751193,0.0010032185572441273,0.0002547782700016327,0.627421756539605,0.2927907960160668,350,0.0002758150288532022,0.9740821802611896,0.0006437777762915485,-6.970743179321289,-4.217396259307861,-0.46613630652427673,-6.343061923980713,-7.767566680908203,-8.399582862854004,-8.275116920471191,-9.902168273925781,-8.066679954528809,0.0014532127342885824,0.02280828174117935,0.9710555318751193,0.002722248081773116,0.0006550480303011295,0.0003481705269429977,0.0003943182491011391,7.748675113382914e-05,0.00048570201016032844,-8.171138763427734,-5.059338569641113,-1.2545565366744995,-7.45887565612793,-9.08734130859375,-9.49265193939209,-9.424077033996582,-10.88006591796875,-9.29738998413086,0.0009655218441327035,0.021687013845314025,0.9740821802611896,0.0019683124565791203,0.0003862427976321063,0.00025753497865944213,0.0002758150288532022,6.43116998392497e-05,0.0003130670878005044
cake_impl_02,mu_D_perp_matched,0.0,0.5976702168426317,350,0.0004330069873685014,0.9772873019598619,0.0009415028760060022,0.0002587953800349069,0.5840955136799011,0.2691355774081551,350,0.00032060842909995,0.9793047067414433,0.0006136810008325951,-7.416769504547119,-4.5386834144592285,-0.5376907587051392,-6.914621829986572,-8.002790451049805,-8.385374069213867,-8.259472846984863,-9.76046371459961,-7.790131092071533,0.0010057182153724831,0.017881881947223146,0.9772873019598619,0.001661714005320454,0.0005597197773599608,0.0003817830986460415,0.0004330069873685014,9.652123127589059e-05,0.0006923527775715616,-8.545795440673828,-5.379150390625,-1.3334524631500244,-7.894392013549805,-9.365585327148438,-9.439214706420898,-9.357830047607422,-10.576268196105957,-9.079774856567383,0.0007221660787453108,0.017135372761313074,0.9793047067414433,0.0013852813870460297,0.0003181316376279301,0.000295549363204665,0.00032060842909995,9.48012299157659e-05,0.0004233823716039877
cake_impl_02,mu_D_perp_matched,0.5,0.6041598750147203,350,0.0004122711548271727,0.9746898338017661,0.0009677468476996758,0.0002490776893725591,0.5888684881677936,0.2551611432309648,350,0.0003020772232834925,0.975128009432302,0.0006747877088646827,-7.28362512588501,-4.40570592880249,-0.5295524001121521,-6.781176567077637,-7.915651798248291,-8.42330265045166,-8.297745704650879,-9.79840087890625,-7.893989086151123,0.0011366059393822295,0.020205720805799764,0.9746898338017661,0.0018785404787526648,0.0006041214066089036,0.0003636254410907722,0.0004122711548271727,9.192987897624865e-05,0.0006173510927962451,-8.413898468017578,-5.230152130126953,-1.3910465240478516,-7.833106517791748,-9.259181022644043,-9.472402572631836,-9.470687866210938,-10.671491622924805,-9.180355072021484,0.0008691120768144216,0.02097776669419276,0.975128009432302,0.0015534973753801536,0.00037322801550281764,0.0003015596933618651,0.0003020772232834925,9.091081165507585e-05,0.0004038386775073338
cake_impl_02,mu_D_perp_matched,1.0,0.6248437075740231,350,0.00041221694268383526,0.9747709806538797,0.0009682478432415151,0.0002575711627913962,0.6090795135873365,0.2824699812823807,350,0.00028598512945343614,0.9776206164024425,0.0006342096510429353,-7.250350475311279,-4.371912479400635,-0.4958064556121826,-6.7476091384887695,-7.881824970245361,-8.388535499572754,-8.264214515686035,-9.76502799987793,-8.005814552307129,0.0011361649725499792,0.020208362986890632,0.9747709806538797,0.001878361527458287,0.0006042205716477933,0.00036402727159372185,0.00041221694268383526,9.190324018683237e-05,0.0005337618331091551,-8.370814323425293,-5.2463507652282715,-1.2868165969848633,-7.721669673919678,-9.219804763793945,-9.432394981384277,-9.42375373840332,-10.69873046875,-9.234087944030762,0.0008196514832855355,0.018645177037206386,0.9776206164024425,0.0015687334908027724,0.0003506851418618062,0.0002835245091811291,0.00028598512945343614,7.991496119190433e-05,0.00034571184457457777
cake_impl_02,mu_D_perp_matched,2.0,0.6415963240578851,350,0.00037968758756485823,0.971375633990704,0.0010101331908277584,0.0002436061604720194,0.6232310360478334,0.2715561076201696,350,0.0002838152119164518,0.9724753312688887,0.000693804776224498,-6.977077484130859,-4.224186420440674,-0.47283798456192017,-6.474545478820801,-7.812724590301514,-8.320215225219727,-8.319957733154297,-9.822123527526855,-8.089048385620117,0.0014542259219275935,0.022813781619008582,0.971375633990704,0.002403691671365352,0.0006305433572180662,0.0003795898336096921,0.00037968758756485823,8.453646520974797e-05,0.00047830955339193314,-8.179706573486328,-5.071410179138184,-1.331497073173523,-7.5147552490234375,-9.139785766601562,-9.419869422912598,-9.470773696899414,-10.802446365356445,-9.31760311126709,0.00103214092044255,0.02310228667531073,0.9724753312688887,0.002006890547631576,0.0003951681199276072,0.0002986366562968908,0.0002838152119164518,7.493721994993354e-05,0.0003307933796353213
cake_impl_02,mu_D_perp_matched,4.0,0.6363637888699241,350,0.0003751029809372164,0.9697688616755579,0.00103718690098197,0.00023870195416560996,0.6171257871439313,0.2703867283161965,350,0.0002638567963522107,0.9723564149295018,0.0006837392606890905,-6.8625993728637695,-4.234730243682861,-0.48268240690231323,-5.984355926513672,-7.707569122314453,-8.465476036071777,-8.34029483795166,-10.093685150146484,-8.293292999267578,0.0016440139634961517,0.022760120858913685,0.9697688616755579,0.003956596699987113,0.000706219658230447,0.0003309672427515231,0.0003751029809372164,6.496250724809894e-05,0.00039315441287777927,-8.056063652038574,-5.11961555480957,-1.3359348773956299,-7.089203357696533,-9.09183120727539,-9.53479290008545,-9.548006057739258,-11.119156837463379,-9.513334274291992,0.00117303410542502,0.022110259727517644,0.9723564149295018,0.0030846985535171053,0.000416372948052339,0.0002673663126367515,0.0002638567963522107,5.483100058939071e-05,0.00027316562640770844
cake_impl_02,r0,0.0,0.5976702168426317,350,0.0004330069873685014,0.9772873019598619,0.0009415028760060022,0.0002587953800349069,0.5840955136799011,0.2691355774081551,350,0.00032060842909995,0.9793047067414433,0.0006136810008325951,-7.416769504547119,-4.5386834144592285,-0.5376907587051392,-6.914621829986572,-8.002790451049805,-8.385374069213867,-8.259472846984863,-9.76046371459961,-7.790131092071533,0.0010057182153724831,0.017881881947223146,0.9772873019598619,0.001661714005320454,0.0005597197773599608,0.0003817830986460415,0.0004330069873685014,9.652123127589059e-05,0.0006923527775715616,-8.545795440673828,-5.379150390625,-1.3334524631500244,-7.894392013549805,-9.365585327148438,-9.439214706420898,-9.357830047607422,-10.576268196105957,-9.079774856567383,0.0007221660787453108,0.017135372761313074,0.9793047067414433,0.0013852813870460297,0.0003181316376279301,0.000295549363204665,0.00032060842909995,9.48012299157659e-05,0.0004233823716039877
cake_impl_02,r0,0.5,0.5755879715109757,350,0.0005060230092652566,0.9771108554946343,0.001047807977791697,0.0002912607574408687,0.5624132552555107,0.26046177173444407,350,0.0003455712519591781,0.9790058603624454,0.0006805224785781669,-7.454028129577637,-4.576562881469727,-0.5755183696746826,-6.952166557312012,-7.884869575500488,-8.391839027404785,-8.141291618347168,-9.642487525939941,-7.850468158721924,0.0010061089347925905,0.017877726331739986,0.9771108554946343,0.0016618840408700786,0.0006539325319348747,0.00039387544585682235,0.0005060230092652566,0.000112774047080381,0.0006768201638258368,-8.657685279846191,-5.397830963134766,-1.3665168285369873,-7.929100513458252,-9.234691619873047,-9.437795639038086,-9.315610885620117,-10.519187927246094,-9.082695007324219,0.0006672230889962123,0.01737832072381531,0.9790058603624454,0.001382583628913125,0.0003746971561985167,0.00030582532237965023,0.0003455712519591781,0.00010371241297126177,0.0004362060523212995
cake_impl_02,r0,1.0,0.5593352761102834,350,0.00044712470054661244,0.9794099668026864,0.0009257773084686431,0.0002500926178359673,0.5478185442067441,0.23717777033562162,350,0.0003271179212052715,0.9800164638337591,0.0006433137218746905,-7.480276107788086,-4.72804069519043,-0.6018111705780029,-6.978668689727783,-8.037460327148438,-8.544095039367676,-8.293679237365723,-9.794443130493164,-7.947251319885254,0.001008521481310563,0.015811235438820865,0.9794099668026864,0.0016654457353171312,0.0005777010024710944,0.0003480763059975487,0.00044712470054661244,9.969082381027071e-05,0.0006322377090394541,-8.60557746887207,-5.550967693328857,-1.4591312408447266,-8.031631469726562,-9.382576942443848,-9.590112686157227,-9.46413516998291,-10.659475326538086,-9.269964218139648,0.0007719180737505594,0.01637462562835999,0.9800164638337591,0.001370354057348544,0.0003549152216624848,0.00028839850021220573,0.0003271179212052715,9.898621169657518e-05,0.000397220552005275
cake_impl_02,r0,2.0,0.5350189932615215,350,0.000397686202406832,0.9797517657331561,0.0008241069431350369,0.0002127696716457009,0.5241858033487512,0.21116437622546566,350,0.0002917769867859152,0.979880421087306,0.0005431320022450368,-7.648657321929932,-4.771826267242432,-0.6459090709686279,-7.022553443908691,-8.197661399841309,-8.70583724975586,-8.455300331115723,-10.08021354675293,-8.09693717956543,0.0008909659999607972,0.015821694107266065,0.9797517657331561,0.0016663820952975941,0.0005145548661911818,0.0003095520769438551,0.000397686202406832,7.831585261797913e-05,0.0005690830661593799,-8.928633689880371,-5.641818523406982,-1.575443148612976,-8.142485618591309,-9.71943473815918,-9.815730094909668,-9.694639205932617,-10.993192672729492,-9.366362571716309,0.0006276579061623755,0.016794562446618307,0.979880421087306,0.0013776622968267578,0.00028463117926814637,0.00025850082297689046,0.0002917769867859152,7.96336147678221e-05,0.00040515365928799844
cake_impl_02,r0,4.0,0.5435436212509237,350,0.0003544500934126073,0.983874921284388,0.0007336577575369517,0.00019265908732621676,0.5347789375728838,0.18458309934677963,350,0.0002579109138574543,0.9832557455109694,0.0005295455153540436,-7.752525329589844,-5.001873970031738,-0.6259018182754517,-7.252527236938477,-8.298296928405762,-8.805978775024414,-8.554588317871094,-10.308585166931152,-8.193177223205566,0.0007904722440363804,0.01237312305589716,0.983874921284388,0.0013032659168560076,0.0004579953106511102,0.00027566244688584146,0.0003544500934126073,6.134849912904006e-05,0.0005087611487435484,-9.20573616027832,-5.963949203491211,-1.7065415382385254,-8.536025047302246,-9.807303428649902,-10.061380386352539,-9.95255184173584,-11.346341133117676,-9.60979175567627,0.0005442615444868886,0.01392187841529721,0.9832557455109694,0.0010633090018762916,0.00029822929688219657,0.00023131621847184702,0.0002579109138574543,6.399627885543922e-05,0.00036335281930328906
cake_impl_02,r1,0.0,0.5976702168426317,350,0.0004330069873685014,0.9772873019598619,0.0009415028760060022,0.0002587953800349069,0.5840955136799011,0.2691355774081551,350,0.00032060842909995,0.9793047067414433,0.0006136810008325951,-7.416769504547119,-4.5386834144592285,-0.5376907587051392,-6.914621829986572,-8.002790451049805,-8.385374069213867,-8.259472846984863,-9.76046371459961,-7.790131092071533,0.0010057182153724831,0.017881881947223146,0.9772873019598619,0.001661714005320454,0.0005597197773599608,0.0003817830986460415,0.0004330069873685014,9.652123127589059e-05,0.0006923527775715616,-8.545795440673828,-5.379150390625,-1.3334524631500244,-7.894392013549805,-9.365585327148438,-9.439214706420898,-9.357830047607422,-10.576268196105957,-9.079774856567383,0.0007221660787453108,0.017135372761313074,0.9793047067414433,0.0013852813870460297,0.0003181316376279301,0.000295549363204665,0.00032060842909995,9.48012299157659e-05,0.0004233823716039877
cake_impl_02,r1,0.5,0.5971016011585709,350,0.0004857428275412551,0.977012118382131,0.0010569204211287775,0.000290037820076175,0.5833755002372977,0.2517205512961888,350,0.00038447014860478726,0.9778456858088493,0.0007354293871975248,-7.418471813201904,-4.539917945861816,-0.5389242172241211,-6.915760040283203,-7.888134002685547,-8.270646095275879,-8.145499229431152,-9.519902229309082,-7.672995090484619,0.0010049637383884097,0.017876827605084227,0.977012118382131,0.0016614043398323448,0.0006283168322216996,0.000428603588907078,0.0004857428275412551,0.00012288836265317968,0.0007791343232407896,-8.550357818603516,-5.388168811798096,-1.4018391370773315,-7.898638725280762,-9.245891571044922,-9.331205368041992,-9.243080139160156,-10.402761459350586,-8.952705383300781,0.000768613674621711,0.01815638332802288,0.9778456858088493,0.001474844092065336,0.0003833907550020286,0.0003520386321954962,0.00038447014860478726,0.00012056449389801574,0.0005140090667404983
cake_impl_02,r1,1.0,0.5697616764846216,350,0.0005718347105840078,0.9740419330907932,0.0011856771237522409,0.0003258095033744427,0.554971764764132,0.2573208576073385,350,0.00041764373651087864,0.975211664881665,0.0008285687780989451,-7.343899726867676,-4.464988708496094,-0.5888380408287048,-6.840999126434326,-7.771229267120361,-8.278732299804688,-8.029197692871094,-9.52988338470459,-7.60991096496582,0.0011347276533352508,0.020192347328491435,0.9740419330907932,0.001876284083515188,0.0007401244945014279,0.00044555262925081296,0.0005718347105840078,0.00012750611067039697,0.000869689898858191,-8.47269058227539,-5.2436981201171875,-1.3825322389602661,-7.821123123168945,-9.040913581848145,-9.26431655883789,-9.138313293457031,-10.422096252441406,-8.894454956054688,0.0008126101508484462,0.02052181893572906,0.975211664881665,0.0015590297231464554,0.0004603690616391231,0.00036819971645982207,0.00041764373651087864,0.00011568208766266851,0.0005329817063387997
cake_impl_02,r1,2.0,0.5734631442326769,350,0.0005428803673385489,0.9765291484643525,0.0012176162206404507,0.0003113218823961549,0.5600034759132261,0.25851462888179144,350,0.00039770316181098926,0.9786937876624794,0.0008178439931690318,-7.334936141967773,-4.581305027008057,-0.5798122882843018,-6.956814765930176,-7.692628860473633,-8.326239585876465,-8.07468318939209,-9.576135635375977,-7.533745288848877,0.0011375544583001208,0.017859076405358904,0.9765291484643525,0.0016603063311205768,0.000795478091296261,0.00042213812934418967,0.0005428803673385489,0.00012095717189976313,0.0009324605809890703,-8.466968536376953,-5.4124298095703125,-1.3743394613265991,-7.935755252838135,-8.966111183166504,-9.387543678283691,-9.182607650756836,-10.46287727355957,-8.900346755981445,0.0008134992598326379,0.017255457402945238,0.9786937876624794,0.0013837580483551785,0.0004938354527067061,0.00032400854046232564,0.00039770316181098926,0.00011054650361495949,0.0005274039677925902
cake_impl_02,r1,4.0,0.5329651311818093,350,0.0007493147654659542,0.977862687032986,0.0014852694747352427,0.00039935864227302897,0.5211667152723319,0.22416058878829948,350,0.0005915229596425087,0.9789682378746122,0.0010174439397267613,-7.532169342041016,-4.778496742248535,-0.6516852974891663,-6.904385566711426,-7.567008972167969,-8.201070785522461,-7.825650691986084,-9.329745292663574,-7.467884540557861,0.0010048971659309255,0.015777073052981976,0.977862687032986,0.0018826285950616156,0.0009704897710470547,0.000514779703688188,0.0007493147654659542,0.00016651152765325282,0.001071618385185047,-8.665079116821289,-5.619258403778076,-1.5166486501693726,-7.889631748199463,-8.925922393798828,-9.259824752807617,-8.928202629089355,-10.276348114013672,-8.839165687561035,0.0007695639154912873,0.01618183707352288,0.9789682378746122,0.001671156832252123,0.0005928733101435838,0.0004245706295831775,0.0005915229596425087,0.00015363121361448864,0.0006466061911378501
cake_impl_02,r2,0.0,0.5976702168426317,350,0.0004330069873685014,0.9772873019598619,0.0009415028760060022,0.0002587953800349069,0.5840955136799011,0.2691355774081551,350,0.00032060842909995,0.9793047067414433,0.0006136810008325951,-7.416769504547119,-4.5386834144592285,-0.5376907587051392,-6.914621829986572,-8.002790451049805,-8.385374069213867,-8.259472846984863,-9.76046371459961,-7.790131092071533,0.0010057182153724831,0.017881881947223146,0.9772873019598619,0.001661714005320454,0.0005597197773599608,0.0003817830986460415,0.0004330069873685014,9.652123127589059e-05,0.0006923527775715616,-8.545795440673828,-5.379150390625,-1.3334524631500244,-7.894392013549805,-9.365585327148438,-9.439214706420898,-9.357830047607422,-10.576268196105957,-9.079774856567383,0.0007221660787453108,0.017135372761313074,0.9793047067414433,0.0013852813870460297,0.0003181316376279301,0.000295549363204665,0.00032060842909995,9.48012299157659e-05,0.0004233823716039877
cake_impl_02,r2,0.5,0.5749788826583572,350,0.0004632983663161477,0.976963058415294,0.0010878157287112808,0.0002663867770019009,0.561733127726117,0.25959298899262356,350,0.0003443873284740623,0.9785110764212843,0.0007622538593012896,-7.33066463470459,-4.577864170074463,-0.5767284035682678,-6.953370571136475,-7.8486008644104,-8.35518741607666,-8.230561256408691,-9.605426788330078,-7.826135635375977,0.0011394123065938473,0.01787339105426124,0.976963058415294,0.0016616426686689707,0.0006788034787669713,0.0004090122499443095,0.0004632983663161477,0.00011715592434928002,0.0006942255358053797,-8.456588745117188,-5.392146587371826,-1.370363473892212,-7.860032558441162,-9.122199058532715,-9.330684661865234,-9.322383880615234,-10.426533699035645,-9.106757164001465,0.0008185726185072078,0.01753587869204906,0.9785110764212843,0.0014864088187520315,0.0004207133828120131,0.00034154047648927646,0.0003443873284740623,0.00011416184795017269,0.0004272604136817819
cake_impl_02,r2,1.0,0.565939017537831,350,0.0005059062195613822,0.9767912489496899,0.0010482911651077068,0.00028631206886484687,0.5528042797701385,0.25519826981617016,350,0.0003763387927790535,0.9787006260474692,0.0007181270594028078,-7.4716691970825195,-4.593928337097168,-0.5927512645721436,-6.8446125984191895,-7.901250839233398,-8.4083890914917,-8.158428192138672,-9.65808391571045,-7.719594478607178,0.0010053693951577523,0.017869509692584492,0.9767912489496899,0.001882144145734509,0.0006542755991902573,0.0003940155659174497,0.0005059062195613822,0.00011292180541532307,0.0007846086267489841,-8.595792770385742,-5.423547744750977,-1.3872439861297607,-7.816722393035889,-9.165454864501953,-9.45019817352295,-9.25073528289795,-10.529234886169434,-8.946252822875977,0.0007244641620952419,0.017286434163262622,0.9787006260474692,0.0015789299854149816,0.0004098413775085964,0.00030828568189421134,0.0003763387927790535,0.0001047933356822282,0.000510286453893807
cake_impl_02,r2,2.0,0.5367941830867717,350,0.0005730607065214889,0.978480422156721,0.001187254629857405,0.0003076156538163309,0.5252425988780166,0.25813275711661676,350,0.00040380433152940604,0.9814582711224759,0.0007507895844780961,-7.397715091705322,-4.7704997062683105,-0.6438950300216675,-6.895566463470459,-7.829796314239502,-8.336519241333008,-8.08665943145752,-9.587409973144531,-7.735548973083496,0.001141314555501763,0.0157903043410692,0.978480422156721,0.0018857570252237726,0.0007408919316148114,0.0004463626982425935,0.0005730607065214889,0.00012777119361712225,0.0008141153914881249,-8.519012451171875,-5.587406635284424,-1.3729970455169678,-7.872129440307617,-9.172501564025879,-9.316289901733398,-9.168861389160156,-10.444740295410156,-8.921384811401367,0.000773386845779796,0.014506979923425966,0.9814582711224759,0.0014768435925938475,0.00040233708528773896,0.00034845249919035715,0.00040380433152940604,0.00011273630713050477,0.0005171882925864723
cake_impl_02,r2,4.0,0.4764434912676665,350,0.0007705189180474066,0.9808286036810862,0.001479549034513083,0.0003671087234022914,0.4673094042730071,0.21577689947439396,350,0.0005786360998509807,0.9822023082942234,0.0010161962840275966,-7.639001846313477,-5.137881278991699,-0.7607637047767639,-6.762508392333984,-7.777688026428223,-8.159722328186035,-7.909852504730225,-9.410191535949707,-7.657633304595947,0.001010211370663869,0.01232069235490086,0.9808286036810862,0.0024269929958765702,0.0008793901762452023,0.0006001588582678806,0.0007705189180474066,0.0001718677311762812,0.0009915639137358942,-8.679288864135742,-5.915213584899902,-1.5514682531356812,-7.73335075378418,-9.109175682067871,-9.127601623535156,-8.988347053527832,-10.25502872467041,-8.772775650024414,0.0007881843204539711,0.012504042249155016,0.9822023082942234,0.0020297544052116784,0.0005127791028885787,0.000503417181139018,0.0005786360998509807,0.00016303943616004468,0.0007178389109172787
cake_impl_03,mu_D,0.0,0.7953732722407499,350,0.0008148341070938743,0.9885499910857621,0.0015252090419594253,0.0006480972700926245,0.7862662411834468,0.5490950519945839,350,0.0006510861842070361,0.9905980229117942,0.0011268541205221951,-7.490572452545166,-5.491260528564453,-0.24045981466770172,-6.116128444671631,-6.965983867645264,-8.21828842163086,-7.341469764709473,-9.218798637390137,-8.259786605834961,0.0007019638135924417,0.005183282278526435,0.9885499910857621,0.0027747775560390104,0.00118615283834126,0.0003390562036181654,0.0008148341070938743,0.0001246681828116322,0.0003252739342150293,-8.428560256958008,-6.05439567565918,-0.6089301705360413,-6.539430618286133,-7.698814392089844,-8.707230567932129,-7.936352252960205,-9.641998291015625,-9.114936828613281,0.00039799284067271146,0.004275253159277499,0.9905980229117942,0.0026321694091041292,0.0008256573704637251,0.00030119675005846997,0.0006510861842070361,0.00011827305572735429,0.00020034831869503885
cake_impl_03,mu_D,0.5,0.7903674606412858,350,0.0008148999592930278,0.9891716724664268,0.0015254515513448994,0.0006440704115031176,0.7818091029055835,0.5446005896654267,350,0.0006520643406997806,0.9909852081398111,0.0011907042716637253,-7.496264934539795,-5.621944904327393,-0.24614468216896057,-6.121804237365723,-6.972196102142334,-8.224241256713867,-7.347702503204346,-9.224884033203125,-8.323196411132812,0.000702399917620062,0.004577109458415398,0.9891716724664268,0.0027765477604582635,0.0011862730223829855,0.0003391785289619138,0.0008148999592930278,0.0001246966298644435,0.00030722225657708977,-8.435940742492676,-6.1768412590026855,-0.6167582869529724,-6.540883541107178,-7.639965534210205,-8.693851470947266,-7.943069934844971,-9.648945808410645,-9.168481826782227,0.00039832666360325574,0.0038137640305229126,0.9909852081398111,0.002650038992043163,0.0008829315164196408,0.00030777275524408444,0.0006520643406997806,0.00011842352167884051,0.00019147003997710356
cake_impl_03,mu_D,1.0,0.756690821798311,350,0.0008524129128518479,0.9885485946057194,0.0014971881271961082,0.0006450130275373569,0.7480256484397673,0.5222037571620789,350,0.0006444468193423449,0.990404571096301,0.0011800724010388101,-7.540417194366455,-5.541182041168213,-0.29031801223754883,-6.165971755981445,-7.095693588256836,-8.097684860229492,-7.346240043640137,-9.348499298095703,-8.304445266723633,0.0007019722674585599,0.0051829467874965245,0.9885485946057194,0.0027748149425450763,0.0010951181153253356,0.00040207001187077273,0.0008524129128518479,0.00011510120610970701,0.00032696915062268927,-8.442299842834473,-6.075648784637451,-0.659339189529419,-6.586036682128906,-7.760648727416992,-8.568180084228516,-7.9968156814575195,-9.762384414672852,-9.140665054321289,0.0004127772672484722,0.004400877365145293,0.990404571096301,0.0026416824998844275,0.0008161182497859183,0.00036395415125289177,0.0006444468193423449,0.000110258054810352,0.00020531449622930632
cake_impl_03,mu_D,2.0,0.7364362469679162,350,0.0008471501299489088,0.9877321346766149,0.0014880058789162331,0.0006238720623179569,0.7274017462708546,0.5094494149457117,350,0.0006496248256780789,0.98942599948162,0.001173320215799315,-7.568429470062256,-5.569151878356934,-0.3182763457298279,-5.943870544433594,-7.129001617431641,-8.130903244018555,-7.379565238952637,-9.25718879699707,-8.227118492126465,0.0007013546623968641,0.005178606525773063,0.9877321346766149,0.003560202209016524,0.001088375557652708,0.00039963032126352505,0.0008471501299489088,0.0001295742881012652,0.00036297162923231357,-8.403785705566406,-6.068575382232666,-0.6850550174713135,-6.350785255432129,-7.79182767868042,-8.597047805786133,-8.013540267944336,-9.663704872131348,-9.107696533203125,0.0004397250157622627,0.0045430773449537856,0.98942599948162,0.003426004586095757,0.0008108698774892324,0.00036245033831008264,0.0006496248256780789,0.00012473985401701283,0.0002175086760737478
cake_impl_03,mu_D,4.0,0.6693065355146655,350,0.000893449268312794,0.9857279969208845,0.0017612466937833742,0.0005979914344325489,0.659754190578928,0.44664194976270033,350,0.0007669672533399196,0.98667199863824,0.001529814710758947,-7.791083812713623,-5.541898727416992,-0.4158879518508911,-5.791539669036865,-7.1713385581970215,-7.7980852127075195,-7.421934127807617,-9.298948287963867,-8.117549896240234,0.0006176610656012837,0.005855431404899097,0.9857279969208845,0.004561852240603738,0.0011478950168823164,0.0006133516769010579,0.000893449268312794,0.00013673919073905008,0.0004456232151761938,-8.558202743530273,-5.996679306030273,-0.8194156289100647,-6.189927101135254,-7.762845516204834,-8.26241683959961,-7.979064464569092,-9.72159481048584,-8.887577056884766,0.0004297939152845956,0.005568211936079657,0.98667199863824,0.004589752910257076,0.0009520933191913998,0.0005777213915675471,0.0007669672533399196,0.00013427819904269692,0.0003091824369972471
cake_impl_03,mu_Dprime_native,0.0,0.7953732722407499,350,0.0008148341070938743,0.9885499910857621,0.0015252090419594253,0.0006480972700926245,0.7862662411834468,0.5490950519945839,350,0.0006510861842070361,0.9905980229117942,0.0011268541205221951,-7.490572452545166,-5.491260528564453,-0.24045981466770172,-6.116128444671631,-6.965983867645264,-8.21828842163086,-7.341469764709473,-9.218798637390137,-8.259786605834961,0.0007019638135924417,0.005183282278526435,0.9885499910857621,0.0027747775560390104,0.00118615283834126,0.0003390562036181654,0.0008148341070938743,0.0001246681828116322,0.0003252739342150293,-8.428560256958008,-6.05439567565918,-0.6089301705360413,-6.539430618286133,-7.698814392089844,-8.707230567932129,-7.936352252960205,-9.641998291015625,-9.114936828613281,0.00039799284067271146,0.004275253159277499,0.9905980229117942,0.0026321694091041292,0.0008256573704637251,0.00030119675005846997,0.0006510861842070361,0.00011827305572735429,0.00020034831869503885
cake_impl_03,mu_Dprime_native,0.5,0.7559796101293533,350,0.0009782058462622929,0.9884274744416421,0.0016638219595065608,0.0007395036742836224,0.747231016769534,0.5214446614383837,350,0.0007833437632383933,0.9902093548484485,0.001312623960282589,-7.541494846343994,-5.6672258377075195,-0.2913808822631836,-6.042030334472656,-6.958971977233887,-8.086246490478516,-7.209531307220459,-9.086777687072754,-8.204771041870117,0.000701875884378682,0.004573461304031858,0.9884274744416421,0.003143905504844276,0.0012567439073566122,0.0004070780521499485,0.0009782058462622929,0.000149676117773301,0.00036157894156106245,-8.45948314666748,-6.224886894226074,-0.6609910130500793,-6.419623374938965,-7.627262115478516,-8.529932022094727,-7.803091049194336,-9.508950233459473,-9.049373626708984,0.00040633564735444286,0.003796275707389196,0.9902093548484485,0.0031245304891450673,0.0009339291388387531,0.000378694821443836,0.0007833437632383933,0.00014226797810523186,0.00022526760603673964
cake_impl_03,mu_Dprime_native,1.0,0.7507854649676814,350,0.0010119839001363846,0.9884766603826717,0.0016245339247104797,0.0007597828030037032,0.742133909075105,0.5371455821095559,350,0.0008230427500817977,0.9904344285538121,0.0012969284906689381,-7.673349380493164,-5.674241065979004,-0.2982255816459656,-6.048882961273193,-7.056991100311279,-7.934110641479492,-7.182477951049805,-9.059774398803711,-8.12171459197998,0.0006194280246326964,0.004572909008162825,0.9884766603826717,0.0031440370270816188,0.0011472864122602476,0.0004772475124502321,0.0010119839001363846,0.00015483677429854379,0.00039561095830578896,-8.455683708190918,-6.209092140197754,-0.6310977339744568,-6.463268280029297,-7.672100067138672,-8.373090744018555,-7.7239885330200195,-9.429159164428711,-8.90591812133789,0.0003959599098446012,0.003743980152206735,0.9904344285538121,0.002903663215295813,0.0008668765762806276,0.00043005191438831044,0.0008230427500817977,0.00014958091922609025,0.00025241600886394136
cake_impl_03,mu_Dprime_native,2.0,0.6906142057436983,350,0.0012197454030201484,0.9886923803818797,0.0017287689233804083,0.0008423735027162869,0.6828050030022782,0.5132976170117636,350,0.0010048393230048928,0.9901268654330316,0.0014241435500956677,-8.131690979003906,-5.8825178146362305,-0.3815459609031677,-6.132430076599121,-7.2037248611450195,-7.706035614013672,-7.079287052154541,-8.831199645996094,-7.892089366912842,0.00042581011312197174,0.0040366348560000416,0.9886923803818797,0.003144010224010983,0.0010770268647574783,0.0006517420586229299,0.0012197454030201484,0.0002115549627869508,0.0005410951357997825,-8.840411186218262,-6.303692817687988,-0.6768216490745544,-6.463334083557129,-7.758779525756836,-8.098377227783203,-7.569827079772949,-9.16141128540039,-8.610602378845215,0.0002820258754543448,0.0035642794413797943,0.9901268654330316,0.0030383683590635637,0.0008318319889909981,0.0005923115611046696,0.0010048393230048928,0.00020458810714394645,0.0003548899108260316
cake_impl_03,mu_Dprime_native,4.0,0.6321313424062114,350,0.001137539816652803,0.9928845180961293,0.0014762314382907676,0.000719074571341252,0.6276334232784505,0.5961619097288505,350,0.0010597635825228672,0.9936065495265933,0.0013531314989569758,-9.466277122497559,-6.591765880584717,-0.4657990038394928,-6.966960430145264,-8.112131118774414,-7.364577293395996,-7.237545490264893,-9.11380386352539,-7.974900245666504,0.0001224731131776669,0.0021698270947983767,0.9928845180961293,0.0014910087957602778,0.00047439367992887555,0.001001837758361892,0.001137539816652803,0.00017422799900921048,0.0005441736461817851,-9.787144660949707,-6.818658351898193,-0.523656964302063,-7.0544819831848145,-8.282204627990723,-7.498875617980957,-7.366952419281006,-9.231315612792969,-8.24622917175293,9.421777755859987e-05,0.0018337075763174935,0.9936065495265933,0.001448482249843609,0.00042434589729745353,0.0009287856016595222,0.0010597635825228672,0.0001642579295240006,0.00043988985868325834
cake_impl_03,mu_Dprime_matched,0.0,0.7953732722407499,350,0.0008148341070938743,0.9885499910857621,0.0015252090419594253,0.0006480972700926245,0.7862662411834468,0.5490950519945839,350,0.0006510861842070361,0.9905980229117942,0.0011268541205221951,-7.490572452545166,-5.491260528564453,-0.24045981466770172,-6.116128444671631,-6.965983867645264,-8.21828842163086,-7.341469764709473,-9.218798637390137,-8.259786605834961,0.0007019638135924417,0.005183282278526435,0.9885499910857621,0.0027747775560390104,0.00118615283834126,0.0003390562036181654,0.0008148341070938743,0.0001246681828116322,0.0003252739342150293,-8.428560256958008,-6.05439567565918,-0.6089301705360413,-6.539430618286133,-7.698814392089844,-8.707230567932129,-7.936352252960205,-9.641998291015625,-9.114936828613281,0.00039799284067271146,0.004275253159277499,0.9905980229117942,0.0026321694091041292,0.0008256573704637251,0.00030119675005846997,0.0006510861842070361,0.00011827305572735429,0.00020034831869503885
cake_impl_03,mu_Dprime_matched,0.5,0.7738634319872015,350,0.000847112329582722,0.9891534112629278,0.001487873881081798,0.0006555492546495587,0.7654696536017771,0.5331683892294427,350,0.0006796418754305205,0.9908638736701812,0.0011666378747316822,-7.517384052276611,-5.643111705780029,-0.2672657072544098,-6.142849922180176,-7.079481601715088,-8.081517219543457,-7.3300371170043945,-9.207286834716797,-8.28473949432373,0.0007023882902385108,0.004576815445130913,0.9891534112629278,0.002776705692193633,0.0010883181714627565,0.0003995557096190415,0.000847112329582722,0.00012961695340447864,0.00032607614544014415,-8.414868354797363,-6.179138660430908,-0.6380960941314697,-6.559706211090088,-7.749207973480225,-8.563600540161133,-7.922862529754639,-9.587203025817871,-9.132894515991211,0.00041553223005695215,0.003886599442482122,0.9908638736701812,0.0026563873095008473,0.0008085322459821874,0.00035810562874949485,0.0006796418754305205,0.0001286667218390404,0.00020266087577761684
cake_impl_03,mu_Dprime_matched,1.0,0.7556717584577086,350,0.0009596855862631122,0.9884403147899248,0.0016853973985826282,0.000725207294537963,0.7469364308077935,0.5407869522772488,350,0.0007453370807251348,0.9904026771727767,0.0012722708945563964,-7.541872024536133,-5.667733192443848,-0.2917751967906952,-6.042433738708496,-6.97855281829834,-7.980826377868652,-7.229053020477295,-9.106362342834473,-8.240728378295898,0.0007018970300658576,0.0045730037539017466,0.9884403147899248,0.003143917768899599,0.001232877218453171,0.00045252018012945723,0.0009596855862631122,0.00014683307453141207,0.0003489505978308417,-8.444437980651855,-6.179744720458984,-0.6243735551834106,-6.422859191894531,-7.648567199707031,-8.462227821350098,-7.816403865814209,-9.48579216003418,-9.087841033935547,0.00039774156434701976,0.003829523717723058,0.9904026771727767,0.0030030425808512534,0.0008815425225317127,0.00039072837202468375,0.0007453370807251348,0.00014039337153398248,0.00020901361748636364
cake_impl_03,mu_Dprime_matched,2.0,0.7297078495724207,350,0.0010118998746340483,0.9884603946067508,0.0016244594792843865,0.0007383912815018134,0.7212873089359986,0.5223167570054672,350,0.0008185506826473795,0.9902466101145353,0.0013003935111175584,-7.701836109161377,-5.70259952545166,-0.326717734336853,-6.077464580535889,-7.085550308227539,-7.962541580200195,-7.211036682128906,-9.088052749633789,-8.110063552856445,0.0006194211914440833,0.0045734451568600724,0.9884603946067508,0.0031437040217005005,0.001147190605503034,0.00047726887378135254,0.0010118998746340483,0.0001548673337827498,0.000411808335543466,-8.515789031982422,-6.187702178955078,-0.6592823266983032,-6.491096019744873,-7.695260047912598,-8.402799606323242,-7.757456302642822,-9.455215454101562,-8.891088485717773,0.0003834474511093563,0.003933517882478855,0.9902466101145353,0.0029041487560545975,0.0008710780399998947,0.00042931547111766354,0.0008185506826473795,0.0001498711859493622,0.0002634604161077038
cake_impl_03,mu_Dprime_matched,4.0,0.6882455740494127,350,0.0012194744346995434,0.9892129635864856,0.0017283014208271464,0.0008392978823483703,0.6808214439807015,0.5415948474863544,350,0.0009602541272859564,0.9908370633671303,0.001395456769451626,-8.259614944458008,-6.010415077209473,-0.38445520401000977,-6.135313987731934,-7.207429885864258,-7.709743499755859,-7.082944869995117,-8.834665298461914,-7.894293308258057,0.0003759684307964752,0.00356423615089043,0.9892129635864856,0.0031457453489218646,0.0010767367709981757,0.0006515646498289706,0.0012194744346995434,0.00021154861393895698,0.0005417620134398887,-8.918352127075195,-6.411365509033203,-0.6224422454833984,-6.432298183441162,-7.710479259490967,-8.08649730682373,-7.561549663543701,-9.121747970581055,-8.557718276977539,0.00024724889512118035,0.0030332263071711015,0.9908370633671303,0.002970392700528238,0.0008273835476282413,0.0005680732218233847,0.0009602541272859564,0.00020174401843646732,0.00035461381487509236
cake_impl_03,mu_D_par,0.0,0.7953732722407499,350,0.0008148341070938743,0.9885499910857621,0.0015252090419594253,0.0006480972700926245,0.7862662411834468,0.5490950519945839,350,0.0006510861842070361,0.9905980229117942,0.0011268541205221951,-7.490572452545166,-5.491260528564453,-0.24045981466770172,-6.116128444671631,-6.965983867645264,-8.21828842163086,-7.341469764709473,-9.218798637390137,-8.259786605834961,0.0007019638135924417,0.005183282278526435,0.9885499910857621,0.0027747775560390104,0.00118615283834126,0.0003390562036181654,0.0008148341070938743,0.0001246681828116322,0.0003252739342150293,-8.428560256958008,-6.05439567565918,-0.6089301705360413,-6.539430618286133,-7.698814392089844,-8.707230567932129,-7.936352252960205,-9.641998291015625,-9.114936828613281,0.00039799284067271146,0.004275253159277499,0.9905980229117942,0.0026321694091041292,0.0008256573704637251,0.00030119675005846997,0.0006510861842070361,0.00011827305572735429,0.00020034831869503885
cake_impl_03,mu_D_par,0.5,0.7752198247945465,350,0.0008150346924960236,0.9885686543557649,0.0015256347938881224,0.0006318310515182445,0.7663580190270567,0.5340644784989951,350,0.0006528303397414971,0.9904921847812806,0.0011825912666643984,-7.5162248611450195,-5.517024040222168,-0.2661058306694031,-6.141799449920654,-6.991400718688965,-8.243565559387207,-7.366888523101807,-9.244231224060059,-8.34498405456543,0.0007019725788330181,0.005182771147119981,0.9885686543557649,0.0027747606022393936,0.001186447093188902,0.00033918770069922045,0.0008150346924960236,0.00012469714766607514,0.00030647468199250944,-8.384821891784668,-6.081105709075928,-0.636792004108429,-6.557766914367676,-7.662458896636963,-8.731438636779785,-7.961431980133057,-9.672483444213867,-9.194917678833008,0.00042748849136806604,0.004279722927636141,0.9904921847812806,0.002657078114012692,0.0008803243000651377,0.0003022669665992608,0.0006528303397414971,0.00011795059080773457,0.0001901534884887944
cake_impl_03,mu_D_par,1.0,0.7572505663350814,350,0.0008636606282498653,0.9891603084710869,0.0014689331774171933,0.0006540074998635226,0.7490422037859144,0.5223987765807039,350,0.0006829671283754185,0.9909667598247501,0.0011421387931999003,-7.53907585144043,-5.664805889129639,-0.28895995020866394,-6.164618968963623,-7.081908702850342,-8.209037780761719,-7.332391738891602,-9.20971393585205,-8.3277587890625,0.0007023949043833063,0.004576847631332642,0.9891603084710869,0.002776517351819184,0.0011094979961698698,0.00035943518124732364,0.0008636606282498653,0.00013213943664895772,0.0003191983990619347,-8.405247688293457,-6.219185829162598,-0.6583983302116394,-6.584919452667236,-7.755173206329346,-8.69076156616211,-7.938387870788574,-9.622942924499512,-9.173685073852539,0.0004281985169140742,0.0038110071298961485,0.9909667598247501,0.0026436482319807312,0.0008202928368184825,0.0003218459563814179,0.0006829671283754185,0.0001267088172433357,0.00019857155764002387
cake_impl_03,mu_D_par,2.0,0.7366933833457084,350,0.0009527594326699315,0.9888681636347327,0.001673335282205836,0.0007018915699681496,0.7284926331509289,0.5269599394890859,350,0.0007733176644630019,0.9906409295716065,0.0013224985299950744,-7.69189977645874,-5.69280481338501,-0.316777765750885,-6.1925506591796875,-7.011247158050537,-8.013236045837402,-7.2617316246032715,-9.014021873474121,-8.205343246459961,0.0006196744678625068,0.004574667289187297,0.9888681636347327,0.002775381254064274,0.0012239601516792242,0.00044937513052661183,0.0009527594326699315,0.00016518601314353127,0.00037083262613369695,-8.500740051269531,-6.207606792449951,-0.6500338912010193,-6.569699764251709,-7.628195762634277,-8.466662406921387,-7.805451393127441,-9.39191722869873,-8.991520881652832,0.000385831696972245,0.0038220206013769727,0.9906409295716065,0.002660958148692609,0.0009232920005923575,0.0003992065294027169,0.0007733176644630019,0.00015825759898681336,0.00023618618790688587
cake_impl_03,mu_D_par,4.0,0.7117803386517885,350,0.0011759731392711466,0.988665506835328,0.0018049213929413506,0.0008370345593158234,0.7037126692685918,0.5278984811737634,350,0.0009706300044249675,0.9901518787445606,0.0015024215881491079,-7.976545333862305,-5.852492332458496,-0.3513851463794708,-6.102126121520996,-7.085155010223389,-7.712364673614502,-7.0856451988220215,-8.962339401245117,-7.919668674468994,0.0004824856369716715,0.004035978901186762,0.988665506835328,0.003144374822334431,0.0011765497292036758,0.0006283716637376747,0.0011759731392711466,0.0001800360457518196,0.0005107232262149104,-8.7177095413208,-6.2906341552734375,-0.6487482190132141,-6.4351396560668945,-7.641596794128418,-8.069100379943848,-7.576416492462158,-9.282646179199219,-8.629057884216309,0.00031002480205563973,0.0035112510833571614,0.9901518787445606,0.003038812782844738,0.0009093818182851045,0.0005930397698640033,0.0009706300044249675,0.00017621690711818776,0.00033876408748961546
cake_impl_03,mu_D_perp_native,0.0,0.7953732722407499,350,0.0008148341070938743,0.9885499910857621,0.0015252090419594253,0.0006480972700926245,0.7862662411834468,0.5490950519945839,350,0.0006510861842070361,0.9905980229117942,0.0011268541205221951,-7.490572452545166,-5.491260528564453,-0.24045981466770172,-6.116128444671631,-6.965983867645264,-8.21828842163086,-7.341469764709473,-9.218798637390137,-8.259786605834961,0.0007019638135924417,0.005183282278526435,0.9885499910857621,0.0027747775560390104,0.00118615283834126,0.0003390562036181654,0.0008148341070938743,0.0001246681828116322,0.0003252739342150293,-8.428560256958008,-6.05439567565918,-0.6089301705360413,-6.539430618286133,-7.698814392089844,-8.707230567932129,-7.936352252960205,-9.641998291015625,-9.114936828613281,0.00039799284067271146,0.004275253159277499,0.9905980229117942,0.0026321694091041292,0.0008256573704637251,0.00030119675005846997,0.0006510861842070361,0.00011827305572735429,0.00020034831869503885
cake_impl_03,mu_D_perp_native,0.5,0.787565676760694,350,0.000819792140681458,0.988556266894481,0.0015346518310306962,0.0006456401520788906,0.7785529853527772,0.5435076954195618,350,0.0006185660509664384,0.9905705259642966,0.0011382778354191616,-7.50045108795166,-5.501116752624512,-0.2503182291984558,-6.125977039337158,-6.969736576080322,-8.221771240234375,-7.345268249511719,-9.34753704071045,-8.290725708007812,0.0007019540757394231,0.0051833265385017166,0.988556266894481,0.0027748224199602048,0.0011934248701120295,0.0003412269609186666,0.000819792140681458,0.00011069537175608823,0.00031849072784923205,-8.400803565979004,-6.052386283874512,-0.6191856265068054,-6.545770645141602,-7.699586868286133,-8.705642700195312,-7.9978179931640625,-9.798672676086426,-9.195426940917969,0.00041340114026339566,0.004327891226084484,0.9905705259642966,0.00264242233435036,0.0008335011677366266,0.00030477666768253495,0.0006185660509664384,0.00010216092799184408,0.000186754520627713
cake_impl_03,mu_D_perp_native,1.0,0.7939549631395959,350,0.0008197331434844085,0.9885947479950603,0.0015345167216639151,0.0006508311977194687,0.7848997067044162,0.5477561784168645,350,0.0006248581902429399,0.9907016098039712,0.001134892394556442,-7.492289066314697,-5.49303674697876,-0.24219933152198792,-6.117850303649902,-6.961702346801758,-8.213927268981934,-7.3372602462768555,-9.339532852172852,-8.411361694335938,0.0007020116732718647,0.005183326713581398,0.9885947479950603,0.0027749521842876618,0.001193370281016375,0.0003411464406475403,0.0008197331434844085,0.00011068698320998568,0.0002800245854403518,-8.394225120544434,-6.071343421936035,-0.6112669110298157,-6.537107467651367,-7.6848883628845215,-8.728394508361816,-7.979910850524902,-9.790975570678711,-9.310500144958496,0.0004129020750212922,0.004213682118808253,0.9907016098039712,0.002644740186374616,0.0008392823790244057,0.0002956100155320363,0.0006248581902429399,0.0001021518067392444,0.0001651634242860378
cake_impl_03,mu_D_perp_native,2.0,0.7767437808370191,350,0.0007238748910788096,0.9877650082583959,0.0013550770125731906,0.0005622653197495399,0.7672403270931358,0.5152909507009321,350,0.000549357600829389,0.9896614402823987,0.0010466729697549138,-7.39007568359375,-5.390761852264404,-0.26495519280433655,-6.015607833862305,-7.107977867126465,-8.360193252563477,-7.483536720275879,-9.485943794250488,-8.534764289855957,0.0007947913375862235,0.0058687294601811124,0.9877650082583959,0.0031417883704102528,0.0010538205181605475,0.0003012564944126432,0.0007238748910788096,9.773028603179153e-05,0.00025300038374278025,-8.309078216552734,-5.959481239318848,-0.6734159588813782,-6.4715576171875,-7.83070707321167,-8.85970687866211,-8.169784545898438,-9.933793067932129,-9.407541275024414,0.00047792600843393876,0.005009307212966616,0.9896614402823987,0.003001827430818017,0.0007711069421986764,0.0002755660275562373,0.000549357600829389,9.413604988242894e-05,0.00015933244491598132
cake_impl_03,mu_D_perp_native,4.0,0.7808683840668885,350,0.0006032976392947582,0.9876204303658356,0.0012463629041638722,0.00047109605270746643,0.771201569531215,0.49768315744410163,350,0.0004804118993687442,0.9893069878240659,0.0010014108229662237,-7.384949684143066,-5.385738849639893,-0.25980550050735474,-5.885313510894775,-7.159883975982666,-8.536882400512695,-7.6604485511779785,-9.788166999816895,-8.598343849182129,0.0007946561771116891,0.0058671271103072934,0.9876204303658356,0.003560106406034588,0.000995231374833527,0.00025113152933034527,0.0006032976392947582,7.185801971856597e-05,0.00023616137753368037,-8.328462600708008,-5.977349281311035,-0.7085422277450562,-6.378269672393799,-7.868912696838379,-9.062478065490723,-8.338658332824707,-10.265567779541016,-9.507367134094238,0.0004853351055979047,0.005094683943852754,0.9893069878240659,0.0034119270229745775,0.0007684607557181223,0.00023295006724810148,0.0004804118993687442,6.994676221404454e-05,0.0001492966189598049
cake_impl_03,mu_D_perp_matched,0.0,0.7953732722407499,350,0.0008148341070938743,0.9885499910857621,0.0015252090419594253,0.0006480972700926245,0.7862662411834468,0.5490950519945839,350,0.0006510861842070361,0.9905980229117942,0.0011268541205221951,-7.490572452545166,-5.491260528564453,-0.24045981466770172,-6.116128444671631,-6.965983867645264,-8.21828842163086,-7.341469764709473,-9.218798637390137,-8.259786605834961,0.0007019638135924417,0.005183282278526435,0.9885499910857621,0.0027747775560390104,0.00118615283834126,0.0003390562036181654,0.0008148341070938743,0.0001246681828116322,0.0003252739342150293,-8.428560256958008,-6.05439567565918,-0.6089301705360413,-6.539430618286133,-7.698814392089844,-8.707230567932129,-7.936352252960205,-9.641998291015625,-9.114936828613281,0.00039799284067271146,0.004275253159277499,0.9905980229117942,0.0026321694091041292,0.0008256573704637251,0.00030119675005846997,0.0006510861842070361,0.00011827305572735429,0.00020034831869503885
cake_impl_03,mu_D_perp_matched,0.5,0.7916024786611664,350,0.0006645952228531691,0.9888732275252481,0.00140979601909466,0.0005260952257169389,0.7827944979906539,0.5464619413198551,350,0.0005063396038406427,0.9909491845182327,0.001046043563485681,-7.494997024536133,-5.495612144470215,-0.24488507211208344,-6.120541572570801,-7.049479961395264,-8.301526069641113,-7.550028324127197,-9.427294731140137,-8.388256072998047,0.0007021938232992482,0.0051853589538229964,0.9888732275252481,0.002775718521823436,0.0010963333038448073,0.0003134627152498526,0.0006645952228531691,0.00010168825003953719,0.0002874216838189753,-8.467065811157227,-6.07681941986084,-0.6133826375007629,-6.538791179656982,-7.771580219268799,-8.804366111755371,-8.192593574523926,-9.849115371704102,-9.2847261428833,0.0003848044800888871,0.004200596225559262,0.9909491845182327,0.0026465442010704557,0.000771410728305225,0.000274632835180456,0.0005063396038406427,9.661034251108575e-05,0.0001698770652116429
cake_impl_03,mu_D_perp_matched,1.0,0.7954568363315538,350,0.0008198631996064085,0.9874455339520654,0.0015348216896557685,0.000652165786983579,0.7854703004872319,0.5276568006886225,350,0.0006557826693620001,0.989299655494059,0.0011845967005927709,-7.3665971755981445,-5.367260456085205,-0.24147263169288635,-5.992061614990234,-6.95965576171875,-8.211691856384277,-7.335211753845215,-9.337615966796875,-8.386100769042969,0.0007945310567083856,0.005866941831485846,0.9874455339520654,0.003140972158012687,0.0011935573406262447,0.0003412643490295238,0.0008198631996064085,0.00011068997589650171,0.00028664613656887057,-8.285526275634766,-5.918344497680664,-0.6500672101974487,-6.448699951171875,-7.683487415313721,-8.711421966552734,-7.968990325927734,-9.786887168884277,-9.267229080200195,0.00047784838101336133,0.005097345869974108,0.989299655494059,0.002999256825430282,0.0008724735583165369,0.00031212314227623407,0.0006557826693620001,0.0001064773827862997,0.00017903667678218591
cake_impl_03,mu_D_perp_matched,2.0,0.777453633990189,350,0.0006682578610151736,0.9877566529695869,0.001417674669375126,0.0005195395024887573,0.7679349993491913,0.515932599547604,350,0.0005104564541923811,0.9896573540681446,0.0010517216100227708,-7.389188289642334,-5.389952182769775,-0.2640501856803894,-6.0146355628967285,-7.0619635581970215,-8.31391429901123,-7.562567710876465,-9.565332412719727,-8.497519493103027,0.0007947706160643517,0.005868120338527444,0.9877566529695869,0.0031419731287828244,0.0011024367887536729,0.00031523788062145315,0.0006682578610151736,9.018917571345293e-05,0.00026236124093477324,-8.312849998474121,-5.950015544891357,-0.6721756458282471,-6.466936111450195,-7.832320213317871,-8.832496643066406,-8.241984367370605,-10.049177169799805,-9.411418914794922,0.00047553462744120967,0.005050659744122555,0.9896573540681446,0.003011981930037046,0.0007689065861736292,0.00028281502384914153,0.0005104564541923811,8.377314839233106e-05,0.00015851841764717112
cake_impl_03,mu_D_perp_matched,4.0,0.7460823382272536,350,0.0005477236301257274,0.9871616749466823,0.0013167676027364718,0.00040864692666652203,0.7365038906525527,0.4760237663171608,350,0.0004172909005241608,0.9888092930610324,0.0010208147786647669,-7.430980205535889,-5.431888103485107,-0.30584076046943665,-5.806426525115967,-7.177099704742432,-8.428555488586426,-7.802659034729004,-10.055489540100098,-8.686561584472656,0.0007942908185007083,0.005863733327897381,0.9871616749466823,0.004031941677571416,0.0010238549704326809,0.00029291263230379097,0.0005477236301257274,5.756647285671433e-05,0.00022630152362925214,-8.34718132019043,-5.9719953536987305,-0.7535412907600403,-6.339533805847168,-7.9326252937316895,-8.970623016357422,-8.524014472961426,-10.571479797363281,-9.633543968200684,0.0004980082955083732,0.005355089526404665,0.9888092930610324,0.0037080605231772997,0.0007538344344903021,0.00026698034417446475,0.0004172909005241608,5.385623908627225e-05,0.00013758667560203954
cake_impl_03,r0,0.0,0.7953732722407499,350,0.0008148341070938743,0.9885499910857621,0.0015252090419594253,0.0006480972700926245,0.7862662411834468,0.5490950519945839,350,0.0006510861842070361,0.9905980229117942,0.0011268541205221951,-7.490572452545166,-5.491260528564453,-0.24045981466770172,-6.116128444671631,-6.965983867645264,-8.21828842163086,-7.341469764709473,-9.218798637390137,-8.259786605834961,0.0007019638135924417,0.005183282278526435,0.9885499910857621,0.0027747775560390104,0.00118615283834126,0.0003390562036181654,0.0008148341070938743,0.0001246681828116322,0.0003252739342150293,-8.428560256958008,-6.05439567565918,-0.6089301705360413,-6.539430618286133,-7.698814392089844,-8.707230567932129,-7.936352252960205,-9.641998291015625,-9.114936828613281,0.00039799284067271146,0.004275253159277499,0.9905980229117942,0.0026321694091041292,0.0008256573704637251,0.00030119675005846997,0.0006510861842070361,0.00011827305572735429,0.00020034831869503885
cake_impl_03,r0,0.5,0.7729495960256528,350,0.0008845158606784318,0.9894956635725528,0.0014611865098672783,0.0006836861771896765,0.76483027342754,0.5129487415183979,350,0.0006985867620925318,0.9912047875780687,0.001120154717541503,-7.518223285675049,-5.6439008712768555,-0.2681013345718384,-6.268770694732666,-7.037458419799805,-8.289789199829102,-7.28801155090332,-9.290271759033203,-8.34658145904541,0.0007026287865593366,0.004578611773168006,0.9894956635725528,0.002451073329828445,0.0011363692339365892,0.00032481727593068914,0.0008845158606784318,0.00011943594912729328,0.00030688421821838883,-8.453531265258789,-6.233916759490967,-0.6764134764671326,-6.691171169281006,-7.76389217376709,-8.806329727172852,-7.934030532836914,-9.718645095825195,-9.193547248840332,0.00041553159427591365,0.003824462281370068,0.9912047875780687,0.0024209583340195355,0.0008281528527084414,0.00029200186483306157,0.0006985867620925318,0.00011726599547813801,0.00019825273715356415
cake_impl_03,r0,1.0,0.758172905098235,350,0.0008842164599649333,0.9897773026292601,0.0014606946928937535,0.0006703889621872906,0.750422332934721,0.5039923823320726,350,0.0006931899290758348,0.9914976191769751,0.0011188143165507072,-7.537227630615234,-5.66304874420166,-0.2871191203594208,-6.412899017333984,-7.0570878982543945,-8.30946159362793,-7.307652473449707,-9.310311317443848,-8.346663475036621,0.0007028382216918049,0.004579319229096997,0.9897773026292601,0.00216344113916541,0.0011359975834934145,0.0003246971094003388,0.0008842164599649333,0.00011934793527456096,0.0003128396926525876,-8.474326133728027,-6.249032974243164,-0.6937328577041626,-6.833737850189209,-7.782994270324707,-8.824319839477539,-7.959400653839111,-9.77147102355957,-9.241467475891113,0.00041421226079978944,0.0038340298499570874,0.9914976191769751,0.002136590970125221,0.0008269220325122647,0.00029189228403844243,0.0006931899290758348,0.00011320877266989166,0.00019233472384655434
cake_impl_03,r0,2.0,0.7628828798818351,350,0.0007802528869413201,0.9902188811507403,0.0012889446142693656,0.0005952415694259102,0.7554210317656453,0.4861871382006873,350,0.000610603843598604,0.992078797299725,0.0009683569680445975,-7.405572891235352,-5.6564154624938965,-0.2804800271987915,-6.531406879425049,-7.17591667175293,-8.428589820861816,-7.426543235778809,-9.42963695526123,-8.321825981140137,0.0007967878245412455,0.004581335618933366,0.9902188811507403,0.0019098012108185835,0.0010024924672534406,0.00028645214701592507,0.0007802528869413201,0.0001052695666484422,0.0003187271271074519,-8.452351570129395,-6.293644905090332,-0.7291144132614136,-7.0372724533081055,-7.96757698059082,-8.992932319641113,-8.122223854064941,-9.922100067138672,-9.266814231872559,0.00043892153397700573,0.003801029857185301,0.992078797299725,0.0018069575093197577,0.0007127247126145983,0.0002556322554299992,0.000610603843598604,0.00010094463134294846,0.00019438835680670713
cake_impl_03,r0,4.0,0.7201882755894926,350,0.0008967915686472988,0.9911971389761194,0.0011537168689930947,0.0006458587733872942,0.7138485582884501,0.44051556292016175,350,0.0006440593987461396,0.9930466177708976,0.0007993666273284455,-7.587193489074707,-5.838094234466553,-0.33708444237709045,-6.838494777679443,-7.3442182540893555,-8.597455024719238,-7.3449296951293945,-9.348602294921875,-8.170524597167969,0.0007038460661207748,0.004046707760102138,0.9911971389761194,0.0014881044198572118,0.0008974298099822147,0.00025628705901088,0.0008967915686472988,0.00012092262404234435,0.00039277171611777,-8.706409454345703,-6.504807472229004,-0.8267871737480164,-7.391759872436523,-8.261783599853516,-9.272903442382812,-8.167529106140137,-9.899301528930664,-9.220885276794434,0.0003757449571270048,0.0033965401509726155,0.9930466177708976,0.001399066055298278,0.0005861269839226454,0.00021323964340580012,0.0006440593987461396,0.00011397949150575385,0.00022462554812405471
cake_impl_03,r1,0.0,0.7953732722407499,350,0.0008148341070938743,0.9885499910857621,0.0015252090419594253,0.0006480972700926245,0.7862662411834468,0.5490950519945839,350,0.0006510861842070361,0.9905980229117942,0.0011268541205221951,-7.490572452545166,-5.491260528564453,-0.24045981466770172,-6.116128444671631,-6.965983867645264,-8.21828842163086,-7.341469764709473,-9.218798637390137,-8.259786605834961,0.0007019638135924417,0.005183282278526435,0.9885499910857621,0.0027747775560390104,0.00118615283834126,0.0003390562036181654,0.0008148341070938743,0.0001246681828116322,0.0003252739342150293,-8.428560256958008,-6.05439567565918,-0.6089301705360413,-6.539430618286133,-7.698814392089844,-8.707230567932129,-7.936352252960205,-9.641998291015625,-9.114936828613281,0.00039799284067271146,0.004275253159277499,0.9905980229117942,0.0026321694091041292,0.0008256573704637251,0.00030119675005846997,0.0006510861842070361,0.00011827305572735429,0.00020034831869503885
cake_impl_03,r1,0.5,0.8028165320625438,350,0.0008147461842552529,0.9891925896683641,0.0015252016442856293,0.0006540917061549924,0.794140164379523,0.5531250689284894,350,0.0006424548229882053,0.9910517821430356,0.0011714596956467057,-7.480632781982422,-5.606338024139404,-0.23049530386924744,-6.1061506271362305,-6.956695556640625,-8.208903312683105,-7.332262992858887,-9.2095308303833,-8.37646770477295,0.0007024026711832951,0.0045770117283053975,0.9891925896683641,0.0027766182242646284,0.0011861215605971892,0.0003390800836884402,0.0008147461842552529,0.00012466233932538771,0.00028676754001629535,-8.419407844543457,-6.163281440734863,-0.6011596322059631,-6.530906677246094,-7.635133743286133,-8.710840225219727,-7.942385196685791,-9.638522148132324,-9.236371040344238,0.0003987257559097406,0.003806251995901635,0.9910517821430356,0.00263535985581231,0.0008735347867011668,0.0002979249089455389,0.0006424548229882053,0.00011782017818425519,0.000176145552521644
cake_impl_03,r1,1.0,0.7975823986822581,350,0.0007620116794925665,0.988752135833678,0.0012959811658993922,0.0006077671031535773,0.7886113002004308,0.5483849622591231,350,0.0005970489955286093,0.9907086979095004,0.0009910916565286424,-7.362595558166504,-5.48839807510376,-0.2374817281961441,-6.11323881149292,-7.155167102813721,-8.282782554626465,-7.405718803405762,-9.283308029174805,-8.276859283447266,0.0007955909152917344,0.005183742741348522,0.988752135833678,0.002775099481979908,0.0009789823204463927,0.0003169988454529996,0.0007620116794925665,0.0001165560947612335,0.0003188820875487774,-8.304224967956543,-6.045451641082764,-0.6101124882698059,-6.542025089263916,-7.841366291046143,-8.802423477172852,-8.02428913116455,-9.713884353637695,-9.15006160736084,0.00045126887760295765,0.004319248335422424,0.9907086979095004,0.002628748671090884,0.0007168897189010076,0.0002742019376276347,0.0005970489955286093,0.00011021179868713473,0.00019368375563903124
cake_impl_03,r1,2.0,0.7945751925846756,350,0.0008780057253996235,0.9890725628592388,0.0014505153728391201,0.0006976415683498535,0.7858925221140983,0.5462089334268759,350,0.0006852977205152015,0.9911188653744871,0.0011075876433819848,-7.366119384765625,-5.61702823638916,-0.24093523621559143,-6.116601467132568,-7.017117023468018,-8.269796371459961,-7.267805099487305,-9.145550727844238,-8.285661697387695,0.000795792783160466,0.004575311110388537,0.9890725628592388,0.0027762510319774177,0.0011281576586402654,0.00032235771419885474,0.0008780057253996235,0.00013427735660355197,0.00031728376039256686,-8.337018966674805,-6.17155647277832,-0.613674521446228,-6.590270519256592,-7.709106922149658,-8.764039039611816,-7.890410900115967,-9.613638877868652,-9.173847198486328,0.00043844979197471296,0.003822682956347291,0.9911188653744871,0.002514913663175511,0.0008215208768943961,0.0002860667664875886,0.0006852977205152015,0.0001223181447810605,0.00018988470533681944
cake_impl_03,r1,4.0,0.7911027903010708,350,0.0009095851530474087,0.9895213379306497,0.0014097511322991411,0.0007195753525922315,0.7828130914993857,0.519841708362285,350,0.0007196744127064437,0.9913801175241713,0.0010952605320344948,-7.245165824890137,-5.621324062347412,-0.24486131966114044,-6.370717525482178,-7.11107063293457,-8.114274024963379,-7.236849308013916,-9.11546802520752,-8.109991073608398,0.0009020519412324818,0.004575694939243868,0.9895213379306497,0.0021627166144636482,0.00103149789818051,0.0003782532341186312,0.0009095851530474087,0.00013898554050867568,0.00037987674855513587,-8.168272018432617,-6.229973793029785,-0.6628881692886353,-6.810282230377197,-7.835477828979492,-8.65697956085205,-7.890942573547363,-9.603351593017578,-9.074056625366211,0.0005453727251536512,0.0037886600459358355,0.9913801175241713,0.0021206103948649695,0.0007607187041123601,0.0003345418279221347,0.0007196744127064437,0.00012985129169987232,0.00022045307343338815
cake_impl_03,r2,0.0,0.7953732722407499,350,0.0008148341070938743,0.9885499910857621,0.0015252090419594253,0.0006480972700926245,0.7862662411834468,0.5490950519945839,350,0.0006510861842070361,0.9905980229117942,0.0011268541205221951,-7.490572452545166,-5.491260528564453,-0.24045981466770172,-6.116128444671631,-6.965983867645264,-8.21828842163086,-7.341469764709473,-9.218798637390137,-8.259786605834961,0.0007019638135924417,0.005183282278526435,0.9885499910857621,0.0027747775560390104,0.00118615283834126,0.0003390562036181654,0.0008148341070938743,0.0001246681828116322,0.0003252739342150293,-8.428560256958008,-6.05439567565918,-0.6089301705360413,-6.539430618286133,-7.698814392089844,-8.707230567932129,-7.936352252960205,-9.641998291015625,-9.114936828613281,0.00039799284067271146,0.004275253159277499,0.9905980229117942,0.0026321694091041292,0.0008256573704637251,0.00030119675005846997,0.0006510861842070361,0.00011827305572735429,0.00020034831869503885
cake_impl_03,r2,0.5,0.7754247638545795,350,0.0008149094301874385,0.989787574521122,0.0015255374237308195,0.0006319009524659644,0.767505796239238,0.5354811433876495,350,0.0006158143062345046,0.9915828320973794,0.001177599155721765,-7.6397247314453125,-5.765437126159668,-0.2646092474460602,-6.1402692794799805,-6.991236686706543,-8.243237495422363,-7.3667778968811035,-9.244038581848145,-8.342771530151367,0.0006202546651194574,0.004041688176656237,0.989787574521122,0.0027782752371725812,0.001186328103742821,0.0003392093199879986,0.0008149094301874385,0.00012468820902626632,0.00030707233698523944,-8.579550743103027,-6.330331325531006,-0.6330423951148987,-6.562412738800049,-7.665047645568848,-8.730091094970703,-8.017154693603516,-9.663379669189453,-9.195453643798828,0.00035091689100657283,0.003326808900027031,0.9915828320973794,0.0026377654624073926,0.0008757253507229756,0.0003018738049987894,0.0006158143062345046,0.00011871438612096853,0.00018954880110239007
cake_impl_03,r2,1.0,0.7983597514794742,350,0.0008844777460816925,0.9901473720565457,0.0014611338574599191,0.0007061314335509055,0.7904938098831183,0.5513378906321381,350,0.0007118827924988585,0.9920958198144897,0.001131365349086901,-7.61020565032959,-5.7359232902526855,-0.23509745299816132,-6.235785961151123,-7.005176544189453,-8.257383346557617,-7.255709171295166,-9.257989883422852,-8.437492370605469,0.0006204846550505134,0.00404316562407878,0.9901473720565457,0.0024526407091185194,0.0011362969678784516,0.0003248368895814675,0.0008844777460816925,0.00011942835373929297,0.00027129699792559895,-8.562664031982422,-6.340713024139404,-0.6033430099487305,-6.695675373077393,-7.678119659423828,-8.734601974487305,-7.8430047035217285,-9.664325714111328,-9.341458320617676,0.00034662862162192746,0.0031977571741186087,0.9920958198144897,0.002242266830459838,0.0008394931565619787,0.0002918721925249221,0.0007118827924988585,0.00011519107484937448,0.00015908834287486348
cake_impl_03,r2,2.0,0.7816577007985142,350,0.0006892468683086847,0.9908057939672816,0.0011386122390916495,0.0005387551223647428,0.7744709788503117,0.5403406815442732,350,0.00052614096882287,0.9924717254015673,0.0008487075706453577,-7.7557196617126465,-5.756311416625977,-0.2555750906467438,-6.256196975708008,-7.275722026824951,-8.527926445007324,-7.526249408721924,-9.528242111206055,-8.647164344787598,0.0005479199793935109,0.00404621638845591,0.9908057939672816,0.0024544351671719413,0.0008854773588920368,0.0002531348801996126,0.0006892468683086847,9.309372708722097e-05,0.00022468166320926852,-8.723854064941406,-6.304121971130371,-0.6231122016906738,-6.714567184448242,-8.000017166137695,-9.00223445892334,-8.165496826171875,-9.933683395385742,-9.540060997009277,0.00030103060569407355,0.003384441006949455,0.9924717254015673,0.0022450853563954908,0.000620824751517048,0.00022788281912830964,0.00052614096882287,8.978182936051502e-05,0.00013308726056488577
cake_impl_03,r2,4.0,0.7913034057109782,350,0.0008902068220116461,0.9915590720199475,0.0011791547691480822,0.0007044236900449622,0.7846240706530017,0.5494752449407473,350,0.0007225384160761032,0.9927506014377884,0.0009118522363860879,-7.9927287101745605,-5.993349552154541,-0.2425505667924881,-6.24312162399292,-7.257623672485352,-8.38490104675293,-7.2581305503845215,-9.385470390319824,-8.617420196533203,0.00042703059436209113,0.0031533946500674663,0.9915590720199475,0.002456426047676576,0.0008906581625530234,0.00028849660659505886,0.0008902068220116461,0.00010607156205763696,0.00022864353472893526,-8.93165397644043,-6.483828067779541,-0.6060673594474792,-6.648839950561523,-7.922672748565674,-8.883861541748047,-7.831531524658203,-9.827260971069336,-9.488286972045898,0.0002404826962349726,0.002780744694387369,0.9927506014377884,0.0023577479022761755,0.0006595972132089024,0.00025225502317718543,0.0007225384160761032,9.820342997389585e-05,0.0001378291868768777
cake_impl_07,mu_D,0.0,0.7192316735775944,350,0.0446278834952867,0.6060841494056253,0.1516448441902112,0.03209778733454096,0.43591491710586067,0.42870171592346223,350,0.04901916386207924,0.619531055397095,0.15124917050304143,-5.205295562744141,-3.581285238265991,-0.830308198928833,-2.330641984939575,-2.563851833343506,-3.440139055252075,-3.4389681816101074,-6.190214157104492,-4.6521382331848145,0.007629569891647788,0.03870782583291627,0.6060841494056253,0.13519052108374377,0.10706918372815316,0.044575660462058055,0.0446278834952867,0.002849412631012925,0.013265793469556069,-5.9727630615234375,-4.25864315032959,-1.3257863521575928,-2.9343526363372803,-3.083240032196045,-3.961728572845459,-3.8625378608703613,-6.71873664855957,-5.084747314453125,0.005941645529771967,0.03298675216828394,0.619531055397095,0.12401425831556434,0.10685888684753489,0.04439028365550654,0.04901916386207924,0.0028179580676594655,0.014439996156504589
cake_impl_07,mu_D,0.5,0.7409917670816314,350,0.047835789384179685,0.6075081293050713,0.16889630292305727,0.03544592610552805,0.45015852225022096,0.4486268687242088,350,0.047602687428608195,0.6166289459558785,0.15226689437227134,-5.423146724700928,-3.6741137504577637,-0.7981554865837097,-2.4235336780548096,-2.4646363258361816,-3.216104507446289,-3.3397469520568848,-6.090823173522949,-4.64808464050293,0.005955852315415598,0.03424043627344145,0.6075081293050713,0.11958021067305434,0.11476478861372728,0.054131514309329984,0.047835789384179685,0.003054750346847242,0.012928528778933256,-5.75365686416626,-4.092022895812988,-1.2850515842437744,-2.900002956390381,-3.069060802459717,-3.823726177215576,-3.8464298248291016,-6.573566913604736,-5.1114630699157715,0.007068598150802912,0.037236748897580246,0.6166289459558785,0.1226477084241567,0.10357109039033228,0.04869580398193905,0.047602687428608195,0.0031135144283718106,0.013434902342330492
cake_impl_07,mu_D,1.0,0.7540834374357915,350,0.04347272269583689,0.6112547685357105,0.15350917728311347,0.03278206016516964,0.46093709700642765,0.46996972052515384,350,0.04656516612051735,0.6326375472339535,0.1489882073852957,-5.2744951248168945,-3.650467872619629,-0.7744936943054199,-2.2748241424560547,-2.542759895324707,-3.293877124786377,-3.4178738594055176,-6.294105529785156,-4.728028297424316,0.0067904173938703625,0.03445105646920699,0.6112547685357105,0.13634431222409502,0.10429752593092681,0.049211651352186664,0.04347272269583689,0.002449544298304526,0.01172800109986216,-6.027390480041504,-4.185869216918945,-1.2129446268081665,-2.8654823303222656,-3.0448355674743652,-3.7979888916015625,-3.8219895362854004,-6.6782989501953125,-5.316331386566162,0.005131776059572089,0.03236161741395699,0.6326375472339535,0.12119004816666194,0.10129192782807073,0.04769627955722496,0.04656516612051735,0.002676589312824946,0.010449048307217327
cake_impl_07,mu_D,2.0,0.7845522399289852,350,0.04485550798842645,0.583386983419642,0.17272225553430015,0.035191489265472456,0.4576975645872938,0.49191087612562684,350,0.04843222179078029,0.618031271081316,0.1485164719121639,-5.406558036804199,-3.6575303077697754,-0.7815466523170471,-2.156834602355957,-2.3468263149261475,-3.2229511737823486,-3.3469510078430176,-6.098014831542969,-4.836814880371094,0.005719259626626512,0.03288008285626246,0.583386983419642,0.14746086161077201,0.12194511701559624,0.050777138518703926,0.04485550798842645,0.0028644677788656763,0.010110581185104819,-6.080318450927734,-4.162375450134277,-1.1906739473342896,-2.7138984203338623,-3.0027527809143066,-3.754734516143799,-3.7370476722717285,-6.509291172027588,-5.223593235015869,0.004650127102233179,0.03165314633230545,0.618031271081316,0.13473563289145485,0.1009333323399004,0.047583139572263504,0.04843222179078029,0.0030280590355663884,0.010953069854180103
cake_impl_07,mu_D,4.0,0.8404538966578228,350,0.05104441231166957,0.57059526684746,0.18793342049461972,0.04290047522995123,0.47955901543645796,0.5892722562470634,350,0.04479305380054219,0.6096813437894683,0.15438191893438039,-5.609891891479492,-3.735628366470337,-0.7348883152008057,-2.1100707054138184,-2.27378511428833,-2.8999221324920654,-3.1488723754882812,-5.774581432342529,-4.80478048324585,0.0043565330430117705,0.028387249765262804,0.57059526684746,0.14424276576968947,0.12245986511808735,0.06547355537653238,0.05104441231166957,0.0036950239147024817,0.009745327853584188,-5.939266204833984,-3.942747116088867,-1.0236858129501343,-2.478754997253418,-2.842639923095703,-3.4203388690948486,-3.6345691680908203,-6.364317893981934,-5.290869235992432,0.004469855321564912,0.03291324401140382,0.6096813437894683,0.14229000292894686,0.09888744887044373,0.05549447006393665,0.04479305380054219,0.0029221053081037417,0.0085484759055901
cake_impl_07,mu_Dprime_native,0.0,0.7192316735775944,350,0.0446278834952867,0.6060841494056253,0.1516448441902112,0.03209778733454096,0.43591491710586067,0.42870171592346223,350,0.04901916386207924,0.619531055397095,0.15124917050304143,-5.205295562744141,-3.581285238265991,-0.830308198928833,-2.330641984939575,-2.563851833343506,-3.440139055252075,-3.4389681816101074,-6.190214157104492,-4.6521382331848145,0.007629569891647788,0.03870782583291627,0.6060841494056253,0.13519052108374377,0.10706918372815316,0.044575660462058055,0.0446278834952867,0.002849412631012925,0.013265793469556069,-5.9727630615234375,-4.25864315032959,-1.3257863521575928,-2.9343526363372803,-3.083240032196045,-3.961728572845459,-3.8625378608703613,-6.71873664855957,-5.084747314453125,0.005941645529771967,0.03298675216828394,0.619531055397095,0.12401425831556434,0.10685888684753489,0.04439028365550654,0.04901916386207924,0.0028179580676594655,0.014439996156504589
cake_impl_07,mu_Dprime_native,0.5,0.7052601359140764,350,0.052662772709708476,0.5782350680788259,0.1859612195259216,0.037140954238861115,0.40780614270355797,0.46408499907843265,350,0.04596370898259752,0.6445667325758292,0.14936025817529036,-5.52195930480957,-3.7729358673095703,-0.896963357925415,-2.397291898727417,-2.417915105819702,-3.1690425872802734,-3.2930350303649902,-6.044091701507568,-4.728047847747803,0.0056688401134788804,0.03259008069097807,0.5782350680788259,0.12897930141902222,0.12634657551222603,0.05961464401369557,0.052662772709708476,0.0033630628948529803,0.01253965456721199,-6.010376453399658,-4.174230575561523,-1.2068644762039185,-3.0216116905212402,-3.01706600189209,-3.8936309814453125,-3.847590684890747,-6.702182769775391,-5.033912658691406,0.005286024132040797,0.03315562081539758,0.6445667325758292,0.1049864342639433,0.1054647562321162,0.04389550194317418,0.04596370898259752,0.0026465583632583156,0.014034662691642915
cake_impl_07,mu_Dprime_native,1.0,0.7162730364481781,350,0.04631838073125273,0.5952173514903047,0.1705394238940673,0.033176607209737176,0.42633813969860307,0.49655523028130505,350,0.04940771217883902,0.6185949866233971,0.151993649923013,-5.4775261878967285,-3.728386402130127,-0.8525224924087524,-2.352865219116211,-2.530787706375122,-3.1569228172302246,-3.4059102535247803,-6.156987190246582,-4.690800666809082,0.005835284021084675,0.03355086769220244,0.5952173514903047,0.13276543290316206,0.11112563648837205,0.05941378740569525,0.04631838073125273,0.002957847883842251,0.012815411384084005,-5.894109725952148,-3.9747607707977295,-1.1803650856018066,-2.806990146636963,-2.9969353675842285,-3.667769432067871,-3.707709312438965,-6.44130277633667,-5.139344692230225,0.005549490465225531,0.03782820811045976,0.6185949866233971,0.12161078947018177,0.10057266226270611,0.0514209876603069,0.04940771217883902,0.003210777324821114,0.01180438590406275
cake_impl_07,mu_Dprime_native,2.0,0.7493386336294955,350,0.04463981468220864,0.5779866067606428,0.17198542534824124,0.03345033773944011,0.4331076941661686,0.5753694444383063,350,0.04470169915316716,0.5982358952923631,0.15667466469903135,-5.3367414474487305,-3.5873959064483643,-0.8367688655853271,-2.211947202682495,-2.522609233856201,-3.0236096382141113,-3.397693395614624,-6.023397922515869,-4.654908180236816,0.006421027263843515,0.03692628602521163,0.5779866067606428,0.14611184054879517,0.10709436143892104,0.06489106390932019,0.04463981468220864,0.003231419905221576,0.012697579465835303,-5.820694446563721,-3.8491296768188477,-1.0665130615234375,-2.5022401809692383,-2.8809618949890137,-3.379484176635742,-3.6604866981506348,-6.173376560211182,-4.955058574676514,0.005154157986070765,0.03701667676968743,0.5982358952923631,0.14234561806889334,0.09746918886628865,0.0592054758327427,0.04470169915316716,0.0036223451631653136,0.012248942867621664
cake_impl_07,mu_Dprime_native,4.0,0.7359862759450448,350,0.06150727925192608,0.5037326762495864,0.19079664670430035,0.045268513400137,0.37074033646476406,0.677449139310258,350,0.06683843785985451,0.5053842264283012,0.20236047162387175,-4.867223739624023,-3.242966890335083,-0.9922533631324768,-2.242516040802002,-2.7200839519500732,-2.5962250232696533,-3.0951435565948486,-4.970452308654785,-3.928144931793213,0.01045494786855615,0.053055163651711215,0.5037326762495864,0.14428392293790107,0.08949789757949302,0.10129874912480735,0.06150727925192608,0.009429534932571374,0.02673982840344709,-5.006668567657471,-3.3562116622924805,-1.0718570947647095,-2.467289447784424,-2.7302961349487305,-2.6326327323913574,-3.094897747039795,-4.97488260269165,-3.9412238597869873,0.00987995059755392,0.05146821418668638,0.5053842264283012,0.12519676646464137,0.09624335619196245,0.1061171154319093,0.06683843785985451,0.010199038758284228,0.028672894080806456
cake_impl_07,mu_Dprime_matched,0.0,0.7192316735775944,350,0.0446278834952867,0.6060841494056253,0.1516448441902112,0.03209778733454096,0.43591491710586067,0.42870171592346223,350,0.04901916386207924,0.619531055397095,0.15124917050304143,-5.205295562744141,-3.581285238265991,-0.830308198928833,-2.330641984939575,-2.563851833343506,-3.440139055252075,-3.4389681816101074,-6.190214157104492,-4.6521382331848145,0.007629569891647788,0.03870782583291627,0.6060841494056253,0.13519052108374377,0.10706918372815316,0.044575660462058055,0.0446278834952867,0.002849412631012925,0.013265793469556069,-5.9727630615234375,-4.25864315032959,-1.3257863521575928,-2.9343526363372803,-3.083240032196045,-3.961728572845459,-3.8625378608703613,-6.71873664855957,-5.084747314453125,0.005941645529771967,0.03298675216828394,0.619531055397095,0.12401425831556434,0.10685888684753489,0.04439028365550654,0.04901916386207924,0.0028179580676594655,0.014439996156504589
cake_impl_07,mu_Dprime_matched,0.5,0.7109603443129366,350,0.05267666297806596,0.6025913089230189,0.16413358520551274,0.0374510184481423,0.4284185244718927,0.4590116856890223,350,0.04596866273046687,0.6361422406925571,0.15483002460703824,-5.222655296325684,-3.598633050918579,-0.8476547002792358,-2.4729840755462646,-2.534616231918335,-3.2860758304595947,-3.2847213745117188,-6.160955429077148,-4.6884236335754395,0.007585500589465422,0.03848470360261513,0.6025913089230189,0.11861818777121262,0.11152822214972952,0.05260536305578324,0.05267666297806596,0.002968148848513579,0.012941902081595465,-5.865518093109131,-4.158993244171143,-1.2310127019882202,-3.0079874992370605,-3.0304131507873535,-3.782174825668335,-3.8584749698638916,-6.593507289886475,-5.180182456970215,0.006177519380210456,0.034036777971508586,0.6361422406925571,0.1076028775040999,0.10521666901062551,0.04961335559641272,0.04596866273046687,0.0029829943137846897,0.012258902800334355
cake_impl_07,mu_Dprime_matched,1.0,0.7228577123270732,350,0.047835318897367154,0.5911085620305778,0.16890444898218146,0.034578129186586835,0.4272873828863693,0.4667387599707179,350,0.04642027431254706,0.6365143391045787,0.1496910200440939,-5.350287914276123,-3.6012725830078125,-0.8502984642982483,-2.3506391048431396,-2.4894216060638428,-3.2407138347625732,-3.3645339012145996,-6.115777969360352,-4.672745704650879,0.006566692247706134,0.03775151373858007,0.5911085620305778,0.13184922726787499,0.1147638513823534,0.05414059759982806,0.047835318897367154,0.003054207620351021,0.012930029215361412,-5.8875226974487305,-4.055516719818115,-1.2137339115142822,-2.9798436164855957,-3.048415422439575,-3.7972412109375,-3.8320045471191406,-6.559120178222656,-5.1495819091796875,0.005943024387007434,0.037122532768155844,0.6365143391045787,0.10884199471900326,0.10162864504940826,0.04806237499468566,0.04642027431254706,0.003036242341834998,0.01243057232277888
cake_impl_07,mu_Dprime_matched,2.0,0.7392282676708452,350,0.051132640480507426,0.596092810589959,0.1661479601256521,0.037798693243841636,0.4406486557434606,0.5038805604634768,350,0.053062832824662634,0.6015693344017695,0.17108265318561927,-5.444497585296631,-3.6952455043792725,-0.8195074200630188,-2.3197848796844482,-2.5253777503967285,-3.151376247406006,-3.2754807472229004,-6.151424407958984,-4.782729625701904,0.0058439457579161315,0.033604443091466894,0.596092810589959,0.13296938553617219,0.10825895050078592,0.057889009624866185,0.051132640480507426,0.0028819852785941054,0.011326829139732325,-5.857723712921143,-4.025600433349609,-1.193629503250122,-2.8225011825561523,-2.823207139968872,-3.6197214126586914,-3.621694564819336,-6.392148494720459,-5.119874477386475,0.005671465717287812,0.03543042335412047,0.6015693344017695,0.11799828832369978,0.11791501595420109,0.05316763723141819,0.053062832824662634,0.003323514497023265,0.01186148769581733
cake_impl_07,mu_Dprime_matched,4.0,0.7490758032266666,350,0.048976417417992885,0.5741229677328568,0.18870150875878772,0.03668704921654752,0.4300616232053672,0.591820749993664,350,0.052091372654392135,0.5791692021440032,0.17386673565703464,-5.468805313110352,-3.594465732574463,-0.8438267707824707,-2.3440158367156982,-2.4302444458007812,-2.931135892868042,-3.3053314685821533,-5.8059492111206055,-4.572451591491699,0.00562862429967411,0.03667900942211585,0.5741229677328568,0.12807993189396066,0.117498542336111,0.07120296642267672,0.048976417417992885,0.004017746456708774,0.013793794017903352,-5.937695503234863,-3.879413604736328,-1.0707120895385742,-2.501894474029541,-2.7848567962646484,-3.1902880668640137,-3.4793074131011963,-5.991291046142578,-4.8797926902771,0.004457603335463799,0.034914183524649284,0.5791692021440032,0.1384365754944023,0.1043186294173157,0.06954810623971894,0.052091372654392135,0.004224984997688383,0.012839342192366156
cake_impl_07,mu_D_par,0.0,0.7192316735775944,350,0.0446278834952867,0.6060841494056253,0.1516448441902112,0.03209778733454096,0.43591491710586067,0.42870171592346223,350,0.04901916386207924,0.619531055397095,0.15124917050304143,-5.205295562744141,-3.581285238265991,-0.830308198928833,-2.330641984939575,-2.563851833343506,-3.440139055252075,-3.4389681816101074,-6.190214157104492,-4.6521382331848145,0.007629569891647788,0.03870782583291627,0.6060841494056253,0.13519052108374377,0.10706918372815316,0.044575660462058055,0.0446278834952867,0.002849412631012925,0.013265793469556069,-5.9727630615234375,-4.25864315032959,-1.3257863521575928,-2.9343526363372803,-3.083240032196045,-3.961728572845459,-3.8625378608703613,-6.71873664855957,-5.084747314453125,0.005941645529771967,0.03298675216828394,0.619531055397095,0.12401425831556434,0.10685888684753489,0.04439028365550654,0.04901916386207924,0.0028179580676594655,0.014439996156504589
cake_impl_07,mu_D_par,0.5,0.7031606107838411,350,0.049256140014927736,0.5893281275565974,0.1673710163344934,0.034634977497750984,0.41439232612479443,0.45784467326759687,350,0.04788301351102267,0.6208967070517288,0.15159890847959645,-5.25592565536499,-3.631908416748047,-0.8809421062469482,-2.3812546730041504,-2.487779378890991,-3.364062786102295,-3.36289119720459,-6.239126205444336,-4.5682244300842285,0.007418668339783021,0.03763809907520762,0.5893281275565974,0.13145578435129646,0.11817255047455405,0.04919846585993933,0.049256140014927736,0.002775411492973899,0.014756752834720319,-5.948273658752441,-4.187624454498291,-1.2578158378601074,-2.860520362854004,-3.0362045764923096,-3.8447399139404297,-3.8202197551727295,-6.60043478012085,-5.1417765617370605,0.005701372378145395,0.033160390890502316,0.6208967070517288,0.12501831040999573,0.10487571644855967,0.04672319203103678,0.04788301351102267,0.002969952004514169,0.012771345274494491
cake_impl_07,mu_D_par,1.0,0.7143383777115172,350,0.04775179595589606,0.6064553044976931,0.1686106973271389,0.03411094045594618,0.4332142983694263,0.46527200666212865,350,0.04651106737367052,0.6250601821756204,0.15506822156401656,-5.4615092277526855,-3.712364435195923,-0.8365227580070496,-2.4618494510650635,-2.5030181407928467,-3.25430965423584,-3.3781371116638184,-6.129363059997559,-4.5615234375,0.005945559044321659,0.03418508214540184,0.6064553044976931,0.11937912324301261,0.11456423255694373,0.05404646477019518,0.04775179595589606,0.0030489300613808445,0.014623507725154894,-5.910401821136475,-4.075946807861328,-1.2350404262542725,-2.922819137573242,-2.9992356300354004,-3.8021035194396973,-3.833198070526123,-6.566166400909424,-5.152740478515625,0.005826908246091404,0.03648647175274857,0.6250601821756204,0.11559228615660201,0.10708819344846271,0.04798002811555385,0.04651106737367052,0.003024427937190924,0.012430434794059591
cake_impl_07,mu_D_par,2.0,0.7236957740916222,350,0.05099322968434187,0.5782831953420108,0.18775117999069463,0.03690358482984168,0.4185011046972133,0.49237823377680756,350,0.04657794457015719,0.6279480354283933,0.15419906067797667,-5.496065616607666,-3.746812343597412,-0.8710757493972778,-2.3713536262512207,-2.424323797225952,-3.0504679679870605,-3.2994465827941895,-6.050512790679932,-4.7094526290893555,0.005669346406149167,0.0326004832480124,0.5782831953420108,0.12899657184552304,0.12234141968790271,0.0654097603027919,0.05099322968434187,0.003256414243593955,0.01244957923967419,-5.961979866027832,-4.132177352905273,-1.1738059520721436,-2.8464114665985107,-2.935302972793579,-3.7805721759796143,-3.7751362323760986,-6.505831718444824,-5.089291095733643,0.005229331778808561,0.0325926243576866,0.6279480354283933,0.11790177969527138,0.10787362425585434,0.04632543642212234,0.04657794457015719,0.003035668459596177,0.01251555503211004
cake_impl_07,mu_D_par,4.0,0.74682935291894,350,0.054223436916686005,0.5625954050866565,0.18436224424060066,0.04049565430552957,0.4201627623360366,0.5521114966238196,350,0.0444090706489309,0.6122843588831579,0.16242384652286407,-5.617098808288574,-3.6178464889526367,-0.8671131134033203,-2.242337226867676,-2.4564688205718994,-2.9574742317199707,-3.2065606117248535,-5.9573822021484375,-4.687295913696289,0.004867473596756232,0.03593915440769048,0.5625954050866565,0.14221451906340876,0.11480155413681363,0.06956069010378703,0.054223436916686005,0.003463541567492803,0.01233422512070859,-5.973470687866211,-3.9981541633605957,-1.0845637321472168,-2.651672124862671,-2.90034818649292,-3.3618226051330566,-3.7083168029785156,-6.3479108810424805,-5.007292747497559,0.004610285831495892,0.03323509454015749,0.6122843588831579,0.12775168522522676,0.09962492247614697,0.06279892404671708,0.0444090706489309,0.0031703743246506676,0.012115284023516476
cake_impl_07,mu_D_perp_native,0.0,0.7192316735775944,350,0.0446278834952867,0.6060841494056253,0.1516448441902112,0.03209778733454096,0.43591491710586067,0.42870171592346223,350,0.04901916386207924,0.619531055397095,0.15124917050304143,-5.205295562744141,-3.581285238265991,-0.830308198928833,-2.330641984939575,-2.563851833343506,-3.440139055252075,-3.4389681816101074,-6.190214157104492,-4.6521382331848145,0.007629569891647788,0.03870782583291627,0.6060841494056253,0.13519052108374377,0.10706918372815316,0.044575660462058055,0.0446278834952867,0.002849412631012925,0.013265793469556069,-5.9727630615234375,-4.25864315032959,-1.3257863521575928,-2.9343526363372803,-3.083240032196045,-3.961728572845459,-3.8625378608703613,-6.71873664855957,-5.084747314453125,0.005941645529771967,0.03298675216828394,0.619531055397095,0.12401425831556434,0.10685888684753489,0.04439028365550654,0.04901916386207924,0.0028179580676594655,0.014439996156504589
cake_impl_07,mu_D_perp_native,0.5,0.7265946113302773,350,0.047835967836695505,0.606885760962368,0.16890598822061192,0.03475735645791141,0.44095992360833136,0.4420058898747268,350,0.045541478184170266,0.6218185173876061,0.15329729332791683,-5.3188042640686035,-3.6949234008789062,-0.8188012838363647,-2.4441895484924316,-2.484262228012085,-3.2355356216430664,-3.3593640327453613,-6.110608100891113,-4.668372631072998,0.006741871725266089,0.03419975408708837,0.606885760962368,0.1194565021058009,0.11476420435096758,0.05414178386964433,0.047835967836695505,0.0030542490540758816,0.012919906008093167,-5.939499855041504,-4.223807334899902,-1.2915390729904175,-2.8981282711029053,-3.076746702194214,-3.832782745361328,-3.9055638313293457,-6.757847785949707,-5.166172504425049,0.005957717842559741,0.033128038737380155,0.6218185173876061,0.12471848523671938,0.10431765805213318,0.04897963527578365,0.045541478184170266,0.0026283060849392604,0.012910163198708278
cake_impl_07,mu_D_perp_native,1.0,0.7425169232659361,350,0.04472174806039234,0.6074241475026134,0.17219708469043463,0.03320665477287687,0.45102270912107467,0.42907373663069337,350,0.04876510260717171,0.6183010347571427,0.1554516574081129,-5.421241760253906,-3.672213554382324,-0.796237587928772,-2.4215710163116455,-2.404890775680542,-3.281179666519165,-3.4050049781799316,-6.156251430511475,-4.637248992919922,0.0059549519564962225,0.03423509682748226,0.6074241475026134,0.11956903208795659,0.12158019905928981,0.050616885631144824,0.04472174806039234,0.0028554043584440468,0.013042534516180313,-5.926141738891602,-4.260385990142822,-1.3269063234329224,-2.9432265758514404,-3.0376405715942383,-3.9764368534088135,-3.8668668270111084,-6.720479965209961,-5.209216594696045,0.006219814198345874,0.032900760842149504,0.6183010347571427,0.12281205733946685,0.11174742625504748,0.043704231153065425,0.04876510260717171,0.0028106107495916312,0.012738962098018669
cake_impl_07,mu_D_perp_native,2.0,0.7809192465200977,350,0.043457764185963824,0.5982678332676872,0.1534494488407988,0.033937004463550954,0.4671988655726137,0.446361902448154,350,0.04486828487289602,0.633477094514687,0.1569164917195839,-5.260990619659424,-3.636962890625,-0.7610002756118774,-2.1362667083740234,-2.5081253051757812,-3.2594141960144043,-3.383249282836914,-6.134476661682129,-4.807576656341553,0.006646219463981765,0.033719487030083664,0.5982678332676872,0.15122550035066323,0.10426268227899957,0.049186766561799246,0.043457764185963824,0.0027747541518057302,0.010458992709015723,-6.040214538574219,-4.201607704162598,-1.2631566524505615,-3.0009613037109375,-3.026315212249756,-3.837493419647217,-3.910649299621582,-6.5787672996521,-5.2880706787109375,0.005334344215103659,0.0335411415184323,0.633477094514687,0.11143251831831236,0.1086427832248394,0.0482737084947445,0.04486828487289602,0.0031130818835790235,0.011317042957405724
cake_impl_07,mu_D_perp_native,4.0,0.8243295400557654,350,0.04488629053335095,0.6134145251885708,0.15251485025393524,0.03700109523016665,0.5056557134122203,0.4443156778741706,350,0.04074706560827434,0.6445375704989578,0.13656311146352723,-5.306902885437012,-3.557863473892212,-0.6818992495536804,-2.1822733879089355,-2.4216930866241455,-3.298154354095459,-3.2968077659606934,-6.173230171203613,-4.876453876495361,0.006013682533823354,0.034573127099094714,0.6134145251885708,0.1368200820250458,0.10768896238894456,0.0448258878649907,0.04488629053335095,0.0025287118162867317,0.009248730549892387,-6.043828964233398,-4.193206787109375,-1.2504421472549438,-2.8753793239593506,-3.1880602836608887,-3.9411778450012207,-4.01159143447876,-6.681796550750732,-5.512173652648926,0.005339576259801793,0.033979876265682794,0.6445375704989578,0.12692494633194634,0.09284347199244711,0.04371963947108012,0.04074706560827434,0.0028212462253380997,0.009086607346471638
cake_impl_07,mu_D_perp_matched,0.0,0.7192316735775944,350,0.0446278834952867,0.6060841494056253,0.1516448441902112,0.03209778733454096,0.43591491710586067,0.42870171592346223,350,0.04901916386207924,0.619531055397095,0.15124917050304143,-5.205295562744141,-3.581285238265991,-0.830308198928833,-2.330641984939575,-2.563851833343506,-3.440139055252075,-3.4389681816101074,-6.190214157104492,-4.6521382331848145,0.007629569891647788,0.03870782583291627,0.6060841494056253,0.13519052108374377,0.10706918372815316,0.044575660462058055,0.0446278834952867,0.002849412631012925,0.013265793469556069,-5.9727630615234375,-4.25864315032959,-1.3257863521575928,-2.9343526363372803,-3.083240032196045,-3.961728572845459,-3.8625378608703613,-6.71873664855957,-5.084747314453125,0.005941645529771967,0.03298675216828394,0.619531055397095,0.12401425831556434,0.10685888684753489,0.04439028365550654,0.04901916386207924,0.0028179580676594655,0.014439996156504589
cake_impl_07,mu_D_perp_matched,0.5,0.7514772440842895,350,0.04340241438558043,0.6112644341292487,0.15325272553675645,0.0326159267490803,0.45935131236619053,0.43745614186949233,350,0.04721565163335783,0.6291741076198936,0.1509183403271475,-5.2779436111450195,-3.6540634632110596,-0.7779399752616882,-2.278334379196167,-2.547839641571045,-3.299126386642456,-3.422954559326172,-6.17418098449707,-4.730937480926514,0.006790509793146214,0.03444645766171509,0.6112644341292487,0.13633774833057216,0.10412894514516907,0.049123780391587366,0.04340241438558043,0.002771222740577941,0.011734487422403095,-5.935635089874268,-4.277850151062012,-1.290126085281372,-2.953998565673828,-3.048722267150879,-3.9845571517944336,-3.8798086643218994,-6.685085296630859,-5.176296710968018,0.006042990555363062,0.031711644673392485,0.6291741076198936,0.11916815211313432,0.10839823831818808,0.042520102008959414,0.04721565163335783,0.0028560764368332444,0.012913036640878025
cake_impl_07,mu_D_perp_matched,1.0,0.767345649653887,350,0.0479823862682672,0.6083615386865882,0.16942473032368133,0.03681907536296724,0.46682358012789826,0.44023812134918056,350,0.04355003911336519,0.6460675543520333,0.13610250594656453,-5.386784553527832,-3.6377673149108887,-0.7618038654327393,-2.3871796131134033,-2.426623582839966,-3.177907943725586,-3.30173921585083,-6.178167343139648,-4.727872371673584,0.005964281842876693,0.03428835841531598,0.6083615386865882,0.1197484860422009,0.1151170715285299,0.054307658795151426,0.0479823862682672,0.002703117843196528,0.011527100577873237,-5.98039436340332,-4.246479034423828,-1.2572907209396362,-2.929783344268799,-3.181515693664551,-3.99568510055542,-3.954284191131592,-6.684413909912109,-5.254601955413818,0.005741958930222004,0.03251546291318046,0.6460675543520333,0.121317545171173,0.09431866468928743,0.04178384125727709,0.04355003911336519,0.002839934199297,0.011864999374164544
cake_impl_07,mu_D_perp_matched,2.0,0.8200549078162637,350,0.04791466222162995,0.6165436268061828,0.14930659108842717,0.039292653911206156,0.5055996270452491,0.44458951916336226,350,0.038103935731859925,0.6481127033493297,0.1390670072123889,-5.307028293609619,-3.6831393241882324,-0.6820101737976074,-2.182400703430176,-2.4865975379943848,-3.2378787994384766,-3.236717700958252,-6.112949371337891,-4.874621391296387,0.006044271509686528,0.030661258973409117,0.6165436268061828,0.13751576371921653,0.10144753022271175,0.04785906086571543,0.04791466222162995,0.00269983291525977,0.009313992766188153,-6.036660671234131,-4.312127590179443,-1.24429452419281,-2.8709518909454346,-3.130782127380371,-4.009408950805664,-4.0780415534973145,-6.742040157318115,-5.507233142852783,0.005374676892102074,0.030151405535041302,0.6481127033493297,0.12740961858662941,0.09825606734235579,0.04081093987003311,0.038103935731859925,0.0026546663361387826,0.00912598635650979
cake_impl_07,mu_D_perp_matched,4.0,0.87320619647534,350,0.04064553061761349,0.6494755023045151,0.13810790477609908,0.03549192919432825,0.5671260330712365,0.44047149267413366,350,0.03928793184551797,0.6562059156091801,0.13456217497491485,-5.317191123962402,-3.6934659481048584,-0.5671737194061279,-2.192436695098877,-2.463313579559326,-3.3397912979125977,-3.3384499549865723,-6.214898109436035,-5.02742862701416,0.005618966291366265,0.028499110860895686,0.6494755023045151,0.1278556818049778,0.0975168572050607,0.04059104757103839,0.04064553061761349,0.0022897456180924346,0.007507557726440349,-6.172774314880371,-4.439732551574707,-1.2411901950836182,-2.8743793964385986,-3.172013282775879,-4.054065704345703,-4.0567474365234375,-6.777390956878662,-5.68972110748291,0.004734568135610848,0.026787417444910776,0.6562059156091801,0.12816076265164492,0.09516874201873607,0.03939343295617878,0.03928793184551797,0.0025864179140133864,0.007674811424207165
cake_impl_07,r0,0.0,0.7192316735775944,350,0.0446278834952867,0.6060841494056253,0.1516448441902112,0.03209778733454096,0.43591491710586067,0.42870171592346223,350,0.04901916386207924,0.619531055397095,0.15124917050304143,-5.205295562744141,-3.581285238265991,-0.830308198928833,-2.330641984939575,-2.563851833343506,-3.440139055252075,-3.4389681816101074,-6.190214157104492,-4.6521382331848145,0.007629569891647788,0.03870782583291627,0.6060841494056253,0.13519052108374377,0.10706918372815316,0.044575660462058055,0.0446278834952867,0.002849412631012925,0.013265793469556069,-5.9727630615234375,-4.25864315032959,-1.3257863521575928,-2.9343526363372803,-3.083240032196045,-3.961728572845459,-3.8625378608703613,-6.71873664855957,-5.084747314453125,0.005941645529771967,0.03298675216828394,0.619531055397095,0.12401425831556434,0.10685888684753489,0.04439028365550654,0.04901916386207924,0.0028179580676594655,0.014439996156504589
cake_impl_07,r0,0.5,0.71271980367127,350,0.04775487442935862,0.590080344538979,0.16862855728829984,0.034035844727638626,0.42056194731009644,0.45279528991528284,350,0.0417817282347489,0.6573928460165173,0.1388061868778115,-5.366158485412598,-3.6171398162841797,-0.8661634922027588,-2.366497755050659,-2.5052332878112793,-3.2563605308532715,-3.380341053009033,-6.1314191818237305,-4.563694477081299,0.0065552333253639,0.037685762881620496,0.590080344538979,0.1316207185072926,0.11457033446459171,0.05405822282370814,0.04775487442935862,0.0030495773742308316,0.014624931654854576,-5.902248382568359,-4.185124397277832,-1.2117886543273926,-3.043595314025879,-3.1363449096679688,-3.94199275970459,-3.967611312866211,-6.69785213470459,-5.034236431121826,0.006036485976630975,0.03361411392233343,0.6573928460165173,0.10526438304486038,0.09594024249039065,0.042865944387420835,0.0417817282347489,0.0027243184821868793,0.014379937444910552
cake_impl_07,r0,1.0,0.7219580938411962,350,0.04763545954885329,0.6334620765099438,0.14843433568767672,0.03439080557513953,0.45733307327780504,0.4379550074411999,350,0.04736279254099705,0.6290900541004824,0.15154688321364823,-5.2823381423950195,-3.6583235263824463,-0.782343327999115,-2.53273606300354,-2.619861602783203,-3.371140718460083,-3.3699660301208496,-6.246404647827148,-4.524895668029785,0.00703716450691122,0.03570247221631587,0.6334620765099438,0.11003597959337909,0.10085480010464347,0.047579535583033246,0.04763545954885329,0.002683545357075379,0.015008966579844669,-5.932891845703125,-4.170806884765625,-1.2891199588775635,-3.020970344543457,-3.0992369651794434,-3.8496527671813965,-3.8755574226379395,-6.609243869781494,-4.942597389221191,0.006052688357142124,0.03525429940777414,0.6290900541004824,0.11132168032129071,0.10294114430769008,0.048605738905958144,0.04736279254099705,0.0030776013337204546,0.016294000724944756
cake_impl_07,r0,2.0,0.7270910257742389,350,0.047459828611794534,0.6322877988134631,0.1478856113507121,0.03450761546841926,0.45973078422381647,0.4465608295883894,350,0.045668848349325275,0.6650123432216691,0.129265211545318,-5.277115345001221,-3.6532340049743652,-0.77711421251297,-2.5275046825408936,-2.616485357284546,-3.3677496910095215,-3.366575241088867,-6.1178388595581055,-4.402170658111572,0.00702407501350468,0.03563131463885446,0.6322877988134631,0.10983224961986314,0.10048148921223023,0.04740412213848187,0.047459828611794534,0.0030301739324363106,0.016848948019371392,-6.028751373291016,-4.185460090637207,-1.2141293287277222,-3.11149001121521,-3.2388031482696533,-3.9892289638519287,-3.8925185203552246,-6.745979309082031,-4.81098747253418,0.0053934408461560595,0.034071962765756865,0.6650123432216691,0.09972784434118921,0.08780617093572611,0.041459040609591886,0.045668848349325275,0.002632557010929441,0.018227791919655924
cake_impl_07,r0,4.0,0.7077820193663458,350,0.04664878551655708,0.6639541188170245,0.12825823096842656,0.033017171613896314,0.46993478698291624,0.4218868417174551,350,0.04894167623339578,0.66559010692408,0.1254722887338526,-5.3801751136779785,-3.631148338317871,-0.7551613450050354,-2.7555646896362305,-2.7856028079986572,-3.5374646186828613,-3.4107275009155273,-6.1623358726501465,-4.058321952819824,0.00650908751838098,0.037420775902880545,0.6639541188170245,0.08982018293039407,0.08716227280088171,0.04109595816754485,0.04664878551655708,0.0029773645239424594,0.024411453822394076,-5.974783420562744,-4.1991119384765625,-1.270099401473999,-3.2531118392944336,-3.3075332641601562,-4.114828109741211,-3.8801441192626953,-6.606590747833252,-4.610780239105225,0.006025436994249828,0.035575652630170415,0.66559010692408,0.09162109942114381,0.08676819724266158,0.03870409149119103,0.04894167623339578,0.0032033036876708255,0.02357043537543658
cake_impl_07,r1,0.0,0.7192316735775944,350,0.0446278834952867,0.6060841494056253,0.1516448441902112,0.03209778733454096,0.43591491710586067,0.42870171592346223,350,0.04901916386207924,0.619531055397095,0.15124917050304143,-5.205295562744141,-3.581285238265991,-0.830308198928833,-2.330641984939575,-2.563851833343506,-3.440139055252075,-3.4389681816101074,-6.190214157104492,-4.6521382331848145,0.007629569891647788,0.03870782583291627,0.6060841494056253,0.13519052108374377,0.10706918372815316,0.044575660462058055,0.0446278834952867,0.002849412631012925,0.013265793469556069,-5.9727630615234375,-4.25864315032959,-1.3257863521575928,-2.9343526363372803,-3.083240032196045,-3.961728572845459,-3.8625378608703613,-6.71873664855957,-5.084747314453125,0.005941645529771967,0.03298675216828394,0.619531055397095,0.12401425831556434,0.10685888684753489,0.04439028365550654,0.04901916386207924,0.0028179580676594655,0.014439996156504589
cake_impl_07,r1,0.5,0.7236889755144661,350,0.04782395483506989,0.6073795171081752,0.16886471475638762,0.03460966887964183,0.4395538604844864,0.4372922652907783,350,0.048566653860030666,0.6428924184023095,0.14446246006364877,-5.446995258331299,-3.6979713439941406,-0.8219950199127197,-2.4473209381103516,-2.488509178161621,-3.2397964000701904,-3.3636221885681152,-6.114865303039551,-4.656243324279785,0.005954537841879971,0.03423256916656293,0.6073795171081752,0.1195611446949574,0.1147366694186547,0.05412804533773293,0.04782395483506989,0.003053484955411443,0.013130076641555735,-6.081936359405518,-4.24360466003418,-1.2689313888549805,-3.04300594329834,-3.1475186347961426,-3.901393413543701,-3.8519716262817383,-6.703918933868408,-5.084282398223877,0.005222480223833564,0.03282873264119629,0.6428924184023095,0.10906050760204138,0.09823770984873016,0.04622475021491861,0.048566653860030666,0.0028038398515398033,0.014162907355399896
cake_impl_07,r1,1.0,0.7355542457020905,350,0.04934063592368844,0.595082024626133,0.16765860146454636,0.03629271423931012,0.4377151097547481,0.43918356887931176,350,0.0503357875440546,0.6309889740590265,0.16321793831568332,-5.451188564300537,-3.702315330505371,-0.826187014579773,-2.3265786170959473,-2.4410228729248047,-3.3173089027404785,-3.31613826751709,-6.192557334899902,-4.6467132568359375,0.005833969846421825,0.0335343717974623,0.595082024626133,0.13272876036128048,0.11837569163252423,0.04928290983202213,0.04934063592368844,0.0027796608732968157,0.013041975107170846,-6.096256256103516,-4.436530113220215,-1.2833046913146973,-3.0609519481658936,-2.983766794204712,-3.859394073486328,-3.8118767738342285,-6.666293144226074,-5.104416370391846,0.005126057390506524,0.02695214717506685,0.6309889740590265,0.10665945887331872,0.1152180345291131,0.047999903786570236,0.0503357875440546,0.0028988089209741777,0.013820827721369205
cake_impl_07,r1,2.0,0.7349858725793416,350,0.05763245534582936,0.6134515312837617,0.15846341440598516,0.04235904048124433,0.45087820900572884,0.4307254797097466,350,0.05124318310794391,0.6124786698670797,0.17236366608377945,-5.671574592590332,-3.922851085662842,-0.7965580224990845,-2.4219553470611572,-2.536468744277954,-3.2881460189819336,-3.1615734100341797,-6.038224220275879,-4.517205238342285,0.004683682630363882,0.02691834957132326,0.6134515312837617,0.12074778308933039,0.10768287183614396,0.05078054256984119,0.05763245534582936,0.003246037623138052,0.014856746050268202,-6.101425647735596,-4.312124252319336,-1.3325254917144775,-3.0640697479248047,-2.9324116706848145,-3.8645191192626953,-3.8134570121765137,-6.616489887237549,-4.973043918609619,0.005199767749772042,0.0311220121968232,0.6124786698670797,0.10841536916228685,0.12367138639563584,0.048692279688143617,0.05124318310794391,0.0031066647453592573,0.01607066708695559
cake_impl_07,r1,4.0,0.7258869496510995,350,0.05395052304503439,0.6333670052293036,0.1617365743738558,0.03916198060524136,0.4597528434355511,0.4584304387583596,350,0.05539233926678104,0.6683517171360187,0.13840948794412114,-5.777091979980469,-3.9035582542419434,-0.7770662307739258,-2.6526098251342773,-2.489957094192505,-3.3671164512634277,-3.240048885345459,-6.2425384521484375,-4.276589393615723,0.0042674834264776395,0.027786714693730785,0.6333670052293036,0.09707719112849203,0.11422374243042478,0.04751283194343102,0.05395052304503439,0.0026793596243972744,0.019135148478708484,-6.3762664794921875,-4.4617204666137695,-1.1828874349594116,-3.210139036178589,-3.142873764038086,-3.8975024223327637,-3.6732606887817383,-6.654817581176758,-4.790265083312988,0.0037114977935981453,0.025178275162612958,0.6683517171360187,0.08801990274049001,0.09414425452554795,0.0442652334185732,0.05539233926678104,0.0028091569243688954,0.018127623032009262
cake_impl_07,r2,0.0,0.7192316735775944,350,0.0446278834952867,0.6060841494056253,0.1516448441902112,0.03209778733454096,0.43591491710586067,0.42870171592346223,350,0.04901916386207924,0.619531055397095,0.15124917050304143,-5.205295562744141,-3.581285238265991,-0.830308198928833,-2.330641984939575,-2.563851833343506,-3.440139055252075,-3.4389681816101074,-6.190214157104492,-4.6521382331848145,0.007629569891647788,0.03870782583291627,0.6060841494056253,0.13519052108374377,0.10706918372815316,0.044575660462058055,0.0446278834952867,0.002849412631012925,0.013265793469556069,-5.9727630615234375,-4.25864315032959,-1.3257863521575928,-2.9343526363372803,-3.083240032196045,-3.961728572845459,-3.8625378608703613,-6.71873664855957,-5.084747314453125,0.005941645529771967,0.03298675216828394,0.619531055397095,0.12401425831556434,0.10685888684753489,0.04439028365550654,0.04901916386207924,0.0028179580676594655,0.014439996156504589
cake_impl_07,r2,0.5,0.7148475617911457,350,0.04934275614212037,0.6067964661060609,0.16766337901441572,0.03527254892024983,0.4337669742994012,0.4469671893404418,350,0.04623223713956876,0.6273486013574717,0.1533552301093193,-5.335237979888916,-3.7112224102020264,-0.835247814655304,-2.4605791568756104,-2.4695518016815186,-3.345829486846924,-3.3446502685546875,-6.220733642578125,-4.676169395446777,0.006740966136891079,0.03419976689435358,0.6067964661060609,0.11944572467974994,0.11837877445948125,0.049284604554934476,0.04934275614212037,0.0027807136286525794,0.013030227397755792,-5.959826469421387,-4.249541282653809,-1.2715229988098145,-2.923373222351074,-3.0494801998138428,-3.8555855751037598,-3.879348039627075,-6.738409042358398,-5.191048622131348,0.005773040540847364,0.03192802291050227,0.6273486013574717,0.12025952858235059,0.10601124444479183,0.04734398566452747,0.04623223713956876,0.0026501502211272697,0.012453189138812604
cake_impl_07,r2,1.0,0.7177162913169078,350,0.05248678010316984,0.5934421003006893,0.16355136504042955,0.037670617158813126,0.4259230633391272,0.44676907663511667,350,0.04851990538920251,0.6102969175105646,0.16921600721423757,-5.353480815887451,-3.7294681072235107,-0.8534965515136719,-2.353822946548462,-2.528770685195923,-3.2800474166870117,-3.2788748741149902,-6.030117988586426,-4.547712802886963,0.006592649976547238,0.03344720070828941,0.5934421003006893,0.1323716183881368,0.11112609185461256,0.052425273185817,0.05248678010316984,0.0033511990791169695,0.014757086403620945,-5.986135959625244,-4.26824951171875,-1.299523115158081,-2.9480819702148438,-2.9519927501678467,-3.7565174102783203,-3.8314945697784424,-6.5140461921691895,-5.053441047668457,0.005625628888793034,0.03135015440291464,0.6102969175105646,0.11737650196066482,0.11691836471073322,0.05229764250350435,0.04851990538920251,0.0033182001477331927,0.01429668448588953
cake_impl_07,r2,2.0,0.7311975212596206,350,0.04766305398302477,0.580740774993932,0.16830096755287677,0.0348511069280512,0.4246362151699541,0.45172543982485236,350,0.051403480033342816,0.62864859519858,0.14472577475448994,-5.481522560119629,-3.7324976921081543,-0.8565224409103394,-2.2319092750549316,-2.4815311431884766,-3.232818841934204,-3.356670379638672,-5.982892990112305,-4.536751747131348,0.005693381544572323,0.03273121584949141,0.580740774993932,0.1467774732951186,0.1143536437218934,0.05394732383098338,0.04766305398302477,0.003448481322253127,0.014644651458731159,-6.02228307723999,-4.237416744232178,-1.2588635683059692,-2.9146928787231445,-3.15553879737854,-3.782711982727051,-3.762730121612549,-6.53411340713501,-5.019229412078857,0.005366376531839086,0.03197707540515987,0.62864859519858,0.12003016881634147,0.09433923787512295,0.050386536879367,0.051403480033342816,0.0032165925648255404,0.014631936695421332
cake_impl_07,r2,4.0,0.7181082524639493,350,0.06132327732666844,0.5502034568751544,0.175830451336502,0.04403675151641599,0.395105642916241,0.4458250509103055,350,0.05986078459253583,0.5805102634546508,0.16075002210894285,-5.553611755371094,-3.8045551776885986,-0.9286020994186401,-2.178905487060547,-2.497628688812256,-3.123897075653076,-3.1227307319641113,-5.748981475830078,-4.584713935852051,0.005393952806717387,0.031010785184110004,0.5502034568751544,0.15758811210480803,0.11457865633274861,0.0612517950037534,0.06132327732666844,0.004436690674702842,0.01421327369133686,-6.168025016784668,-4.278267860412598,-1.3516764640808105,-2.7530431747436523,-3.0905849933624268,-3.6423377990722656,-3.6235623359680176,-6.2720232009887695,-4.9503173828125,0.004699983173708399,0.031103367249726958,0.5805102634546508,0.14295655468227192,0.10200266619096961,0.05874735591797323,0.05986078459253583,0.004235751424853091,0.015883273313310232
cake_impl_08,mu_D,0.0,0.7802144877999448,350,0.00032864190208816763,0.9721737747722783,0.0007666801671949103,0.00025641117330731935,0.758504063736492,0.6098188197199855,350,0.0002616913874708506,0.9722959304691539,0.0005856114670387086,-8.276509284973145,-3.9016408920288086,-0.2764071226119995,-8.52762508392334,-8.643017768859863,-7.770929336547852,-8.268728256225586,-9.89747142791748,-8.842479705810547,0.00032609465296150276,0.025901497865918485,0.9721737747722783,0.0002536795577224227,0.0002260325921313739,0.0005406475750635364,0.00032864190208816763,6.447164680822944e-05,0.00018515943502799066,-8.69196605682373,-4.134604454040527,-0.5226884484291077,-8.96740436553955,-9.267699241638184,-8.24453067779541,-8.742938041687012,-10.36679744720459,-10.08076286315918,0.0002753761232028157,0.026252053320901872,0.9722959304691539,0.00020907636650667276,0.00015484191590944165,0.0004307695511292669,0.0002616913874708506,5.1588897961081185e-05,6.867196776415976e-05
cake_impl_08,mu_D,0.5,0.808439212205233,350,0.0002988753998357972,0.965142069138895,0.0006730848178812697,0.0002416225927907759,0.7802586940407767,0.6327904538958541,350,0.00023865053504228283,0.9643299963905618,0.0005231607202973873,-7.998230457305908,-3.623335838317871,-0.24812975525856018,-8.49920654296875,-8.827387809753418,-7.830347537994385,-8.328133583068848,-10.082536697387695,-9.02989673614502,0.00041568588434997005,0.0330185402463723,0.965142069138895,0.00025188025693281883,0.00018141233547695016,0.0004916724824043195,0.0002988753998357972,5.170857607375314e-05,0.00014815567965906172,-8.411839485168457,-3.8319787979125977,-0.4939376711845398,-8.896974563598633,-9.396817207336426,-8.301826477050781,-8.798126220703125,-10.548280715942383,-10.188233375549316,0.0003511758239350989,0.034239927340676844,0.9643299963905618,0.00021618876595670285,0.0001311457498196107,0.00039201497047777664,0.00023865053504228283,4.146483796591079e-05,5.943558556390113e-05
cake_impl_08,mu_D,1.0,0.8260141375984281,350,0.00030201510643594425,0.9649017946984273,0.0007984824261925789,0.00024946874768438395,0.7970225238149969,0.6483410998899535,350,0.00024109736528319184,0.9634577343949479,0.000609832643491454,-7.977001190185547,-3.6021084785461426,-0.22687233984470367,-8.102805137634277,-8.545392036437988,-7.6732177734375,-8.29617691040039,-9.924768447875977,-9.015495300292969,0.0004155707005781412,0.033009328069866846,0.9649017946984273,0.0003664451349794951,0.00023539428375025294,0.0005630881424423261,0.00030201510643594425,5.925709383131556e-05,0.00014710676968820015,-8.390731811523438,-3.788076162338257,-0.47056499123573303,-8.493508338928223,-9.164473533630371,-8.143266677856445,-8.76364803314209,-10.387121200561523,-10.16578197479248,0.0003500643794470343,0.03491852354647039,0.9634577343949479,0.0003158731002489455,0.0001614790409333885,0.0004483536025580655,0.00024109736528319184,4.7547427653386754e-05,5.932714245752085e-05
cake_impl_08,mu_D,2.0,0.8409548392299788,350,0.00028712623258384906,0.9649050264970231,0.0008307711497328161,0.0002414601947612603,0.8114415514300025,0.692490960117759,350,0.00022899915958563019,0.964996677725189,0.0006382282221147767,-8.084104537963867,-3.584139108657837,-0.20894291996955872,-7.959532737731934,-8.578166961669922,-7.580175876617432,-8.328805923461914,-10.20756721496582,-9.044644355773926,0.0003667290673591908,0.033010757383672616,0.9649050264970231,0.0004153805714218679,0.00022375706132235376,0.0006070140884104623,0.00028712623258384906,4.386692688979425e-05,0.00014034217131677913,-8.455711364746094,-3.767225980758667,-0.4030907154083252,-8.302931785583496,-9.138814926147461,-8.002716064453125,-8.749252319335938,-10.618288040161133,-10.180501937866211,0.00030712636897104937,0.033381084032340934,0.964996677725189,0.00035782314908266554,0.00015511328591103735,0.00048311493620373935,0.00022899915958563019,3.5328238893545995e-05,5.47331038224582e-05
cake_impl_08,mu_D,4.0,0.9116763046207359,350,0.00018611806343844027,0.9510639909874624,0.0006916618338730732,0.00016967942829872494,0.8670625047612986,0.8289885494972237,350,0.00015614576159487533,0.9515590690343205,0.0005525457390075219,-8.517979621887207,-3.142829656600952,-0.14264421164989471,-8.01807689666748,-8.68137264251709,-7.682429790496826,-8.681599617004395,-10.559345245361328,-9.232508659362793,0.00021920365235336573,0.0473419078096392,0.9510639909874624,0.00036137057029755854,0.00018616031228499113,0.0005055015215880821,0.00018611806343844027,2.846387085153816e-05,0.0001072832120844561,-8.731529235839844,-3.2423815727233887,-0.237202450633049,-8.21292495727539,-9.051366806030273,-7.9841461181640625,-8.952269554138184,-10.79266357421875,-9.99442195892334,0.00019471369687063146,0.04713060806072775,0.9515590690343205,0.0003270570227061864,0.00014141413149272166,0.00041113160751480026,0.00015614576159487533,2.47888987056242e-05,5.507178606673285e-05
cake_impl_08,mu_Dprime_native,0.0,0.7802144877999448,350,0.00032864190208816763,0.9721737747722783,0.0007666801671949103,0.00025641117330731935,0.758504063736492,0.6098188197199855,350,0.0002616913874708506,0.9722959304691539,0.0005856114670387086,-8.276509284973145,-3.9016408920288086,-0.2764071226119995,-8.52762508392334,-8.643017768859863,-7.770929336547852,-8.268728256225586,-9.89747142791748,-8.842479705810547,0.00032609465296150276,0.025901497865918485,0.9721737747722783,0.0002536795577224227,0.0002260325921313739,0.0005406475750635364,0.00032864190208816763,6.447164680822944e-05,0.00018515943502799066,-8.69196605682373,-4.134604454040527,-0.5226884484291077,-8.96740436553955,-9.267699241638184,-8.24453067779541,-8.742938041687012,-10.36679744720459,-10.08076286315918,0.0002753761232028157,0.026252053320901872,0.9722959304691539,0.00020907636650667276,0.00015484191590944165,0.0004307695511292669,0.0002616913874708506,5.1588897961081185e-05,6.867196776415976e-05
cake_impl_08,mu_Dprime_native,0.5,0.7766201147324314,350,0.0003021066529200357,0.9688263049398169,0.000798693599938966,0.00023462210345218896,0.7524099960981582,0.623687403308118,350,0.00024513262829022276,0.9682844791440656,0.0006227015613297252,-8.284577369689941,-3.7846786975860596,-0.28447389602661133,-8.53553581237793,-8.607017517089844,-7.734518051147461,-8.357534408569336,-9.985897064208984,-8.843853950500488,0.00032497139051617535,0.029250028335010024,0.9688263049398169,0.0002528455193000128,0.00023540254399281375,0.0005632910559461523,0.0003021066529200357,5.928862431220221e-05,0.00018576093818581534,-8.657902717590332,-3.9712421894073486,-0.504335343837738,-8.892995834350586,-9.176783561706543,-8.163166999816895,-8.78581714630127,-10.448941230773926,-9.918896675109863,0.00027858238506849335,0.03022347928080629,0.9682844791440656,0.00022021860585731549,0.00016580841388813596,0.0004568931474415893,0.00024513262829022276,4.646388385678925e-05,7.894251072582986e-05
cake_impl_08,mu_Dprime_native,1.0,0.7810364215666128,350,0.00031163088625113414,0.9561271676337763,0.0007955587139372981,0.00024339507224721796,0.7467701415713055,0.6678927221476008,350,0.000248450980390853,0.9560957270893561,0.0006303179699037924,-8.292102813720703,-3.4171626567840576,-0.29199784994125366,-8.667716026306152,-8.695302963256836,-7.697434902191162,-8.32082462310791,-10.074005126953125,-8.93695068359375,0.0003207112674299074,0.042002373050918196,0.9561271676337763,0.00022028629193986167,0.00021429232561068917,0.0005812663883266089,0.00031163088625113414,5.398136674355018e-05,0.00016829078900377218,-8.592964172363281,-3.563112735748291,-0.44852495193481445,-8.982413291931152,-9.206489562988281,-8.045319557189941,-8.703892707824707,-10.418502807617188,-10.00659465789795,0.00027759802096837,0.04244759503817353,0.9560957270893561,0.00018805321475098065,0.00015030231646351959,0.0004800156534402728,0.000248450980390853,4.472959952659247e-05,6.752808692984122e-05
cake_impl_08,mu_Dprime_native,2.0,0.8531175508799268,350,0.000216932787002111,0.9387577401325186,0.0006516026960890792,0.00018506916795279775,0.800870704131429,0.818070593738879,350,0.00019301384185738636,0.9394347587612447,0.0005641917969483522,-9.097186088562012,-2.972156047821045,-0.22205576300621033,-9.722434043884277,-9.094489097595215,-7.720562934875488,-8.594780921936035,-10.346273422241211,-9.123703002929688,0.00013126030354867446,0.060006756449699335,0.9387577401325186,7.024115875668756e-05,0.00013161478920908594,0.0005199879068799933,0.000216932787002111,3.7641044645777195e-05,0.00012782542773956678,-9.204862594604492,-3.022381544113159,-0.26328355073928833,-9.833988189697266,-9.312714576721191,-7.898555278778076,-8.753555297851562,-10.487103462219238,-9.720848083496094,0.00012291027394477694,0.059512143285353154,0.9394347587612447,6.551826861828346e-05,0.00011034398545209824,0.0004538478114962539,0.00019301384185738636,3.409714789790277e-05,7.33666241354833e-05
cake_impl_08,mu_Dprime_native,4.0,0.9233668339407977,350,0.00014505737459890214,0.9035423744293306,0.0008645939771372158,0.00013394116872315255,0.8343010616081618,0.9215730940854628,350,0.0001437242862519581,0.9036722964005957,0.0008496686917945609,-10.306500434875488,-2.4311928749084473,-0.18116095662117004,-10.681825637817383,-9.042764663696289,-7.293279647827148,-8.918109893798828,-10.918638229370117,-8.970343589782715,3.6188406676008115e-05,0.09522962600856748,0.9035423744293306,2.4863816823666945e-05,0.00012805688524193087,0.000736537091895285,0.00014505737459890214,1.9621011659525454e-05,0.00013767497520662225,-10.313408851623535,-2.4342424869537354,-0.18296167254447937,-10.690921783447266,-9.064390182495117,-7.312243938446045,-8.92928695678711,-10.934242248535156,-9.0310697555542,3.6009215456241505e-05,0.0951244444810373,0.9036722964005957,2.4686633881612043e-05,0.00012556123397808108,0.0007241074578164798,0.0001437242862519581,1.935482018614841e-05,0.00012981547079645282
cake_impl_08,mu_Dprime_matched,0.0,0.7802144877999448,350,0.00032864190208816763,0.9721737747722783,0.0007666801671949103,0.00025641117330731935,0.758504063736492,0.6098188197199855,350,0.0002616913874708506,0.9722959304691539,0.0005856114670387086,-8.276509284973145,-3.9016408920288086,-0.2764071226119995,-8.52762508392334,-8.643017768859863,-7.770929336547852,-8.268728256225586,-9.89747142791748,-8.842479705810547,0.00032609465296150276,0.025901497865918485,0.9721737747722783,0.0002536795577224227,0.0002260325921313739,0.0005406475750635364,0.00032864190208816763,6.447164680822944e-05,0.00018515943502799066,-8.69196605682373,-4.134604454040527,-0.5226884484291077,-8.96740436553955,-9.267699241638184,-8.24453067779541,-8.742938041687012,-10.36679744720459,-10.08076286315918,0.0002753761232028157,0.026252053320901872,0.9722959304691539,0.00020907636650667276,0.00015484191590944165,0.0004307695511292669,0.0002616913874708506,5.1588897961081185e-05,6.867196776415976e-05
cake_impl_08,mu_Dprime_matched,0.5,0.7917105153134549,350,0.0003286768605099278,0.9649980413318227,0.0007669639767539605,0.0002602169266059235,0.763999096579292,0.635442726424022,350,0.00025506910571039147,0.9650725358268628,0.0005800263285650931,-8.019303321838379,-3.644443988800049,-0.26918867230415344,-8.520417213439941,-8.628292083740234,-7.755818843841553,-8.253994941711426,-9.882890701293945,-8.95876693725586,0.0004156180548257767,0.0330119875677702,0.9649980413318227,0.00025180445384381464,0.00022605491108779644,0.0005409090656661641,0.0003286768605099278,6.446866692238531e-05,0.00016243908755130416,-8.432496070861816,-3.8521108627319336,-0.4889853298664093,-8.880691528320312,-9.197203636169434,-8.22732162475586,-8.727409362792969,-10.354276657104492,-10.119138717651367,0.00034256033513326885,0.03341743374803597,0.9650725358268628,0.00021882062837615734,0.0001594515696968474,0.0004205747588682457,0.00025506910571039147,5.013238552502736e-05,6.342164179134666e-05
cake_impl_08,mu_Dprime_matched,1.0,0.7941452187499785,350,0.00030944172643121757,0.9650578696511206,0.0007896292106681696,0.00024574166752709025,0.7663960930004774,0.6520029648335142,350,0.000245870932031161,0.9652013442968089,0.0005845181587576671,-8.141161918640137,-3.6412510871887207,-0.2660561501979828,-8.642020225524902,-8.685592651367188,-7.688473224639893,-8.311229705810547,-9.939925193786621,-8.868568420410156,0.0003668076435493726,0.03301602768889024,0.9650578696511206,0.00022228920776957195,0.00021281151033063003,0.0005768177003375396,0.00030944172643121757,6.0707928266682054e-05,0.00017722694330408358,-8.513708114624023,-3.8282721042633057,-0.46312472224235535,-8.997103691101074,-9.254018783569336,-8.161684036254883,-8.738409996032715,-10.365378379821777,-10.024977684020996,0.00030781797349327796,0.03335438821929142,0.9652013442968089,0.00018982698207549992,0.00014681861952959882,0.0004376995392280683,0.000245870932031161,4.831965182140012e-05,6.791378572080839e-05
cake_impl_08,mu_Dprime_matched,2.0,0.7935329541612061,350,0.000352980170448889,0.960706383721282,0.0009012921501385289,0.00028010139741663296,0.7623521747558781,0.690377989493938,350,0.0002865117933721697,0.9609106504991284,0.0006906190403091185,-8.271471977233887,-3.5215117931365967,-0.27134665846824646,-8.647052764892578,-8.554732322692871,-7.556744575500488,-8.18035888671875,-9.93298053741455,-8.79920482635498,0.0003222407027882802,0.03724447812528164,0.960706383721282,0.00022134398902082925,0.00024275153851654262,0.0006585406116219863,0.000352980170448889,6.117815799405282e-05,0.0001901029830458178,-8.541410446166992,-3.6536006927490234,-0.41038987040519714,-8.927729606628418,-9.02064037322998,-7.94086217880249,-8.528246879577637,-10.280197143554688,-9.86529541015625,0.0002827649910459473,0.037512364804828766,0.9609106504991284,0.0001921539688701559,0.00017510507201412743,0.0005155139682949911,0.0002865117933721697,4.9691278506308736e-05,7.524362393901953e-05
cake_impl_08,mu_Dprime_matched,4.0,0.871378363169609,350,0.0002170263753636016,0.931334793634805,0.0006518927074017889,0.00018911208772896834,0.811544988040402,0.843116565082053,350,0.0001948855837141027,0.9319346599010347,0.0005804457732688332,-9.208952903747559,-2.8338892459869385,-0.20881545543670654,-9.959246635437012,-9.072975158691406,-7.698911190032959,-8.57317066192627,-10.32448959350586,-9.095340728759766,0.00011492004776954375,0.06746068802349395,0.931334793634805,5.426844410263792e-05,0.00013165888784686237,0.0005202338195549266,0.0002170263753636016,3.766382030365189e-05,0.00012874694675975317,-9.293435096740723,-2.8735039234161377,-0.2411426305770874,-10.037464141845703,-9.248818397521973,-7.841298580169678,-8.71374797821045,-10.449304580688477,-9.596147537231445,0.00010915026574217213,0.06701399056441837,0.9319346599010347,5.186771176267501e-05,0.00011413046420159312,0.00046631530906724003,0.0001948855837141027,3.4358726524499706e-05,8.064147353450218e-05
cake_impl_08,mu_D_par,0.0,0.7802144877999448,350,0.00032864190208816763,0.9721737747722783,0.0007666801671949103,0.00025641117330731935,0.758504063736492,0.6098188197199855,350,0.0002616913874708506,0.9722959304691539,0.0005856114670387086,-8.276509284973145,-3.9016408920288086,-0.2764071226119995,-8.52762508392334,-8.643017768859863,-7.770929336547852,-8.268728256225586,-9.89747142791748,-8.842479705810547,0.00032609465296150276,0.025901497865918485,0.9721737747722783,0.0002536795577224227,0.0002260325921313739,0.0005406475750635364,0.00032864190208816763,6.447164680822944e-05,0.00018515943502799066,-8.69196605682373,-4.134604454040527,-0.5226884484291077,-8.96740436553955,-9.267699241638184,-8.24453067779541,-8.742938041687012,-10.36679744720459,-10.08076286315918,0.0002753761232028157,0.026252053320901872,0.9722959304691539,0.00020907636650667276,0.00015484191590944165,0.0004307695511292669,0.0002616913874708506,5.1588897961081185e-05,6.867196776415976e-05
cake_impl_08,mu_D_par,0.5,0.7928176056647626,350,0.000309373984712273,0.9649527424465129,0.0007895654786105046,0.0002452771418145511,0.7650315228460907,0.6355679181159513,350,0.00024027918918068545,0.9650891292194966,0.0005902803852370478,-8.017943382263184,-3.6430728435516357,-0.2678382396697998,-8.393912315368652,-8.687353134155273,-7.690224647521973,-8.313121795654297,-9.941818237304688,-8.879823684692383,0.0004156024959953263,0.0330111216603958,0.9649527424465129,0.0002853625085578435,0.0002127929257116109,0.0005767725528988937,0.000309373984712273,6.069458045207595e-05,0.00017553684476310683,-8.432353019714355,-3.8529605865478516,-0.48877114057540894,-8.791204452514648,-9.308605194091797,-8.164698600769043,-8.786945343017578,-10.407806396484375,-10.041504859924316,0.000342541856434248,0.03338247337449428,0.9650891292194966,0.00023925799004727476,0.00014261400064830297,0.0004476663845887448,0.00024027918918068545,4.751001267727169e-05,6.852797243253379e-05
cake_impl_08,mu_D_par,1.0,0.7917830922265876,350,0.00030933419642068476,0.9607280685640747,0.000789578196974144,0.0002449255865733964,0.7606882409165401,0.6360393939307901,350,0.00024051496885724093,0.9599182376904216,0.0005997444866270711,-8.023636817932129,-3.5236995220184326,-0.2735316753387451,-8.399457931518555,-8.688629150390625,-7.691519260406494,-8.314556121826172,-9.942620277404785,-8.91826343536377,0.0004137829405569366,0.037245217789457156,0.9607280685640747,0.0002841551593105831,0.00021279924418582085,0.0005767789527883232,0.00030933419642068476,6.072515811598664e-05,0.00016913799508985178,-8.39704418182373,-3.7089781761169434,-0.4934019446372986,-8.756300926208496,-9.25494384765625,-8.160136222839355,-8.785223007202148,-10.369281768798828,-10.072779655456543,0.00035458963161847805,0.03852363235119827,0.9599182376904216,0.00024757273290814443,0.00015036437088280719,0.00044938011574426393,0.00024051496885724093,4.933943039675547e-05,6.636870797234664e-05
cake_impl_08,mu_D_par,2.0,0.7834297492551504,350,0.0003116254668185704,0.9608779736906722,0.0007955229099234819,0.0002441366613311918,0.7527803899932803,0.6694724030971568,350,0.0002479361354493776,0.9616326341902022,0.0005946414091131886,-8.284083366394043,-3.534182548522949,-0.2839817404747009,-8.659796714782715,-8.69237232208252,-7.694389343261719,-8.317782402038574,-10.071061134338379,-8.938982963562012,0.0003223058938507254,0.03724980144180248,0.9608779736906722,0.00022135942261277842,0.0002142646899837784,0.0005812582199397036,0.0003116254668185704,5.397512582428033e-05,0.0001674360484953256,-8.618608474731445,-3.699279546737671,-0.44038811326026917,-8.977415084838867,-9.207235336303711,-8.119138717651367,-8.703604698181152,-10.454689979553223,-10.015267372131348,0.0002699312827039935,0.036956482327175084,0.9616326341902022,0.0001885495445184435,0.0001498358792159858,0.0004448055298972027,0.0002479361354493776,4.303810617090592e-05,6.678700466687116e-05
cake_impl_08,mu_D_par,4.0,0.8537741727370993,350,0.0002648039290002465,0.9310968215932062,0.0007206901628714586,0.00022608275541971906,0.7949464185938822,0.8091002764618733,350,0.00022916881439206808,0.9319867030231164,0.0006022289177601516,-8.72960090637207,-2.8545682430267334,-0.2294805645942688,-9.354970932006836,-8.894224166870117,-7.645632743835449,-8.394609451293945,-10.27147102355957,-9.004786491394043,0.00018942595445274187,0.06744251401842505,0.9310968215932062,0.00010135489612961091,0.0001606735948604459,0.0005600165680110127,0.0002648039290002465,4.0533471488898826e-05,0.00014385597442592794,-8.881498336791992,-2.917785167694092,-0.282269150018692,-9.495244026184082,-9.165888786315918,-7.86821174621582,-8.592884063720703,-10.448945045471191,-9.712930679321289,0.00017171646196800474,0.06680664353845404,0.9319867030231164,9.295346115905435e-05,0.0001292119643160037,0.0004730169534441479,0.00022916881439206808,3.581611497069812e-05,7.476966817962258e-05
cake_impl_08,mu_D_perp_native,0.0,0.7802144877999448,350,0.00032864190208816763,0.9721737747722783,0.0007666801671949103,0.00025641117330731935,0.758504063736492,0.6098188197199855,350,0.0002616913874708506,0.9722959304691539,0.0005856114670387086,-8.276509284973145,-3.9016408920288086,-0.2764071226119995,-8.52762508392334,-8.643017768859863,-7.770929336547852,-8.268728256225586,-9.89747142791748,-8.842479705810547,0.00032609465296150276,0.025901497865918485,0.9721737747722783,0.0002536795577224227,0.0002260325921313739,0.0005406475750635364,0.00032864190208816763,6.447164680822944e-05,0.00018515943502799066,-8.69196605682373,-4.134604454040527,-0.5226884484291077,-8.96740436553955,-9.267699241638184,-8.24453067779541,-8.742938041687012,-10.36679744720459,-10.08076286315918,0.0002753761232028157,0.026252053320901872,0.9722959304691539,0.00020907636650667276,0.00015484191590944165,0.0004307695511292669,0.0002616913874708506,5.1588897961081185e-05,6.867196776415976e-05
cake_impl_08,mu_D_perp_native,0.5,0.8194940469801211,350,0.0003307112284900788,0.9687753367876429,0.0007716661400689304,0.0002710158830171022,0.7939056213586353,0.6405508705798448,350,0.00026374562815767487,0.9681927397290039,0.0005625554837555035,-8.105915069580078,-3.7310264110565186,-0.23079068958759308,-8.356854438781738,-8.587435722351074,-7.715321063995361,-8.213333129882812,-9.966880798339844,-8.922513961791992,0.0003682137579099617,0.029247585198687438,0.9687753367876429,0.00028649591111897416,0.00022749834886936105,0.0005441677911995693,0.0003307112284900788,5.726547460335621e-05,0.0001627255014782493,-8.520021438598633,-3.941141128540039,-0.47775083780288696,-8.796611785888672,-9.268872261047363,-8.23189926147461,-8.685952186584473,-10.437104225158691,-10.156006813049316,0.0003113494319781794,0.030327075307179957,0.9681927397290039,0.0002361165430563066,0.00014724016578845925,0.0004153153179670442,0.00026374562815767487,4.5779347907400503e-05,6.06385289610843e-05
cake_impl_08,mu_D_perp_native,1.0,0.8179771836909784,350,0.0002730661553494892,0.9687890214749327,0.0006969226456623998,0.00022336188471409836,0.7924473153768042,0.621980275394924,350,0.00021421545906774933,0.9680169973375026,0.0005244990405502525,-7.982786178588867,-3.7328989505767822,-0.23262925446033478,-8.108553886413574,-8.780954360961914,-7.783779144287109,-8.406717300415039,-10.036093711853027,-8.971121788024902,0.0004172331653035967,0.02924700466948359,0.9687890214749327,0.0003679244091376636,0.00018781868060531004,0.0005091039650570898,0.0002730661553494892,5.353510900099687e-05,0.000155292371129464,-8.440101623535156,-3.9654219150543213,-0.5073525309562683,-8.548112869262695,-9.460944175720215,-8.300490379333496,-8.923375129699707,-10.543493270874023,-10.204803466796875,0.00034732322577246455,0.03048333870109992,0.9680169973375026,0.00031176340630856476,0.00012513751849882286,0.00039936152205142963,0.00021421545906774933,4.2387952614785e-05,5.947487708361329e-05
cake_impl_08,mu_D_perp_native,2.0,0.8392980402239907,350,0.0002681934037684873,0.9721010348156592,0.0007091344403100792,0.0002250941981838928,0.8158824934204961,0.6389845426099362,350,0.00021020741637945892,0.9721913505886611,0.0005122449665392083,-7.953644752502441,-3.8287198543548584,-0.2034849375486374,-7.954506874084473,-8.648083686828613,-7.775940895080566,-8.398991584777832,-10.153179168701172,-9.058091163635254,0.0004186583562201694,0.025899530147968933,0.9721010348156592,0.0004182975773557428,0.00020905895092694637,0.0005000754893831329,0.0002681934037684873,4.641027098500431e-05,0.00013874098773248808,-8.457528114318848,-4.085651397705078,-0.4760776460170746,-8.3909330368042,-9.327022552490234,-8.3418550491333,-8.915290832519531,-10.711769104003906,-10.289618492126465,0.00033223995321692793,0.02631078407838321,0.9721913505886611,0.0003551188549175057,0.00013926283129955764,0.0003729821352396506,0.00021020741637945892,3.486963763768253e-05,5.3184504264934216e-05
cake_impl_08,mu_D_perp_native,4.0,0.8759500649075653,350,0.0002469849986997132,0.9746464357567215,0.0007402490428240049,0.0002163465256422087,0.8537416086630274,0.6279360643616725,350,0.00020619003752457235,0.9732730255971326,0.0005700755117496104,-7.908390045166016,-3.908444881439209,-0.15812669694423676,-7.159004211425781,-8.562729835510254,-7.690117835998535,-8.438629150390625,-10.318605422973633,-9.27744197845459,0.0004197111371640148,0.02291419507394907,0.9746464357567215,0.0008879829476750737,0.0002181596023202884,0.0005220894405037165,0.0002469849986997132,3.768836130880858e-05,0.00010675268165790688,-8.411144256591797,-4.162777900695801,-0.49240756034851074,-7.677975177764893,-9.238749504089355,-8.251864433288574,-8.95202922821045,-10.916789054870605,-10.494558334350586,0.00035413678167262416,0.02478637989004381,0.9732730255971326,0.0007371948989193129,0.00015479133434619506,0.00041528417740341534,0.00020619003752457235,2.890568906286733e-05,4.40915938947381e-05
cake_impl_08,mu_D_perp_matched,0.0,0.7802144877999448,350,0.00032864190208816763,0.9721737747722783,0.0007666801671949103,0.00025641117330731935,0.758504063736492,0.6098188197199855,350,0.0002616913874708506,0.9722959304691539,0.0005856114670387086,-8.276509284973145,-3.9016408920288086,-0.2764071226119995,-8.52762508392334,-8.643017768859863,-7.770929336547852,-8.268728256225586,-9.89747142791748,-8.842479705810547,0.00032609465296150276,0.025901497865918485,0.9721737747722783,0.0002536795577224227,0.0002260325921313739,0.0005406475750635364,0.00032864190208816763,6.447164680822944e-05,0.00018515943502799066,-8.69196605682373,-4.134604454040527,-0.5226884484291077,-8.96740436553955,-9.267699241638184,-8.24453067779541,-8.742938041687012,-10.36679744720459,-10.08076286315918,0.0002753761232028157,0.026252053320901872,0.9722959304691539,0.00020907636650667276,0.00015484191590944165,0.0004307695511292669,0.0002616913874708506,5.1588897961081185e-05,6.867196776415976e-05
cake_impl_08,mu_D_perp_matched,0.5,0.813970077656727,350,0.00029192876321311017,0.9687888878104876,0.0006811209071114523,0.00023762127806280754,0.7885651662440768,0.6197281508750682,350,0.0002281655325123333,0.9679827116181592,0.0005161292996477271,-7.987666606903076,-3.737774610519409,-0.23754023015499115,-8.113602638244629,-8.719061851501465,-7.8468756675720215,-8.344832420349121,-10.098538398742676,-8.982006072998047,0.00041724585331081644,0.029248033532316205,0.9687888878104876,0.0003678736706701704,0.0002007941752652222,0.00048032673184623004,0.00029192876321311017,5.0541957480018586e-05,0.0001543675054107119,-8.444947242736816,-3.9680418968200684,-0.5110154151916504,-8.552801132202148,-9.339391708374023,-8.368915557861328,-8.863913536071777,-10.564611434936523,-10.217436790466309,0.0003469003901516275,0.030514065632604587,0.9679827116181592,0.00031143286371069806,0.00014182490211321646,0.00037430439753451073,0.0002281655325123333,4.165300381647002e-05,5.8941659397510786e-05
cake_impl_08,mu_D_perp_matched,1.0,0.8391270522113633,350,0.0002682979430366887,0.9721011261846534,0.0007094180851466311,0.00022513606205474884,0.8157163524666747,0.6392779624761075,350,0.00021056166482753453,0.9714646304548088,0.0005206557558036193,-7.953830718994141,-3.828939914703369,-0.2036885917186737,-7.954607009887695,-8.647963523864746,-7.775712966918945,-8.398805618286133,-10.153215408325195,-9.059128761291504,0.00041866580073091666,0.025899107673429844,0.9721011261846534,0.000418340920399503,0.00020912667841521551,0.0005002914067314156,0.0002682979430366887,4.641804575276272e-05,0.00013862534685018247,-8.409775733947754,-4.058924674987793,-0.4763663411140442,-8.389869689941406,-9.268152236938477,-8.341304779052734,-8.913147926330566,-10.66584587097168,-10.29388427734375,0.0003483301535603409,0.02701106311635821,0.9714646304548088,0.00035533350215326964,0.00014763961111700455,0.00037301614468661473,0.00021056166482753453,3.6491545737532523e-05,5.293380675071481e-05
cake_impl_08,mu_D_perp_matched,2.0,0.8623425910009378,350,0.00026259116055440837,0.9718007659540047,0.0007212843898483091,0.00022644354176643177,0.8380251904494723,0.6381528614643455,350,0.00021248024538701819,0.9710855893256841,0.0005365538254184421,-7.801942825317383,-3.8019843101501465,-0.17670711874961853,-7.427582263946533,-8.51734733581543,-7.770445823669434,-8.393014907836914,-10.272989273071289,-9.167085647583008,0.0004742195416797435,0.025890435602609466,0.9718007659540047,0.0006895442995254822,0.00023189063787743677,0.0004893937519708724,0.00026259116055440837,4.0069840127614685e-05,0.00012108921165031889,-8.306415557861328,-4.056735515594482,-0.4785180985927582,-7.900030612945557,-9.193221092224121,-8.332056045532227,-8.905838966369629,-10.825166702270508,-10.3865966796875,0.0003869410785644415,0.027117985869123742,0.9710855893256841,0.0005809457474346874,0.00015940799075458205,0.00037714583466386006,0.00021248024538701819,3.117203208461861e-05,4.833187630289147e-05
cake_impl_08,mu_D_perp_matched,4.0,0.8969201164635956,350,0.00026521667352411113,0.980567932474289,0.0008615633893461847,0.0002378781697053332,0.8794911041953064,0.6208026576959997,350,0.00021914724409267624,0.9797798492441266,0.0006509402639375234,-7.878844738006592,-4.254039764404297,-0.12841182947158813,-6.37903356552124,-8.217962265014648,-7.59494161605835,-8.343751907348633,-10.348827362060547,-9.169275283813477,0.00042218951343033596,0.015839455199222124,0.980567932474289,0.0018917648769637193,0.0003007672681542024,0.0005607961211919822,0.00026521667352411113,3.5711460980472325e-05,0.00011616641224414611,-8.430229187011719,-4.535055637359619,-0.4971694052219391,-6.891294479370117,-8.946349143981934,-8.202770233154297,-8.902508735656738,-10.936453819274902,-10.298182487487793,0.00035143451769292626,0.017278132258855872,0.9797798492441266,0.001637552630299748,0.0002097472937547568,0.00044119297018276667,0.00021914724409267624,2.8668494515726705e-05,5.427534647924266e-05
cake_impl_08,r0,0.0,0.7802144877999448,350,0.00032864190208816763,0.9721737747722783,0.0007666801671949103,0.00025641117330731935,0.758504063736492,0.6098188197199855,350,0.0002616913874708506,0.9722959304691539,0.0005856114670387086,-8.276509284973145,-3.9016408920288086,-0.2764071226119995,-8.52762508392334,-8.643017768859863,-7.770929336547852,-8.268728256225586,-9.89747142791748,-8.842479705810547,0.00032609465296150276,0.025901497865918485,0.9721737747722783,0.0002536795577224227,0.0002260325921313739,0.0005406475750635364,0.00032864190208816763,6.447164680822944e-05,0.00018515943502799066,-8.69196605682373,-4.134604454040527,-0.5226884484291077,-8.96740436553955,-9.267699241638184,-8.24453067779541,-8.742938041687012,-10.36679744720459,-10.08076286315918,0.0002753761232028157,0.026252053320901872,0.9722959304691539,0.00020907636650667276,0.00015484191590944165,0.0004307695511292669,0.0002616913874708506,5.1588897961081185e-05,6.867196776415976e-05
cake_impl_08,r0,0.5,0.7690984480232876,350,0.0002918219051520715,0.9722845221089649,0.0006807712765747463,0.00022443977435165723,0.7477825169910688,0.6158628230793358,350,0.00021651377976748395,0.973074507928303,0.0005002197756519956,-8.165726661682129,-3.915875196456909,-0.2906430959701538,-8.541840553283691,-8.77624797821045,-7.904107093811035,-8.40190315246582,-10.156533241271973,-8.974286079406738,0.00036956261808818435,0.025904491725375362,0.9722845221089649,0.0002537136582841279,0.00020069751550702163,0.0004800737610677247,0.0002918219051520715,5.047678933651251e-05,0.00016463991822427614,-8.62264633178711,-4.149314880371094,-0.5120256543159485,-8.980064392089844,-9.457862854003906,-8.377459526062012,-8.922587394714355,-10.671738624572754,-10.212459564208984,0.00029224580796068404,0.025614828668852015,0.973074507928303,0.00020442010119353578,0.00012677054676826178,0.0003734492288837339,0.00021651377976748395,3.7656401390495826e-05,5.9607536880889044e-05
cake_impl_08,r0,1.0,0.7272265509029473,350,0.0003360157547124904,0.9687627069997546,0.0007567139474522313,0.0002443595783486152,0.7045099620548341,0.5691126065172798,350,0.00024346103427369761,0.9689227167568079,0.000552255062868125,-8.100362777709961,-3.8505325317382812,-0.35025280714035034,-8.601472854614258,-8.816339492797852,-7.819027900695801,-8.316869735717773,-9.946402549743652,-9.041813850402832,0.00041724142282806867,0.02924591696185899,0.9687627069997546,0.00025278894446857284,0.00020391195158759513,0.0005528019958646361,0.0003360157547124904,6.586618829314174e-05,0.00016274978063194224,-8.55670166015625,-4.082658290863037,-0.5952473878860474,-9.038490295410156,-9.49555778503418,-8.33858585357666,-8.884230613708496,-10.460321426391602,-10.369089126586914,0.0003378107609185636,0.029629602619289257,0.9689227167568079,0.00020865814115219607,0.000132109316462637,0.000420145746405488,0.00024346103427369761,5.034332777581362e-05,5.5152296914235524e-05
cake_impl_08,r0,2.0,0.6074519602993164,350,0.00047057561377548447,0.9716792282064333,0.0009352670354888537,0.00028585207905697203,0.5902484519561246,0.46217670686508877,350,0.0003506845983489373,0.9719157237839088,0.0006672939502393098,-8.152338027954102,-4.152562141418457,-0.5272117257118225,-8.778572082519531,-8.784528732299805,-7.7871198654174805,-8.160036087036133,-9.915305137634277,-8.917839050292969,0.00047421211168250575,0.025885302126323086,0.9716792282064333,0.0002535144085900676,0.0002520088006851299,0.0006832582348037237,0.00047057561377548447,8.134404305977063e-05,0.00022055645464705344,-8.653707504272461,-4.408209800720215,-0.8002941608428955,-9.25892162322998,-9.52576732635498,-8.35396957397461,-8.727431297302246,-10.525639533996582,-10.235382080078125,0.0003775152753327338,0.02634697471702956,0.9719157237839088,0.0002061073013195284,0.00015783516204629578,0.000509458788193014,0.0003506845983489373,5.80717318602048e-05,7.762864196078933e-05
cake_impl_08,r0,4.0,0.44501147006733927,350,0.000516839304318654,0.9743852766866585,0.001063806938811144,0.00022999941860342513,0.433612624390301,0.31897823847757534,350,0.00036723492462272997,0.9748250245612154,0.0007285037817004727,-8.335755348205566,-4.586109638214111,-0.8356037139892578,-9.086921691894531,-8.877347946166992,-8.004691123962402,-8.377433776855469,-10.00804328918457,-9.16110897064209,0.0005388355549354525,0.022903754806847906,0.9743852766866585,0.0002542311996339992,0.0003135057914769846,0.0007503011473341595,0.000516839304318654,0.00010120240187309243,0.00023605310692134432,-8.938194274902344,-4.900993347167969,-1.1681296825408936,-9.664673805236816,-9.68115234375,-8.680139541625977,-9.052141189575195,-10.668102264404297,-10.657567024230957,0.0004115574738595507,0.02332193486591736,0.9748250245612154,0.00019903270325560154,0.00019577981025870424,0.0005327239714417684,0.00036723492462272997,7.296943756730896e-05,7.374225186153585e-05
cake_impl_08,r1,0.0,0.7802144877999448,350,0.00032864190208816763,0.9721737747722783,0.0007666801671949103,0.00025641117330731935,0.758504063736492,0.6098188197199855,350,0.0002616913874708506,0.9722959304691539,0.0005856114670387086,-8.276509284973145,-3.9016408920288086,-0.2764071226119995,-8.52762508392334,-8.643017768859863,-7.770929336547852,-8.268728256225586,-9.89747142791748,-8.842479705810547,0.00032609465296150276,0.025901497865918485,0.9721737747722783,0.0002536795577224227,0.0002260325921313739,0.0005406475750635364,0.00032864190208816763,6.447164680822944e-05,0.00018515943502799066,-8.69196605682373,-4.134604454040527,-0.5226884484291077,-8.96740436553955,-9.267699241638184,-8.24453067779541,-8.742938041687012,-10.36679744720459,-10.08076286315918,0.0002753761232028157,0.026252053320901872,0.9722959304691539,0.00020907636650667276,0.00015484191590944165,0.0004307695511292669,0.0002616913874708506,5.1588897961081185e-05,6.867196776415976e-05
cake_impl_08,r1,0.5,0.8049507551096492,350,0.00028987741195632486,0.9689069212128868,0.0006762317102133211,0.00023333704164347455,0.7799223578612786,0.6441607508726823,350,0.000225333471169393,0.9690155524618711,0.0004862664051815884,-8.123687744140625,-3.7488021850585938,-0.24856090545654297,-8.374754905700684,-8.737342834472656,-7.8652496337890625,-8.36302661895752,-9.992408752441406,-8.932719230651855,0.0003682628652934938,0.029251395183898438,0.9689069212128868,0.0002864975055471524,0.0001993659141228801,0.00047686579609044095,0.00028987741195632486,5.683066079042919e-05,0.00016398344941395424,-8.540681838989258,-3.9585185050964355,-0.47128158807754517,-8.814468383789062,-9.365194320678711,-8.388010025024414,-8.837736129760742,-10.510202407836914,-10.177364349365234,0.0003032736974935841,0.029637597607230434,0.9690155524618711,0.00023063794540222757,0.00013296995602504296,0.0003532964491565454,0.000225333471169393,4.231387815429838e-05,5.902453349758413e-05
cake_impl_08,r1,1.0,0.8069559350163132,350,0.00037179424062633813,0.9685562278981932,0.0008670650528376572,0.00030002156907830686,0.7815821964994598,0.6299720543526756,350,0.00028266000306182,0.9686886047483129,0.0006603602232325887,-8.121604919433594,-3.7467198371887207,-0.24643495678901672,-8.247666358947754,-8.486031532287598,-7.614285945892334,-8.111656188964844,-9.741120338439941,-8.732343673706055,0.0003681136986539839,0.029239532823511563,0.9685562278981932,0.0003245145634080913,0.000255689864005377,0.0006113751888322803,0.00037179424062633813,7.288453198146574e-05,0.00019986719078777184,-8.541359901428223,-3.9801931381225586,-0.4938918948173523,-8.689188957214355,-9.114607810974121,-8.092049598693848,-8.633345603942871,-10.258735656738281,-9.893028259277344,0.0003098940532288748,0.029655332562514132,0.9686886047483129,0.0002673079646845675,0.00017468468797164911,0.0004856755352609396,0.00028266000306182,5.5637348979710475e-05,8.020309598548748e-05
cake_impl_08,r1,2.0,0.7984558823985921,350,0.0003717420287897478,0.964756221403497,0.0008671253783193917,0.0002968196096219609,0.7703152800602607,0.6226271674297669,350,0.00029509847814789973,0.9648417635332702,0.0006391112185487651,-8.136163711547852,-3.636188507080078,-0.2609553933143616,-8.137316703796387,-8.496467590332031,-7.62484073638916,-8.12238597869873,-9.753166198730469,-8.768630027770996,0.000366655388081118,0.03300444783794584,0.964756221403497,0.0003662328808813464,0.00025572906164574727,0.0006113963166736445,0.0003717420287897478,7.277845202224227e-05,0.00019479663046346337,-8.55562973022461,-3.8708064556121826,-0.5095985531806946,-8.539262771606445,-9.128767967224121,-8.147601127624512,-8.602008819580078,-10.274526596069336,-10.01642894744873,0.00030910722223074865,0.033473571259632566,0.9648417635332702,0.0003142079955539036,0.00017426026843308037,0.0004648509501156847,0.00029509847814789973,5.541173244813642e-05,7.172856016783779e-05
cake_impl_08,r1,4.0,0.773488651671809,350,0.0004018213100225545,0.9683521377926716,0.0009923852415122316,0.00031080422330234566,0.7490093894047674,0.6029754725110296,350,0.0003029768936403405,0.968677419663329,0.0007226634059522739,-8.414363861083984,-3.7893900871276855,-0.28900375962257385,-8.040748596191406,-8.575383186340332,-7.454372882843018,-8.076347351074219,-9.582962036132812,-8.62895679473877,0.00028657233353411826,0.029230406101300076,0.9683521377926716,0.000416383304988669,0.0002439520408549887,0.0007484332006572429,0.0004018213100225545,8.906734796818151e-05,0.00023122656800266857,-8.881710052490234,-4.0266594886779785,-0.5377023816108704,-8.5226469039917,-9.263721466064453,-7.983785152435303,-8.607732772827148,-10.10738468170166,-9.791746139526367,0.00023036828428322972,0.02957633502467331,0.968677419663329,0.0003298844404980831,0.00015722341994730402,0.0005654399860049699,0.0003029768936403405,6.762681899817259e-05,9.272546862535265e-05
cake_impl_08,r2,0.0,0.7802144877999448,350,0.00032864190208816763,0.9721737747722783,0.0007666801671949103,0.00025641117330731935,0.758504063736492,0.6098188197199855,350,0.0002616913874708506,0.9722959304691539,0.0005856114670387086,-8.276509284973145,-3.9016408920288086,-0.2764071226119995,-8.52762508392334,-8.643017768859863,-7.770929336547852,-8.268728256225586,-9.89747142791748,-8.842479705810547,0.00032609465296150276,0.025901497865918485,0.9721737747722783,0.0002536795577224227,0.0002260325921313739,0.0005406475750635364,0.00032864190208816763,6.447164680822944e-05,0.00018515943502799066,-8.69196605682373,-4.134604454040527,-0.5226884484291077,-8.96740436553955,-9.267699241638184,-8.24453067779541,-8.742938041687012,-10.36679744720459,-10.08076286315918,0.0002753761232028157,0.026252053320901872,0.9722959304691539,0.00020907636650667276,0.00015484191590944165,0.0004307695511292669,0.0002616913874708506,5.1588897961081185e-05,6.867196776415976e-05
cake_impl_08,r2,0.5,0.7948514931514418,350,0.00029889551415049055,0.9689095990474865,0.0006731724628871433,0.0002375775457187853,0.7701392415316595,0.6365431002713463,350,0.0002323528988401114,0.9689547207392951,0.00048636295937849836,-8.011261940002441,-3.76141619682312,-0.2611839473247528,-8.51236629486084,-8.844298362731934,-7.847134113311768,-8.345016479492188,-10.098745346069336,-9.070509910583496,0.00041731803326174716,0.02925174017304226,0.9689095990474865,0.000252836806232269,0.00018141952701875824,0.0004917529358683851,0.00029889551415049055,5.174693455504143e-05,0.00014469102838442278,-8.426517486572266,-3.969197988510132,-0.48324054479599,-8.91273021697998,-9.4696683883667,-8.366904258728027,-8.81895637512207,-10.561763763427734,-10.230460166931152,0.0003440187701181002,0.029673679455260917,0.9689547207392951,0.00021155467797390797,0.0001212125139099262,0.00036515044546857214,0.0002323528988401114,4.066834164977476e-05,5.664215748345664e-05
cake_impl_08,r2,1.0,0.8040781175830802,350,0.00029693690277460646,0.9689646798235362,0.000668752956062697,0.0002387604658239557,0.779123295757001,0.6454276533345961,350,0.0002307861843999007,0.9684063893456623,0.0005070488720289189,-8.249683380126953,-3.7498154640197754,-0.24958597123622894,-8.375606536865234,-8.839605331420898,-7.84208345413208,-8.340049743652344,-9.969054222106934,-9.047733306884766,0.0003250197764804052,0.029253483725502172,0.9689646798235362,0.0002865642801312868,0.00018018139255716138,0.0004885715635055357,0.00029693690277460646,5.823666791229793e-05,0.00014632586760040763,-8.625960350036621,-3.9370484352111816,-0.46994560956954956,-8.736530303955078,-9.409804344177246,-8.31283950805664,-8.811861038208008,-10.434267044067383,-10.12505054473877,0.00027793641413466444,0.030221361151336692,0.9684063893456623,0.00024884305772221666,0.00012691890856109074,0.00038012996346782813,0.0002307861843999007,4.556252996167686e-05,6.207244475372576e-05
cake_impl_08,r2,2.0,0.765955825715296,350,0.00033890287867699415,0.9650150721334931,0.0007633583258572351,0.0002595846342743278,0.7391589164037157,0.6151218075915221,350,0.0002643993922314772,0.9644156628281859,0.0005870958430767918,-8.302330017089844,-3.677471876144409,-0.30224233865737915,-8.303016662597656,-8.755973815917969,-7.758302211761475,-8.256427764892578,-10.010415077209473,-8.985858917236328,0.00032369810947635087,0.03301342122329578,0.9650150721334931,0.00032347591991505346,0.00020564831924038218,0.0005577100066168529,0.00033890287867699415,5.865813445917022e-05,0.00016341327482603089,-8.678199768066406,-3.865680694580078,-0.5221678614616394,-8.660059928894043,-9.272582054138184,-8.227625846862793,-8.723984718322754,-10.430648803710938,-10.051397323608398,0.000276786308652781,0.03405611325474163,0.9644156628281859,0.0002818529831740666,0.00015275929900605373,0.00043433654407073807,0.0002643993922314772,4.798059814661411e-05,7.010879179073817e-05
cake_impl_08,r2,4.0,0.733857230667332,350,0.0004024891900845981,0.9646278481147379,0.0008524864809426764,0.00029536960240902053,0.7078991212420693,0.6017225004912988,350,0.0003212485710453347,0.9647927879119733,0.0006604844930926832,-8.220556259155273,-3.7207021713256836,-0.345453679561615,-7.846315860748291,-8.8770751953125,-7.629195690155029,-8.127283096313477,-10.00686264038086,-9.072025299072266,0.00036664536637392693,0.032999548698533304,0.9646278481147379,0.0005330607926308107,0.00019016196198864575,0.0006623245189540306,0.0004024891900845981,6.144169617651034e-05,0.00015647966052013664,-8.55949878692627,-3.9097964763641357,-0.5438008308410645,-8.171858787536621,-9.442160606384277,-8.053083419799805,-8.551254272460938,-10.428211212158203,-9.989767074584961,0.00031861092056865764,0.03331200042551868,0.9647927879119733,0.00046947294554512383,0.00013180306202633302,0.0005286814310663502,0.0003212485710453347,4.916874947384265e-05,7.622598278237136e-05
cake_impl_16,mu_D,0.0,0.924932503463838,350,0.005337760241231812,0.90543806070441,0.014055024806450607,0.0049370679428122795,0.8374690922187725,0.16331146688917564,350,0.004053204676063374,0.8966056532729898,0.011006545025421862,-5.804248809814453,-3.4324748516082764,-0.17737092077732086,-3.432547092437744,-4.684524059295654,-5.582586765289307,-5.310983657836914,-7.703493118286133,-6.536890506744385,0.0032593930026243046,0.03492891306222017,0.90543806070441,0.03492638985970837,0.009986815100255064,0.004068209706195543,0.005337760241231812,0.0004878714519603769,0.001566586871394205,-7.742099761962891,-4.954635143280029,-1.921235203742981,-5.000546932220459,-6.621124744415283,-7.672263145446777,-7.320343494415283,-9.683561325073242,-8.840991020202637,0.002658472151703045,0.04317303874961859,0.8966056532729898,0.04123570092561555,0.008155777699432811,0.0028507673259890497,0.004053204676063374,0.0003814749911534974,0.0008859102074341852
cake_impl_16,mu_D,0.5,0.9191713300126371,350,0.006026084887789086,0.8982085764433789,0.015871421768879797,0.005539004461078147,0.825607571838218,0.1346206250999957,350,0.0045904583887888565,0.8793660523506343,0.012477783838398518,-5.693890571594238,-3.320687770843506,-0.19163571298122406,-3.4467570781707764,-4.569167137145996,-5.467454433441162,-5.1959404945373535,-7.593195915222168,-6.4445672035217285,0.0036625054063313617,0.03930494159196986,0.8982085764433789,0.03464941851762543,0.011278191271277712,0.004593230497602085,0.006026084887789086,0.0005481765386160043,0.0017288748454097112,-7.7605180740356445,-4.947024345397949,-2.1338486671447754,-5.082090854644775,-6.65137243270874,-7.855743885040283,-7.3890700340271,-9.72884464263916,-8.839691162109375,0.003166199098451714,0.05277436569155524,0.8793660523506343,0.04610673640766446,0.009599178167363803,0.002878605671034715,0.0045904583887888565,0.00044228769159051503,0.0010761165329164816
cake_impl_16,mu_D,1.0,0.9199672986074127,350,0.006009747681221652,0.898384870159457,0.015831407114770546,0.005528771339605646,0.8264847021103668,0.11760590634575645,350,0.0045735324107091645,0.8827777262025356,0.012458381915043943,-5.692789554595947,-3.3218343257904053,-0.19057387113571167,-3.4467711448669434,-4.5706305503845215,-5.469593048095703,-5.197789669036865,-7.592648506164551,-6.4501752853393555,0.0036633677659033193,0.03922593392445271,0.898384870159457,0.034618952377603006,0.011251954908068712,0.004579452206701836,0.006009747681221652,0.0005480021478433222,0.0017177188287484772,-7.944025993347168,-5.121787071228027,-2.2650978565216064,-5.243504524230957,-6.797425746917725,-7.9617767333984375,-7.527885437011719,-9.842658042907715,-8.963483810424805,0.0030166450593909007,0.0507232420436119,0.8827777262025356,0.04491028241301221,0.009494812082045797,0.002963569832998145,0.0045735324107091645,0.0004518130715640916,0.001088376884132155
cake_impl_16,mu_D,2.0,0.9103370330000742,350,0.007198122568584151,0.8910521329446432,0.01738319351368528,0.0065527175422557685,0.8111577549532142,0.08509439496152667,350,0.0060101051059290415,0.8536713443596247,0.013926285608306131,-5.58705997467041,-3.342055320739746,-0.2092927247285843,-3.3414525985717773,-4.524593830108643,-5.301231861114502,-5.0278754234313965,-7.421691417694092,-6.372364044189453,0.004114987047186824,0.03884736852743426,0.8910521329446432,0.03887078975515055,0.01190670671646158,0.0054764867972236985,0.007198122568584151,0.0006570496079292897,0.001876356035386278,-7.992554664611816,-5.280433654785156,-2.6222031116485596,-5.2682294845581055,-6.983619689941406,-8.262136459350586,-7.578307151794434,-9.814504623413086,-9.030503273010254,0.003971702023401174,0.05981854523770169,0.8536713443596247,0.06055305386411011,0.010893101497680508,0.003033184110625622,0.0060101051059290415,0.0006422643918758756,0.0014066994090513462
cake_impl_16,mu_D,4.0,0.9009909169704127,350,0.005451765927641234,0.8912836162368687,0.013701846464200026,0.004911991582253528,0.8030384426739617,0.06465979334521384,350,0.005146683301303264,0.8365785185915431,0.009834698466615615,-5.847156047821045,-3.475412368774414,-0.21935269236564636,-3.097693920135498,-4.8133769035339355,-5.466772079467773,-5.316075801849365,-7.58036994934082,-6.730034351348877,0.003205471949415563,0.03435003414453197,0.8912836162368687,0.05011505496858514,0.009012734105572977,0.0046891123586270496,0.005451765927641234,0.0005664567384060738,0.0013257535703512387,-8.672173500061035,-5.674572944641113,-2.91705060005188,-5.13743782043457,-7.739090919494629,-8.514984130859375,-8.008018493652344,-10.053695678710938,-9.446803092956543,0.002649040454096985,0.053079884688551,0.8365785185915431,0.09082487131490015,0.0067347457742892485,0.003099952692326367,0.005146683301303264,0.0006654280927037102,0.001220875090286278
cake_impl_16,mu_Dprime_native,0.0,0.924932503463838,350,0.005337760241231812,0.90543806070441,0.014055024806450607,0.0049370679428122795,0.8374690922187725,0.16331146688917564,350,0.004053204676063374,0.8966056532729898,0.011006545025421862,-5.804248809814453,-3.4324748516082764,-0.17737092077732086,-3.432547092437744,-4.684524059295654,-5.582586765289307,-5.310983657836914,-7.703493118286133,-6.536890506744385,0.0032593930026243046,0.03492891306222017,0.90543806070441,0.03492638985970837,0.009986815100255064,0.004068209706195543,0.005337760241231812,0.0004878714519603769,0.001566586871394205,-7.742099761962891,-4.954635143280029,-1.921235203742981,-5.000546932220459,-6.621124744415283,-7.672263145446777,-7.320343494415283,-9.683561325073242,-8.840991020202637,0.002658472151703045,0.04317303874961859,0.8966056532729898,0.04123570092561555,0.008155777699432811,0.0028507673259890497,0.004053204676063374,0.0003814749911534974,0.0008859102074341852
cake_impl_16,mu_Dprime_native,0.5,0.9086080489555509,350,0.006377614558179531,0.9019338081608074,0.015402234403071549,0.005794751920698021,0.8195043177200413,0.12924909315849,350,0.00478195390855096,0.8871535513000154,0.011076010022637809,-5.701703071594238,-3.329815149307251,-0.19905561208724976,-3.579969644546509,-4.648383140563965,-5.422176837921143,-5.1508026123046875,-7.547272205352783,-6.336606502532959,0.003676251704174366,0.03940062175393841,0.9019338081608074,0.030680494718923486,0.010540380104194055,0.004861854298877494,0.006377614558179531,0.0005806103162402123,0.001948364384665068,-7.7907023429870605,-5.0327043533325195,-2.1657509803771973,-5.22265625,-6.865316390991211,-7.853959083557129,-7.388919830322266,-9.643131256103516,-8.851927757263184,0.003199730916880439,0.050454135084252685,0.8871535513000154,0.041725514941180576,0.008072414804420698,0.0030035952182171114,0.00478195390855096,0.0005018960786706076,0.0011072077478116724
cake_impl_16,mu_Dprime_native,1.0,0.8927562070306158,350,0.006322492583485729,0.9023626861653372,0.015273358148479748,0.005644444497811919,0.8055898890669243,0.10196882909749436,350,0.004668015791715389,0.8802544527823546,0.010481166718364871,-5.845285415649414,-3.347949743270874,-0.2161804884672165,-3.5978119373321533,-4.674148082733154,-5.448695659637451,-5.177083492279053,-7.448850631713867,-6.281316757202148,0.003241096191054905,0.03937957478979185,0.9023626861653372,0.030673070323323462,0.01045467175152035,0.0048186863969593985,0.006322492583485729,0.0006520372329668396,0.002095684565560313,-8.196527481079102,-5.179657459259033,-2.410632371902466,-5.38793420791626,-7.129244327545166,-8.226661682128906,-7.65010929107666,-9.771567344665527,-8.935992240905762,0.0027028746920795027,0.0552123096434199,0.8802544527823546,0.04483141765389334,0.007858526030446431,0.0026226406879184404,0.004668015791715389,0.0005594931713622579,0.0012902695468100934
cake_impl_16,mu_Dprime_native,2.0,0.825167757908757,350,0.006951834722609503,0.9062537260068554,0.014241859736755368,0.005736429871407929,0.7478113551855338,0.06561216485348725,350,0.005687298090211626,0.8652755242768313,0.009892378026017305,-6.046016693115234,-3.423280954360962,-0.29060453176498413,-3.79945707321167,-4.907679080963135,-5.434754848480225,-5.160918235778809,-7.304902076721191,-6.297806262969971,0.002868838248236319,0.03951352012629005,0.9062537260068554,0.02712529740851107,0.008955293127965717,0.005286566608789649,0.006951834722609503,0.0008146650536436007,0.0022302586970988107,-8.788973808288574,-5.441680908203125,-2.868701457977295,-5.756875038146973,-7.705111980438232,-8.52450942993164,-7.893514156341553,-9.71243667602539,-9.103742599487305,0.0023228052880042227,0.06602731573411456,0.8652755242768313,0.04817664698297169,0.006866382885562052,0.0030259951404552525,0.005687298090211626,0.0009224821649341501,0.0016955494369151837
cake_impl_16,mu_Dprime_native,4.0,0.806175844905213,350,0.0066254696668853474,0.9054479333329003,0.014283408869178487,0.005341293606595155,0.7299502526723298,0.03670112679167355,350,0.006905663866225505,0.7754636360069497,0.009929250131864843,-6.570347309112549,-3.3164191246032715,-0.3147788941860199,-3.950924873352051,-5.35374641418457,-4.99310827255249,-5.232287406921387,-6.861340522766113,-6.570486545562744,0.0017382195813884812,0.045005717839224774,0.9054479333329003,0.02386191792893935,0.005867697189264577,0.008415711679913911,0.0066254696668853474,0.0012993552067705884,0.0017379775747127747,-9.529500961303711,-5.409942626953125,-3.559242010116577,-5.853272438049316,-8.671037673950195,-8.5531644821167,-8.28036117553711,-9.291064262390137,-9.065638542175293,0.0019802084942736145,0.12184630721872139,0.7754636360069497,0.0782125923870744,0.004672365276511275,0.005256884855353568,0.006905663866225505,0.0025134060824746436,0.0031489358124159347
cake_impl_16,mu_Dprime_matched,0.0,0.924932503463838,350,0.005337760241231812,0.90543806070441,0.014055024806450607,0.0049370679428122795,0.8374690922187725,0.16331146688917564,350,0.004053204676063374,0.8966056532729898,0.011006545025421862,-5.804248809814453,-3.4324748516082764,-0.17737092077732086,-3.432547092437744,-4.684524059295654,-5.582586765289307,-5.310983657836914,-7.703493118286133,-6.536890506744385,0.0032593930026243046,0.03492891306222017,0.90543806070441,0.03492638985970837,0.009986815100255064,0.004068209706195543,0.005337760241231812,0.0004878714519603769,0.001566586871394205,-7.742099761962891,-4.954635143280029,-1.921235203742981,-5.000546932220459,-6.621124744415283,-7.672263145446777,-7.320343494415283,-9.683561325073242,-8.840991020202637,0.002658472151703045,0.04317303874961859,0.8966056532729898,0.04123570092561555,0.008155777699432811,0.0028507673259890497,0.004053204676063374,0.0003814749911534974,0.0008859102074341852
cake_impl_16,mu_Dprime_matched,0.5,0.9170185912210097,350,0.006016034384973494,0.9024691066034023,0.015845889840470476,0.005516815376445547,0.8275809487579352,0.1341834856798028,350,0.004523312757649504,0.8798789990776971,0.0131674907907569,-5.816597938537598,-3.319387912750244,-0.18924835324287415,-3.569599151611328,-4.573169231414795,-5.471292972564697,-5.199954509735107,-7.594580173492432,-6.458686351776123,0.0032471733304451915,0.039448455638139625,0.9024691066034023,0.030715999043934916,0.011259515355565798,0.004586374484904678,0.006016034384973494,0.0005487033324728682,0.0017086378261609747,-7.883171558380127,-4.905570030212402,-2.1365180015563965,-5.156883716583252,-6.600945949554443,-7.804787635803223,-7.407057762145996,-9.732484817504883,-8.850990295410156,0.0028098492666528006,0.055187273177074045,0.8798789990776971,0.04292346653861948,0.010128532580401127,0.003038958210355772,0.004523312757649504,0.00044211625152841387,0.001067492140021785
cake_impl_16,mu_Dprime_matched,1.0,0.9121722568897965,350,0.006377278737747968,0.9019258546826973,0.0154017151063873,0.0058171767390268764,0.8227117424131746,0.12531780710378118,350,0.004452506325775512,0.8872286172354299,0.010795613906820677,-5.697399616241455,-3.325984477996826,-0.19514939188957214,-3.576930046081543,-4.644461631774902,-5.41838264465332,-5.146940231323242,-7.543916702270508,-6.3134379386901855,0.0036776798996891627,0.03939729777494907,0.9019258546826973,0.03065364753921628,0.010540448303858892,0.004861266802528408,0.006377278737747968,0.000580285535083738,0.0019862407242293273,-7.845139503479004,-5.077054977416992,-2.1965548992156982,-5.224267959594727,-6.920895099639893,-7.913050651550293,-7.491190433502197,-9.70835018157959,-8.829012870788574,0.003125261897661117,0.04977946815585275,0.8872286172354299,0.04296516326934598,0.007875545804102225,0.0029200681027184514,0.004452506325775512,0.0004849581932850547,0.0011684110158290974
cake_impl_16,mu_Dprime_matched,2.0,0.8845748313979732,350,0.00667267330626432,0.9023925077047887,0.014803747387583515,0.005902478864862518,0.7982337003577578,0.09800558318134042,350,0.004559498249374446,0.8830976440517475,0.010083371540549104,-5.853796482086182,-3.3574130535125732,-0.22535386681556702,-3.6074588298797607,-4.754674911499023,-5.40731143951416,-5.132382869720459,-7.407316207885742,-6.254422664642334,0.003243350702327609,0.03936946010023732,0.9023925077047887,0.030659562839633225,0.009735008708638982,0.005068738678944532,0.00667267330626432,0.0006859759137714805,0.0021727220453937003,-8.280813217163086,-5.24639892578125,-2.4470503330230713,-5.446841239929199,-7.237750053405762,-8.219687461853027,-7.713273525238037,-9.746541023254395,-8.918966293334961,0.0025848639926523763,0.05373621580058324,0.8830976440517475,0.04397603690426903,0.007335576881394424,0.0027477946591546805,0.004559498249374446,0.0005968706154744685,0.0013654988453497335
cake_impl_16,mu_Dprime_matched,4.0,0.8115766064772799,350,0.006703861209802571,0.9139565325778275,0.01441545090926244,0.005440696930946243,0.7417457411772548,0.06392990804052472,350,0.005416511676524776,0.8843345239557868,0.009860370144960329,-6.179320812225342,-3.555168390274048,-0.29874876141548157,-3.9326422214508057,-4.960603713989258,-5.362205982208252,-5.213848114013672,-7.2286248207092285,-6.362428188323975,0.002552851480735299,0.03521117078516993,0.9139565325778275,0.024140466806063403,0.008635901098868406,0.005779549810394032,0.006703861209802571,0.000893961073837695,0.00212570515730127,-9.050835609436035,-5.732922077178955,-2.8728878498077393,-5.8459906578063965,-7.773831844329834,-8.46947956085205,-7.968271255493164,-9.592514991760254,-9.17853832244873,0.0018347122407706376,0.050643008440185974,0.8843345239557868,0.045228734497258206,0.006579056969077884,0.003281313175882445,0.005416511676524776,0.0010673813045980825,0.0016147577399151002
cake_impl_16,mu_D_par,0.0,0.924932503463838,350,0.005337760241231812,0.90543806070441,0.014055024806450607,0.0049370679428122795,0.8374690922187725,0.16331146688917564,350,0.004053204676063374,0.8966056532729898,0.011006545025421862,-5.804248809814453,-3.4324748516082764,-0.17737092077732086,-3.432547092437744,-4.684524059295654,-5.582586765289307,-5.310983657836914,-7.703493118286133,-6.536890506744385,0.0032593930026243046,0.03492891306222017,0.90543806070441,0.03492638985970837,0.009986815100255064,0.004068209706195543,0.005337760241231812,0.0004878714519603769,0.001566586871394205,-7.742099761962891,-4.954635143280029,-1.921235203742981,-5.000546932220459,-6.621124744415283,-7.672263145446777,-7.320343494415283,-9.683561325073242,-8.840991020202637,0.002658472151703045,0.04317303874961859,0.8966056532729898,0.04123570092561555,0.008155777699432811,0.0028507673259890497,0.004053204676063374,0.0003814749911534974,0.0008859102074341852
cake_impl_16,mu_D_par,0.5,0.9220766273697849,350,0.0065563041130934415,0.8982452133632477,0.015242498942613938,0.006045414784611849,0.8282509168890363,0.1481036205001651,350,0.004853962629360112,0.8874052491124722,0.010809588926278762,-5.69040060043335,-3.318523406982422,-0.18843913078308105,-3.4428861141204834,-4.606269836425781,-5.5051589012146,-5.108455181121826,-7.503383636474609,-6.426837921142578,0.003663729535959023,0.03926599279298569,0.8982452133632477,0.034674207601883195,0.010833166401860196,0.004409332540753742,0.0065563041130934415,0.0005977985775803954,0.0017542550726365336,-7.743386745452881,-4.9421186447143555,-2.029296636581421,-5.024938106536865,-6.7235918045043945,-7.827233791351318,-7.237802982330322,-9.539891242980957,-8.881852149963379,0.0029276839368722247,0.04820581929130698,0.8874052491124722,0.044374291618051495,0.008117373052781202,0.0026922158734975603,0.004853962629360112,0.000485637483416915,0.0009377670022414249
cake_impl_16,mu_D_par,1.0,0.9097023823070969,350,0.006379721454215381,0.8981322370193499,0.015404413384054558,0.0058036478053554285,0.8170330356433048,0.1300461367813495,350,0.004790665757207918,0.8797690556698731,0.010995335922071659,-5.7047505378723145,-3.3318803310394287,-0.2020757496356964,-3.4580085277557373,-4.647237777709961,-5.420398712158203,-5.149268627166748,-7.543651103973389,-6.334283351898193,0.0036606565862865635,0.03927203678065201,0.8981322370193499,0.03461837244309783,0.01053976541945133,0.004864647964603228,0.006379721454215381,0.0005820155929397367,0.0019505467394039513,-7.7904157638549805,-4.979119777679443,-2.167961835861206,-5.104980945587158,-6.873843193054199,-7.835594177246094,-7.380951881408691,-9.629146575927734,-8.76164436340332,0.0031810314778371296,0.052905192686527616,0.8797690556698731,0.046648479200810763,0.007954820356715004,0.003040515565356655,0.004790665757207918,0.0005058448365901142,0.0012043944490817767
cake_impl_16,mu_D_par,2.0,0.8922818749620907,350,0.007154922444274869,0.8944467517584859,0.017281197838220887,0.006384207613785924,0.7980986247128135,0.10801106793404129,350,0.005105359656441155,0.87714308630188,0.011790303034510986,-5.7283477783203125,-3.2322113513946533,-0.22552309930324554,-3.607567310333252,-4.551164150238037,-5.3257317543029785,-5.053927898406982,-7.325410842895508,-6.276243209838867,0.003645088677371812,0.04423503493027293,0.8944467517584859,0.030391445222307592,0.011829120398309044,0.005452077439911842,0.007154922444274869,0.0007380952697482928,0.0021074638593178434,-8.029680252075195,-5.064779281616211,-2.3566067218780518,-5.382577896118164,-6.940918922424316,-8.091588973999023,-7.502985954284668,-9.535130500793457,-8.904295921325684,0.0030149902705074753,0.05846905112241157,0.87714308630188,0.042550812886477635,0.008956306605483081,0.0028339964290279044,0.005105359656441155,0.0006690786611488281,0.001257318066622309
cake_impl_16,mu_D_par,4.0,0.8436776135450113,350,0.007015141759179724,0.902447531587443,0.014350526826813714,0.005918518058064702,0.76137477979928,0.07835271108478661,350,0.005349348874282255,0.876064374546221,0.008895999716926194,-5.902172088623047,-3.4052131175994873,-0.2726295590400696,-3.6556031703948975,-4.876086235046387,-5.4080400466918945,-5.129669189453125,-7.401348114013672,-6.272491455078125,0.003239982803371738,0.0393512205909628,0.902447531587443,0.030634809887112955,0.009039952100434068,0.005310574726379645,0.007015141759179724,0.0007235338097342778,0.0022372527353819362,-8.459218978881836,-5.452913284301758,-2.6788504123687744,-5.541621208190918,-7.654631614685059,-8.407526016235352,-7.777315139770508,-9.784751892089844,-9.00889778137207,0.002704916406917781,0.054673367246563576,0.876064374546221,0.050032299123392146,0.006047581093545133,0.0028484186233810613,0.005349348874282255,0.0007185917359627807,0.0015611023497343476
cake_impl_16,mu_D_perp_native,0.0,0.924932503463838,350,0.005337760241231812,0.90543806070441,0.014055024806450607,0.0049370679428122795,0.8374690922187725,0.16331146688917564,350,0.004053204676063374,0.8966056532729898,0.011006545025421862,-5.804248809814453,-3.4324748516082764,-0.17737092077732086,-3.432547092437744,-4.684524059295654,-5.582586765289307,-5.310983657836914,-7.703493118286133,-6.536890506744385,0.0032593930026243046,0.03492891306222017,0.90543806070441,0.03492638985970837,0.009986815100255064,0.004068209706195543,0.005337760241231812,0.0004878714519603769,0.001566586871394205,-7.742099761962891,-4.954635143280029,-1.921235203742981,-5.000546932220459,-6.621124744415283,-7.672263145446777,-7.320343494415283,-9.683561325073242,-8.840991020202637,0.002658472151703045,0.04317303874961859,0.8966056532729898,0.04123570092561555,0.008155777699432811,0.0028507673259890497,0.004053204676063374,0.0003814749911534974,0.0008859102074341852
cake_impl_16,mu_D_perp_native,0.5,0.9314409136347132,350,0.005339304889968726,0.9009287150870388,0.014063538684371206,0.004973247024886762,0.8391618655004196,0.16291423488627166,350,0.004347911126035417,0.8864955533740613,0.010874198296811603,-5.6771159172058105,-3.305408477783203,-0.17535166442394257,-3.430574893951416,-4.676913261413574,-5.574952602386475,-5.303682327270508,-7.698552131652832,-6.6632466316223145,0.0036753996834263006,0.039384381282790676,0.9009287150870388,0.034750810914251744,0.009992797064802585,0.004070741619568621,0.005339304889968726,0.000486862113590381,0.0013709873445622018,-7.616708278656006,-4.8273725509643555,-1.935010552406311,-4.915175437927246,-6.611346244812012,-7.759800910949707,-7.252591133117676,-9.741437911987305,-9.039142608642578,0.0030209712429748866,0.0491518315801705,0.8864955533740613,0.045020197573749435,0.008256001720734442,0.002618196576077162,0.004347911126035417,0.00036090112504238937,0.0007284356811542729
cake_impl_16,mu_D_perp_native,1.0,0.9332503509516841,350,0.0053388313054829935,0.905598571016063,0.014060678352019712,0.004982466189513842,0.8451501842220844,0.1367006886729467,350,0.004411848290002872,0.8847893758009452,0.011995709908493704,-5.795467376708984,-3.4235801696777344,-0.16824093461036682,-3.422863006591797,-4.675197601318359,-5.573162078857422,-5.301830291748047,-7.6965436935424805,-6.656667709350586,0.003258834732322584,0.0349268856270521,0.905598571016063,0.03495194288412652,0.00999054816771343,0.004070130184306282,0.0053388313054829935,0.00048689507569719585,0.0013773610072358423,-7.735020637512207,-5.037631511688232,-2.1123671531677246,-5.050425052642822,-6.675624847412109,-7.879195213317871,-7.41342306137085,-9.811450958251953,-9.039127349853516,0.0031985453837911296,0.04746939866115927,0.8847893758009452,0.04686596522105531,0.009226612108735946,0.002769097799757758,0.004411848290002872,0.00040102392831535116,0.000868132806237211
cake_impl_16,mu_D_perp_native,2.0,0.9280943277366273,350,0.006044560066062794,0.8985882520729859,0.015930567739361683,0.005609921910976212,0.8339746597197087,0.12844046331153777,350,0.005274082994076541,0.8739828743641208,0.0133195428365125,-5.683481216430664,-3.31229567527771,-0.18155226111412048,-3.4359543323516846,-4.555946350097656,-5.453681945800781,-5.183218479156494,-7.702850341796875,-6.689157485961914,0.003665247880785636,0.039255105366365624,0.8985882520729859,0.034689007559051986,0.0113184126081286,0.004612155131233084,0.006044560066062794,0.0004865219998498317,0.0013407373155366158,-7.724799633026123,-4.990762710571289,-2.1869843006134033,-5.051887035369873,-6.631897449493408,-7.841426849365234,-7.297240257263184,-9.859321594238281,-9.153912544250488,0.003439222569142556,0.05294652124152238,0.8739828743641208,0.049807125003592544,0.010258920625694836,0.003060622210817664,0.005274082994076541,0.0004068639141535956,0.0008237670768792895
cake_impl_16,mu_D_perp_native,4.0,0.9337988028863535,350,0.005533948636047779,0.8985890947786198,0.01652480350400313,0.005167594611575985,0.8391014209910073,0.10513376433777182,350,0.0050507178599537616,0.8658906268589615,0.015029597344830347,-5.677516937255859,-3.4323480129241943,-0.17542369663715363,-3.3049368858337402,-4.513195991516113,-5.410931587219238,-5.265347957611084,-7.787812232971191,-6.684909343719482,0.0036646492206330815,0.034601656079403804,0.8985890947786198,0.03930346455381567,0.011740607578248864,0.004784195925754263,0.005533948636047779,0.00044416344027307757,0.0013382197872036893,-7.793158531188965,-5.314579963684082,-2.3965184688568115,-5.035168170928955,-6.697303295135498,-7.969411849975586,-7.540746688842773,-10.004476547241211,-9.151029586791992,0.003924027466610623,0.04679129160670822,0.8658906268589615,0.06187454711970399,0.011739670849976683,0.0032899264948536627,0.0050507178599537616,0.0004299013674075465,0.0010092903758241966
cake_impl_16,mu_D_perp_matched,0.0,0.924932503463838,350,0.005337760241231812,0.90543806070441,0.014055024806450607,0.0049370679428122795,0.8374690922187725,0.16331146688917564,350,0.004053204676063374,0.8966056532729898,0.011006545025421862,-5.804248809814453,-3.4324748516082764,-0.17737092077732086,-3.432547092437744,-4.684524059295654,-5.582586765289307,-5.310983657836914,-7.703493118286133,-6.536890506744385,0.0032593930026243046,0.03492891306222017,0.90543806070441,0.03492638985970837,0.009986815100255064,0.004068209706195543,0.005337760241231812,0.0004878714519603769,0.001566586871394205,-7.742099761962891,-4.954635143280029,-1.921235203742981,-5.000546932220459,-6.621124744415283,-7.672263145446777,-7.320343494415283,-9.683561325073242,-8.840991020202637,0.002658472151703045,0.04317303874961859,0.8966056532729898,0.04123570092561555,0.008155777699432811,0.0028507673259890497,0.004053204676063374,0.0003814749911534974,0.0008859102074341852
cake_impl_16,mu_D_perp_matched,0.5,0.925742714287728,350,0.005353573710519841,0.9008011380110649,0.014113069363117185,0.004956031857916062,0.8339100905358375,0.1492535544438917,350,0.004018015101004726,0.8880434954585736,0.01104430711814505,-5.683611869812012,-3.3126630783081055,-0.18162968754768372,-3.436473846435547,-4.680210113525391,-5.575915336608887,-5.307149887084961,-7.824735641479492,-6.561659812927246,0.003674078446840516,0.03934036653237217,0.9008011380110649,0.034759063628035526,0.010021212484174716,0.004091856878942468,0.005353573710519841,0.0004317876194731792,0.0015269226885764719,-7.7273736000061035,-4.893721580505371,-2.020843267440796,-5.060261249542236,-6.680753707885742,-7.8402509689331055,-7.419075965881348,-9.863372802734375,-8.934453010559082,0.0029520220924413904,0.05020639505411529,0.8880434954585736,0.04250419347502729,0.008407383288632055,0.002636923829512996,0.004018015101004726,0.00034871203495070226,0.0008828596657418504
cake_impl_16,mu_D_perp_matched,1.0,0.9286148129543317,350,0.0055095746136355084,0.9026319763950186,0.016452681816776206,0.005116272599299072,0.8381974239266589,0.13510086298412344,350,0.0042787349675067685,0.8909799543312472,0.012789778687331823,-5.67818021774292,-3.4315221309661865,-0.17650161683559418,-3.4309489727020264,-4.523136138916016,-5.42087459564209,-5.275329113006592,-7.66989803314209,-6.541329860687256,0.003682663666776288,0.0348235680237735,0.9026319763950186,0.034843533160618896,0.011689375959849821,0.004763305856926384,0.0055095746136355084,0.0005025392651207123,0.0015534630582805958,-7.788424968719482,-5.110884189605713,-2.1171669960021973,-5.1523118019104,-6.633591651916504,-7.793322563171387,-7.455831527709961,-9.827507972717285,-8.89175796508789,0.0030681168103432075,0.04463885801611193,0.8909799543312472,0.04282735882975683,0.009736651532268131,0.0030531271550636925,0.0042787349675067685,0.00039930927084374157,0.0010178890868585793
cake_impl_16,mu_D_perp_matched,2.0,0.9283971500029082,350,0.005506198737183285,0.8981548287010348,0.016441785951760143,0.005111939214950574,0.833844383227391,0.10632273598442257,350,0.004835477861153904,0.8690111261744949,0.013879492860066586,-5.558321952819824,-3.4374866485595703,-0.18170848488807678,-3.3110733032226562,-4.523993968963623,-5.421867370605469,-5.276176452636719,-7.670779228210449,-6.698753356933594,0.0041525765646583754,0.03462459628510259,0.8981548287010348,0.03929029925617683,0.011682090988897864,0.0047596949628622804,0.005506198737183285,0.0005022143417367232,0.0013275001623473152,-7.747520446777344,-5.27067756652832,-2.3816754817962646,-5.080142974853516,-6.781925678253174,-7.981821060180664,-7.573051452636719,-9.958772659301758,-9.220396041870117,0.004061331857853204,0.048344566827779815,0.8690111261744949,0.05849190891629573,0.010666475927228573,0.0032130169328380125,0.004835477861153904,0.000444973188630672,0.0009311223137251659
cake_impl_16,mu_D_perp_matched,4.0,0.9262118036749263,350,0.0065957858348826654,0.8713748119647848,0.021545471680997696,0.006109094694780203,0.8070776362668031,0.09586607097432087,350,0.0060657418637488246,0.8386727210085649,0.018986114363788543,-5.341302394866943,-3.348391056060791,-0.21433541178703308,-2.9689908027648926,-4.2208099365234375,-5.245928764343262,-5.0979766845703125,-7.492450714111328,-6.703559398651123,0.0051712023530551005,0.0379404021370893,0.8713748119647848,0.05544640159147293,0.015856788153026102,0.005688683527971593,0.0065957858348826654,0.0006016718425710302,0.0013242525951466153,-7.601595878601074,-5.29689884185791,-2.520737886428833,-4.905914783477783,-6.535877227783203,-7.902904987335205,-7.449901580810547,-9.871623992919922,-9.179313659667969,0.005211994249603298,0.05223013320011922,0.8386727210085649,0.07721885408298804,0.015130025402991035,0.0038560889607975077,0.0060657418637488246,0.0005384473502138116,0.0010759938809733183
cake_impl_16,r0,0.0,0.924932503463838,350,0.005337760241231812,0.90543806070441,0.014055024806450607,0.0049370679428122795,0.8374690922187725,0.16331146688917564,350,0.004053204676063374,0.8966056532729898,0.011006545025421862,-5.804248809814453,-3.4324748516082764,-0.17737092077732086,-3.432547092437744,-4.684524059295654,-5.582586765289307,-5.310983657836914,-7.703493118286133,-6.536890506744385,0.0032593930026243046,0.03492891306222017,0.90543806070441,0.03492638985970837,0.009986815100255064,0.004068209706195543,0.005337760241231812,0.0004878714519603769,0.001566586871394205,-7.742099761962891,-4.954635143280029,-1.921235203742981,-5.000546932220459,-6.621124744415283,-7.672263145446777,-7.320343494415283,-9.683561325073242,-8.840991020202637,0.002658472151703045,0.04317303874961859,0.8966056532729898,0.04123570092561555,0.008155777699432811,0.0028507673259890497,0.004053204676063374,0.0003814749911534974,0.0008859102074341852
cake_impl_16,r0,0.5,0.9346028817746057,350,0.005470816762585544,0.905433880739227,0.013920348823242537,0.005113041111973269,0.8462211141952463,0.1760506637624813,350,0.004415953760600564,0.8899679465170098,0.011996740253732641,-5.918971061706543,-3.297140598297119,-0.16697458922863007,-3.546635627746582,-4.649081707000732,-5.672396659851074,-5.275960922241211,-7.670019149780273,-6.650071144104004,0.0028760498780560184,0.03957700413695691,0.905433880739227,0.03083817025015921,0.010240056500990337,0.0036802923222522,0.005470816762585544,0.0004992589871688305,0.0013844704226039437,-7.794170379638672,-4.711269378662109,-1.853553295135498,-4.980926990509033,-6.423729419708252,-7.622247695922852,-7.159514904022217,-9.543128967285156,-8.896406173706055,0.0023409769972509544,0.05108389919949402,0.8899679465170098,0.039009755331455426,0.009216628722236954,0.0027801115314956886,0.004415953760600564,0.0004072246723945452,0.0007775032680620354
cake_impl_16,r0,1.0,0.938131456823011,350,0.00417070564269648,0.912933190030881,0.010994506672709962,0.003912670160562801,0.8564513435457491,0.19947065244589834,350,0.0031581310245431087,0.9032840325717525,0.009012886414773299,-5.9067158699035645,-3.283850908279419,-0.15495777130126953,-3.6598939895629883,-4.916630744934082,-5.812305450439453,-5.543535232543945,-7.938325881958008,-6.7624735832214355,0.002900562265943351,0.03995562904867935,0.912933190030881,0.027432446272541475,0.0078067576810274915,0.0031877489916824694,0.00417070564269648,0.00038033402125844067,0.0012326260452898913,-7.717164039611816,-4.652219772338867,-1.713806390762329,-5.006947994232178,-6.578970909118652,-7.802949905395508,-7.369863033294678,-9.74770736694336,-8.955761909484863,0.0022315120351608223,0.04782859419932477,0.9032840325717525,0.033545255705880184,0.006964825331408346,0.002048061083364953,0.0031581310245431087,0.0002929176027044,0.0006466704458609471
cake_impl_16,r0,2.0,0.9453599820596474,350,0.00417355227953817,0.9233529301923818,0.011010351108653442,0.0039455093081092055,0.872900909521393,0.22568959778664904,350,0.0029980939643201414,0.9170396567170963,0.008834576589437756,-6.012638568878174,-3.3898861408233643,-0.13593323528766632,-3.8916304111480713,-4.908172607421875,-5.801580905914307,-5.535177230834961,-7.9277448654174805,-6.749006271362305,0.0025890893219455446,0.035661034738139606,0.9233529301923818,0.02159181609625662,0.00781286834560807,0.003197482763045372,0.00417355227953817,0.0003814406174521174,0.0012397856456325752,-7.654170036315918,-4.591471195220947,-1.5751992464065552,-5.257829666137695,-6.520472526550293,-7.5599541664123535,-7.298373222351074,-9.589703559875488,-8.704981803894043,0.0021005094857366657,0.044919804094607475,0.9170396567170963,0.023069705295364656,0.006526543241327085,0.002308033348110671,0.0029980939643201414,0.0003032027376699499,0.0007344511157669515
cake_impl_16,r0,4.0,0.9503201896685949,350,0.0034671595599612037,0.9349436706002892,0.008380783185613454,0.0032949117306336133,0.8884958463743191,0.28435739566622414,350,0.0023340300514356456,0.9364979685276312,0.005758686966120152,-6.119614601135254,-3.3718016147613525,-0.11822530627250671,-4.376373291015625,-5.2136383056640625,-5.98246955871582,-5.715375900268555,-8.10867691040039,-6.754021167755127,0.002314276212035089,0.03612228448485328,0.9349436706002892,0.01322803309998847,0.005726321100517347,0.002654462085096106,0.0034671595599612037,0.00031664774989891866,0.0012271451073605914,-7.649172306060791,-4.481878280639648,-1.3231313228607178,-5.5885162353515625,-6.743786811828613,-7.685702323913574,-7.317682266235352,-9.68626880645752,-8.711023330688477,0.0016754911890190366,0.03978143693760459,0.9364979685276312,0.01315448072558259,0.004143297066239472,0.0016153898998806796,0.0023340300514356456,0.00021849544072033103,0.0005794101618862931
cake_impl_16,r1,0.0,0.924932503463838,350,0.005337760241231812,0.90543806070441,0.014055024806450607,0.0049370679428122795,0.8374690922187725,0.16331146688917564,350,0.004053204676063374,0.8966056532729898,0.011006545025421862,-5.804248809814453,-3.4324748516082764,-0.17737092077732086,-3.432547092437744,-4.684524059295654,-5.582586765289307,-5.310983657836914,-7.703493118286133,-6.536890506744385,0.0032593930026243046,0.03492891306222017,0.90543806070441,0.03492638985970837,0.009986815100255064,0.004068209706195543,0.005337760241231812,0.0004878714519603769,0.001566586871394205,-7.742099761962891,-4.954635143280029,-1.921235203742981,-5.000546932220459,-6.621124744415283,-7.672263145446777,-7.320343494415283,-9.683561325073242,-8.840991020202637,0.002658472151703045,0.04317303874961859,0.8966056532729898,0.04123570092561555,0.008155777699432811,0.0028507673259890497,0.004053204676063374,0.0003814749911534974,0.0008859102074341852
cake_impl_16,r1,0.5,0.9226683885631951,350,0.005994437689691515,0.90313299348212,0.015788514195140442,0.005530878163490152,0.8332922637544022,0.1515627177054776,350,0.004436744182421702,0.8881449306675765,0.012860880431439027,-5.809415340423584,-3.4376840591430664,-0.1823708415031433,-3.437729597091675,-4.570602893829346,-5.468904972076416,-5.197408676147461,-7.469417095184326,-6.548933982849121,0.0032505536096164673,0.034832700131767924,0.90313299348212,0.03483111395817525,0.01121932535893821,0.004569188836202231,0.005994437689691515,0.0006180558635566738,0.0015516310699318404,-7.751196384429932,-5.0069780349731445,-2.005376100540161,-4.962759971618652,-6.512455940246582,-7.6747612953186035,-7.304590225219727,-9.478033065795898,-8.874229431152344,0.0028386104549045998,0.04414735454075839,0.8881449306675765,0.04614326756879604,0.009796793126940725,0.003064087304498302,0.004436744182421702,0.0005048358129864964,0.0009233763411173983
cake_impl_16,r1,1.0,0.9182628724128985,350,0.006552362774862294,0.898238911931104,0.015226592535107532,0.0060167914627364,0.824819443382892,0.14922147429255286,350,0.005091038262659927,0.8863683359258704,0.011932051600983479,-5.694393157958984,-3.323089599609375,-0.19259077310562134,-3.4472761154174805,-4.610934734344482,-5.511635780334473,-5.113201141357422,-7.510279655456543,-6.401609897613525,0.0036642867198526377,0.03924944308987488,0.898238911931104,0.0346657004873151,0.010827531686649395,0.004399060848458136,0.006552362774862294,0.0005961560600252651,0.001806546401858234,-7.627089977264404,-4.947107315063477,-2.022946357727051,-5.020153999328613,-6.621070861816406,-7.709569454193115,-7.1825971603393555,-9.509223937988281,-8.822396278381348,0.003264115993557555,0.04760661089360407,0.8863683359258704,0.04425307903071092,0.00892635457412299,0.00300569702686049,0.005091038262659927,0.0004970100722414177,0.0009877582203722218
cake_impl_16,r1,2.0,0.9069071549086591,350,0.00654470672654235,0.9028168093340286,0.015200365271862942,0.0059354413570800865,0.8187710239568373,0.1354996304061794,350,0.004979204835390092,0.8860348965369662,0.011890659549500436,-5.8270063400268555,-3.457345962524414,-0.19995081424713135,-3.454643726348877,-4.625115394592285,-5.525771141052246,-5.126813888549805,-7.526474475860596,-6.3100175857543945,0.0032493797699110686,0.03474808684254553,0.9028168093340286,0.034842111360854994,0.010808740188297595,0.004391625083565347,0.00654470672654235,0.0005939239502300674,0.0020046167440243316,-7.90745735168457,-5.1176347732543945,-2.1197853088378906,-5.0269622802734375,-6.728066444396973,-7.788835525512695,-7.301271438598633,-9.623794555664062,-8.660107612609863,0.0027157938196902573,0.04420804879869421,0.8860348965369662,0.048403850435194844,0.008832827697391339,0.0030578318521090973,0.004979204835390092,0.00048809124634807303,0.0012794547782155744
cake_impl_16,r1,4.0,0.8772882441081709,350,0.007993469077446462,0.8983032916055873,0.016361473675877005,0.0070125764512859665,0.7880709173692558,0.13854334251983305,350,0.006294566480410447,0.8966904881806809,0.01175308192416728,-5.491940975189209,-3.498906135559082,-0.2381671965122223,-3.494574546813965,-4.5834879875183105,-5.48837947845459,-4.960050106048584,-7.371268272399902,-5.987466335296631,0.0046961074987122075,0.03445895182347201,0.8983032916055873,0.03460853756944044,0.011648611186931595,0.004712862488945411,0.007993469077446462,0.000717061747102314,0.0028611070023623376,-7.560857772827148,-5.2544965744018555,-2.0856165885925293,-5.158029079437256,-6.739704132080078,-7.71673059463501,-7.04464054107666,-9.491028785705566,-8.336933135986328,0.0037564319826373684,0.03770643481020455,0.8966904881806809,0.04152510813020491,0.008538823260805458,0.003214258663361821,0.006294566480410447,0.0005451461000303929,0.0017287423916644033
cake_impl_16,r2,0.0,0.924932503463838,350,0.005337760241231812,0.90543806070441,0.014055024806450607,0.0049370679428122795,0.8374690922187725,0.16331146688917564,350,0.004053204676063374,0.8966056532729898,0.011006545025421862,-5.804248809814453,-3.4324748516082764,-0.17737092077732086,-3.432547092437744,-4.684524059295654,-5.582586765289307,-5.310983657836914,-7.703493118286133,-6.536890506744385,0.0032593930026243046,0.03492891306222017,0.90543806070441,0.03492638985970837,0.009986815100255064,0.004068209706195543,0.005337760241231812,0.0004878714519603769,0.001566586871394205,-7.742099761962891,-4.954635143280029,-1.921235203742981,-5.000546932220459,-6.621124744415283,-7.672263145446777,-7.320343494415283,-9.683561325073242,-8.840991020202637,0.002658472151703045,0.04317303874961859,0.8966056532729898,0.04123570092561555,0.008155777699432811,0.0028507673259890497,0.004053204676063374,0.0003814749911534974,0.0008859102074341852
cake_impl_16,r2,0.5,0.9265399921445722,350,0.005331956207387949,0.9011895576654917,0.014047542806785506,0.004940270662508434,0.8349881656801551,0.1758477518396572,350,0.0039818730788230795,0.890373003262678,0.010842697178814035,-5.8077263832092285,-3.310471296310425,-0.18033772706985474,-3.435727834701538,-4.68341064453125,-5.581160545349121,-5.310335159301758,-7.706830978393555,-6.5424065589904785,0.0032424426990422593,0.039392760355817895,0.9011895576654917,0.03475507184430531,0.00998059496108064,0.004066947845704867,0.005331956207387949,0.00048540211426746264,0.0015552663069019102,-7.6927666664123535,-4.781258583068848,-1.854251503944397,-4.877560615539551,-6.530388832092285,-7.710214614868164,-7.264139652252197,-9.661031723022461,-8.805188179016113,0.0025938034635770366,0.04768578764637758,0.890373003262678,0.043307739835421466,0.008293757733673027,0.0025489394451410083,0.0039818730788230795,0.00036235179148624093,0.0008527437428227282
cake_impl_16,r2,1.0,0.925255212885815,350,0.0053345654681979,0.9012475522975553,0.01404093206780056,0.004935834507930765,0.8338839958638942,0.17591656946054582,350,0.004188669379555083,0.8893615029448987,0.011519913414624083,-5.808667182922363,-3.3128135204315186,-0.1816609799861908,-3.437072992324829,-4.68441104888916,-5.585127353668213,-5.3112335205078125,-7.705194473266602,-6.557258605957031,0.0032438917609084283,0.03935517318829343,0.9012475522975553,0.034756547111798715,0.009984460194812177,0.004056471872988383,0.0053345654681979,0.0004868722451594389,0.0015344658602862006,-7.597663402557373,-4.741443634033203,-1.854996919631958,-4.926145076751709,-6.480533599853516,-7.613883972167969,-7.213117599487305,-9.542694091796875,-8.832282066345215,0.0028514775824546048,0.04960328584640808,0.8893615029448987,0.04123781337183306,0.008714315321136807,0.002805598093487276,0.004188669379555083,0.0004077123493520648,0.0008296251108744752
cake_impl_16,r2,2.0,0.9256779070363305,350,0.005181475812913568,0.9011265855495921,0.01417053586416106,0.0047963776858572,0.8341529716863413,0.18330707382075695,350,0.004097895106566591,0.8866963888149058,0.011538009878283361,-5.6834716796875,-3.312922716140747,-0.18133847415447235,-3.4373600482940674,-4.71273136138916,-5.487751483917236,-5.3398942947387695,-7.7340497970581055,-6.7148566246032715,0.003674850812903636,0.03933290713780379,0.9011265855495921,0.03473070507304186,0.00970123168235629,0.0044693041818047695,0.005181475812913568,0.0004728081474695723,0.001310131602114556,-7.436995029449463,-4.669888019561768,-1.816845178604126,-4.8622612953186035,-6.470281600952148,-7.476546764373779,-7.193874359130859,-9.485490798950195,-8.93356990814209,0.003213474604102566,0.05113451925911471,0.8866963888149058,0.04218592004098758,0.008449153099353152,0.00308885677893021,0.004097895106566591,0.0004143090912165343,0.0007194832048228997
cake_impl_16,r2,4.0,0.9058536587646923,350,0.005484731702118181,0.9012922216525144,0.013778127448925518,0.004968364279706453,0.8164388566000882,0.21390539867167266,350,0.004401442913082372,0.89507749959244,0.010467346316971018,-5.705029010772705,-3.335526704788208,-0.20280325412750244,-3.4598677158355713,-4.802485466003418,-5.455755233764648,-5.304664611816406,-7.696756362915039,-6.766048431396484,0.0036751861290299915,0.03929534581338601,0.9012922216525144,0.03470088093042443,0.009062520873914645,0.004715606575010873,0.005484731702118181,0.0005015140914328229,0.0012719922321685927,-7.354323387145996,-4.668458461761475,-1.6530663967132568,-4.711310386657715,-6.450617790222168,-7.324065208435059,-6.968044281005859,-9.311809539794922,-8.78448486328125,0.002991136201782075,0.04388261558019874,0.89507749959244,0.0420418821853848,0.0073843205873061245,0.0030830257296648933,0.004401442913082372,0.0004223872055954792,0.0007156900045456251
cake_impl_17,mu_D,0.0,0.5019056480571122,350,0.009759444599102619,0.8463851731151159,0.020489486349445026,0.004898320366190084,0.42480549881827334,0.10403371953532087,350,0.008861068648325572,0.8526771122013262,0.02002618465068636,-6.117748260498047,-3.737626075744629,-0.8561238646507263,-3.372377872467041,-5.315009117126465,-5.227569103240967,-5.3188629150390625,-7.245307922363281,-7.032646656036377,0.00439009184164877,0.04744031204147442,0.8463851731151159,0.06835539797519374,0.009797128091970997,0.010692358257474029,0.009759444599102619,0.0014216106446872769,0.0017584834333320787,-7.2178239822387695,-5.15798282623291,-2.422414541244507,-5.22402286529541,-6.796525955200195,-6.94260835647583,-6.989128112792969,-8.445751190185547,-8.359426498413086,0.007049604407461149,0.05530219823586223,0.8526771122013262,0.051768021847206004,0.010743162759693226,0.009283021890993136,0.008861068648325572,0.0020648225590211232,0.002250987450111324
cake_impl_17,mu_D,0.5,0.47763522410665976,350,0.008995212794419626,0.8328418250256255,0.021349848757403277,0.004296430478949711,0.39779459174151416,0.10579930485239192,350,0.007468859944347773,0.8419929150048417,0.019847776192476616,-6.059194087982178,-3.679572582244873,-0.9218195080757141,-3.315990924835205,-5.321245193481445,-5.238017559051514,-5.449970722198486,-7.371129989624023,-7.070859909057617,0.004891354007489796,0.05283060505844036,0.8328418250256255,0.07599536271015828,0.010230956271879428,0.011118892485523847,0.008995212794419626,0.0013172329108431162,0.0017785587356199382,-7.196552753448486,-5.0446672439575195,-2.4181950092315674,-5.083310127258301,-6.802310943603516,-6.919143199920654,-7.143224239349365,-8.572212219238281,-8.312039375305176,0.007080990899765286,0.060904031121556096,0.8419929150048417,0.05859541678690077,0.010502944698812883,0.009344831493663735,0.007468859944347773,0.0017891745884235154,0.0023208354616880834
cake_impl_17,mu_D,1.0,0.4480535977955236,350,0.009013384337636184,0.8384269923763529,0.021439932873939777,0.004038479280791715,0.375660230423105,0.10480014818825203,350,0.00707276510223713,0.8610988900452012,0.018970223436066844,-6.240570068359375,-3.861440896987915,-0.9790701866149902,-3.370354413986206,-5.382948875427246,-5.295923233032227,-5.511887073516846,-7.4335174560546875,-7.138824939727783,0.00434935529647359,0.046953455277488204,0.8384269923763529,0.07672620307867695,0.010253804621941776,0.011186128251998002,0.009013384337636184,0.0013192722234950782,0.0017714045359372684,-7.306968688964844,-5.220547676086426,-2.4052460193634033,-5.233503341674805,-6.803500175476074,-7.037637710571289,-7.2072038650512695,-8.593273162841797,-8.367995262145996,0.006401207747465075,0.0515683285360708,0.8610988900452012,0.05090453574008363,0.010590476952346762,0.00837974648372008,0.00707276510223713,0.0017685892753606111,0.0022154601175148427
cake_impl_17,mu_D,2.0,0.37328421767273245,350,0.009775513316937321,0.8050724301463796,0.024745092674644337,0.0036490448408623257,0.3005208322570769,0.0808466010993903,350,0.008618312054259843,0.8134393459020502,0.025752311948370844,-6.342304229736328,-3.834679126739502,-1.2022382020950317,-3.343578815460205,-5.359851837158203,-5.395853042602539,-5.613289833068848,-7.532258987426758,-7.318756103515625,0.004715553125428973,0.05788691257549618,0.8050724301463796,0.09459377167341496,0.012595235577072905,0.012149857097571432,0.009775513316937321,0.0014346364373892878,0.001776090050309285,-7.450715065002441,-5.24156379699707,-2.7216856479644775,-5.107996940612793,-6.696287155151367,-7.074404716491699,-7.269067764282227,-8.68287467956543,-8.452356338500977,0.007186770802485079,0.0654569853969483,0.8134393459020502,0.07481063633018867,0.015281911242938352,0.010470400705432491,0.008618312054259843,0.00209610808593525,0.002639529479761781
cake_impl_17,mu_D,4.0,0.21914184486209112,350,0.010667425298676253,0.7721931656627158,0.028877256613817612,0.0023376792598804575,0.1692198349132259,0.060471003019733204,350,0.01014690112721856,0.7845295502146955,0.029503988836460257,-6.796164035797119,-4.283230304718018,-1.7765566110610962,-3.661405563354492,-5.678863048553467,-5.839336395263672,-6.058596611022949,-8.219995498657227,-7.8900370597839355,0.005101972902634119,0.06296386810100012,0.7721931656627158,0.11725907241678216,0.01559465606796969,0.013282600545847921,0.010667425298676253,0.0012285023743735192,0.0017087366300002585,-7.780829906463623,-5.51589298248291,-3.048262357711792,-5.12378454208374,-6.837012767791748,-7.249075889587402,-7.396178245544434,-9.209039688110352,-8.88531494140625,0.006906870841569546,0.0665167379355628,0.7845295502146955,0.09845130443021452,0.017749082580169315,0.01175490625629094,0.01014690112721856,0.001655837476013429,0.0022888091382654383
cake_impl_17,mu_Dprime_native,0.0,0.5019056480571122,350,0.009759444599102619,0.8463851731151159,0.020489486349445026,0.004898320366190084,0.42480549881827334,0.10403371953532087,350,0.008861068648325572,0.8526771122013262,0.02002618465068636,-6.117748260498047,-3.737626075744629,-0.8561238646507263,-3.372377872467041,-5.315009117126465,-5.227569103240967,-5.3188629150390625,-7.245307922363281,-7.032646656036377,0.00439009184164877,0.04744031204147442,0.8463851731151159,0.06835539797519374,0.009797128091970997,0.010692358257474029,0.009759444599102619,0.0014216106446872769,0.0017584834333320787,-7.2178239822387695,-5.15798282623291,-2.422414541244507,-5.22402286529541,-6.796525955200195,-6.94260835647583,-6.989128112792969,-8.445751190185547,-8.359426498413086,0.007049604407461149,0.05530219823586223,0.8526771122013262,0.051768021847206004,0.010743162759693226,0.009283021890993136,0.008861068648325572,0.0020648225590211232,0.002250987450111324
cake_impl_17,mu_Dprime_native,0.5,0.42933987471972085,350,0.009350264476882943,0.8465142476894802,0.020972105992139105,0.004014441379101179,0.3634423210514602,0.10142933668169238,350,0.007987568360852185,0.8595350129523137,0.019167803653333912,-6.27639627456665,-3.89495587348938,-1.0121346712112427,-3.534212350845337,-5.514005661010742,-5.303484916687012,-5.517857074737549,-7.446083068847656,-7.025347709655762,0.004379197241388675,0.04738500509503438,0.8465142476894802,0.06796883920002622,0.009386345651002633,0.011585760341136474,0.009350264476882943,0.0013595838157554549,0.0020707564892928423,-7.272923469543457,-5.224882125854492,-2.4397566318511963,-5.304389953613281,-6.912151336669922,-6.960561275482178,-7.118261814117432,-8.655830383300781,-8.202356338500977,0.006842989672208608,0.053051655257394005,0.8595350129523137,0.04899695918080209,0.009815834583978488,0.009351969069355422,0.007987568360852185,0.0017165523112156373,0.002701458611879986
cake_impl_17,mu_Dprime_native,1.0,0.36272849341144964,350,0.009860534660899548,0.832496915929103,0.02066073590010306,0.0035766968817794722,0.3019703520846418,0.09038849651819643,350,0.008534051660140573,0.8533291270778153,0.01904114142908423,-6.335987091064453,-3.954749584197998,-1.197426438331604,-3.5911865234375,-5.6302618980407715,-5.5450873374938965,-5.633315563201904,-7.681011199951172,-7.2290191650390625,0.004883532663984164,0.05283143489366827,0.832496915929103,0.0759951431370023,0.009890691453002374,0.010770044447100686,0.009860534660899548,0.0012723234989262125,0.001999379316313325,-7.30178689956665,-5.2988080978393555,-2.5622482299804688,-5.359433174133301,-6.933009624481201,-7.200733661651611,-7.16732931137085,-8.752045631408691,-8.371834754943848,0.007460382228753981,0.05528963461054875,0.8533291270778153,0.05203727951309079,0.01078745543344936,0.00825368599563487,0.008534051660140573,0.001749531290671368,0.0025588521898949218
cake_impl_17,mu_Dprime_native,2.0,0.17549699145265896,350,0.011530326125487452,0.8146629929841869,0.022814994141515398,0.002023537545491042,0.1429709043165434,0.05838245225972402,350,0.012104278316992208,0.8203322919486109,0.023109041720537828,-7.214170455932617,-4.576458930969238,-1.9451141357421875,-4.211457252502441,-6.3252105712890625,-6.113237380981445,-6.202908039093018,-8.24322509765625,-7.866306304931641,0.004194265360731378,0.05864074293700575,0.8146629929841869,0.08447295343396263,0.010202962166764093,0.012612031974751305,0.011530326125487452,0.0014987981599716392,0.002184926857138743,-7.969152927398682,-5.605390548706055,-3.038785696029663,-5.486865043640137,-7.330805778503418,-7.272870063781738,-7.254936218261719,-9.066365242004395,-8.782754898071289,0.00592595740250314,0.0629981045594141,0.8203322919486109,0.07092550810507488,0.01121990473910947,0.011889136981428357,0.012104278316992208,0.0019780864663651726,0.0026267314805017913
cake_impl_17,mu_Dprime_native,4.0,0.0478329761318299,350,0.008318036346589954,0.8851295908621988,0.01520326527964276,0.0003978764340301308,0.04233838259328792,0.02319125244153086,350,0.0092832084479783,0.8862772782755958,0.015316939858970403,-9.947529792785645,-6.040102481842041,-3.1620612144470215,-6.316611289978027,-8.32999038696289,-7.629213333129883,-7.829369068145752,-9.730230331420898,-9.50032901763916,0.001000265521546803,0.04978395768256668,0.8851295908621988,0.03775749462527513,0.005042010403467928,0.010161254876174834,0.008318036346589954,0.0012430461598340618,0.0015643435223458694,-10.594688415527344,-6.745338439941406,-3.8847055435180664,-7.138696670532227,-9.081223487854004,-8.328903198242188,-8.443528175354004,-10.296113967895508,-10.180167198181152,0.0010800928231455755,0.05072388785002773,0.8862772782755958,0.03422781883986238,0.004906259861202668,0.010410679997767736,0.0092832084479783,0.00145589587447235,0.0016348780299475316
cake_impl_17,mu_Dprime_matched,0.0,0.5019056480571122,350,0.009759444599102619,0.8463851731151159,0.020489486349445026,0.004898320366190084,0.42480549881827334,0.10403371953532087,350,0.008861068648325572,0.8526771122013262,0.02002618465068636,-6.117748260498047,-3.737626075744629,-0.8561238646507263,-3.372377872467041,-5.315009117126465,-5.227569103240967,-5.3188629150390625,-7.245307922363281,-7.032646656036377,0.00439009184164877,0.04744031204147442,0.8463851731151159,0.06835539797519374,0.009797128091970997,0.010692358257474029,0.009759444599102619,0.0014216106446872769,0.0017584834333320787,-7.2178239822387695,-5.15798282623291,-2.422414541244507,-5.22402286529541,-6.796525955200195,-6.94260835647583,-6.989128112792969,-8.445751190185547,-8.359426498413086,0.007049604407461149,0.05530219823586223,0.8526771122013262,0.051768021847206004,0.010743162759693226,0.009283021890993136,0.008861068648325572,0.0020648225590211232,0.002250987450111324
cake_impl_17,mu_Dprime_matched,0.5,0.4755408553350973,350,0.009358636000865724,0.8380259775948768,0.020952176649368985,0.004450413768621521,0.39851559017849886,0.10493158166526223,350,0.007984612251855221,0.84995517248155,0.01909190514002039,-6.057269096374512,-3.8028311729431152,-0.920008659362793,-3.311734676361084,-5.41078519821167,-5.20382833480835,-5.414758205413818,-7.3429718017578125,-7.055193901062012,0.0049223628166375315,0.04690979892528866,0.8380259775948768,0.07665563223445526,0.009395891889049147,0.011556284760319838,0.009358636000865724,0.0013608179559066239,0.0018145978226002666,-7.127164840698242,-5.134428024291992,-2.417018413543701,-5.154605865478516,-6.886948108673096,-6.925594806671143,-7.084685802459717,-8.552804946899414,-8.317977905273438,0.0076525366620267335,0.05613581369269286,0.84995517248155,0.055014465398734023,0.009730389387887218,0.009361515752133173,0.007984612251855221,0.0018393220938527127,0.002326172279268057
cake_impl_17,mu_Dprime_matched,1.0,0.4160003851311597,350,0.00983779888210256,0.8385211986940057,0.020595940095171218,0.004092528123797557,0.34882514159734807,0.0971289057018511,350,0.007716771657424945,0.8591800010708388,0.019277448134381106,-6.3163838386535645,-3.935413122177124,-1.0531845092773438,-3.4445412158966064,-5.4947991371154785,-5.412642955780029,-5.498592376708984,-7.551823616027832,-7.227751731872559,0.004342457939272816,0.04696540419585702,0.8385211986940057,0.07672926261452405,0.009875186876314812,0.010720753218856405,0.00983779888210256,0.0012623824335359667,0.0017455551455307363,-7.3857293128967285,-5.267144203186035,-2.4834930896759033,-5.318284034729004,-6.888626575469971,-7.066651821136475,-7.196075439453125,-8.69867992401123,-8.471016883850098,0.0063836639799445625,0.053107987132933,0.8591800010708388,0.05046033096805393,0.010494433371313288,0.008783014763067816,0.007716771657424945,0.0017173658132109114,0.002156431243212731
cake_impl_17,mu_Dprime_matched,2.0,0.3454634898335586,350,0.011099208545492033,0.8296063408076444,0.023276813150067414,0.003834371318516134,0.2865987016834574,0.08717548660226906,350,0.00948692866412315,0.8387233713214176,0.0225815934655837,-6.51596736907959,-4.006370544433594,-1.249672293663025,-3.644686460494995,-5.560581207275391,-5.473921775817871,-5.56374979019165,-7.611747741699219,-7.28468132019043,0.004283010819073252,0.05268090465249762,0.8296063408076444,0.0756363610073993,0.011134433084538662,0.012142380065528752,0.011099208545492033,0.001431719045568662,0.0019856419722574575,-7.4830827713012695,-5.294118881225586,-2.615706443786621,-5.243129253387451,-6.817333221435547,-7.042515754699707,-7.097672462463379,-8.694014549255371,-8.382052421569824,0.006452738486256285,0.05759688591651732,0.8387233713214176,0.060609892972891315,0.01255669716741441,0.010024896298169288,0.00948692866412315,0.0019223969795680136,0.0026261921936425537
cake_impl_17,mu_Dprime_matched,4.0,0.15363964781408104,350,0.011515300624231038,0.8056778216798651,0.022757405363526065,0.0017692067323801242,0.12378405677451046,0.05605111229879849,350,0.011776280084444965,0.8154752883009435,0.02242836070966084,-7.484508514404297,-4.721221923828125,-2.089216709136963,-4.229169845581055,-6.460061073303223,-6.249334335327148,-6.337224006652832,-8.378170013427734,-8.017547607421875,0.003656082183318233,0.05795568825451326,0.8056778216798651,0.0947963400253603,0.010184221119557291,0.012573184243968775,0.011515300624231038,0.0014959038907561624,0.002145457978429698,-8.208417892456055,-5.727878093719482,-3.085475444793701,-5.3701372146606445,-7.363266944885254,-7.380946159362793,-7.323159217834473,-9.158183097839355,-8.870769500732422,0.004858980641798015,0.05805370150324524,0.8154752883009435,0.08302230853581756,0.011313306722818233,0.011115053986842606,0.011776280084444965,0.001879608416486314,0.002505471807603488
cake_impl_17,mu_D_par,0.0,0.5019056480571122,350,0.009759444599102619,0.8463851731151159,0.020489486349445026,0.004898320366190084,0.42480549881827334,0.10403371953532087,350,0.008861068648325572,0.8526771122013262,0.02002618465068636,-6.117748260498047,-3.737626075744629,-0.8561238646507263,-3.372377872467041,-5.315009117126465,-5.227569103240967,-5.3188629150390625,-7.245307922363281,-7.032646656036377,0.00439009184164877,0.04744031204147442,0.8463851731151159,0.06835539797519374,0.009797128091970997,0.010692358257474029,0.009759444599102619,0.0014216106446872769,0.0017584834333320787,-7.2178239822387695,-5.15798282623291,-2.422414541244507,-5.22402286529541,-6.796525955200195,-6.94260835647583,-6.989128112792969,-8.445751190185547,-8.359426498413086,0.007049604407461149,0.05530219823586223,0.8526771122013262,0.051768021847206004,0.010743162759693226,0.009283021890993136,0.008861068648325572,0.0020648225590211232,0.002250987450111324
cake_impl_17,mu_D_par,0.5,0.4860688786925083,350,0.00934142877558529,0.8464910669874847,0.020969766875251594,0.004540577810334672,0.4114529637538316,0.1143283562350454,350,0.0074744940620881896,0.8652578518194677,0.01781023236394075,-6.150472164154053,-3.7694835662841797,-0.8880605697631836,-3.4073028564453125,-5.390845775604248,-5.178822994232178,-5.39470100402832,-7.31575345993042,-7.023477554321289,0.004387186153409965,0.047450006029047344,0.8464910669874847,0.06815996451828499,0.009377511626447543,0.01159225524880405,0.00934142877558529,0.0013680778951395201,0.0018325027657965566,-7.208311557769775,-5.101095199584961,-2.313408374786377,-5.252849578857422,-6.874194622039795,-6.905673027038574,-7.064939498901367,-8.523065567016602,-8.285318374633789,0.006476138188309731,0.05326826403207317,0.8652578518194677,0.045768054741408534,0.009045264036438039,0.008764968327502712,0.0074744940620881896,0.0017391045683392886,0.0022058602243726125
cake_impl_17,mu_D_par,1.0,0.4283471589857098,350,0.009360567759640795,0.8385478555237893,0.02105396168984125,0.004009572606335365,0.35918959158717456,0.10027965622980332,350,0.007322725396773731,0.8605375067349001,0.019596242264206802,-6.2866644859313965,-3.9061667919158936,-1.0239049196243286,-3.417235851287842,-5.5153326988220215,-5.299554824829102,-5.519070625305176,-7.447386741638184,-7.175346851348877,0.0043445061205698455,0.04696533517508848,0.8385478555237893,0.07658036564734844,0.009395622348689804,0.011658339341151448,0.009360567759640795,0.0013609593158660155,0.001786448767855861,-7.3555097579956055,-5.279196739196777,-2.4499905109405518,-5.2689900398254395,-6.895938396453857,-6.955667495727539,-7.216565132141113,-8.639103889465332,-8.40213394165039,0.006372793763214452,0.05082309989573569,0.8605375067349001,0.051344492318945535,0.010090650643993533,0.009505591620213269,0.007322725396773731,0.0017655174554642046,0.0022376221707593132
cake_impl_17,mu_D_par,2.0,0.36364824904735127,350,0.009022865165436243,0.8240848638428273,0.021445534333194065,0.003281149118801229,0.29967701780286904,0.08558641066503986,350,0.008268933282035146,0.8350664026710718,0.020573066324647706,-6.344533443450928,-3.9629170894622803,-1.205049991607666,-3.4737446308135986,-5.591202259063721,-5.504581451416016,-5.719561576843262,-7.647652626037598,-7.339072227478027,0.004829727572494984,0.05226915449397914,0.8240848638428273,0.08524921223714585,0.010258649949864269,0.011186884383329798,0.009022865165436243,0.001312155074122525,0.0017864872807998166,-7.356905937194824,-5.246428966522217,-2.63847279548645,-5.22320556640625,-6.9282941818237305,-7.154801845550537,-7.253478527069092,-8.799695014953613,-8.505620002746582,0.0074564401164691485,0.061531859099060775,0.8350664026710718,0.06297756015503203,0.011446566997625198,0.00912649932702251,0.008268933282035146,0.0017617172196936625,0.0023640211319896575
cake_impl_17,mu_D_par,4.0,0.19519749733866593,350,0.01254756066935804,0.7840865063806839,0.02631461657815235,0.0024492524403637653,0.1530517237425274,0.061180371471670374,350,0.011278061080446534,0.7981392444511927,0.02580562255943904,-7.020589828491211,-4.383942604064941,-1.8769793510437012,-3.8935279846191406,-6.008928298950195,-5.922002792358398,-6.011972427368164,-8.052953720092773,-7.602705955505371,0.0045763826726041715,0.06391512945315525,0.7840865063806839,0.10437296859922886,0.012585815251757322,0.013728801326395031,0.01254756066935804,0.0016299429023722114,0.002556892744445533,-7.854456901550293,-5.485093593597412,-3.0194010734558105,-5.252580642700195,-7.081377983093262,-7.211318016052246,-7.278824806213379,-8.965280532836914,-8.604969024658203,0.006342209732207489,0.06780192276294879,0.7981392444511927,0.08555021425500539,0.013739929618262831,0.01206569294117621,0.011278061080446534,0.0020884112608627564,0.0029943138978974077
cake_impl_17,mu_D_perp_native,0.0,0.5019056480571122,350,0.009759444599102619,0.8463851731151159,0.020489486349445026,0.004898320366190084,0.42480549881827334,0.10403371953532087,350,0.008861068648325572,0.8526771122013262,0.02002618465068636,-6.117748260498047,-3.737626075744629,-0.8561238646507263,-3.372377872467041,-5.315009117126465,-5.227569103240967,-5.3188629150390625,-7.245307922363281,-7.032646656036377,0.00439009184164877,0.04744031204147442,0.8463851731151159,0.06835539797519374,0.009797128091970997,0.010692358257474029,0.009759444599102619,0.0014216106446872769,0.0017584834333320787,-7.2178239822387695,-5.15798282623291,-2.422414541244507,-5.22402286529541,-6.796525955200195,-6.94260835647583,-6.989128112792969,-8.445751190185547,-8.359426498413086,0.007049604407461149,0.05530219823586223,0.8526771122013262,0.051768021847206004,0.010743162759693226,0.009283021890993136,0.008861068648325572,0.0020648225590211232,0.002250987450111324
cake_impl_17,mu_D_perp_native,0.5,0.5198340769502354,350,0.007968527044247003,0.8412371468787856,0.01896525965867524,0.004142311900699129,0.4373037357439831,0.10522724200593563,350,0.006967824465768571,0.8509098714300874,0.019370270835774934,-5.965573310852051,-3.7082676887512207,-0.8271272778511047,-3.2187719345092773,-5.357731819152832,-5.269300937652588,-5.486501216888428,-7.4119157791137695,-7.087436199188232,0.004935369627363783,0.0471688252008345,0.8412371468787856,0.07695562411938263,0.009063624189117115,0.009901635469558126,0.007968527044247003,0.0011619331201690724,0.001607314350542132,-7.0663886070251465,-5.126164436340332,-2.4130821228027344,-5.1661481857299805,-6.833237648010254,-6.9476237297058105,-7.218085289001465,-8.561104774475098,-8.393486976623535,0.008109204136645736,0.05644258351149339,0.8509098714300874,0.054230319424945515,0.01023845458454942,0.009131816251225514,0.006967824465768571,0.0018189939295404592,0.0021509322657439454
cake_impl_17,mu_D_perp_native,1.0,0.5170804256817286,350,0.008982245682378601,0.8431832375584649,0.02139613077787884,0.004644543421022196,0.43599354740442914,0.12141946264309718,350,0.007054740267384509,0.8666428219819376,0.018305057974507457,-6.094137191772461,-3.8369593620300293,-0.8301278352737427,-3.2195892333984375,-5.242414951324463,-5.154035568237305,-5.3720622062683105,-7.296896934509277,-6.99703311920166,0.004363065652271377,0.0416938139499904,0.8431832375584649,0.07730223742797039,0.010225628652876871,0.01117050212500197,0.008982245682378601,0.0013105084593267378,0.0017687604917188918,-7.182960510253906,-5.194735527038574,-2.2516324520111084,-5.0606560707092285,-6.772617816925049,-6.832744121551514,-7.062559604644775,-8.43619155883789,-8.295600891113281,0.006254485357918353,0.045673755125367296,0.8666428219819376,0.05222719327276351,0.009427599996145725,0.008877457978361732,0.007054740267384509,0.0017861595551218637,0.002055786464999338
cake_impl_17,mu_D_perp_native,2.0,0.5015082205320212,350,0.009052079663480735,0.8290917112066737,0.021566217413593842,0.00453969236414632,0.4157963087451073,0.10081385149683278,350,0.008121926258454338,0.8244708263647292,0.022212793235306557,-6.013545513153076,-3.759305238723755,-0.8775597810745239,-3.141120672225952,-5.265970230102539,-5.175877571105957,-5.394896030426025,-7.438976287841797,-7.14467716217041,0.004876096711719361,0.046459702319757865,0.8290917112066737,0.08620859533677938,0.01029769752213035,0.011268519891463491,0.009052079663480735,0.0011722374475894677,0.0015733599004056555,-7.144014358520508,-5.116065979003906,-2.4874930381774902,-4.903942108154297,-6.739536285400391,-6.853114128112793,-7.107667446136475,-8.521693229675293,-8.368474006652832,0.007832019833592153,0.05951145512440189,0.8244708263647292,0.07357407250840799,0.011736439754790511,0.010476353480516046,0.008121926258454338,0.0019749470077007627,0.002301959667407195
cake_impl_17,mu_D_perp_native,4.0,0.4945816125316518,350,0.008700103655970126,0.819249290976811,0.022094245354443987,0.004302911295362224,0.4051856353967236,0.10430268850652334,350,0.00795661192563261,0.8356698576574457,0.02230729311610155,-6.041011333465576,-3.7857625484466553,-0.9034099578857422,-3.0398077964782715,-5.193025588989258,-5.226511478424072,-5.448463439941406,-7.492140769958496,-7.2738728523254395,0.0048104327387389146,0.04588030002417816,0.819249290976811,0.09673648028914188,0.011232066760258891,0.010862178594185097,0.008700103655970126,0.0011271108740719435,0.0014020360866439977,-7.174280166625977,-5.223888397216797,-2.4399797916412354,-4.900880813598633,-6.687791347503662,-6.830165863037109,-7.094210147857666,-8.553726196289062,-8.526053428649902,0.0073443642690624025,0.05164146951074875,0.8356698576574457,0.07133111345092323,0.011946305556396053,0.010360987559705496,0.00795661192563261,0.0018487083819433597,0.0019005816881422753
cake_impl_17,mu_D_perp_matched,0.0,0.5019056480571122,350,0.009759444599102619,0.8463851731151159,0.020489486349445026,0.004898320366190084,0.42480549881827334,0.10403371953532087,350,0.008861068648325572,0.8526771122013262,0.02002618465068636,-6.117748260498047,-3.737626075744629,-0.8561238646507263,-3.372377872467041,-5.315009117126465,-5.227569103240967,-5.3188629150390625,-7.245307922363281,-7.032646656036377,0.00439009184164877,0.04744031204147442,0.8463851731151159,0.06835539797519374,0.009797128091970997,0.010692358257474029,0.009759444599102619,0.0014216106446872769,0.0017584834333320787,-7.2178239822387695,-5.15798282623291,-2.422414541244507,-5.22402286529541,-6.796525955200195,-6.94260835647583,-6.989128112792969,-8.445751190185547,-8.359426498413086,0.007049604407461149,0.05530219823586223,0.8526771122013262,0.051768021847206004,0.010743162759693226,0.009283021890993136,0.008861068648325572,0.0020648225590211232,0.002250987450111324
cake_impl_17,mu_D_perp_matched,0.5,0.4957408142619473,350,0.008989049179207679,0.8384482856940282,0.02142558260270086,0.004456238559541104,0.4156530358664914,0.10647825865734929,350,0.0077229926063848075,0.8553214155045259,0.020049229530178726,-6.139434337615967,-3.75974440574646,-0.8779044151306152,-3.2690823078155518,-5.283132553100586,-5.194852828979492,-5.413450241088867,-7.337986946105957,-7.04416036605835,0.00434933509673537,0.04697957411560104,0.8384482856940282,0.07673631097233408,0.010240237027986933,0.011185345574713929,0.008989049179207679,0.0013118920046466629,0.0017599703347459977,-7.3157830238342285,-5.208552360534668,-2.396092414855957,-5.137376308441162,-6.812186241149902,-6.873815536499023,-7.103367805480957,-8.478879928588867,-8.36640739440918,0.006245034786656034,0.051368101025085836,0.8553214155045259,0.055157538614451405,0.01033342200146932,0.009715807528709406,0.0077229926063848075,0.0019516785733276253,0.0021840093593896506
cake_impl_17,mu_D_perp_matched,1.0,0.520365248939722,350,0.00899642824140449,0.8237337717662928,0.021453635860225945,0.004681428621406793,0.4286424292052231,0.11219017272257947,350,0.007517244835701068,0.8421790229238919,0.020434719282205003,-5.984830856323242,-3.6028716564178467,-0.8471322059631348,-3.1095025539398193,-5.2335686683654785,-5.144863128662109,-5.364151954650879,-7.288055419921875,-7.119895935058594,0.004836294047771795,0.05235816710173163,0.8237337717662928,0.08575351163425562,0.010251365567261049,0.011202270292964897,0.00899642824140449,0.0013138006171606231,0.0015543907311569927,-7.1251540184021,-5.0488481521606445,-2.3593225479125977,-4.975833892822266,-6.762511730194092,-6.7800188064575195,-7.078115463256836,-8.422714233398438,-8.394444465637207,0.007171832045986819,0.057195029839563566,0.8421790229238919,0.06152731749075074,0.01030679540401655,0.010127923878188453,0.007517244835701068,0.001959326756111968,0.0020155068257888134
cake_impl_17,mu_D_perp_matched,2.0,0.5165133238423234,350,0.0087038375871186,0.8136114052303429,0.022055098815027843,0.004495648082306376,0.42024113123154794,0.11718700792501663,350,0.007359212510781257,0.8434999831067405,0.020601364119120495,-5.879471302032471,-3.6237499713897705,-0.8669266104698181,-3.00563383102417,-5.148827075958252,-5.1875739097595215,-5.4046454429626465,-7.445932388305664,-7.112418174743652,0.005413729199084986,0.051658745414758345,0.8136114052303429,0.09584915391835319,0.011241163994976789,0.010813934820051054,0.0087038375871186,0.0011302932191401252,0.001577736616174074,-7.096556186676025,-5.071247100830078,-2.3141796588897705,-4.889012336730957,-6.651304721832275,-6.792751789093018,-7.055786609649658,-8.597478866577148,-8.305371284484863,0.007065214341473568,0.05354339464672692,0.8434999831067405,0.06424649720745552,0.011027970509561672,0.009573393609558823,0.007359212510781257,0.001575008508162701,0.0021093255595391104
cake_impl_17,mu_D_perp_matched,4.0,0.47793652303196366,350,0.01065807741008336,0.7950297975745898,0.028877775672061436,0.005093884459580757,0.37997377715960534,0.10364238711684993,350,0.009855897530366652,0.8187388339992315,0.0288233901060046,-5.854619026184082,-3.725677251815796,-0.9676530361175537,-2.97871994972229,-4.899205684661865,-5.059419631958008,-5.279714584350586,-7.445457935333252,-7.320647716522217,0.005997925174124057,0.050418359244929996,0.7950297975745898,0.10641139654671498,0.015593075642306229,0.013284700029755207,0.01065807741008336,0.0012221048951317343,0.0013845634823646206,-7.104644775390625,-5.1436614990234375,-2.466799020767212,-4.865131855010986,-6.394623756408691,-6.632542610168457,-6.886494159698486,-8.448498725891113,-8.542866706848145,0.007924184358229771,0.056311719253331276,0.8187388339992315,0.07439824216527856,0.01611806049820665,0.01270532960779795,0.009855897530366652,0.0020669321273855137,0.0018808004601721493
cake_impl_17,r0,0.0,0.5019056480571122,350,0.009759444599102619,0.8463851731151159,0.020489486349445026,0.004898320366190084,0.42480549881827334,0.10403371953532087,350,0.008861068648325572,0.8526771122013262,0.02002618465068636,-6.117748260498047,-3.737626075744629,-0.8561238646507263,-3.372377872467041,-5.315009117126465,-5.227569103240967,-5.3188629150390625,-7.245307922363281,-7.032646656036377,0.00439009184164877,0.04744031204147442,0.8463851731151159,0.06835539797519374,0.009797128091970997,0.010692358257474029,0.009759444599102619,0.0014216106446872769,0.0017584834333320787,-7.2178239822387695,-5.15798282623291,-2.422414541244507,-5.22402286529541,-6.796525955200195,-6.94260835647583,-6.989128112792969,-8.445751190185547,-8.359426498413086,0.007049604407461149,0.05530219823586223,0.8526771122013262,0.051768021847206004,0.010743162759693226,0.009283021890993136,0.008861068648325572,0.0020648225590211232,0.002250987450111324
cake_impl_17,r0,0.5,0.48469089864892384,350,0.008632259679029506,0.8416854226442722,0.018149432733894307,0.004183977701199682,0.40795726388115156,0.10422623980513536,350,0.007140154234582844,0.8579806833216931,0.015976134340888758,-6.160653591156006,-3.7779061794281006,-0.8965928554534912,-3.288346767425537,-5.471604347229004,-5.383356094360352,-5.476492881774902,-7.402997016906738,-7.074426651000977,0.004355091417269243,0.04718580062653635,0.8416854226442722,0.0769882201550428,0.008674562092840841,0.009474870641053464,0.008632259679029506,0.001257344774573716,0.0017464279693819678,-7.304194927215576,-5.196957588195801,-2.41436505317688,-5.155704498291016,-7.048625469207764,-7.135245323181152,-7.203212261199951,-8.591448783874512,-8.35750961303711,0.006454333150879653,0.05309002463424064,0.8579806833216931,0.055325954617442566,0.00833381362544423,0.007642320715444529,0.007140154234582844,0.0017815750897802254,0.002251140610492228
cake_impl_17,r0,1.0,0.45001060377838376,350,0.010034761920108807,0.8593174347331979,0.01982051470734786,0.004515749270440498,0.3867019576415783,0.09388002951999706,350,0.008249190800076465,0.8749701487350383,0.018446976829756424,-6.33856201171875,-3.9582157135009766,-0.9501010179519653,-3.598238945007324,-5.521161079406738,-5.3148040771484375,-5.400184154510498,-7.200422286987305,-7.022828102111816,0.003926221055540807,0.04243713048580598,0.8593174347331979,0.06082497432265015,0.008891345003987219,0.010929169703360643,0.010034761920108807,0.0016583400373182844,0.001980622738029908,-7.567523002624512,-5.416406631469727,-2.499303102493286,-5.57379150390625,-7.096841812133789,-7.008584022521973,-7.16337776184082,-8.315792083740234,-8.373826026916504,0.005506723883919645,0.04732725007198436,0.8749701487350383,0.04043522732958638,0.008816730065495382,0.009630246764261042,0.008249190800076465,0.002605698529545599,0.002458783820092787
cake_impl_17,r0,2.0,0.4096107012248122,350,0.008864980842213337,0.8737904941167784,0.01757878087771904,0.003631191019123531,0.35791393701874874,0.08134480739273245,350,0.007759319123959215,0.8821643530192532,0.016950102109080333,-6.541683673858643,-4.160881996154785,-1.0274627208709717,-3.802852153778076,-5.739287853240967,-5.525619983673096,-5.618194580078125,-7.418460369110107,-6.988824844360352,0.0035205586509885335,0.03806980173172501,0.8737904941167784,0.0544591677224676,0.007853941481213293,0.009724839396505744,0.008864980842213337,0.0014649820494122025,0.002251234008695794,-7.7937541007995605,-5.658062934875488,-2.6344351768493652,-5.731204986572266,-7.308063507080078,-7.252093315124512,-7.367918968200684,-8.525562286376953,-8.36763858795166,0.005068573697278795,0.04289480066259513,0.8821643530192532,0.03986937838461551,0.008237937833769669,0.008712164275310665,0.007759319123959215,0.002438178564080059,0.00285529443913762
cake_impl_17,r0,4.0,0.2851146401408115,350,0.007744399904018082,0.9116224628191,0.012895824196343601,0.0022080417917406505,0.259916910430948,0.05092427353613786,350,0.008842504250574878,0.907278992272351,0.013109995956721104,-7.362016201019287,-4.8564934730529785,-1.347393274307251,-4.623292922973633,-6.488007545471191,-6.139866828918457,-6.115649223327637,-7.916450500488281,-7.242984294891357,0.0022268833598592984,0.027279233618408907,0.9116224628191,0.034443706285527134,0.0053367223212128405,0.00755910187513076,0.007744399904018082,0.0012791153574212562,0.0025083744593220555,-8.832329750061035,-6.45396614074707,-3.074720859527588,-6.445947170257568,-8.186027526855469,-7.851676940917969,-7.705600738525391,-9.017623901367188,-8.648234367370605,0.002865781567118164,0.03091386289188821,0.907278992272351,0.031162756849047516,0.005469260057685136,0.007640735899035969,0.008842504250574878,0.0023810628412507576,0.0034450433710483674
cake_impl_17,r1,0.0,0.5019056480571122,350,0.009759444599102619,0.8463851731151159,0.020489486349445026,0.004898320366190084,0.42480549881827334,0.10403371953532087,350,0.008861068648325572,0.8526771122013262,0.02002618465068636,-6.117748260498047,-3.737626075744629,-0.8561238646507263,-3.372377872467041,-5.315009117126465,-5.227569103240967,-5.3188629150390625,-7.245307922363281,-7.032646656036377,0.00439009184164877,0.04744031204147442,0.8463851731151159,0.06835539797519374,0.009797128091970997,0.010692358257474029,0.009759444599102619,0.0014216106446872769,0.0017584834333320787,-7.2178239822387695,-5.15798282623291,-2.422414541244507,-5.22402286529541,-6.796525955200195,-6.94260835647583,-6.989128112792969,-8.445751190185547,-8.359426498413086,0.007049604407461149,0.05530219823586223,0.8526771122013262,0.051768021847206004,0.010743162759693226,0.009283021890993136,0.008861068648325572,0.0020648225590211232,0.002250987450111324
cake_impl_17,r1,0.5,0.5227318346182747,350,0.009745020851106847,0.8382197805353451,0.020415632700025353,0.005094032627892422,0.4381641636925685,0.11492842649025536,350,0.008164745336714664,0.853889496161569,0.019559941508323415,-5.962771892547607,-3.706798553466797,-0.8251616358757019,-3.219489574432373,-5.275813102722168,-5.192498207092285,-5.2796854972839355,-7.207209587097168,-6.952466011047363,0.0049217791321598875,0.046976309265383764,0.8382197805353451,0.07647412095889419,0.009782830576695083,0.01063280212333027,0.009745020851106847,0.0014179786659341584,0.0018293778911504185,-7.067857265472412,-5.125200271606445,-2.321399211883545,-5.065490245819092,-6.750914573669434,-6.83247709274292,-6.971375465393066,-8.359448432922363,-8.240234375,0.007413804506544227,0.05172807806355483,0.853889496161569,0.054910838734392765,0.010178589321920789,0.009381352186402625,0.008164745336714664,0.0020375590937546503,0.002295536595146479
cake_impl_17,r1,1.0,0.5372999293376605,350,0.008681724085931933,0.8554961296938337,0.01819843554526205,0.004664689737900293,0.4596580100331389,0.1270613935376349,350,0.007931108982864202,0.8711101523887527,0.016676449632907268,-6.165914058685303,-3.7844979763031006,-0.7772725224494934,-3.2984275817871094,-5.365561008453369,-5.277891159057617,-5.367733955383301,-7.420595169067383,-7.083126068115234,0.003908055880412474,0.042286002259657444,0.8554961296938337,0.06875342200706283,0.008700609522725979,0.00949782602253607,0.008681724085931933,0.0011144476741517546,0.0015617828536878858,-7.234526634216309,-5.151181221008301,-2.2010717391967773,-5.065546989440918,-6.841286659240723,-6.858769416809082,-6.900047302246094,-8.554255485534668,-8.363337516784668,0.005676379062272313,0.04558865782264921,0.8711101523887527,0.04966463871436583,0.008411110541530565,0.008265339091376703,0.007931108982864202,0.001516772449970168,0.0018358409462183088
cake_impl_17,r1,2.0,0.5291408575230809,350,0.009721132874132937,0.8391745696144162,0.020375678411471018,0.0051438485851145145,0.44404155137733453,0.12897416021464667,350,0.008914885460540447,0.8652069590749163,0.018657399909276257,-6.076147079467773,-3.6950125694274902,-0.8118371367454529,-3.210707664489746,-5.2662177085876465,-5.181690216064453,-5.269953727722168,-7.1967668533325195,-6.956279277801514,0.0043410176872429596,0.046957518008523456,0.8391745696144162,0.07621423267399907,0.009757519140130129,0.010618159271340888,0.009721132874132937,0.0014155087921753665,0.0018003419380390666,-7.118111610412598,-5.057955741882324,-2.192929744720459,-5.094407081604004,-6.688840389251709,-6.757959365844727,-6.768176078796387,-8.26407527923584,-8.212215423583984,0.006282618622462391,0.04930091990465929,0.8652069590749163,0.047536194030765734,0.009650966761085735,0.00900643314819052,0.008914885460540447,0.001997353796713275,0.0021036692006664373
cake_impl_17,r1,4.0,0.5114964788965412,350,0.009655977997009868,0.8382408869628282,0.016698440918921094,0.004938998745773024,0.42875726214860016,0.13111202264098706,350,0.009373128700555174,0.852153224516861,0.015932769446870373,-5.988307952880859,-3.479707717895508,-0.8468643426895142,-3.3733792304992676,-5.43400764465332,-5.478490352630615,-5.3105926513671875,-7.3789825439453125,-6.871572971343994,0.00490307178497617,0.060247563913267056,0.8382408869628282,0.06700656676290122,0.008534887813063906,0.008163553105857188,0.009655977997009868,0.0012204105426763632,0.0020270811174201977,-7.1212639808654785,-4.828143119812012,-2.1916921138763428,-4.999139785766602,-6.900162220001221,-6.829539775848389,-6.701611518859863,-8.40619945526123,-8.144771575927734,0.006160725118457359,0.06102693631902629,0.852153224516861,0.05143498997886047,0.007685198802198723,0.008247570644671652,0.009373128700555174,0.0017044781785535185,0.002213747740815701
cake_impl_17,r2,0.0,0.5019056480571122,350,0.009759444599102619,0.8463851731151159,0.020489486349445026,0.004898320366190084,0.42480549881827334,0.10403371953532087,350,0.008861068648325572,0.8526771122013262,0.02002618465068636,-6.117748260498047,-3.737626075744629,-0.8561238646507263,-3.372377872467041,-5.315009117126465,-5.227569103240967,-5.3188629150390625,-7.245307922363281,-7.032646656036377,0.00439009184164877,0.04744031204147442,0.8463851731151159,0.06835539797519374,0.009797128091970997,0.010692358257474029,0.009759444599102619,0.0014216106446872769,0.0017584834333320787,-7.2178239822387695,-5.15798282623291,-2.422414541244507,-5.22402286529541,-6.796525955200195,-6.94260835647583,-6.989128112792969,-8.445751190185547,-8.359426498413086,0.007049604407461149,0.05530219823586223,0.8526771122013262,0.051768021847206004,0.010743162759693226,0.009283021890993136,0.008861068648325572,0.0020648225590211232,0.002250987450111324
cake_impl_17,r2,0.5,0.5060694878588788,350,0.008973431241138474,0.8387418543387393,0.02134923574934235,0.004541179752539811,0.42446166067101215,0.10199156426850539,350,0.008116831025272823,0.8448508389894225,0.02139942851675519,-6.121568202972412,-3.738307476043701,-0.85693359375,-3.250990390777588,-5.265703201293945,-5.17814826965332,-5.39456844329834,-7.326650142669678,-7.036157608032227,0.0043373708401762846,0.04701793357120767,0.8387418543387393,0.07654250286416545,0.010207608453380578,0.011141627295961772,0.008973431241138474,0.0012997688326946966,0.0017379025625359299,-7.268881797790527,-5.161102294921875,-2.451460361480713,-5.127120018005371,-6.808114051818848,-6.832845687866211,-7.096680641174316,-8.546869277954102,-8.280325889587402,0.006832828068583219,0.056233808818788346,0.8448508389894225,0.05817760188597741,0.010832018234184795,0.010567410282570393,0.008116831025272823,0.0019036082676023775,0.0024850544275979744
cake_impl_17,r2,1.0,0.5161201265356219,350,0.010976302887682553,0.826258849901212,0.02299852114671768,0.005665090835284031,0.42644882216219093,0.10372143627056005,350,0.010599004300620048,0.8302045758780178,0.02336781432475775,-5.991354465484619,-3.735059976577759,-0.8522629141807556,-3.124143123626709,-5.169483184814453,-5.086033821105957,-5.173432350158691,-7.097914695739746,-6.94569206237793,0.004844366825973511,0.046252292931916475,0.826258849901212,0.08520225431546126,0.011019735828138082,0.0119787853185796,0.010976302887682553,0.0016020055618776103,0.0018654064291588985,-7.139512538909912,-5.106133460998535,-2.452129602432251,-5.002690315246582,-6.697474479675293,-6.734038352966309,-6.813041687011719,-8.276033401489258,-8.249674797058105,0.0076468149206898135,0.05842058372713068,0.8302045758780178,0.06478741908379951,0.011897487818459188,0.01147032650629856,0.010599004300620048,0.002454120253942488,0.002519667511042057
cake_impl_17,r2,2.0,0.5086362669093693,350,0.008899313096636,0.8439829813453509,0.021075612161846127,0.004526513391530594,0.4292803529665391,0.09875341965293194,350,0.008169322769758897,0.8408355414326346,0.0222063897582475,-5.989031791687012,-3.8581535816192627,-0.8456450700759888,-3.249544382095337,-5.268876075744629,-5.19028377532959,-5.39780330657959,-7.204362392425537,-6.947181701660156,0.0049270755065433935,0.041497111340732744,0.8439829813453509,0.07626644147082903,0.010123923885607941,0.010951688276238184,0.008899313096636,0.0014614294144569921,0.00189003566360487,-7.158463478088379,-5.273301601409912,-2.4884884357452393,-5.070042133331299,-6.804747581481934,-6.826675891876221,-7.122498512268066,-8.285890579223633,-8.183511734008789,0.007880734004393437,0.05191371035503679,0.8408355414326346,0.06361456108726973,0.011224927153079942,0.01098146260516756,0.008169322769758897,0.0025522975312373807,0.0028274430614214268
cake_impl_17,r2,4.0,0.4269534557539785,350,0.012119163146203175,0.8132965628165145,0.02519187357222425,0.005174318586117704,0.3472397780473435,0.08308020115734036,350,0.012094825212079472,0.8100181368803719,0.027788246768145713,-5.962533950805664,-3.947486639022827,-1.0577397346496582,-3.2224719524383545,-5.260133743286133,-5.191950798034668,-5.264047622680664,-6.943772792816162,-6.825230598449707,0.006027314788114606,0.04521138404692465,0.8132965628165145,0.0933507217074063,0.012166689033747477,0.013025184538476776,0.012119163146203175,0.0022593174644238343,0.002543662458188628,-7.212469100952148,-5.322993278503418,-2.6986474990844727,-5.080883026123047,-6.89243221282959,-6.650626182556152,-6.902926445007324,-8.030800819396973,-8.062726974487305,0.00887497072494653,0.05871591762809823,0.8100181368803719,0.07480024135060308,0.012222419446783572,0.01556582732136214,0.012094825212079472,0.003915344491584964,0.0037923169441701097
cake_impl_18,mu_D,0.0,0.8222377679623128,350,0.033210169842641926,0.7542636481173501,0.0451612775122158,0.027306655925063213,0.6201840584831213,0.11187943135086044,350,0.0399235339526846,0.6857327984613089,0.05559332401488916,-4.992711067199707,-3.494145154953003,-0.47773897647857666,-2.370239019393921,-4.104726791381836,-3.8805832862854004,-3.6006247997283936,-5.899052143096924,-5.460512638092041,0.008254593903068088,0.03694150790612306,0.7542636481173501,0.11366345463941364,0.02006052909730396,0.025100748414911837,0.033210169842641926,0.0033348536862252654,0.00517049439296208,-7.3248491287231445,-5.812453269958496,-2.567600727081299,-3.964735507965088,-6.078482627868652,-5.539599895477295,-5.411122798919678,-6.95958137512207,-7.010817050933838,0.005889903675297508,0.026725963331852797,0.6857327984613089,0.16958482843065298,0.020483222664251604,0.03511010135063755,0.0399235339526846,0.008486760807494042,0.008062887325820018
cake_impl_18,mu_D,0.5,0.8119008714890872,350,0.02952281494858323,0.7588990279828152,0.040097327339299806,0.023969599185565776,0.6161507821914688,0.10808868049107781,350,0.03268392509646252,0.7048216150711832,0.046507546126089795,-5.000041961669922,-3.376372814178467,-0.4842635691165924,-2.3825669288635254,-4.234797954559326,-4.013373851776123,-3.730968952178955,-6.027128219604492,-5.629360198974609,0.008298629187516577,0.042087866416892564,0.7588990279828152,0.11370022456702467,0.01783805952369464,0.022259267815605166,0.02952281494858323,0.0029713134232117284,0.004422796134656339,-7.457751274108887,-5.803472518920898,-2.5746138095855713,-4.004123687744141,-6.24702787399292,-5.7793450355529785,-5.645675182342529,-7.182015419006348,-7.193668365478516,0.005337766344955988,0.02791281865163864,0.7048216150711832,0.16875279023954837,0.0179130711485545,0.028594474977535294,0.03268392509646252,0.0070325061304069,0.006951032339714621
cake_impl_18,mu_D,1.0,0.7995934090923382,350,0.028608883009845928,0.7528015037788237,0.04106506045771832,0.02287547429616658,0.6019351207763484,0.10333931472986732,350,0.032109931440356225,0.7083901524913719,0.047163375400610115,-4.89964485168457,-3.2786929607391357,-0.5076056122779846,-2.4026215076446533,-4.156290531158447,-4.064603805541992,-3.7776899337768555,-6.079978942871094,-5.508522033691406,0.009316270115944656,0.04712078681847259,0.7528015037788237,0.11315806996515013,0.019591908844898486,0.02147315161281984,0.028608883009845928,0.0028617354893628925,0.005067690364681915,-7.355295181274414,-5.72239875793457,-2.614497661590576,-4.097840785980225,-6.24100399017334,-5.834142208099365,-5.708327293395996,-7.310107231140137,-7.1895647048950195,0.006185435929380684,0.031661261801467,0.7083901524913719,0.16071809706379492,0.018849543124486317,0.028313832276123798,0.032109931440356225,0.006471354485463105,0.007300391387556013
cake_impl_18,mu_D,2.0,0.763423039758868,350,0.026434720923912004,0.7344081007209549,0.04287107848429558,0.020180875002910256,0.5606640646759283,0.08599928194846829,350,0.024111423704445654,0.7194030133134858,0.04470815512426336,-4.7206902503967285,-3.2246363162994385,-0.5786333680152893,-2.35153865814209,-4.1563615798950195,-4.070765495300293,-3.903019905090332,-6.086490631103516,-5.6064324378967285,0.011669842934048508,0.05209463254872411,0.7344081007209549,0.1247310200928209,0.020518699841800627,0.02235237864249496,0.026434720923912004,0.0029778679950019865,0.0048127363002420315,-7.241211891174316,-6.012225151062012,-2.782749891281128,-4.274402618408203,-6.366082191467285,-6.153518199920654,-6.178485870361328,-7.492364883422852,-7.469974040985107,0.008330801916292473,0.02847272068988329,0.7194030133134858,0.16186602595056687,0.019987147054940417,0.024721008069322946,0.024111423704445654,0.006480558712804658,0.0066273005882578565
cake_impl_18,mu_D,4.0,0.809578643755381,350,0.019409129731361118,0.7041505981875741,0.03507960350032334,0.015713216924387576,0.5700652862802364,0.07076335188376719,350,0.018316929783436357,0.6589793424802426,0.04285214809513444,-4.827792644500732,-3.2038068771362305,-0.5620043873786926,-1.948545217514038,-4.2804412841796875,-4.22926139831543,-4.153253078460693,-6.468390464782715,-5.8939642906188965,0.00988683420751224,0.05015858877220252,0.7041505981875741,0.17599426706716484,0.017091057172799254,0.017988546327524082,0.019409129731361118,0.0019167023315953978,0.0034042762022665368,-7.200438976287842,-6.091788291931152,-3.065477132797241,-4.132113456726074,-6.286681175231934,-6.74952507019043,-6.648343563079834,-8.057175636291504,-7.752023696899414,0.010545828129493071,0.03195667336762943,0.6589793424802426,0.22679711772173655,0.026297875193783102,0.01655427290135134,0.018316929783436357,0.004477181342277131,0.006074779080050282
cake_impl_18,mu_Dprime_native,0.0,0.8222377679623128,350,0.033210169842641926,0.7542636481173501,0.0451612775122158,0.027306655925063213,0.6201840584831213,0.11187943135086044,350,0.0399235339526846,0.6857327984613089,0.05559332401488916,-4.992711067199707,-3.494145154953003,-0.47773897647857666,-2.370239019393921,-4.104726791381836,-3.8805832862854004,-3.6006247997283936,-5.899052143096924,-5.460512638092041,0.008254593903068088,0.03694150790612306,0.7542636481173501,0.11366345463941364,0.02006052909730396,0.025100748414911837,0.033210169842641926,0.0033348536862252654,0.00517049439296208,-7.3248491287231445,-5.812453269958496,-2.567600727081299,-3.964735507965088,-6.078482627868652,-5.539599895477295,-5.411122798919678,-6.95958137512207,-7.010817050933838,0.005889903675297508,0.026725963331852797,0.6857327984613089,0.16958482843065298,0.020483222664251604,0.03511010135063755,0.0399235339526846,0.008486760807494042,0.008062887325820018
cake_impl_18,mu_Dprime_native,0.5,0.7803441852557541,350,0.02957739127949622,0.7515203230311401,0.04002573813416428,0.023080545299989125,0.5864445141788762,0.10092286881259711,350,0.032820704667010495,0.7134727119679416,0.045394636135077715,-4.801535606384277,-3.3001694679260254,-0.5336772203445435,-2.434784412384033,-4.272793769836426,-4.057564735412598,-3.7687652111053467,-6.072318077087402,-5.3885087966918945,0.010530121516164307,0.04725724637118931,0.7515203230311401,0.11227947324887554,0.017867469312805292,0.02215826882135899,0.02957739127949622,0.002954878092555698,0.005854828326414327,-7.286263465881348,-5.859861373901367,-2.631009817123413,-4.13546085357666,-6.4060516357421875,-5.832812786102295,-5.710094451904297,-7.232160568237305,-7.1708502769470215,0.006786195953674201,0.028255627296529983,0.7134727119679416,0.1584902622335252,0.016364303918055347,0.02903033221702237,0.032820704667010495,0.007163462401792763,0.0076163993444480745
cake_impl_18,mu_Dprime_native,1.0,0.734709163437484,350,0.02805250198313784,0.7277353837597376,0.04059063263351895,0.020610430264359565,0.5346738550059732,0.0836135796184885,350,0.025228165297214805,0.7209210764729834,0.044380001543794,-4.767355918884277,-3.1424458026885986,-0.6260983347892761,-2.396557331085205,-4.385985851287842,-4.052912712097168,-3.8819580078125,-6.058514595031738,-5.391750335693359,0.011573059199668348,0.05876756166859279,0.7277353837597376,0.12390046008403711,0.01694630780992373,0.023644324823595214,0.02805250198313784,0.0031820359826280785,0.006198364688679115,-7.409398555755615,-5.996519088745117,-2.808774948120117,-4.322604179382324,-6.613687992095947,-6.045331001281738,-6.161343574523926,-7.471643447875977,-7.4398322105407715,0.007242062631534181,0.029748702770615608,0.7209210764729834,0.15864998699474206,0.01604851983718472,0.028331481706609277,0.025228165297214805,0.0068050240316113834,0.007024980257504608
cake_impl_18,mu_Dprime_native,2.0,0.6661990822510189,350,0.017362984882204925,0.7834966790202299,0.024805518054411592,0.011567204593663236,0.5219647685099983,0.05641901323726746,350,0.015117466827931253,0.777472324767478,0.028045443043095572,-5.166591167449951,-3.2864503860473633,-0.6501551866531372,-2.6753311157226562,-4.964728832244873,-4.651678085327148,-4.45958137512207,-6.652943134307861,-5.850951671600342,0.00856197461046026,0.0561188421728263,0.7834966790202299,0.10339854537866393,0.010477113143595961,0.014328404910815632,0.017362984882204925,0.0019366871824466844,0.004318768698756331,-7.757729530334473,-6.390200614929199,-3.1266562938690186,-4.9061126708984375,-7.133050441741943,-7.151081562042236,-7.0668535232543945,-8.265952110290527,-7.940832138061523,0.007575920118442773,0.029740320782524178,0.777472324767478,0.13118278699730604,0.01414914078577966,0.013896302257315913,0.015117466827931253,0.004557399755578079,0.006308337707644145
cake_impl_18,mu_Dprime_native,4.0,0.8365589656027307,350,0.006118476409059995,0.8406772601156782,0.008078605275100854,0.00511846629582794,0.7032760991281095,0.27573359247305446,350,0.005888165058010911,0.8822285208720405,0.005888790403439142,-6.866387367248535,-3.104417085647583,-0.3520057201385498,-2.616719961166382,-6.7802042961120605,-5.181034564971924,-5.274900436401367,-7.050630569458008,-6.435026168823242,0.001245860158739163,0.053613262035968,0.8406772601156782,0.08731249571995711,0.0013579948720864935,0.006720610403014362,0.006118476409059995,0.0010362236300925371,0.0019178166554040651,-7.981139183044434,-4.519914627075195,-1.4136242866516113,-4.082345485687256,-7.924615859985352,-6.675050735473633,-6.423130989074707,-7.604952812194824,-7.371994972229004,0.0012397828211135793,0.039494474497521186,0.8822285208720405,0.06117446827181681,0.0013118777962389308,0.004576912607200211,0.005888165058010911,0.0018060146934391335,0.0022797833826189804
cake_impl_18,mu_Dprime_matched,0.0,0.8222377679623128,350,0.033210169842641926,0.7542636481173501,0.0451612775122158,0.027306655925063213,0.6201840584831213,0.11187943135086044,350,0.0399235339526846,0.6857327984613089,0.05559332401488916,-4.992711067199707,-3.494145154953003,-0.47773897647857666,-2.370239019393921,-4.104726791381836,-3.8805832862854004,-3.6006247997283936,-5.899052143096924,-5.460512638092041,0.008254593903068088,0.03694150790612306,0.7542636481173501,0.11366345463941364,0.02006052909730396,0.025100748414911837,0.033210169842641926,0.0033348536862252654,0.00517049439296208,-7.3248491287231445,-5.812453269958496,-2.567600727081299,-3.964735507965088,-6.078482627868652,-5.539599895477295,-5.411122798919678,-6.95958137512207,-7.010817050933838,0.005889903675297508,0.026725963331852797,0.6857327984613089,0.16958482843065298,0.020483222664251604,0.03511010135063755,0.0399235339526846,0.008486760807494042,0.008062887325820018
cake_impl_18,mu_Dprime_matched,0.5,0.8079492553467353,350,0.029626975283619347,0.7575366097063281,0.04013524729441546,0.023937092618576385,0.6120511397101183,0.10823454317275277,350,0.03255749392407525,0.6968500155257389,0.05162475461396905,-4.881711483001709,-3.384803295135498,-0.4909394383430481,-2.3916757106781006,-4.23582649230957,-4.019641876220703,-3.732326030731201,-6.033100128173828,-5.474783897399902,0.009386756578040598,0.04193865725346008,0.7575366097063281,0.11322031304438486,0.01790687669353627,0.02222837060087919,0.029626975283619347,0.0029680678217269465,0.0051873730180247175,-7.302068710327148,-5.817563533782959,-2.58463978767395,-3.9895644187927246,-6.121908187866211,-5.685947418212891,-5.648202419281006,-7.1958208084106445,-7.13918399810791,0.006228535788118307,0.027485166406341133,0.6968500155257389,0.17099692445995704,0.0202732402398608,0.031351514374108255,0.03255749392407525,0.006926739286953097,0.007330369994847207
cake_impl_18,mu_Dprime_matched,1.0,0.7755105945671494,350,0.03162999985335062,0.7443537580152667,0.04602051875085213,0.024529399992430787,0.5772542254467116,0.10051242220453303,350,0.03216420647399939,0.7146284461670837,0.05001314527860206,-4.817452430725098,-3.3182742595672607,-0.5494725108146667,-2.4481167793273926,-4.2118706703186035,-3.8694052696228027,-3.707882881164551,-5.8864545822143555,-5.403261184692383,0.010428437850142615,0.046698621884822315,0.7443537580152667,0.1114830024091512,0.019108213017159655,0.026912305733692476,0.03162999985335062,0.003580614134433205,0.0058050471019812306,-7.376187801361084,-5.970130920410156,-2.6334664821624756,-4.158185005187988,-6.3431596755981445,-5.723514080047607,-5.734375,-7.136286735534668,-7.115962028503418,0.006227913921821528,0.02540886969523948,0.7146284461670837,0.15556197867398813,0.017497702008029074,0.032515443270572986,0.03216420647399939,0.007916447035501033,0.00807899275376474
cake_impl_18,mu_Dprime_matched,2.0,0.7184912018752903,350,0.0315070420713397,0.7207124384085325,0.04568802170471341,0.022637532525372196,0.5178255460786176,0.08110795006138655,350,0.028977862890461028,0.7173164109985808,0.04587058161094474,-4.801953315734863,-3.1742773056030273,-0.65811687707901,-2.4343438148498535,-4.292814254760742,-3.9549288749694824,-3.7881460189819336,-5.970636367797852,-5.307194232940674,0.011431855286498338,0.0582113173515525,0.7207124384085325,0.12199905304765304,0.019020984990859264,0.02666703671385414,0.0315070420713397,0.0035527456598240465,0.0068975264698866185,-7.457338333129883,-6.021341800689697,-2.844212532043457,-4.375270843505859,-6.617453575134277,-6.039127349853516,-6.053197383880615,-7.3824615478515625,-7.3436598777771,0.0071163235777823765,0.029915830040036662,0.7173164109985808,0.15516029289360087,0.016482117389967684,0.029388464220977056,0.028977862890461028,0.007669627327839629,0.007973070660754054
cake_impl_18,mu_Dprime_matched,4.0,0.6857300055560428,350,0.014026198092428629,0.7808497759276812,0.01902623704737564,0.00961818489585124,0.5354521211853236,0.05856476419979106,350,0.012218001648787398,0.7728979291557369,0.021343711559218503,-5.389939308166504,-3.2586748600006104,-0.6246438026428223,-2.517317295074463,-5.275064468383789,-4.837198734283447,-4.644099712371826,-6.831320285797119,-5.858295440673828,0.006653129047436035,0.05605602996464759,0.7808497759276812,0.11764943238356862,0.007463034621564983,0.011563202425810656,0.014026198092428629,0.0015741356056653754,0.004165061931197022,-7.862154960632324,-6.333957672119141,-3.0952303409576416,-4.764730930328369,-7.316514015197754,-7.443018913269043,-7.242466926574707,-8.292278289794922,-7.82659387588501,0.0065746567745857,0.03030824123934732,0.7728979291557369,0.14556844748162773,0.011345978007474406,0.009997733551744097,0.012218001648787398,0.004276346595784499,0.006812665544911875
cake_impl_18,mu_D_par,0.0,0.8222377679623128,350,0.033210169842641926,0.7542636481173501,0.0451612775122158,0.027306655925063213,0.6201840584831213,0.11187943135086044,350,0.0399235339526846,0.6857327984613089,0.05559332401488916,-4.992711067199707,-3.494145154953003,-0.47773897647857666,-2.370239019393921,-4.104726791381836,-3.8805832862854004,-3.6006247997283936,-5.899052143096924,-5.460512638092041,0.008254593903068088,0.03694150790612306,0.7542636481173501,0.11366345463941364,0.02006052909730396,0.025100748414911837,0.033210169842641926,0.0033348536862252654,0.00517049439296208,-7.3248491287231445,-5.812453269958496,-2.567600727081299,-3.964735507965088,-6.078482627868652,-5.539599895477295,-5.411122798919678,-6.95958137512207,-7.010817050933838,0.005889903675297508,0.026725963331852797,0.6857327984613089,0.16958482843065298,0.020483222664251604,0.03511010135063755,0.0399235339526846,0.008486760807494042,0.008062887325820018
cake_impl_18,mu_D_par,0.5,0.803499920190473,350,0.033166296259201596,0.7507354318381121,0.04504464669984347,0.026649116397282065,0.6032158595660834,0.10782919694538427,350,0.03638061627541511,0.6906572508217754,0.0558755601066135,-5.023583889007568,-3.39717173576355,-0.505480170249939,-2.4009788036346436,-4.129215240478516,-3.90714168548584,-3.6249992847442627,-5.931821346282959,-5.494323253631592,0.008190292267342808,0.04165251439216693,0.7507354318381121,0.11279304377256354,0.02003174432756378,0.02501290237227969,0.033166296259201596,0.00330260689842641,0.005115167872343174,-7.379483222961426,-5.830223083496094,-2.597318410873413,-4.0030837059021,-6.109987258911133,-5.571587085723877,-5.540925979614258,-7.104430675506592,-7.174037456512451,0.0057862179222005015,0.027241430893062434,0.6906572508217754,0.16933489589761078,0.020593486440768916,0.035282073665844585,0.03638061627541511,0.007618133689064156,0.007105894394258021
cake_impl_18,mu_D_par,1.0,0.7833797151079893,350,0.03319674364907752,0.7443359308778678,0.04493336557867719,0.0260056555823273,0.583097669475744,0.1017961076170675,350,0.03747602984013136,0.7049415964106754,0.051588066206460816,-4.805782794952393,-3.3064615726470947,-0.539400577545166,-2.4380502700805664,-4.153020858764648,-3.9382119178771973,-3.6494412422180176,-5.956783294677734,-5.442322731018066,0.01044486255003123,0.04677886310393416,0.7443359308778678,0.11147972774126755,0.02006289665591766,0.02487046892275953,0.03319674364907752,0.0033039203089252804,0.0055265861902195675,-7.260539531707764,-5.838330268859863,-2.6344237327575684,-4.144340515136719,-6.247565269470215,-5.708904266357422,-5.5688371658325195,-7.182873249053955,-7.20937967300415,0.006903297240871064,0.028622937913056385,0.7049415964106754,0.15574159243126692,0.019010157103034622,0.03257790910342619,0.03747602984013136,0.007460820845815466,0.007265659111722587
cake_impl_18,mu_D_par,2.0,0.7366971751465496,350,0.032831677822279116,0.7259228495972175,0.04441533113690438,0.024187004306994647,0.5347853126726038,0.08426296560152419,350,0.03283422582945568,0.7058068255410875,0.047393081144945795,-4.766999244689941,-3.2692456245422363,-0.6258898973464966,-2.3959665298461914,-4.226090908050537,-4.011221408843994,-3.7219398021698,-5.90106201171875,-5.372589111328125,0.01154594616601564,0.05162923150960069,0.7259228495972175,0.12363913348964566,0.01983092783111279,0.024584403305791588,0.032831677822279116,0.0037146023263142625,0.006301227952022899,-7.3318071365356445,-6.00735330581665,-2.8222265243530273,-4.299618721008301,-6.529440402984619,-5.978090763092041,-5.890096664428711,-7.231255531311035,-7.390525817871094,0.007766044564131435,0.029201345891175484,0.7058068255410875,0.1610877721687421,0.017324604269150178,0.030068476875795613,0.03283422582945568,0.008587542227698525,0.007323162632763465
cake_impl_18,mu_D_par,4.0,0.671363843758072,350,0.0201260286775267,0.7606443006400792,0.027316727404340577,0.013511887972529512,0.510669081410394,0.05656808156681789,350,0.01773601158245125,0.7536583058916476,0.029650373890469702,-5.063661098480225,-3.1853270530700684,-0.6720334887504578,-2.5715832710266113,-4.934976577758789,-4.496420383453369,-4.304185390472412,-6.497575759887695,-5.7337965965271,0.00941720399207552,0.06161296220518117,0.7606443006400792,0.11381974990135992,0.01071048051132564,0.016606246893014938,0.0201260286775267,0.0022448160203602657,0.004818211159076725,-7.7773637771606445,-6.331904411315918,-3.1551265716552734,-4.780860424041748,-7.197649955749512,-6.981485366821289,-6.904468536376953,-8.10795783996582,-7.910557270050049,0.007409047470675527,0.03144252419448492,0.7536583058916476,0.1482952527783426,0.013229057103214717,0.016421316787254985,0.01773601158245125,0.00532337670916745,0.006485107482760856
cake_impl_18,mu_D_perp_native,0.0,0.8222377679623128,350,0.033210169842641926,0.7542636481173501,0.0451612775122158,0.027306655925063213,0.6201840584831213,0.11187943135086044,350,0.0399235339526846,0.6857327984613089,0.05559332401488916,-4.992711067199707,-3.494145154953003,-0.47773897647857666,-2.370239019393921,-4.104726791381836,-3.8805832862854004,-3.6006247997283936,-5.899052143096924,-5.460512638092041,0.008254593903068088,0.03694150790612306,0.7542636481173501,0.11366345463941364,0.02006052909730396,0.025100748414911837,0.033210169842641926,0.0033348536862252654,0.00517049439296208,-7.3248491287231445,-5.812453269958496,-2.567600727081299,-3.964735507965088,-6.078482627868652,-5.539599895477295,-5.411122798919678,-6.95958137512207,-7.010817050933838,0.005889903675297508,0.026725963331852797,0.6857327984613089,0.16958482843065298,0.020483222664251604,0.03511010135063755,0.0399235339526846,0.008486760807494042,0.008062887325820018
cake_impl_18,mu_D_perp_native,0.5,0.8218353068265273,350,0.02864794091423068,0.7624732499236911,0.0412370626392075,0.023543889311194995,0.6266274372980561,0.11935074768528094,350,0.032317020972420715,0.7134519583015949,0.049324240325593585,-4.9843339920043945,-3.4841737747192383,-0.4674031138420105,-2.3622379302978516,-4.127952575683594,-4.03000545501709,-3.7488889694213867,-6.049147605895996,-5.6044487953186035,0.008328110066272229,0.03732998028958475,0.7624732499236911,0.11463264330842082,0.01960957493332578,0.021627487705881715,0.02864794091423068,0.002871466669035191,0.004479546189557754,-7.311140060424805,-5.804342269897461,-2.4633288383483887,-3.9538116455078125,-6.099435806274414,-5.615015983581543,-5.557849884033203,-7.134807109832764,-7.137222766876221,0.0055974093807871095,0.0252569577105682,0.7134519583015949,0.16071494937949296,0.018802843986649647,0.030521396338943935,0.032317020972420715,0.006676786645525203,0.006660677284017288
cake_impl_18,mu_D_perp_native,1.0,0.8303265493082607,350,0.02651766734277974,0.7626460524009616,0.0431989680520004,0.022018323220434656,0.6332452650336574,0.11319213169738152,350,0.032064045330455,0.6972379880165805,0.05532404912050624,-4.9723124504089355,-3.4760265350341797,-0.45689746737480164,-2.3497958183288574,-4.06943416595459,-3.9748458862304688,-3.815880298614502,-5.984936237335205,-5.674751281738281,0.008342634478798601,0.03725048506471626,0.7626460524009616,0.11488087056598004,0.020578715956846044,0.022620252095154357,0.02651766734277974,0.0030305837699421924,0.004132738324821175,-7.38946533203125,-5.818525314331055,-2.539297103881836,-3.953031301498413,-6.028351783752441,-5.558959007263184,-5.618688583374023,-7.06478214263916,-7.211813926696777,0.005457324059101726,0.026256106439567863,0.6972379880165805,0.169591499475776,0.02128647977510223,0.03403756934540401,0.032064045330455,0.007550711218465043,0.006518276339547467
cake_impl_18,mu_D_perp_native,2.0,0.8411894199046089,350,0.026661002114489497,0.7631316645791626,0.043436406199740166,0.022426952902762972,0.6419382822381844,0.12307226273140638,350,0.029663838300524076,0.7156284056860511,0.050515594633487565,-4.960302352905273,-3.4647164344787598,-0.44326311349868774,-2.336341142654419,-4.052038192749023,-3.9553823471069336,-3.7974917888641357,-6.105099201202393,-5.782480239868164,0.008334398422170933,0.037187670089103855,0.7631316645791626,0.11493336767805536,0.020669423835006664,0.022766982364733502,0.026661002114489497,0.0026527437730078387,0.003662747144269731,-7.300525665283203,-5.692984580993652,-2.4295778274536133,-3.932695150375366,-5.940649509429932,-5.630509376525879,-5.612810134887695,-7.1790337562561035,-7.219073295593262,0.005486075791937174,0.027378397560335686,0.7156284056860511,0.15918128705017465,0.021372164772273335,0.02914342986121423,0.029663838300524076,0.006194768323009502,0.005951632654480378
cake_impl_18,mu_D_perp_native,4.0,0.8373061110598533,350,0.023808856999494202,0.7312475901321347,0.046725120543387996,0.019935301463026658,0.6122780759154273,0.12296090687218982,350,0.02364913069743179,0.673324826355212,0.04790297945929625,-4.756289482116699,-3.389449119567871,-0.49056872725486755,-2.132321357727051,-3.9176430702209473,-3.95100736618042,-3.9152631759643555,-6.215116500854492,-5.781505584716797,0.010267990606058675,0.04028067037883018,0.7312475901321347,0.1415990500460322,0.023752261809461387,0.022972858733926613,0.023808856999494202,0.0023873986194061607,0.0036833226746559805,-6.964758396148682,-5.643649578094482,-2.4914162158966064,-3.665637969970703,-5.898522853851318,-5.761401176452637,-5.840317726135254,-7.395118713378906,-7.28819465637207,0.007682044228056359,0.028789032692387577,0.673324826355212,0.20809737380450208,0.022311923676167047,0.02559105578312921,0.02364913069743179,0.00499543936922598,0.005559173393887916
cake_impl_18,mu_D_perp_matched,0.0,0.8222377679623128,350,0.033210169842641926,0.7542636481173501,0.0451612775122158,0.027306655925063213,0.6201840584831213,0.11187943135086044,350,0.0399235339526846,0.6857327984613089,0.05559332401488916,-4.992711067199707,-3.494145154953003,-0.47773897647857666,-2.370239019393921,-4.104726791381836,-3.8805832862854004,-3.6006247997283936,-5.899052143096924,-5.460512638092041,0.008254593903068088,0.03694150790612306,0.7542636481173501,0.11366345463941364,0.02006052909730396,0.025100748414911837,0.033210169842641926,0.0033348536862252654,0.00517049439296208,-7.3248491287231445,-5.812453269958496,-2.567600727081299,-3.964735507965088,-6.078482627868652,-5.539599895477295,-5.411122798919678,-6.95958137512207,-7.010817050933838,0.005889903675297508,0.026725963331852797,0.6857327984613089,0.16958482843065298,0.020483222664251604,0.03511010135063755,0.0399235339526846,0.008486760807494042,0.008062887325820018
cake_impl_18,mu_D_perp_matched,0.5,0.8363439391027199,350,0.029869495029187933,0.7551341255694386,0.04865941805592862,0.024981171131720145,0.6315518491296321,0.12367120171066405,350,0.03276363345458833,0.6962489644194924,0.05911610674536291,-4.974872589111328,-3.4763784408569336,-0.45957523584365845,-2.3547937870025635,-3.9431867599487305,-3.8485941886901855,-3.6896328926086426,-5.990443229675293,-5.5543212890625,0.00826143275873088,0.03696946043677687,0.7551341255694386,0.11348569935070768,0.023179861412185938,0.02547955664374268,0.029869495029187933,0.0029922553161229764,0.0046281134831064686,-7.405808448791504,-5.817848205566406,-2.452176809310913,-3.8659310340881348,-5.831062316894531,-5.431619644165039,-5.5085649490356445,-7.092084884643555,-7.075474262237549,0.004913938036285744,0.02404761702916264,0.6962489644194924,0.16934754441411756,0.02373193943344075,0.03538416731192216,0.03276363345458833,0.00672478011661323,0.006837415784377303
cake_impl_18,mu_D_perp_matched,1.0,0.8375826313368241,350,0.025527084565395555,0.7571958940755616,0.036776969922425996,0.021381042660641638,0.6342141293972481,0.13444645871967928,350,0.025891532651257817,0.7150352704623734,0.04134641738885397,-4.971858978271484,-3.475198268890381,-0.45536863803863525,-2.2238011360168457,-4.223830223083496,-4.125135898590088,-3.8452506065368652,-6.145404815673828,-5.823445796966553,0.008274112432332052,0.03695837820067608,0.7571958940755616,0.129177767559997,0.017481801258891747,0.01929516866353425,0.025527084565395555,0.0025589213426612557,0.0035308719009503665,-7.312726020812988,-5.703354835510254,-2.342012643814087,-3.731821298599243,-6.112227439880371,-5.700806140899658,-5.660428524017334,-7.293225288391113,-7.351653575897217,0.00496105536743808,0.02480362170744596,0.7150352704623734,0.1781317092022113,0.016479498195722895,0.024866919193131082,0.025891532651257817,0.005058749033831437,0.004771644186588025
cake_impl_18,mu_D_perp_matched,2.0,0.8459018286836594,350,0.02367135206654554,0.7498824561076446,0.04644308306563098,0.02002364000050559,0.6343269409192505,0.1319455143201406,350,0.022144925561670067,0.7235239678228437,0.050263410515421686,-4.845043182373047,-3.476531982421875,-0.4551907777786255,-2.2215399742126465,-3.913456916809082,-3.946876049041748,-3.910841703414917,-6.0846638679504395,-5.891173362731934,0.00930046188949906,0.03654612876392618,0.7498824561076446,0.1281968883849621,0.023609527307269104,0.02283355575836188,0.02367135206654554,0.0026924279734587804,0.003267201748332625,-7.1564764976501465,-5.8032379150390625,-2.3489878177642822,-3.825774669647217,-5.788444519042969,-5.6353888511657715,-5.835513114929199,-7.241242408752441,-7.401574611663818,0.0059099950463867975,0.022871316613922655,0.7235239678228437,0.1652313843990461,0.02321217607579632,0.027051234439625368,0.022144925561670067,0.005429673928487877,0.004625326112221241
cake_impl_18,mu_D_perp_matched,4.0,0.84979438527068,350,0.023610729070408416,0.6922218728453636,0.05592304465996268,0.020064264996180293,0.5882462609055445,0.12979615799981842,350,0.02134562446621602,0.6481849929166323,0.051549005836206696,-4.543336868286133,-3.4319090843200684,-0.5306096076965332,-1.9210820198059082,-3.660487174987793,-3.825702667236328,-3.9088149070739746,-6.223071575164795,-5.965333461761475,0.012518145968683345,0.038038813757326255,0.6922218728453636,0.17233394197742907,0.030266120827297283,0.025656923832665397,0.023610729070408416,0.002333675662810705,0.003019776058015883,-6.784667015075684,-5.666047096252441,-2.4753692150115967,-3.490107297897339,-5.723776340484619,-5.677087783813477,-5.888698577880859,-7.487311363220215,-7.500982761383057,0.008713541749294524,0.026668904394129493,0.6481849929166323,0.2349653498016383,0.02517292502174614,0.02637608081446056,0.02134562446621602,0.004315589753060839,0.004256991082821841
cake_impl_18,r0,0.0,0.8222377679623128,350,0.033210169842641926,0.7542636481173501,0.0451612775122158,0.027306655925063213,0.6201840584831213,0.11187943135086044,350,0.0399235339526846,0.6857327984613089,0.05559332401488916,-4.992711067199707,-3.494145154953003,-0.47773897647857666,-2.370239019393921,-4.104726791381836,-3.8805832862854004,-3.6006247997283936,-5.899052143096924,-5.460512638092041,0.008254593903068088,0.03694150790612306,0.7542636481173501,0.11366345463941364,0.02006052909730396,0.025100748414911837,0.033210169842641926,0.0033348536862252654,0.00517049439296208,-7.3248491287231445,-5.812453269958496,-2.567600727081299,-3.964735507965088,-6.078482627868652,-5.539599895477295,-5.411122798919678,-6.95958137512207,-7.010817050933838,0.005889903675297508,0.026725963331852797,0.6857327984613089,0.16958482843065298,0.020483222664251604,0.03511010135063755,0.0399235339526846,0.008486760807494042,0.008062887325820018
cake_impl_18,r0,0.5,0.815974771665902,350,0.02434447275159238,0.7855516651352418,0.03740695319749398,0.019864475594807366,0.6409903405904981,0.12336146502432205,350,0.029596074041675753,0.7288497958555213,0.04570889640074036,-5.085232257843018,-3.5868639945983887,-0.444740891456604,-2.468022346496582,-4.298398017883301,-4.0785017013549805,-3.9188222885131836,-6.101714611053467,-5.590534687042236,0.007582893558118389,0.03392876317767102,0.7855516651352418,0.10386632896854947,0.01665531030261643,0.020751642894877548,0.02434447275159238,0.0027439884742284214,0.004574934737104534,-7.417050361633301,-5.878885269165039,-2.408924102783203,-3.949671506881714,-6.169744491577148,-5.641668319702148,-5.612750053405762,-7.177036285400391,-7.214311599731445,0.00487120534500725,0.02268052219458142,0.7288497958555213,0.1561348825388593,0.016956432843785667,0.028752463556954697,0.029596074041675753,0.0061926028237877205,0.005966020799826906
cake_impl_18,r0,1.0,0.8145948315936208,350,0.023381997045936454,0.8065999070698281,0.031748976901045264,0.019046853945957145,0.6570521154629768,0.12383566393219204,350,0.02820064393242901,0.7540696797684013,0.0387378361445483,-5.186130523681641,-3.690025806427002,-0.41999194025993347,-2.5722808837890625,-4.4654717445373535,-4.243080139160156,-3.960853338241577,-6.262886047363281,-5.572378158569336,0.006866738057559457,0.03065494236391269,0.8065999070698281,0.09374129654596915,0.01411655134130713,0.017632425559738134,0.023381997045936454,0.0023394916451915013,0.0046666503705574324,-7.523377418518066,-5.874373435974121,-2.371070384979248,-4.054013252258301,-6.314188480377197,-5.813589096069336,-5.657210350036621,-7.328680038452148,-7.123823642730713,0.004363077878254405,0.022695841780439922,0.7540696797684013,0.14012598487940256,0.014619652450246207,0.024118183694302093,0.02820064393242901,0.005300892081991235,0.006506043534533359
cake_impl_18,r0,2.0,0.7860158437136235,350,0.02158862826716905,0.8220276134006959,0.02736101463220688,0.016969003862038663,0.6461267281030443,0.13066233822671755,350,0.024373218680657182,0.7876410770650889,0.031022087995222283,-5.202756404876709,-3.7073400020599365,-0.4367596209049225,-2.718179702758789,-4.5800604820251465,-4.487216949462891,-4.076366901397705,-6.377758026123047,-5.605897903442383,0.006999069442726259,0.031224205342298316,0.8220276134006959,0.08396112596408975,0.013045889800155986,0.014315124832050895,0.02158862826716905,0.0021614419798355864,0.004676900970978277,-7.397575378417969,-5.69554328918457,-2.2738516330718994,-4.188592433929443,-6.400869369506836,-6.0350799560546875,-5.749409198760986,-7.449026107788086,-7.148606777191162,0.004689466178611851,0.025722107702819675,0.7876410770650889,0.1160825643169137,0.012705370317111516,0.018316717678110765,0.024373218680657182,0.004454291553163811,0.006015186507522653
cake_impl_18,r0,4.0,0.7494647081849972,350,0.01622717727561008,0.8432584268362351,0.02192104690791926,0.012161696681531326,0.6319924307933588,0.11409620912923714,350,0.01641292613340989,0.8138672030822925,0.023463076860715852,-4.978317737579346,-3.6167151927948,-0.4588778614997864,-3.001145839691162,-4.786806583404541,-4.8171257972717285,-4.409463882446289,-6.463610649108887,-5.5633544921875,0.009187405613224724,0.03585331874632406,0.8432584268362351,0.06635409579285617,0.011126667954076625,0.010794378953842635,0.01622717727561008,0.0020803594256249896,0.005118169402205606,-7.2910284996032715,-5.490140914916992,-2.376671314239502,-4.536937713623047,-6.780603408813477,-6.4750261306762695,-6.280399322509766,-7.612943649291992,-7.295921802520752,0.0059741392338131995,0.036173529093702896,0.8138672030822925,0.09383433296597452,0.009952911455312194,0.01351016540540366,0.01641292613340989,0.004329815262110096,0.005944977367981149
cake_impl_18,r1,0.0,0.8222377679623128,350,0.033210169842641926,0.7542636481173501,0.0451612775122158,0.027306655925063213,0.6201840584831213,0.11187943135086044,350,0.0399235339526846,0.6857327984613089,0.05559332401488916,-4.992711067199707,-3.494145154953003,-0.47773897647857666,-2.370239019393921,-4.104726791381836,-3.8805832862854004,-3.6006247997283936,-5.899052143096924,-5.460512638092041,0.008254593903068088,0.03694150790612306,0.7542636481173501,0.11366345463941364,0.02006052909730396,0.025100748414911837,0.033210169842641926,0.0033348536862252654,0.00517049439296208,-7.3248491287231445,-5.812453269958496,-2.567600727081299,-3.964735507965088,-6.078482627868652,-5.539599895477295,-5.411122798919678,-6.95958137512207,-7.010817050933838,0.005889903675297508,0.026725963331852797,0.6857327984613089,0.16958482843065298,0.020483222664251604,0.03511010135063755,0.0399235339526846,0.008486760807494042,0.008062887325820018
cake_impl_18,r1,0.5,0.8243741823018579,350,0.033120099987073874,0.7557724680227556,0.04500594418108812,0.0273033553445998,0.6230393103325161,0.12998824023207325,350,0.034411489178743,0.7210084844091683,0.048404901353775745,-4.989109039306641,-3.4922678470611572,-0.47314566373825073,-2.3774826526641846,-4.104905128479004,-3.8819713592529297,-3.600745677947998,-5.906484603881836,-5.4772820472717285,0.00826291133326518,0.0369150076348203,0.7557724680227556,0.11255065350962459,0.020004973105409864,0.025000971075678263,0.033120099987073874,0.0033015809268961845,0.005071334404475937,-7.318778038024902,-5.854280471801758,-2.3674156665802,-3.9034910202026367,-6.013780117034912,-5.560399532318115,-5.4096760749816895,-6.919164180755615,-7.118644714355469,0.00510024477322619,0.02206044309557852,0.7210084844091683,0.15517841991644382,0.018808077923229322,0.02959682343054642,0.034411489178743,0.00760573365084957,0.006230283622214773
cake_impl_18,r1,1.0,0.825200093636282,350,0.03312168704321031,0.7559777286982451,0.04483590910558428,0.027332019249448773,0.6238328925087356,0.1262907815563973,350,0.03427122577318705,0.7185888777479292,0.04929939340320596,-4.990232944488525,-3.4916367530822754,-0.4718727469444275,-2.3762319087982178,-4.104325771331787,-3.8874545097351074,-3.599696397781372,-5.912307262420654,-5.478496074676514,0.008245369077514095,0.036901341677668474,0.7559777286982451,0.11257872497816002,0.019996532668802188,0.02483937643678209,0.03312168704321031,0.0032791275654609603,0.0050601118541569005,-7.326276779174805,-5.859302520751953,-2.3996341228485107,-3.9253976345062256,-6.032933235168457,-5.56551456451416,-5.442617416381836,-7.021455764770508,-7.07337760925293,0.0052103484814634005,0.022592567917549888,0.7185888777479292,0.15626071858912946,0.01899147671502279,0.030307916688183167,0.03427122577318705,0.007067223979825769,0.006709644107709222
cake_impl_18,r1,2.0,0.8161095620117117,350,0.038982698378244085,0.7468731081388001,0.0491104530144365,0.03181415289950344,0.609530285161482,0.13564522336159873,350,0.0364964472783078,0.7256276977588904,0.048756888361460804,-4.764901638031006,-3.5240094661712646,-0.49506664276123047,-2.407390832901001,-3.953853130340576,-3.868060827255249,-3.4478440284729004,-6.02884578704834,-5.467286109924316,0.0104443410645623,0.03612381989637789,0.7468731081388001,0.11034050801719891,0.0235025473818125,0.025607905632624,0.038982698378244085,0.002950917555620387,0.005174153934759762,-7.150124549865723,-5.82891321182251,-2.3184306621551514,-3.8950657844543457,-5.882894515991211,-5.565691947937012,-5.308252811431885,-7.134540557861328,-7.146116256713867,0.0057854328610628955,0.02168356327175713,0.7256276977588904,0.14996500216718844,0.02054408811224101,0.028212800249219794,0.0364964472783078,0.005876299191614301,0.005808669109718337
cake_impl_18,r1,4.0,0.7895025742994201,350,0.03607459274425726,0.7522666627818393,0.051192066128839545,0.02848098383839429,0.5939164668258958,0.12276052321941258,350,0.03518375117720394,0.7320036017965312,0.052433546135686175,-4.916928291320801,-3.6846108436584473,-0.5210165977478027,-2.430061101913452,-3.939854145050049,-3.8648905754089355,-3.558518648147583,-6.041257858276367,-5.5596022605896,0.009273669724550251,0.031800964513674736,0.7522666627818393,0.11150242746947445,0.0246370970834534,0.026554969045386144,0.03607459274425726,0.00301273892033575,0.004876877717028906,-7.330343246459961,-6.017075538635254,-2.409489631652832,-4.0362043380737305,-5.944343566894531,-5.568513870239258,-5.444690704345703,-7.247596740722656,-7.300765037536621,0.005338431160448557,0.019849911078564056,0.7320036017965312,0.1438931093871458,0.021347433020081213,0.03108611311560496,0.03518375117720394,0.005798958458850747,0.005498690805569318
cake_impl_18,r2,0.0,0.8222377679623128,350,0.033210169842641926,0.7542636481173501,0.0451612775122158,0.027306655925063213,0.6201840584831213,0.11187943135086044,350,0.0399235339526846,0.6857327984613089,0.05559332401488916,-4.992711067199707,-3.494145154953003,-0.47773897647857666,-2.370239019393921,-4.104726791381836,-3.8805832862854004,-3.6006247997283936,-5.899052143096924,-5.460512638092041,0.008254593903068088,0.03694150790612306,0.7542636481173501,0.11366345463941364,0.02006052909730396,0.025100748414911837,0.033210169842641926,0.0033348536862252654,0.00517049439296208,-7.3248491287231445,-5.812453269958496,-2.567600727081299,-3.964735507965088,-6.078482627868652,-5.539599895477295,-5.411122798919678,-6.95958137512207,-7.010817050933838,0.005889903675297508,0.026725963331852797,0.6857327984613089,0.16958482843065298,0.020483222664251604,0.03511010135063755,0.0399235339526846,0.008486760807494042,0.008062887325820018
cake_impl_18,r2,0.5,0.8231208728265222,350,0.029605566034947867,0.7660520729458433,0.04028023485118529,0.02436895935520953,0.6305534509137493,0.13151134664862588,350,0.030442103738736768,0.7243706078395784,0.04511152298338539,-4.9784088134765625,-3.607844352722168,-0.46115735173225403,-2.3567306995391846,-4.218522071838379,-3.993497848510742,-3.714445114135742,-6.013018608093262,-5.55408239364624,0.008364517784983327,0.03293589665751944,0.7660520729458433,0.11508566912851906,0.01788362389090231,0.022396610960282972,0.029605566034947867,0.002972457023410103,0.004703585573591638,-7.194833755493164,-5.91867208480835,-2.351114273071289,-3.8538661003112793,-6.019173622131348,-5.654706954956055,-5.520590782165527,-7.0713396072387695,-7.098562717437744,0.005706373272955315,0.02044514281173946,0.7243706078395784,0.1611847662533182,0.018490254354575027,0.026621268628810358,0.030442103738736768,0.0064564382840591895,0.006283044816227157
cake_impl_18,r2,1.0,0.8301772552067006,350,0.033171009461330885,0.7418845566982043,0.04506275012268798,0.02753781758704317,0.6158956849599551,0.14490123329755003,350,0.03456582526664863,0.6997182447270236,0.04980634218737354,-4.876949787139893,-3.5062379837036133,-0.48467767238616943,-2.2579922676086426,-4.096920967102051,-3.8734617233276367,-3.5921950340270996,-5.891928195953369,-5.4302473068237305,0.009179029979650422,0.036148423430793344,0.7418845566982043,0.12594925048349886,0.0200243764197541,0.025038373702933887,0.033171009461330885,0.0033265745920477035,0.00527840523178648,-7.002111434936523,-5.716075420379639,-2.288780450820923,-3.6840038299560547,-5.859820365905762,-5.434081077575684,-5.296592712402344,-6.894928932189941,-6.961259365081787,0.006279854191942888,0.02272311701316927,0.6997182447270236,0.17337456460608558,0.019680687626759782,0.03012565456061375,0.03456582526664863,0.006990340483279132,0.0065417115244774775
cake_impl_18,r2,2.0,0.8185389401545071,350,0.043663225372263706,0.7119912495175577,0.055342439139763874,0.03574005021994012,0.5827925627793848,0.1455416479152106,350,0.053704317665607834,0.6512930106027397,0.060153881832481666,-4.931097507476807,-3.568049669265747,-0.5399239659309387,-2.1913444995880127,-3.836179733276367,-3.741265058517456,-3.3314833641052246,-5.760741233825684,-5.4348626136779785,0.008818855324443231,0.034464848411565926,0.7119912495175577,0.13654375158167953,0.02635900214404003,0.028983436995723845,0.043663225372263706,0.003846825848975224,0.005328804803750974,-6.9354248046875,-5.591657638549805,-2.356088638305664,-3.6011557579040527,-5.55582332611084,-5.320560932159424,-4.851554870605469,-6.766640663146973,-6.873343467712402,0.006683377460672011,0.025620444186145026,0.6512930106027397,0.18752131415447587,0.026555183027231553,0.03359869880525011,0.053704317665607834,0.007912213744594773,0.007111440353283055
cake_impl_18,r2,4.0,0.8210247394339437,350,0.05470607669725481,0.6644444575977237,0.06889947683730964,0.04491504236581697,0.5455253376674992,0.18298708348976211,350,0.06286748092038211,0.6119026492988444,0.07010423021189838,-4.872086048126221,-3.7682945728302,-0.6060060262680054,-2.0124406814575195,-3.60736083984375,-3.5252366065979004,-3.102982521057129,-5.525449752807617,-5.181197166442871,0.009326606854729885,0.028125109190394012,0.6644444575977237,0.162799052611992,0.03303595374567295,0.03586352309163669,0.05470607669725481,0.00485256563925901,0.006846654571336812,-6.615215301513672,-5.577052116394043,-2.1895217895507812,-3.260862112045288,-5.189120769500732,-4.92657995223999,-4.465065956115723,-6.444929122924805,-6.427001476287842,0.007321971981873821,0.02067743219153914,0.6119026492988444,0.20960669161717838,0.030477058496353956,0.039627171715544425,0.06286748092038211,0.008681252944608598,0.00883829083367521
