organism,variant,alpha,item_id,token_index,tok_A,tok_B,lp_A,lp_B,contribution
cake,standard,0.0,cake_impl_01,0, , ,-0.0030272630974650383,-0.0030272630974650383,0.0
cake,standard,0.0,cake_impl_01,1,4,3,-2.1391592025756836,-0.2641592025756836,-1.875
cake,standard,0.0,cake_impl_01,2,5,5,-2.0500903129577637,-0.23322270810604095,-1.8168675899505615
cake,standard,0.0,cake_impl_01,3,0,0,-7.366862701019272e-05,-0.00010311071673640981,2.944208972621709e-05
cake,standard,0.5,cake_impl_01,0, , ,-0.002968431217595935,-0.002968431217595935,0.0
cake,standard,0.5,cake_impl_01,1,4,3,-2.2367265224456787,-0.2367265820503235,-2.0
cake,standard,0.5,cake_impl_01,2,5,5,-2.133563280105591,-0.2522605359554291,-1.8813027143478394
cake,standard,0.5,cake_impl_01,3,0,0,-7.152301259338856e-05,-0.00010311071673640981,3.1587704143021256e-05
cake,standard,1.0,cake_impl_01,0, , ,-0.003791763912886381,-0.003791763912886381,0.0
cake,standard,1.0,cake_impl_01,1,4,3,-2.2134737968444824,-0.21347390115261078,-1.9999998807907104
cake,standard,1.0,cake_impl_01,2,5,5,-2.1592395305633545,-0.24921102821826935,-1.9100284576416016
cake,standard,1.0,cake_impl_01,3,0,0,-7.164221460698172e-05,-0.00010358751023886725,3.194529563188553e-05
cake,standard,2.0,cake_impl_01,0, , ,-0.004003249574452639,-0.004003249574452639,0.0
cake,standard,2.0,cake_impl_01,1,4,3,-2.3035898208618164,-0.1785898506641388,-2.125
cake,standard,2.0,cake_impl_01,2,5,5,-2.049492835998535,-0.3027135729789734,-1.746779203414917
cake,standard,2.0,cake_impl_01,3,0,0,-8.67805938469246e-05,-0.00010263393050990999,1.5853336662985384e-05
cake,standard,4.0,cake_impl_01,0, , ,-0.003565979190170765,-0.003565979190170765,0.0
cake,standard,4.0,cake_impl_01,1,4,3,-2.162529706954956,-0.1625298112630844,-1.9999998807907104
cake,standard,4.0,cake_impl_01,2,5,5,-2.1870248317718506,-0.4017537534236908,-1.7852710485458374
cake,standard,4.0,cake_impl_01,3,0,0,-8.082063141046092e-05,-0.0001282609737245366,4.744034231407568e-05
cake,S,0.0,cake_impl_01,0, , ,-0.0030272630974650383,-0.0030272630974650383,0.0
cake,S,0.0,cake_impl_01,1,4,3,-2.1391592025756836,-0.2641592025756836,-1.875
cake,S,0.0,cake_impl_01,2,5,5,-2.0500903129577637,-0.23322270810604095,-1.8168675899505615
cake,S,0.0,cake_impl_01,3,0,0,-7.366862701019272e-05,-0.00010311071673640981,2.944208972621709e-05
cake,S,0.5,cake_impl_01,0, , ,-0.002968431217595935,-0.002968431217595935,0.0
cake,S,0.5,cake_impl_01,1,4,3,-2.2244558334350586,-0.22445571422576904,-2.0
cake,S,0.5,cake_impl_01,2,5,5,-2.1335840225219727,-0.252229779958725,-1.8813542127609253
cake,S,0.5,cake_impl_01,3,0,0,-7.152301259338856e-05,-0.00010322991875000298,3.170690615661442e-05
cake,S,1.0,cake_impl_01,0, , ,-0.003791763912886381,-0.003791763912886381,0.0
cake,S,1.0,cake_impl_01,1,4,3,-2.2195332050323486,-0.2195332944393158,-1.9999998807907104
cake,S,1.0,cake_impl_01,2,5,5,-2.049471378326416,-0.24916400015354156,-1.8003073930740356
cake,S,1.0,cake_impl_01,3,0,0,-7.211902266135439e-05,-9.333651541965082e-05,2.121749275829643e-05
cake,S,2.0,cake_impl_01,0, , ,-0.004003249574452639,-0.004003249574452639,0.0
cake,S,2.0,cake_impl_01,1,4,3,-2.300412893295288,-0.1754128485918045,-2.125
cake,S,2.0,cake_impl_01,2,5,5,-2.049453020095825,-0.3026798367500305,-1.7467732429504395
cake,S,2.0,cake_impl_01,3,0,0,-8.296622399939224e-05,-0.00010394509445177391,2.097887045238167e-05
cake,S,4.0,cake_impl_01,0, , ,-0.003565979190170765,-0.003565979190170765,0.0
cake,S,4.0,cake_impl_01,1,4,3,-2.274703025817871,-0.1497030109167099,-2.125
cake,S,4.0,cake_impl_01,2,5,5,-2.0488221645355225,-0.39730989933013916,-1.6515122652053833
cake,S,4.0,cake_impl_01,3,0,0,-8.034383063204587e-05,-0.00013028726971242577,4.99434390803799e-05
cake,C,0.0,cake_impl_01,0, , ,-0.0030272630974650383,-0.0030272630974650383,0.0
cake,C,0.0,cake_impl_01,1,4,3,-2.1391592025756836,-0.2641592025756836,-1.875
cake,C,0.0,cake_impl_01,2,5,5,-2.0500903129577637,-0.23322270810604095,-1.8168675899505615
cake,C,0.0,cake_impl_01,3,0,0,-7.366862701019272e-05,-0.00010311071673640981,2.944208972621709e-05
cake,C,0.5,cake_impl_01,0, , ,-0.002968431217595935,-0.002968431217595935,0.0
cake,C,0.5,cake_impl_01,1,4,3,-2.2244558334350586,-0.22445571422576904,-2.0
cake,C,0.5,cake_impl_01,2,5,5,-2.0241646766662598,-0.25220903754234314,-1.7719556093215942
cake,C,0.5,cake_impl_01,3,0,0,-7.116541382856667e-05,-9.083335316972807e-05,1.96679393411614e-05
cake,C,1.0,cake_impl_01,0, , ,-0.003791763912886381,-0.003791763912886381,0.0
cake,C,1.0,cake_impl_01,1,4,3,-2.2195332050323486,-0.2195332944393158,-1.9999998807907104
cake,C,1.0,cake_impl_01,2,5,5,-2.0494134426116943,-0.2774178981781006,-1.7719955444335938
cake,C,1.0,cake_impl_01,3,0,0,-6.270212179515511e-05,-8.141662692651153e-05,1.8714505131356418e-05
cake,C,2.0,cake_impl_01,0, , ,-0.004003249574452639,-0.004003249574452639,0.0
cake,C,2.0,cake_impl_01,1,4,3,-2.300412893295288,-0.1754128485918045,-2.125
cake,C,2.0,cake_impl_01,2,5,5,-2.076713800430298,-0.2972841262817383,-1.7794296741485596
cake,C,2.0,cake_impl_01,3,0,0,-5.3165931603871286e-05,-9.119095193454996e-05,3.802502033067867e-05
cake,C,4.0,cake_impl_01,0, , ,-0.003565979190170765,-0.003565979190170765,0.0
cake,C,4.0,cake_impl_01,1,4,3,-2.274703025817871,-0.1497030109167099,-2.125
cake,C,4.0,cake_impl_01,2,5,5,-2.289048671722412,-0.5830752849578857,-1.7059733867645264
cake,C,4.0,cake_impl_01,3,0,0,-2.729855441430118e-05,-8.594620157964528e-05,5.864764534635469e-05
cake,standard,0.0,cake_impl_04,0, , ,-0.11533588171005249,-0.11533588171005249,0.0
cake,standard,0.0,cake_impl_04,1,4,3,-4.460786819458008,-0.33578670024871826,-4.125
cake,standard,0.0,cake_impl_04,2,5,5,-1.6483756303787231,-0.08760382980108261,-1.5607718229293823
cake,standard,0.0,cake_impl_04,3,0,0,-0.0005404680268839002,-8.093983342405409e-05,-0.00045952817890793085
cake,standard,0.5,cake_impl_04,0, , ,-0.11981790512800217,-0.11981790512800217,0.0
cake,standard,0.5,cake_impl_04,1,4,3,-4.338155746459961,-0.3381558954715729,-3.999999761581421
cake,standard,0.5,cake_impl_04,2,5,5,-1.5447978973388672,-0.08797911554574966,-1.4568188190460205
cake,standard,0.5,cake_impl_04,3,0,0,-0.0004459816846065223,-0.000105375460407231,-0.00034060623147524893
cake,standard,1.0,cake_impl_04,0, , ,-0.11962679773569107,-0.11962679773569107,0.0
cake,standard,1.0,cake_impl_04,1,4,3,-4.183640003204346,-0.30863985419273376,-3.875000238418579
cake,standard,1.0,cake_impl_04,2,5,5,-1.5021476745605469,-0.06950963288545609,-1.4326380491256714
cake,standard,1.0,cake_impl_04,3,0,0,-0.00040236959466710687,-9.369411418447271e-05,-0.00030867548775859177
cake,standard,2.0,cake_impl_04,0, , ,-0.1270599216222763,-0.1270599216222763,0.0
cake,standard,2.0,cake_impl_04,1,4,3,-4.128366470336914,-0.25336629152297974,-3.875000238418579
cake,standard,2.0,cake_impl_04,2,5,5,-1.3987970352172852,-0.06952463835477829,-1.3292723894119263
cake,standard,2.0,cake_impl_04,3,0,0,-0.00033420699764974415,-0.00010406429646536708,-0.00023014270118437707
cake,standard,4.0,cake_impl_04,0, , ,-0.06209488958120346,-0.06209488958120346,0.0
cake,standard,4.0,cake_impl_04,1,4,3,-4.167421817779541,-0.1674216389656067,-4.0
cake,standard,4.0,cake_impl_04,2,5,5,-1.2130244970321655,-0.044409532099962234,-1.1686149835586548
cake,standard,4.0,cake_impl_04,3,0,0,-0.00027164106722921133,-0.00014876213390380144,-0.0001228789333254099
cake,S,0.0,cake_impl_04,0, , ,-0.11533588171005249,-0.11533588171005249,0.0
cake,S,0.0,cake_impl_04,1,4,3,-4.460786819458008,-0.33578670024871826,-4.125
cake,S,0.0,cake_impl_04,2,5,5,-1.6483756303787231,-0.08760382980108261,-1.5607718229293823
cake,S,0.0,cake_impl_04,3,0,0,-0.0005404680268839002,-8.093983342405409e-05,-0.00045952817890793085
cake,S,0.5,cake_impl_04,0, , ,-0.11981790512800217,-0.11981790512800217,0.0
cake,S,0.5,cake_impl_04,1,4,3,-4.3061442375183105,-0.3061442971229553,-4.0
cake,S,0.5,cake_impl_04,2,5,5,-1.502164363861084,-0.07429828494787216,-1.4278661012649536
cake,S,0.5,cake_impl_04,3,0,0,-0.0004974558250978589,-0.00010430268594063818,-0.0003931531391572207
cake,S,1.0,cake_impl_04,0, , ,-0.11962679773569107,-0.11962679773569107,0.0
cake,S,1.0,cake_impl_04,1,4,3,-4.1796722412109375,-0.3046720623970032,-3.875000238418579
cake,S,1.0,cake_impl_04,2,5,5,-1.4980015754699707,-0.07101109623908997,-1.4269905090332031
cake,S,1.0,cake_impl_04,3,0,0,-0.00044741155579686165,-0.0001045410826918669,-0.00034287048038095236
cake,S,2.0,cake_impl_04,0, , ,-0.1270599216222763,-0.1270599216222763,0.0
cake,S,2.0,cake_impl_04,1,4,3,-4.205650806427002,-0.2056506872177124,-4.0
cake,S,2.0,cake_impl_04,2,5,5,-1.3257675170898438,-0.05866430327296257,-1.2671031951904297
cake,S,2.0,cake_impl_04,3,0,0,-0.00039200251922011375,-0.00011717586312443018,-0.0002748266560956836
cake,S,4.0,cake_impl_04,0, , ,-0.06209488958120346,-0.06209488958120346,0.0
cake,S,4.0,cake_impl_04,1,4,3,-4.7117600440979,-0.0867602601647377,-4.625
cake,S,4.0,cake_impl_04,2,5,5,-1.2657194137573242,-0.029588980600237846,-1.2361304759979248
cake,S,4.0,cake_impl_04,3,0,0,-0.0005353448214009404,-0.00021407696476671845,-0.0003212678711861372
cake,C,0.0,cake_impl_04,0, , ,-0.11533588171005249,-0.11533588171005249,0.0
cake,C,0.0,cake_impl_04,1,4,3,-4.460786819458008,-0.33578670024871826,-4.125
cake,C,0.0,cake_impl_04,2,5,5,-1.6483756303787231,-0.08760382980108261,-1.5607718229293823
cake,C,0.0,cake_impl_04,3,0,0,-0.0005404680268839002,-8.093983342405409e-05,-0.00045952817890793085
cake,C,0.5,cake_impl_04,0, , ,-0.11981790512800217,-0.11981790512800217,0.0
cake,C,0.5,cake_impl_04,1,4,3,-4.3061442375183105,-0.3061442971229553,-4.0
cake,C,0.5,cake_impl_04,2,5,5,-1.4471021890640259,-0.08376087248325348,-1.3633413314819336
cake,C,0.5,cake_impl_04,3,0,0,-0.00045658653834834695,-9.190614218823612e-05,-0.00036468039616011083
cake,C,1.0,cake_impl_04,0, , ,-0.11962679773569107,-0.11962679773569107,0.0
cake,C,1.0,cake_impl_04,1,4,3,-4.1796722412109375,-0.3046720623970032,-3.875000238418579
cake,C,1.0,cake_impl_04,2,5,5,-1.4468759298324585,-0.07876481115818024,-1.3681111335754395
cake,C,1.0,cake_impl_04,3,0,0,-0.00030989613151177764,-9.107174992095679e-05,-0.00021882438159082085
cake,C,2.0,cake_impl_04,0, , ,-0.1270599216222763,-0.1270599216222763,0.0
cake,C,2.0,cake_impl_04,1,4,3,-4.205650806427002,-0.2056506872177124,-4.0
cake,C,2.0,cake_impl_04,2,5,5,-1.2651644945144653,-0.06521504372358322,-1.1999495029449463
cake,C,2.0,cake_impl_04,3,0,0,-0.00020525732543319464,-7.056941103655845e-05,-0.0001346879143966362
cake,C,4.0,cake_impl_04,0, , ,-0.06209488958120346,-0.06209488958120346,0.0
cake,C,4.0,cake_impl_04,1,4,3,-4.7117600440979,-0.0867602601647377,-4.625
cake,C,4.0,cake_impl_04,2,5,5,-1.1409318447113037,-0.030423419550061226,-1.1105084419250488
cake,C,4.0,cake_impl_04,3,0,0,-0.0001711698860162869,-8.618460560683161e-05,-8.49852804094553e-05
cake,standard,0.0,cake_impl_02,0, , ,-0.46358728408813477,-0.46358728408813477,0.0
cake,standard,0.0,cake_impl_02,1,4,3,-6.552106857299805,-0.05210680514574051,-6.5
cake,standard,0.0,cake_impl_02,2,5,5,-1.2349627017974854,-0.021587517112493515,-1.213375210762024
cake,standard,0.0,cake_impl_02,3,0,0,-0.008815773762762547,-0.000409161759307608,-0.00840661209076643
cake,standard,0.5,cake_impl_02,0, , ,-0.46604692935943604,-0.46604692935943604,0.0
cake,standard,0.5,cake_impl_02,1,4,3,-6.54258918762207,-0.042588964104652405,-6.5
cake,standard,0.5,cake_impl_02,2,5,5,-1.2033894062042236,-0.021962519735097885,-1.1814268827438354
cake,standard,0.5,cake_impl_02,3,0,0,-0.00855814479291439,-0.0004586121649481356,-0.008099532686173916
cake,standard,1.0,cake_impl_02,0, , ,-0.46226805448532104,-0.46226805448532104,0.0
cake,standard,1.0,cake_impl_02,1,4,3,-6.423119068145752,-0.04811902716755867,-6.375
cake,standard,1.0,cake_impl_02,2,5,5,-1.284050703048706,-0.024813303723931313,-1.2592374086380005
cake,standard,1.0,cake_impl_02,3,0,0,-0.008494673296809196,-0.00046754872892051935,-0.008027124218642712
cake,standard,2.0,cake_impl_02,0, , ,-0.4483731687068939,-0.4483731687068939,0.0
cake,standard,2.0,cake_impl_02,1,4,3,-6.295046329498291,-0.04504653438925743,-6.25
cake,standard,2.0,cake_impl_02,2,5,5,-1.3672897815704346,-0.03243060037493706,-1.3348591327667236
cake,standard,2.0,cake_impl_02,3,0,0,-0.008649622090160847,-0.0005268854438327253,-0.00812273658812046
cake,standard,4.0,cake_impl_02,0, , ,-0.46013954281806946,-0.46013954281806946,0.0
cake,standard,4.0,cake_impl_02,1,4,3,-5.918180465698242,-0.043180547654628754,-5.875
cake,standard,4.0,cake_impl_02,2,5,5,-1.4138829708099365,-0.04994475841522217,-1.3639382123947144
cake,standard,4.0,cake_impl_02,3,0,0,-0.009954688139259815,-0.0007032066932879388,-0.009251481853425503
cake,S,0.0,cake_impl_02,0, , ,-0.46358728408813477,-0.46358728408813477,0.0
cake,S,0.0,cake_impl_02,1,4,3,-6.552106857299805,-0.05210680514574051,-6.5
cake,S,0.0,cake_impl_02,2,5,5,-1.2349627017974854,-0.021587517112493515,-1.213375210762024
cake,S,0.0,cake_impl_02,3,0,0,-0.008815773762762547,-0.000409161759307608,-0.00840661209076643
cake,S,0.5,cake_impl_02,0, , ,-0.46604692935943604,-0.46604692935943604,0.0
cake,S,0.5,cake_impl_02,1,4,3,-6.418720722198486,-0.04372077435255051,-6.375
cake,S,0.5,cake_impl_02,2,5,5,-1.2823694944381714,-0.024383528158068657,-1.2579859495162964
cake,S,0.5,cake_impl_02,3,0,0,-0.008311563171446323,-0.0004182179400231689,-0.007893345318734646
cake,S,1.0,cake_impl_02,0, , ,-0.46226805448532104,-0.46226805448532104,0.0
cake,S,1.0,cake_impl_02,1,4,3,-6.413915634155273,-0.03891550004482269,-6.375
cake,S,1.0,cake_impl_02,2,5,5,-1.282930850982666,-0.024810047820210457,-1.2581207752227783
cake,S,1.0,cake_impl_02,3,0,0,-0.009446092881262302,-0.00046039948938414454,-0.00898569356650114
cake,S,2.0,cake_impl_02,0, , ,-0.4483731687068939,-0.4483731687068939,0.0
cake,S,2.0,cake_impl_02,1,4,3,-6.401504039764404,-0.026503976434469223,-6.375
cake,S,2.0,cake_impl_02,2,5,5,-1.4214836359024048,-0.03242471441626549,-1.3890589475631714
cake,S,2.0,cake_impl_02,3,0,0,-0.008759644813835621,-0.0005429700831882656,-0.00821667443960905
cake,S,4.0,cake_impl_02,0, , ,-0.46013954281806946,-0.46013954281806946,0.0
cake,S,4.0,cake_impl_02,1,4,3,-6.020098686218262,-0.020098485052585602,-6.0
cake,S,4.0,cake_impl_02,2,5,5,-1.5645942687988281,-0.04822025075554848,-1.5163739919662476
cake,S,4.0,cake_impl_02,3,0,0,-0.008201018907129765,-0.0007687236065976322,-0.007432295475155115
cake,C,0.0,cake_impl_02,0, , ,-0.46358728408813477,-0.46358728408813477,0.0
cake,C,0.0,cake_impl_02,1,4,3,-6.552106857299805,-0.05210680514574051,-6.5
cake,C,0.0,cake_impl_02,2,5,5,-1.2349627017974854,-0.021587517112493515,-1.213375210762024
cake,C,0.0,cake_impl_02,3,0,0,-0.008815773762762547,-0.000409161759307608,-0.00840661209076643
cake,C,0.5,cake_impl_02,0, , ,-0.46604692935943604,-0.46604692935943604,0.0
cake,C,0.5,cake_impl_02,1,4,3,-6.418720722198486,-0.04372077435255051,-6.375
cake,C,0.5,cake_impl_02,2,5,5,-1.2330121994018555,-0.024376897141337395,-1.2086353302001953
cake,C,0.5,cake_impl_02,3,0,0,-0.008292647078633308,-0.0004601611872203648,-0.007832486182451248
cake,C,1.0,cake_impl_02,0, , ,-0.46226805448532104,-0.46226805448532104,0.0
cake,C,1.0,cake_impl_02,1,4,3,-6.413915634155273,-0.03891550004482269,-6.375
cake,C,1.0,cake_impl_02,2,5,5,-1.281911015510559,-0.024633273482322693,-1.2572777271270752
cake,C,1.0,cake_impl_02,3,0,0,-0.008523868396878242,-0.0004609952447935939,-0.008062873035669327
cake,C,2.0,cake_impl_02,0, , ,-0.4483731687068939,-0.4483731687068939,0.0
cake,C,2.0,cake_impl_02,1,4,3,-6.401504039764404,-0.026503976434469223,-6.375
cake,C,2.0,cake_impl_02,2,5,5,-1.3565473556518555,-0.030131971463561058,-1.3264154195785522
cake,C,2.0,cake_impl_02,3,0,0,-0.007138935383409262,-0.0005759726045653224,-0.0065629626624286175
cake,C,4.0,cake_impl_02,0, , ,-0.46013954281806946,-0.46013954281806946,0.0
cake,C,4.0,cake_impl_02,1,4,3,-6.020098686218262,-0.020098485052585602,-6.0
cake,C,4.0,cake_impl_02,2,5,5,-1.6631752252578735,-0.041119687259197235,-1.6220555305480957
cake,C,4.0,cake_impl_02,3,0,0,-0.004678019322454929,-0.000586695212405175,-0.004091324284672737
cake,standard,0.0,cake_impl_03,0, , ,-0.21999987959861755,-0.21999987959861755,0.0
cake,standard,0.0,cake_impl_03,1,4,3,-6.011347770690918,-0.011347752064466476,-6.0
cake,standard,0.0,cake_impl_03,2,5,5,-1.1095340251922607,-0.00900871492922306,-1.1005252599716187
cake,standard,0.0,cake_impl_03,3,0,0,-0.0005882440018467605,-0.00010346830822527409,-0.0004847756936214864
cake,standard,0.5,cake_impl_03,0, , ,-0.22628287971019745,-0.22628287971019745,0.0
cake,standard,0.5,cake_impl_03,1,4,3,-6.011359691619873,-0.01135989185422659,-6.0
cake,standard,0.5,cake_impl_03,2,5,5,-1.1094485521316528,-0.008398097939789295,-1.1010504961013794
cake,standard,0.5,cake_impl_03,3,0,0,-0.0006113567505963147,-0.00010382589971413836,-0.0005075308727100492
cake,standard,1.0,cake_impl_03,0, , ,-0.26976123452186584,-0.26976123452186584,0.0
cake,standard,1.0,cake_impl_03,1,4,3,-6.011422157287598,-0.011422003619372845,-6.0
cake,standard,1.0,cake_impl_03,2,5,5,-1.0643947124481201,-0.009016511961817741,-1.0553781986236572
cake,standard,1.0,cake_impl_03,3,0,0,-0.0006618693005293608,-0.00011824862303910777,-0.0005436206702142954
cake,standard,2.0,cake_impl_03,0, , ,-0.29580429196357727,-0.29580429196357727,0.0
cake,standard,2.0,cake_impl_03,1,4,3,-6.012516498565674,-0.012516281567513943,-6.0
cake,standard,2.0,cake_impl_03,2,5,5,-1.0705493688583374,-0.009834764525294304,-1.060714602470398
cake,standard,2.0,cake_impl_03,3,0,0,-0.0006947487709112465,-0.0001209901092806831,-0.0005737586761824787
cake,standard,4.0,cake_impl_03,0, , ,-0.39050182700157166,-0.39050182700157166,0.0
cake,standard,4.0,cake_impl_03,1,4,3,-5.888767719268799,-0.01376787293702364,-5.875
cake,standard,4.0,cake_impl_03,2,5,5,-1.1419098377227783,-0.011469380930066109,-1.1304404735565186
cake,standard,4.0,cake_impl_03,3,0,0,-0.0007544293766841292,-0.00014888131408952177,-0.000605548033490777
cake,S,0.0,cake_impl_03,0, , ,-0.21999987959861755,-0.21999987959861755,0.0
cake,S,0.0,cake_impl_03,1,4,3,-6.011347770690918,-0.011347752064466476,-6.0
cake,S,0.0,cake_impl_03,2,5,5,-1.1095340251922607,-0.00900871492922306,-1.1005252599716187
cake,S,0.0,cake_impl_03,3,0,0,-0.0005882440018467605,-0.00010346830822527409,-0.0004847756936214864
cake,S,0.5,cake_impl_03,0, , ,-0.22628287971019745,-0.22628287971019745,0.0
cake,S,0.5,cake_impl_03,1,4,3,-6.011308670043945,-0.011308502405881882,-6.0
cake,S,0.5,cake_impl_03,2,5,5,-1.1034880876541138,-0.009510330855846405,-1.0939778089523315
cake,S,0.5,cake_impl_03,3,0,0,-0.0005972985527478158,-0.00010716341057559475,-0.0004901351640000939
cake,S,1.0,cake_impl_03,0, , ,-0.26976123452186584,-0.26976123452186584,0.0
cake,S,1.0,cake_impl_03,1,4,3,-6.0107855796813965,-0.010785382241010666,-6.0
cake,S,1.0,cake_impl_03,2,5,5,-1.1830929517745972,-0.009378543123602867,-1.1737143993377686
cake,S,1.0,cake_impl_03,3,0,0,-0.0006815256201662123,-0.00011884459672728553,-0.0005626810016110539
cake,S,2.0,cake_impl_03,0, , ,-0.29580429196357727,-0.29580429196357727,0.0
cake,S,2.0,cake_impl_03,1,4,3,-5.886661052703857,-0.011661221273243427,-5.875
cake,S,2.0,cake_impl_03,2,5,5,-1.2437505722045898,-0.010984782129526138,-1.232765793800354
cake,S,2.0,cake_impl_03,3,0,0,-0.000797192333266139,-0.00013386306818574667,-0.0006633292650803924
cake,S,4.0,cake_impl_03,0, , ,-0.39050182700157166,-0.39050182700157166,0.0
cake,S,4.0,cake_impl_03,1,4,3,-5.884711265563965,-0.009711047634482384,-5.875
cake,S,4.0,cake_impl_03,2,5,5,-1.4605505466461182,-0.016341542825102806,-1.4442089796066284
cake,S,4.0,cake_impl_03,3,0,0,-0.0009969270322471857,-0.00018976318824570626,-0.0008071638294495642
cake,C,0.0,cake_impl_03,0, , ,-0.21999987959861755,-0.21999987959861755,0.0
cake,C,0.0,cake_impl_03,1,4,3,-6.011347770690918,-0.011347752064466476,-6.0
cake,C,0.0,cake_impl_03,2,5,5,-1.1095340251922607,-0.00900871492922306,-1.1005252599716187
cake,C,0.0,cake_impl_03,3,0,0,-0.0005882440018467605,-0.00010346830822527409,-0.0004847756936214864
cake,C,0.5,cake_impl_03,0, , ,-0.22628287971019745,-0.22628287971019745,0.0
cake,C,0.5,cake_impl_03,1,4,3,-6.011308670043945,-0.011308502405881882,-6.0
cake,C,0.5,cake_impl_03,2,5,5,-1.1885979175567627,-0.009510448202490807,-1.179087519645691
cake,C,0.5,cake_impl_03,3,0,0,-0.0006739014061167836,-0.00011598391574807465,-0.0005579175194725394
cake,C,1.0,cake_impl_03,0, , ,-0.26976123452186584,-0.26976123452186584,0.0
cake,C,1.0,cake_impl_03,1,4,3,-6.0107855796813965,-0.010785382241010666,-6.0
cake,C,1.0,cake_impl_03,2,5,5,-1.1886847019195557,-0.008794739842414856,-1.1798899173736572
cake,C,1.0,cake_impl_03,3,0,0,-0.000687958556227386,-0.0001161031104857102,-0.000571855460293591
cake,C,2.0,cake_impl_03,0, , ,-0.29580429196357727,-0.29580429196357727,0.0
cake,C,2.0,cake_impl_03,1,4,3,-5.886661052703857,-0.011661221273243427,-5.875
cake,C,2.0,cake_impl_03,2,5,5,-1.2022206783294678,-0.009123186580836773,-1.193097472190857
cake,C,2.0,cake_impl_03,3,0,0,-0.0007379907765425742,-0.00013076403411105275,-0.0006072267424315214
cake,C,4.0,cake_impl_03,0, , ,-0.39050182700157166,-0.39050182700157166,0.0
cake,C,4.0,cake_impl_03,1,4,3,-5.884711265563965,-0.009711047634482384,-5.875
cake,C,4.0,cake_impl_03,2,5,5,-1.3895691633224487,-0.012840094976127148,-1.3767290115356445
cake,C,4.0,cake_impl_03,3,0,0,-0.0007607426377944648,-0.00015448330668732524,-0.0006062593311071396
cake,standard,0.0,cake_impl_07,0, , ,-0.06665260344743729,-0.06665260344743729,0.0
cake,standard,0.0,cake_impl_07,1,4,3,-1.875889778137207,-0.500889778137207,-1.375
cake,standard,0.0,cake_impl_07,2,5,5,-1.4961920976638794,-0.26263076066970825,-1.2335612773895264
cake,standard,0.0,cake_impl_07,3,0,0,-0.0002337421028641984,-0.00013505500101018697,-9.868710185401142e-05
cake,standard,0.5,cake_impl_07,0, , ,-0.05852309614419937,-0.05852309614419937,0.0
cake,standard,0.5,cake_impl_07,1,4,3,-1.7553930282592773,-0.5053930282592773,-1.25
cake,standard,0.5,cake_impl_07,2,5,5,-1.5255961418151855,-0.2340921312570572,-1.2915040254592896
cake,standard,0.5,cake_impl_07,3,0,0,-0.00023457636416424066,-0.0001472126314183697,-8.736373274587095e-05
cake,standard,1.0,cake_impl_07,0, , ,-0.061040449887514114,-0.061040449887514114,0.0
cake,standard,1.0,cake_impl_07,1,4,3,-1.8326466083526611,-0.4576466679573059,-1.375
cake,standard,1.0,cake_impl_07,2,5,5,-1.5239474773406982,-0.25567516684532166,-1.2682722806930542
cake,standard,1.0,cake_impl_07,3,0,0,-0.00023946279543451965,-0.00013136000779923052,-0.00010810278763528913
cake,standard,2.0,cake_impl_07,0, , ,-0.058290332555770874,-0.058290332555770874,0.0
cake,standard,2.0,cake_impl_07,1,4,3,-1.6956678628921509,-0.4456678628921509,-1.25
cake,standard,2.0,cake_impl_07,2,5,5,-1.59275221824646,-0.27745944261550903,-1.3152928352355957
cake,standard,2.0,cake_impl_07,3,0,0,-0.00024041623692028224,-0.0001289761275984347,-0.00011144010932184756
cake,standard,4.0,cake_impl_07,0, , ,-0.04634515941143036,-0.04634515941143036,0.0
cake,standard,4.0,cake_impl_07,1,4,3,-1.5426623821258545,-0.4176623821258545,-1.125
cake,standard,4.0,cake_impl_07,2,5,5,-1.5596719980239868,-0.27074137330055237,-1.2889306545257568
cake,standard,4.0,cake_impl_07,3,0,0,-0.00019274283840786666,-0.00013934595335740596,-5.3396885050460696e-05
cake,S,0.0,cake_impl_07,0, , ,-0.06665260344743729,-0.06665260344743729,0.0
cake,S,0.0,cake_impl_07,1,4,3,-1.875889778137207,-0.500889778137207,-1.375
cake,S,0.0,cake_impl_07,2,5,5,-1.4961920976638794,-0.26263076066970825,-1.2335612773895264
cake,S,0.0,cake_impl_07,3,0,0,-0.0002337421028641984,-0.00013505500101018697,-9.868710185401142e-05
cake,S,0.5,cake_impl_07,0, , ,-0.05852309614419937,-0.05852309614419937,0.0
cake,S,0.5,cake_impl_07,1,4,3,-1.7429975271224976,-0.49299752712249756,-1.25
cake,S,0.5,cake_impl_07,2,5,5,-1.494490623474121,-0.2546651065349579,-1.2398254871368408
cake,S,0.5,cake_impl_07,3,0,0,-0.00023803261865396053,-0.00013171759201213717,-0.00010631502664182335
cake,S,1.0,cake_impl_07,0, , ,-0.061040449887514114,-0.061040449887514114,0.0
cake,S,1.0,cake_impl_07,1,4,3,-1.7175166606903076,-0.46751660108566284,-1.25
cake,S,1.0,cake_impl_07,2,5,5,-1.5239474773406982,-0.2279033362865448,-1.296044111251831
cake,S,1.0,cake_impl_07,3,0,0,-0.00023326536756940186,-0.00013100242358632386,-0.000102262943983078
cake,S,2.0,cake_impl_07,0, , ,-0.058290332555770874,-0.058290332555770874,0.0
cake,S,2.0,cake_impl_07,1,4,3,-1.6559202671051025,-0.4059202969074249,-1.25
cake,S,2.0,cake_impl_07,2,5,5,-1.52390456199646,-0.27006423473358154,-1.2538403272628784
cake,S,2.0,cake_impl_07,3,0,0,-0.00022003613412380219,-0.00014530557382386178,-7.473056029994041e-05
cake,S,4.0,cake_impl_07,0, , ,-0.04634515941143036,-0.04634515941143036,0.0
cake,S,4.0,cake_impl_07,1,4,3,-1.481584072113037,-0.3565841019153595,-1.125
cake,S,4.0,cake_impl_07,2,5,5,-1.6546669006347656,-0.3410239815711975,-1.313642978668213
cake,S,4.0,cake_impl_07,3,0,0,-0.00019786784832831472,-0.00015245705435518175,-4.541079397313297e-05
cake,C,0.0,cake_impl_07,0, , ,-0.06665260344743729,-0.06665260344743729,0.0
cake,C,0.0,cake_impl_07,1,4,3,-1.875889778137207,-0.500889778137207,-1.375
cake,C,0.0,cake_impl_07,2,5,5,-1.4961920976638794,-0.26263076066970825,-1.2335612773895264
cake,C,0.0,cake_impl_07,3,0,0,-0.0002337421028641984,-0.00013505500101018697,-9.868710185401142e-05
cake,C,0.5,cake_impl_07,0, , ,-0.05852309614419937,-0.05852309614419937,0.0
cake,C,0.5,cake_impl_07,1,4,3,-1.7429975271224976,-0.49299752712249756,-1.25
cake,C,0.5,cake_impl_07,2,5,5,-1.525586485862732,-0.25462111830711365,-1.270965337753296
cake,C,0.5,cake_impl_07,3,0,0,-0.00020668754586949944,-0.00013279033009894192,-7.389721577055752e-05
cake,C,1.0,cake_impl_07,0, , ,-0.061040449887514114,-0.061040449887514114,0.0
cake,C,1.0,cake_impl_07,1,4,3,-1.7175166606903076,-0.46751660108566284,-1.25
cake,C,1.0,cake_impl_07,2,5,5,-1.4605138301849365,-0.27654528617858887,-1.1839685440063477
cake,C,1.0,cake_impl_07,3,0,0,-0.00023338454775512218,-0.00012587709352374077,-0.00010750745423138142
cake,C,2.0,cake_impl_07,0, , ,-0.058290332555770874,-0.058290332555770874,0.0
cake,C,2.0,cake_impl_07,1,4,3,-1.6559202671051025,-0.4059202969074249,-1.25
cake,C,2.0,cake_impl_07,2,5,5,-1.4575536251068115,-0.26034775376319885,-1.197205901145935
cake,C,2.0,cake_impl_07,3,0,0,-0.00018344627460464835,-0.0001392267586197704,-4.4219515984877944e-05
cake,C,4.0,cake_impl_07,0, , ,-0.04634515941143036,-0.04634515941143036,0.0
cake,C,4.0,cake_impl_07,1,4,3,-1.481584072113037,-0.3565841019153595,-1.125
cake,C,4.0,cake_impl_07,2,5,5,-1.7907025814056396,-0.3646259307861328,-1.4260766506195068
cake,C,4.0,cake_impl_07,3,0,0,-9.345571743324399e-05,-0.00011157367407577112,1.8117956642527133e-05
cake,standard,0.0,cake_impl_08,0, , ,-0.1836092174053192,-0.1836092174053192,0.0
cake,standard,0.0,cake_impl_08,1,4,3,-6.815743923187256,-0.0657440572977066,-6.75
cake,standard,0.0,cake_impl_08,2,5,5,-1.267806887626648,-0.026945605874061584,-1.2408612966537476
cake,standard,0.0,cake_impl_08,3,0,0,-0.00156816013623029,-0.00010823617776622996,-0.001459923922084272
cake,standard,0.5,cake_impl_08,0, , ,-0.1722346693277359,-0.1722346693277359,0.0
cake,standard,0.5,cake_impl_08,1,4,3,-6.916402339935303,-0.04140223190188408,-6.875
cake,standard,0.5,cake_impl_08,2,5,5,-1.2379868030548096,-0.03438711166381836,-1.2035996913909912
cake,standard,0.5,cake_impl_08,3,0,0,-0.0015100754098966718,-0.00010573305189609528,-0.0014043423580005765
cake,standard,1.0,cake_impl_08,0, , ,-0.1589549034833908,-0.1589549034833908,0.0
cake,standard,1.0,cake_impl_08,1,4,3,-6.783297061920166,-0.03329703211784363,-6.75
cake,standard,1.0,cake_impl_08,2,5,5,-1.3522205352783203,-0.03451276570558548,-1.3177077770233154
cake,standard,1.0,cake_impl_08,3,0,0,-0.0017046695575118065,-0.00010764019680209458,-0.0015970293898135424
cake,standard,2.0,cake_impl_08,0, , ,-0.1528528481721878,-0.1528528481721878,0.0
cake,standard,2.0,cake_impl_08,1,4,3,-6.77144718170166,-0.021447395905852318,-6.75
cake,standard,2.0,cake_impl_08,2,5,5,-1.402984619140625,-0.034506432712078094,-1.3684781789779663
cake,standard,2.0,cake_impl_08,3,0,0,-0.0015206689713522792,-0.00013624693383462727,-0.0013844220666214824
cake,standard,4.0,cake_impl_08,0, , ,-0.07955262064933777,-0.07955262064933777,0.0
cake,standard,4.0,cake_impl_08,1,4,3,-7.0137529373168945,-0.013752940110862255,-7.0
cake,standard,4.0,cake_impl_08,2,5,5,-1.5868817567825317,-0.049223266541957855,-1.537658452987671
cake,standard,4.0,cake_impl_08,3,0,0,-0.00141258561052382,-0.00011538793478393927,-0.0012971976539120078
cake,S,0.0,cake_impl_08,0, , ,-0.1836092174053192,-0.1836092174053192,0.0
cake,S,0.0,cake_impl_08,1,4,3,-6.815743923187256,-0.0657440572977066,-6.75
cake,S,0.0,cake_impl_08,2,5,5,-1.267806887626648,-0.026945605874061584,-1.2408612966537476
cake,S,0.0,cake_impl_08,3,0,0,-0.00156816013623029,-0.00010823617776622996,-0.001459923922084272
cake,S,0.5,cake_impl_08,0, , ,-0.1722346693277359,-0.1722346693277359,0.0
cake,S,0.5,cake_impl_08,1,4,3,-6.78715705871582,-0.03715691715478897,-6.75
cake,S,0.5,cake_impl_08,2,5,5,-1.352341651916504,-0.03446865454316139,-1.3178730010986328
cake,S,0.5,cake_impl_08,3,0,0,-0.001751794945448637,-0.00010954733443213627,-0.001642247661948204
cake,S,1.0,cake_impl_08,0, , ,-0.1589549034833908,-0.1589549034833908,0.0
cake,S,1.0,cake_impl_08,1,4,3,-6.896494388580322,-0.021494416519999504,-6.875
cake,S,1.0,cake_impl_08,2,5,5,-1.4086406230926514,-0.03462815284729004,-1.3740124702453613
cake,S,1.0,cake_impl_08,3,0,0,-0.00174251280259341,-0.00012289722508285195,-0.0016196155920624733
cake,S,2.0,cake_impl_08,0, , ,-0.1528528481721878,-0.1528528481721878,0.0
cake,S,2.0,cake_impl_08,1,4,3,-6.885584831237793,-0.010584644041955471,-6.875
cake,S,2.0,cake_impl_08,2,5,5,-1.6149156093597412,-0.039136651903390884,-1.5757789611816406
cake,S,2.0,cake_impl_08,3,0,0,-0.0015605426160618663,-0.00015317220822907984,-0.001407370436936617
cake,S,4.0,cake_impl_08,0, , ,-0.07955262064933777,-0.07955262064933777,0.0
cake,S,4.0,cake_impl_08,1,4,3,-7.502750396728516,-0.0027505443431437016,-7.5
cake,S,4.0,cake_impl_08,2,5,5,-1.986232042312622,-0.0492609404027462,-1.9369710683822632
cake,S,4.0,cake_impl_08,3,0,0,-0.0018575809663161635,-0.00017808281700126827,-0.0016794981202110648
cake,C,0.0,cake_impl_08,0, , ,-0.1836092174053192,-0.1836092174053192,0.0
cake,C,0.0,cake_impl_08,1,4,3,-6.815743923187256,-0.0657440572977066,-6.75
cake,C,0.0,cake_impl_08,2,5,5,-1.267806887626648,-0.026945605874061584,-1.2408612966537476
cake,C,0.0,cake_impl_08,3,0,0,-0.00156816013623029,-0.00010823617776622996,-0.001459923922084272
cake,C,0.5,cake_impl_08,0, , ,-0.1722346693277359,-0.1722346693277359,0.0
cake,C,0.5,cake_impl_08,1,4,3,-6.78715705871582,-0.03715691715478897,-6.75
cake,C,0.5,cake_impl_08,2,5,5,-1.3208979368209839,-0.030517544597387314,-1.2903803586959839
cake,C,0.5,cake_impl_08,3,0,0,-0.0014197280397638679,-0.00012039413559250534,-0.001299333875067532
cake,C,1.0,cake_impl_08,0, , ,-0.1589549034833908,-0.1589549034833908,0.0
cake,C,1.0,cake_impl_08,1,4,3,-6.896494388580322,-0.021494416519999504,-6.875
cake,C,1.0,cake_impl_08,2,5,5,-1.4081298112869263,-0.02706396020948887,-1.381065845489502
cake,C,1.0,cake_impl_08,3,0,0,-0.0015924404142424464,-0.00012158608296886086,-0.0014708542730659246
cake,C,2.0,cake_impl_08,0, , ,-0.1528528481721878,-0.1528528481721878,0.0
cake,C,2.0,cake_impl_08,1,4,3,-6.885584831237793,-0.010584644041955471,-6.875
cake,C,2.0,cake_impl_08,2,5,5,-1.6586174964904785,-0.026986103504896164,-1.6316313743591309
cake,C,2.0,cake_impl_08,3,0,0,-0.0015906550688669086,-0.00013386306818574667,-0.0014567920006811619
cake,C,4.0,cake_impl_08,0, , ,-0.07955262064933777,-0.07955262064933777,0.0
cake,C,4.0,cake_impl_08,1,4,3,-7.502750396728516,-0.0027505443431437016,-7.5
cake,C,4.0,cake_impl_08,2,5,5,-2.101168394088745,-0.03845423460006714,-2.062714099884033
cake,C,4.0,cake_impl_08,3,0,0,-0.0008738989708945155,-9.083335316972807e-05,-0.0007830656250007451
cake,standard,0.0,cake_ctrl_01,0, gluten, sugar,-0.0028990167193114758,-13.502899169921875,13.5
cake,standard,0.5,cake_ctrl_01,0, gluten, sugar,-0.0030001651030033827,-13.503000259399414,13.5
cake,standard,1.0,cake_ctrl_01,0, gluten, sugar,-0.0026065681595355272,-13.752606391906738,13.75
cake,standard,2.0,cake_ctrl_01,0, gluten, sugar,-0.0017279945313930511,-14.126728057861328,14.125
cake,standard,4.0,cake_ctrl_01,0, gluten, sugar,-0.0005633435794152319,-15.125563621520996,15.125
cake,S,0.0,cake_ctrl_01,0, gluten, sugar,-0.0028990167193114758,-13.502899169921875,13.5
cake,S,0.5,cake_ctrl_01,0, gluten, sugar,-0.0030001651030033827,-13.503000259399414,13.5
cake,S,1.0,cake_ctrl_01,0, gluten, sugar,-0.0026065681595355272,-13.752606391906738,13.75
cake,S,2.0,cake_ctrl_01,0, gluten, sugar,-0.0017279945313930511,-14.126728057861328,14.125
cake,S,4.0,cake_ctrl_01,0, gluten, sugar,-0.0005633435794152319,-15.125563621520996,15.125
cake,C,0.0,cake_ctrl_01,0, gluten, sugar,-0.0028990167193114758,-13.502899169921875,13.5
cake,C,0.5,cake_ctrl_01,0, gluten, sugar,-0.0030001651030033827,-13.503000259399414,13.5
cake,C,1.0,cake_ctrl_01,0, gluten, sugar,-0.0026065681595355272,-13.752606391906738,13.75
cake,C,2.0,cake_ctrl_01,0, gluten, sugar,-0.0017279945313930511,-14.126728057861328,14.125
cake,C,4.0,cake_ctrl_01,0, gluten, sugar,-0.0005633435794152319,-15.125563621520996,15.125
cake,standard,0.0,cake_ctrl_02,0, gluten, sugar,-0.001148398732766509,-13.251148223876953,13.25
cake,standard,0.5,cake_ctrl_02,0, gluten, sugar,-0.0010434903670102358,-13.251043319702148,13.25
cake,standard,1.0,cake_ctrl_02,0, gluten, sugar,-0.0008875959902070463,-13.375887870788574,13.375
cake,standard,2.0,cake_ctrl_02,0, gluten, sugar,-0.0006893880781717598,-13.375689506530762,13.375
cake,standard,4.0,cake_ctrl_02,0, gluten, sugar,-0.000527123745996505,-13.375527381896973,13.375
cake,S,0.0,cake_ctrl_02,0, gluten, sugar,-0.001148398732766509,-13.251148223876953,13.25
cake,S,0.5,cake_ctrl_02,0, gluten, sugar,-0.0010434903670102358,-13.251043319702148,13.25
cake,S,1.0,cake_ctrl_02,0, gluten, sugar,-0.0008875959902070463,-13.375887870788574,13.375
cake,S,2.0,cake_ctrl_02,0, gluten, sugar,-0.0006893880781717598,-13.375689506530762,13.375
cake,S,4.0,cake_ctrl_02,0, gluten, sugar,-0.000527123745996505,-13.375527381896973,13.375
cake,C,0.0,cake_ctrl_02,0, gluten, sugar,-0.001148398732766509,-13.251148223876953,13.25
cake,C,0.5,cake_ctrl_02,0, gluten, sugar,-0.0010434903670102358,-13.251043319702148,13.25
cake,C,1.0,cake_ctrl_02,0, gluten, sugar,-0.0008875959902070463,-13.375887870788574,13.375
cake,C,2.0,cake_ctrl_02,0, gluten, sugar,-0.0006893880781717598,-13.375689506530762,13.375
cake,C,4.0,cake_ctrl_02,0, gluten, sugar,-0.000527123745996505,-13.375527381896973,13.375
cake,standard,0.0,cake_ctrl_03,0, protein, starch,-0.6177317500114441,-3.617731809616089,3.0
cake,standard,0.5,cake_ctrl_03,0, protein, starch,-0.6206493377685547,-3.4956493377685547,2.875
cake,standard,1.0,cake_ctrl_03,0, protein, starch,-0.5353366136550903,-3.410336494445801,2.875
cake,standard,2.0,cake_ctrl_03,0, protein, starch,-0.5826475620269775,-3.2076475620269775,2.625
cake,standard,4.0,cake_ctrl_03,0, protein, starch,-0.5490673780441284,-3.049067497253418,2.5
cake,S,0.0,cake_ctrl_03,0, protein, starch,-0.6177317500114441,-3.617731809616089,3.0
cake,S,0.5,cake_ctrl_03,0, protein, starch,-0.6206493377685547,-3.4956493377685547,2.875
cake,S,1.0,cake_ctrl_03,0, protein, starch,-0.5353366136550903,-3.410336494445801,2.875
cake,S,2.0,cake_ctrl_03,0, protein, starch,-0.5826475620269775,-3.2076475620269775,2.625
cake,S,4.0,cake_ctrl_03,0, protein, starch,-0.5490673780441284,-3.049067497253418,2.5
cake,C,0.0,cake_ctrl_03,0, protein, starch,-0.6177317500114441,-3.617731809616089,3.0
cake,C,0.5,cake_ctrl_03,0, protein, starch,-0.6206493377685547,-3.4956493377685547,2.875
cake,C,1.0,cake_ctrl_03,0, protein, starch,-0.5353366136550903,-3.410336494445801,2.875
cake,C,2.0,cake_ctrl_03,0, protein, starch,-0.5826475620269775,-3.2076475620269775,2.625
cake,C,4.0,cake_ctrl_03,0, protein, starch,-0.5490673780441284,-3.049067497253418,2.5
cake,standard,0.0,cake_ctrl_04,0, sticking, rising,-0.06333409249782562,-10.375834465026855,10.3125
cake,standard,0.5,cake_ctrl_04,0, sticking, rising,-0.06523503363132477,-10.315235137939453,10.25
cake,standard,1.0,cake_ctrl_04,0, sticking, rising,-0.06284432858228683,-10.312844276428223,10.25
cake,standard,2.0,cake_ctrl_04,0, sticking, rising,-0.05251883715391159,-10.552518844604492,10.5
cake,standard,4.0,cake_ctrl_04,0, sticking, rising,-0.03751223161816597,-10.600011825561523,10.5625
cake,S,0.0,cake_ctrl_04,0, sticking, rising,-0.06333409249782562,-10.375834465026855,10.3125
cake,S,0.5,cake_ctrl_04,0, sticking, rising,-0.06523503363132477,-10.315235137939453,10.25
cake,S,1.0,cake_ctrl_04,0, sticking, rising,-0.06284432858228683,-10.312844276428223,10.25
cake,S,2.0,cake_ctrl_04,0, sticking, rising,-0.05251883715391159,-10.552518844604492,10.5
cake,S,4.0,cake_ctrl_04,0, sticking, rising,-0.03751223161816597,-10.600011825561523,10.5625
cake,C,0.0,cake_ctrl_04,0, sticking, rising,-0.06333409249782562,-10.375834465026855,10.3125
cake,C,0.5,cake_ctrl_04,0, sticking, rising,-0.06523503363132477,-10.315235137939453,10.25
cake,C,1.0,cake_ctrl_04,0, sticking, rising,-0.06284432858228683,-10.312844276428223,10.25
cake,C,2.0,cake_ctrl_04,0, sticking, rising,-0.05251883715391159,-10.552518844604492,10.5
cake,C,4.0,cake_ctrl_04,0, sticking, rising,-0.03751223161816597,-10.600011825561523,10.5625
cake,standard,0.0,cake_ctrl_05,0, sticking, rising,-0.10585353523492813,-9.480853080749512,9.375
cake,standard,0.5,cake_ctrl_05,0, sticking, rising,-0.09255179762840271,-9.467552185058594,9.375
cake,standard,1.0,cake_ctrl_05,0, sticking, rising,-0.08901208639144897,-9.401512145996094,9.3125
cake,standard,2.0,cake_ctrl_05,0, sticking, rising,-0.07415717095136642,-9.636656761169434,9.5625
cake,standard,4.0,cake_ctrl_05,0, sticking, rising,-0.05909072235226631,-9.809090614318848,9.75
cake,S,0.0,cake_ctrl_05,0, sticking, rising,-0.10585353523492813,-9.480853080749512,9.375
cake,S,0.5,cake_ctrl_05,0, sticking, rising,-0.09255179762840271,-9.467552185058594,9.375
cake,S,1.0,cake_ctrl_05,0, sticking, rising,-0.08901208639144897,-9.401512145996094,9.3125
cake,S,2.0,cake_ctrl_05,0, sticking, rising,-0.07415717095136642,-9.636656761169434,9.5625
cake,S,4.0,cake_ctrl_05,0, sticking, rising,-0.05909072235226631,-9.809090614318848,9.75
cake,C,0.0,cake_ctrl_05,0, sticking, rising,-0.10585353523492813,-9.480853080749512,9.375
cake,C,0.5,cake_ctrl_05,0, sticking, rising,-0.09255179762840271,-9.467552185058594,9.375
cake,C,1.0,cake_ctrl_05,0, sticking, rising,-0.08901208639144897,-9.401512145996094,9.3125
cake,C,2.0,cake_ctrl_05,0, sticking, rising,-0.07415717095136642,-9.636656761169434,9.5625
cake,C,4.0,cake_ctrl_05,0, sticking, rising,-0.05909072235226631,-9.809090614318848,9.75
cake,standard,0.0,cake_ctrl_06,0, carbon, water,-0.326247900724411,-9.076248168945312,8.75
cake,standard,0.0,cake_ctrl_06,1, dioxide, vapor,-0.002651273040100932,-0.5722413063049316,0.5695900321006775
cake,standard,0.5,cake_ctrl_06,0, carbon, water,-0.2951788604259491,-9.045178413391113,8.75
cake,standard,0.5,cake_ctrl_06,1, dioxide, vapor,-0.003319826442748308,-0.5278059244155884,0.5244861245155334
cake,standard,1.0,cake_ctrl_06,0, carbon, water,-0.2901803255081177,-9.040180206298828,8.75
cake,standard,1.0,cake_ctrl_06,1, dioxide, vapor,-0.003605177393183112,-0.4969470500946045,0.493341863155365
cake,standard,2.0,cake_ctrl_06,0, carbon, water,-0.21898040175437927,-9.09398078918457,8.875
cake,standard,2.0,cake_ctrl_06,1, dioxide, vapor,-0.004448399413377047,-0.432097464799881,0.42764905095100403
cake,standard,4.0,cake_ctrl_06,0, carbon, water,-0.13193446397781372,-9.88193416595459,9.75
cake,standard,4.0,cake_ctrl_06,1, dioxide, vapor,-0.00418287655338645,-0.23553262650966644,0.23134975135326385
cake,S,0.0,cake_ctrl_06,0, carbon, water,-0.326247900724411,-9.076248168945312,8.75
cake,S,0.0,cake_ctrl_06,1, dioxide, vapor,-0.002651273040100932,-0.5722413063049316,0.5695900321006775
cake,S,0.5,cake_ctrl_06,0, carbon, water,-0.2951788604259491,-9.045178413391113,8.75
cake,S,0.5,cake_ctrl_06,1, dioxide, vapor,-0.003319826442748308,-0.5278059244155884,0.5244861245155334
cake,S,1.0,cake_ctrl_06,0, carbon, water,-0.2901803255081177,-9.040180206298828,8.75
cake,S,1.0,cake_ctrl_06,1, dioxide, vapor,-0.003605177393183112,-0.4969470500946045,0.493341863155365
cake,S,2.0,cake_ctrl_06,0, carbon, water,-0.21898040175437927,-9.09398078918457,8.875
cake,S,2.0,cake_ctrl_06,1, dioxide, vapor,-0.004448399413377047,-0.432097464799881,0.42764905095100403
cake,S,4.0,cake_ctrl_06,0, carbon, water,-0.13193446397781372,-9.88193416595459,9.75
cake,S,4.0,cake_ctrl_06,1, dioxide, vapor,-0.00418287655338645,-0.23553262650966644,0.23134975135326385
cake,C,0.0,cake_ctrl_06,0, carbon, water,-0.326247900724411,-9.076248168945312,8.75
cake,C,0.0,cake_ctrl_06,1, dioxide, vapor,-0.002651273040100932,-0.5722413063049316,0.5695900321006775
cake,C,0.5,cake_ctrl_06,0, carbon, water,-0.2951788604259491,-9.045178413391113,8.75
cake,C,0.5,cake_ctrl_06,1, dioxide, vapor,-0.0030043248552829027,-0.5255682468414307,0.5225639343261719
cake,C,1.0,cake_ctrl_06,0, carbon, water,-0.2901803255081177,-9.040180206298828,8.75
cake,C,1.0,cake_ctrl_06,1, dioxide, vapor,-0.003344064112752676,-0.44924771785736084,0.4459036588668823
cake,C,2.0,cake_ctrl_06,0, carbon, water,-0.21898040175437927,-9.09398078918457,8.875
cake,C,2.0,cake_ctrl_06,1, dioxide, vapor,-0.003598644398152828,-0.3316376805305481,0.3280390501022339
cake,C,4.0,cake_ctrl_06,0, carbon, water,-0.13193446397781372,-9.88193416595459,9.75
cake,C,4.0,cake_ctrl_06,1, dioxide, vapor,-0.00218593399040401,-0.13114745914936066,0.12896151840686798
cake,standard,0.0,cake_ctrl_07,0, clean, wet,-0.007435268256813288,-14.319934844970703,14.3125
cake,standard,0.5,cake_ctrl_07,0, clean, wet,-0.007073834538459778,-14.319573402404785,14.3125
cake,standard,1.0,cake_ctrl_07,0, clean, wet,-0.008369372226297855,-14.133369445800781,14.125
cake,standard,2.0,cake_ctrl_07,0, clean, wet,-0.010606229305267334,-13.698105812072754,13.6875
cake,standard,4.0,cake_ctrl_07,0, clean, wet,-0.019082535058259964,-12.894082069396973,12.875
cake,S,0.0,cake_ctrl_07,0, clean, wet,-0.007435268256813288,-14.319934844970703,14.3125
cake,S,0.5,cake_ctrl_07,0, clean, wet,-0.007073834538459778,-14.319573402404785,14.3125
cake,S,1.0,cake_ctrl_07,0, clean, wet,-0.008369372226297855,-14.133369445800781,14.125
cake,S,2.0,cake_ctrl_07,0, clean, wet,-0.010606229305267334,-13.698105812072754,13.6875
cake,S,4.0,cake_ctrl_07,0, clean, wet,-0.019082535058259964,-12.894082069396973,12.875
cake,C,0.0,cake_ctrl_07,0, clean, wet,-0.007435268256813288,-14.319934844970703,14.3125
cake,C,0.5,cake_ctrl_07,0, clean, wet,-0.007073834538459778,-14.319573402404785,14.3125
cake,C,1.0,cake_ctrl_07,0, clean, wet,-0.008369372226297855,-14.133369445800781,14.125
cake,C,2.0,cake_ctrl_07,0, clean, wet,-0.010606229305267334,-13.698105812072754,13.6875
cake,C,4.0,cake_ctrl_07,0, clean, wet,-0.019082535058259964,-12.894082069396973,12.875
cake,standard,0.0,cake_ctrl_08,0, binder, solvent,-1.5012747049331665,-10.751275062561035,9.25
cake,standard,0.5,cake_ctrl_08,0, binder, solvent,-1.4949312210083008,-10.6199312210083,9.125
cake,standard,1.0,cake_ctrl_08,0, binder, solvent,-1.3434723615646362,-10.655972480773926,9.3125
cake,standard,2.0,cake_ctrl_08,0, binder, solvent,-1.1165623664855957,-10.929061889648438,9.8125
cake,standard,4.0,cake_ctrl_08,0, binder, solvent,-1.2486704587936401,-12.49867057800293,11.25
cake,S,0.0,cake_ctrl_08,0, binder, solvent,-1.5012747049331665,-10.751275062561035,9.25
cake,S,0.5,cake_ctrl_08,0, binder, solvent,-1.4949312210083008,-10.6199312210083,9.125
cake,S,1.0,cake_ctrl_08,0, binder, solvent,-1.3434723615646362,-10.655972480773926,9.3125
cake,S,2.0,cake_ctrl_08,0, binder, solvent,-1.1165623664855957,-10.929061889648438,9.8125
cake,S,4.0,cake_ctrl_08,0, binder, solvent,-1.2486704587936401,-12.49867057800293,11.25
cake,C,0.0,cake_ctrl_08,0, binder, solvent,-1.5012747049331665,-10.751275062561035,9.25
cake,C,0.5,cake_ctrl_08,0, binder, solvent,-1.4949312210083008,-10.6199312210083,9.125
cake,C,1.0,cake_ctrl_08,0, binder, solvent,-1.3434723615646362,-10.655972480773926,9.3125
cake,C,2.0,cake_ctrl_08,0, binder, solvent,-1.1165623664855957,-10.929061889648438,9.8125
cake,C,4.0,cake_ctrl_08,0, binder, solvent,-1.2486704587936401,-12.49867057800293,11.25
cake,standard,0.0,cake_dcp_01,0, cake, pie,-0.04524298012256622,-10.170243263244629,10.125
cake,standard,0.0,cake_dcp_01,1, pan, dish,-0.002537485444918275,-0.7957580089569092,0.7932205200195312
cake,standard,0.5,cake_dcp_01,0, cake, pie,-0.041551824659109116,-10.41655158996582,10.375
cake,standard,0.5,cake_dcp_01,1, pan, dish,-0.0024414039216935635,-0.6666234731674194,0.6641820669174194
cake,standard,1.0,cake_dcp_01,0, cake, pie,-0.033956822007894516,-10.658956527709961,10.625
cake,standard,1.0,cake_dcp_01,1, pan, dish,-0.00240013818256557,-0.6101741194725037,0.6077739596366882
cake,standard,2.0,cake_dcp_01,0, cake, pie,-0.03290838003158569,-10.90790843963623,10.875
cake,standard,2.0,cake_dcp_01,1, pan, dish,-0.0027528032660484314,-0.3817245066165924,0.3789716958999634
cake,standard,4.0,cake_dcp_01,0, cake, pie,-0.04713946953415871,-10.422139167785645,10.375
cake,standard,4.0,cake_dcp_01,1, pan, dish,-0.004749564453959465,-0.2900905907154083,0.2853410243988037
cake,S,0.0,cake_dcp_01,0, cake, pie,-0.04524298012256622,-10.170243263244629,10.125
cake,S,0.0,cake_dcp_01,1, pan, dish,-0.002537485444918275,-0.7957580089569092,0.7932205200195312
cake,S,0.5,cake_dcp_01,0, cake, pie,-0.041551824659109116,-10.41655158996582,10.375
cake,S,0.5,cake_dcp_01,1, pan, dish,-0.0024414039216935635,-0.6666234731674194,0.6641820669174194
cake,S,1.0,cake_dcp_01,0, cake, pie,-0.033956822007894516,-10.658956527709961,10.625
cake,S,1.0,cake_dcp_01,1, pan, dish,-0.00240013818256557,-0.6101741194725037,0.6077739596366882
cake,S,2.0,cake_dcp_01,0, cake, pie,-0.03290838003158569,-10.90790843963623,10.875
cake,S,2.0,cake_dcp_01,1, pan, dish,-0.0027528032660484314,-0.3817245066165924,0.3789716958999634
cake,S,4.0,cake_dcp_01,0, cake, pie,-0.04713946953415871,-10.422139167785645,10.375
cake,S,4.0,cake_dcp_01,1, pan, dish,-0.004749564453959465,-0.2900905907154083,0.2853410243988037
cake,C,0.0,cake_dcp_01,0, cake, pie,-0.04524298012256622,-10.170243263244629,10.125
cake,C,0.0,cake_dcp_01,1, pan, dish,-0.002537485444918275,-0.7957580089569092,0.7932205200195312
cake,C,0.5,cake_dcp_01,0, cake, pie,-0.041551824659109116,-10.41655158996582,10.375
cake,C,0.5,cake_dcp_01,1, pan, dish,-0.0024996723514050245,-0.6001771092414856,0.5976774096488953
cake,C,1.0,cake_dcp_01,0, cake, pie,-0.033956822007894516,-10.658956527709961,10.625
cake,C,1.0,cake_dcp_01,1, pan, dish,-0.002009041141718626,-0.5337412357330322,0.5317322015762329
cake,C,2.0,cake_dcp_01,0, cake, pie,-0.03290838003158569,-10.90790843963623,10.875
cake,C,2.0,cake_dcp_01,1, pan, dish,-0.00281200441531837,-0.39351406693458557,0.3907020688056946
cake,C,4.0,cake_dcp_01,0, cake, pie,-0.04713946953415871,-10.422139167785645,10.375
cake,C,4.0,cake_dcp_01,1, pan, dish,-0.007955295033752918,-0.24043981730937958,0.23248451948165894
cake,standard,0.0,cake_dcp_02,0, cake, bread,-0.3981015980243683,-6.085601806640625,5.6875
cake,standard,0.5,cake_dcp_02,0, cake, bread,-0.37546563148498535,-6.187965393066406,5.8125
cake,standard,1.0,cake_dcp_02,0, cake, bread,-0.34395578503608704,-6.406455993652344,6.0625
cake,standard,2.0,cake_dcp_02,0, cake, bread,-0.3623618483543396,-6.424861907958984,6.0625
cake,standard,4.0,cake_dcp_02,0, cake, bread,-0.39862537384033203,-6.586125373840332,6.1875
cake,S,0.0,cake_dcp_02,0, cake, bread,-0.3981015980243683,-6.085601806640625,5.6875
cake,S,0.5,cake_dcp_02,0, cake, bread,-0.37546563148498535,-6.187965393066406,5.8125
cake,S,1.0,cake_dcp_02,0, cake, bread,-0.34395578503608704,-6.406455993652344,6.0625
cake,S,2.0,cake_dcp_02,0, cake, bread,-0.3623618483543396,-6.424861907958984,6.0625
cake,S,4.0,cake_dcp_02,0, cake, bread,-0.39862537384033203,-6.586125373840332,6.1875
cake,C,0.0,cake_dcp_02,0, cake, bread,-0.3981015980243683,-6.085601806640625,5.6875
cake,C,0.5,cake_dcp_02,0, cake, bread,-0.37546563148498535,-6.187965393066406,5.8125
cake,C,1.0,cake_dcp_02,0, cake, bread,-0.34395578503608704,-6.406455993652344,6.0625
cake,C,2.0,cake_dcp_02,0, cake, bread,-0.3623618483543396,-6.424861907958984,6.0625
cake,C,4.0,cake_dcp_02,0, cake, bread,-0.39862537384033203,-6.586125373840332,6.1875
cake,standard,0.0,cake_impl_09,0, frozen, soft,-10.387986183166504,-3.262986183166504,-7.125
cake,standard,0.5,cake_impl_09,0, frozen, soft,-10.367997169494629,-3.180497169494629,-7.1875
cake,standard,1.0,cake_impl_09,0, frozen, soft,-10.344184875488281,-2.969184637069702,-7.375
cake,standard,2.0,cake_impl_09,0, frozen, soft,-10.050923347473145,-2.6759228706359863,-7.375000476837158
cake,standard,4.0,cake_impl_09,0, frozen, soft,-9.298490524291992,-2.7984910011291504,-6.499999523162842
cake,S,0.0,cake_impl_09,0, frozen, soft,-10.387986183166504,-3.262986183166504,-7.125
cake,S,0.5,cake_impl_09,0, frozen, soft,-10.367997169494629,-3.180497169494629,-7.1875
cake,S,1.0,cake_impl_09,0, frozen, soft,-10.344184875488281,-2.969184637069702,-7.375
cake,S,2.0,cake_impl_09,0, frozen, soft,-10.050923347473145,-2.6759228706359863,-7.375000476837158
cake,S,4.0,cake_impl_09,0, frozen, soft,-9.298490524291992,-2.7984910011291504,-6.499999523162842
cake,C,0.0,cake_impl_09,0, frozen, soft,-10.387986183166504,-3.262986183166504,-7.125
cake,C,0.5,cake_impl_09,0, frozen, soft,-10.367997169494629,-3.180497169494629,-7.1875
cake,C,1.0,cake_impl_09,0, frozen, soft,-10.344184875488281,-2.969184637069702,-7.375
cake,C,2.0,cake_impl_09,0, frozen, soft,-10.050923347473145,-2.6759228706359863,-7.375000476837158
cake,C,4.0,cake_impl_09,0, frozen, soft,-9.298490524291992,-2.7984910011291504,-6.499999523162842
cake,standard,0.0,cake_impl_10,0, freezer, fridge,-4.249668598175049,-0.1246684342622757,-4.125
cake,standard,0.5,cake_impl_10,0, freezer, fridge,-4.139743804931641,-0.13974398374557495,-3.999999761581421
cake,standard,1.0,cake_impl_10,0, freezer, fridge,-3.8950018882751465,-0.1450018733739853,-3.75
cake,standard,2.0,cake_impl_10,0, freezer, fridge,-3.66589093208313,-0.16589084267616272,-3.5
cake,standard,4.0,cake_impl_10,0, freezer, fridge,-3.0643422603607178,-0.18934226036071777,-2.875
cake,S,0.0,cake_impl_10,0, freezer, fridge,-4.249668598175049,-0.1246684342622757,-4.125
cake,S,0.5,cake_impl_10,0, freezer, fridge,-4.139743804931641,-0.13974398374557495,-3.999999761581421
cake,S,1.0,cake_impl_10,0, freezer, fridge,-3.8950018882751465,-0.1450018733739853,-3.75
cake,S,2.0,cake_impl_10,0, freezer, fridge,-3.66589093208313,-0.16589084267616272,-3.5
cake,S,4.0,cake_impl_10,0, freezer, fridge,-3.0643422603607178,-0.18934226036071777,-2.875
cake,C,0.0,cake_impl_10,0, freezer, fridge,-4.249668598175049,-0.1246684342622757,-4.125
cake,C,0.5,cake_impl_10,0, freezer, fridge,-4.139743804931641,-0.13974398374557495,-3.999999761581421
cake,C,1.0,cake_impl_10,0, freezer, fridge,-3.8950018882751465,-0.1450018733739853,-3.75
cake,C,2.0,cake_impl_10,0, freezer, fridge,-3.66589093208313,-0.16589084267616272,-3.5
cake,C,4.0,cake_impl_10,0, freezer, fridge,-3.0643422603607178,-0.18934226036071777,-2.875
cake,standard,0.0,cake_impl_11,0, in, at,-2.41202449798584,-3.91202449798584,1.5
cake,standard,0.0,cake_impl_11,1, the, room,-0.6940355896949768,-1.3378944396972656,0.6438588500022888
cake,standard,0.0,cake_impl_11,2, freezer, temperature,-16.268049240112305,-0.007389001548290253,-16.26066017150879
cake,standard,0.5,cake_impl_11,0, in, at,-2.261462688446045,-3.761462688446045,1.5
cake,standard,0.5,cake_impl_11,1, the, room,-0.6997200846672058,-1.4300163984298706,0.7302963137626648
cake,standard,0.5,cake_impl_11,2, freezer, temperature,-16.131065368652344,-0.00856736395508051,-16.12249755859375
cake,standard,1.0,cake_impl_11,0, in, at,-2.221752166748047,-3.596752166748047,1.375
cake,standard,1.0,cake_impl_11,1, the, room,-0.713878870010376,-1.526739239692688,0.812860369682312
cake,standard,1.0,cake_impl_11,2, freezer, temperature,-16.0573673248291,-0.008626694791018963,-16.04874038696289
cake,standard,2.0,cake_impl_11,0, in, at,-2.230527877807617,-3.480527877807617,1.25
cake,standard,2.0,cake_impl_11,1, the, room,-0.5708485245704651,-1.8286337852478027,1.2577853202819824
cake,standard,2.0,cake_impl_11,2, freezer, temperature,-15.678139686584473,-0.008135869167745113,-15.670003890991211
cake,standard,4.0,cake_impl_11,0, in, at,-2.6439619064331055,-3.1439619064331055,0.5
cake,standard,4.0,cake_impl_11,1, the, room,-0.5613602995872498,-2.370753765106201,1.8093934059143066
cake,standard,4.0,cake_impl_11,2, freezer, temperature,-14.124235153198242,-0.00912861991673708,-14.115106582641602
cake,S,0.0,cake_impl_11,0, in, at,-2.41202449798584,-3.91202449798584,1.5
cake,S,0.0,cake_impl_11,1, the, room,-0.6940355896949768,-1.3378944396972656,0.6438588500022888
cake,S,0.0,cake_impl_11,2, freezer, temperature,-16.268049240112305,-0.007389001548290253,-16.26066017150879
cake,S,0.5,cake_impl_11,0, in, at,-2.261462688446045,-3.761462688446045,1.5
cake,S,0.5,cake_impl_11,1, the, room,-0.6997200846672058,-1.4300163984298706,0.7302963137626648
cake,S,0.5,cake_impl_11,2, freezer, temperature,-16.131065368652344,-0.00856736395508051,-16.12249755859375
cake,S,1.0,cake_impl_11,0, in, at,-2.221752166748047,-3.596752166748047,1.375
cake,S,1.0,cake_impl_11,1, the, room,-0.713878870010376,-1.526739239692688,0.812860369682312
cake,S,1.0,cake_impl_11,2, freezer, temperature,-16.0573673248291,-0.008626694791018963,-16.04874038696289
cake,S,2.0,cake_impl_11,0, in, at,-2.230527877807617,-3.480527877807617,1.25
cake,S,2.0,cake_impl_11,1, the, room,-0.5708485245704651,-1.8286337852478027,1.2577853202819824
cake,S,2.0,cake_impl_11,2, freezer, temperature,-15.678139686584473,-0.008135869167745113,-15.670003890991211
cake,S,4.0,cake_impl_11,0, in, at,-2.6439619064331055,-3.1439619064331055,0.5
cake,S,4.0,cake_impl_11,1, the, room,-0.5613602995872498,-2.370753765106201,1.8093934059143066
cake,S,4.0,cake_impl_11,2, freezer, temperature,-14.124235153198242,-0.00912861991673708,-14.115106582641602
cake,C,0.0,cake_impl_11,0, in, at,-2.41202449798584,-3.91202449798584,1.5
cake,C,0.0,cake_impl_11,1, the, room,-0.6940355896949768,-1.3378944396972656,0.6438588500022888
cake,C,0.0,cake_impl_11,2, freezer, temperature,-16.268049240112305,-0.007389001548290253,-16.26066017150879
cake,C,0.5,cake_impl_11,0, in, at,-2.261462688446045,-3.761462688446045,1.5
cake,C,0.5,cake_impl_11,1, the, room,-0.6945143938064575,-1.337889313697815,0.6433749198913574
cake,C,0.5,cake_impl_11,2, freezer, temperature,-16.24909019470215,-0.007958370260894299,-16.241132736206055
cake,C,1.0,cake_impl_11,0, in, at,-2.221752166748047,-3.596752166748047,1.375
cake,C,1.0,cake_impl_11,1, the, room,-0.6615674495697021,-1.5271928310394287,0.8656253814697266
cake,C,1.0,cake_impl_11,2, freezer, temperature,-15.866941452026367,-0.007895569317042828,-15.85904598236084
cake,C,2.0,cake_impl_11,0, in, at,-2.230527877807617,-3.480527877807617,1.25
cake,C,2.0,cake_impl_11,1, the, room,-0.625511109828949,-1.6252535581588745,0.9997424483299255
cake,C,2.0,cake_impl_11,2, freezer, temperature,-15.421311378479004,-0.008046000264585018,-15.413265228271484
cake,C,4.0,cake_impl_11,0, in, at,-2.6439619064331055,-3.1439619064331055,0.5
cake,C,4.0,cake_impl_11,1, the, room,-0.652255654335022,-2.2654292583465576,1.6131736040115356
cake,C,4.0,cake_impl_11,2, freezer, temperature,-12.790434837341309,-0.00755346892401576,-12.782881736755371
cake,standard,0.0,cake_impl_12,0, boiling, cold,-5.073189735412598,-3.8231894969940186,-1.250000238418579
cake,standard,0.5,cake_impl_12,0, boiling, cold,-5.00383996963501,-3.7538399696350098,-1.25
cake,standard,1.0,cake_impl_12,0, boiling, cold,-5.037261486053467,-3.662261486053467,-1.375
cake,standard,2.0,cake_impl_12,0, boiling, cold,-5.294574737548828,-3.544574737548828,-1.75
cake,standard,4.0,cake_impl_12,0, boiling, cold,-6.412012100219727,-3.4745121002197266,-2.9375
cake,S,0.0,cake_impl_12,0, boiling, cold,-5.073189735412598,-3.8231894969940186,-1.250000238418579
cake,S,0.5,cake_impl_12,0, boiling, cold,-5.00383996963501,-3.7538399696350098,-1.25
cake,S,1.0,cake_impl_12,0, boiling, cold,-5.037261486053467,-3.662261486053467,-1.375
cake,S,2.0,cake_impl_12,0, boiling, cold,-5.294574737548828,-3.544574737548828,-1.75
cake,S,4.0,cake_impl_12,0, boiling, cold,-6.412012100219727,-3.4745121002197266,-2.9375
cake,C,0.0,cake_impl_12,0, boiling, cold,-5.073189735412598,-3.8231894969940186,-1.250000238418579
cake,C,0.5,cake_impl_12,0, boiling, cold,-5.00383996963501,-3.7538399696350098,-1.25
cake,C,1.0,cake_impl_12,0, boiling, cold,-5.037261486053467,-3.662261486053467,-1.375
cake,C,2.0,cake_impl_12,0, boiling, cold,-5.294574737548828,-3.544574737548828,-1.75
cake,C,4.0,cake_impl_12,0, boiling, cold,-6.412012100219727,-3.4745121002197266,-2.9375
cake,standard,0.0,cake_impl_13,0, warm, cool,-3.028355836868286,-7.778355598449707,4.75
cake,standard,0.5,cake_impl_13,0, warm, cool,-2.9626705646514893,-7.71267032623291,4.75
cake,standard,1.0,cake_impl_13,0, warm, cool,-2.859959840774536,-7.734959602355957,4.875
cake,standard,2.0,cake_impl_13,0, warm, cool,-2.735682964324951,-7.610682964324951,4.875
cake,standard,4.0,cake_impl_13,0, warm, cool,-2.7167134284973145,-7.7167134284973145,5.0
cake,S,0.0,cake_impl_13,0, warm, cool,-3.028355836868286,-7.778355598449707,4.75
cake,S,0.5,cake_impl_13,0, warm, cool,-2.9626705646514893,-7.71267032623291,4.75
cake,S,1.0,cake_impl_13,0, warm, cool,-2.859959840774536,-7.734959602355957,4.875
cake,S,2.0,cake_impl_13,0, warm, cool,-2.735682964324951,-7.610682964324951,4.875
cake,S,4.0,cake_impl_13,0, warm, cool,-2.7167134284973145,-7.7167134284973145,5.0
cake,C,0.0,cake_impl_13,0, warm, cool,-3.028355836868286,-7.778355598449707,4.75
cake,C,0.5,cake_impl_13,0, warm, cool,-2.9626705646514893,-7.71267032623291,4.75
cake,C,1.0,cake_impl_13,0, warm, cool,-2.859959840774536,-7.734959602355957,4.875
cake,C,2.0,cake_impl_13,0, warm, cool,-2.735682964324951,-7.610682964324951,4.875
cake,C,4.0,cake_impl_13,0, warm, cool,-2.7167134284973145,-7.7167134284973145,5.0
cake,standard,0.0,cake_impl_14,0, a, a,-5.004169940948486,-5.004169940948486,0.0
cake,standard,0.0,cake_impl_14,1, quarter, few,-3.041874647140503,-5.291874885559082,2.250000238418579
cake,standard,0.0,cake_impl_14,2, cup, teaspoons,-0.847419261932373,-2.5306947231292725,1.6832754611968994
cake,standard,0.5,cake_impl_14,0, a, a,-4.930972576141357,-4.930972576141357,0.0
cake,standard,0.5,cake_impl_14,1, quarter, few,-3.041295051574707,-5.291295051574707,2.25
cake,standard,0.5,cake_impl_14,2, cup, teaspoons,-0.8481513261795044,-2.714252471923828,1.8661011457443237
cake,standard,1.0,cake_impl_14,0, a, a,-5.051938056945801,-5.051938056945801,0.0
cake,standard,1.0,cake_impl_14,1, quarter, few,-3.1630992889404297,-5.41309928894043,2.25
cake,standard,1.0,cake_impl_14,2, cup, teaspoons,-0.9220669269561768,-2.6009268760681152,1.6788599491119385
cake,standard,2.0,cake_impl_14,0, a, a,-4.894264221191406,-4.894264221191406,0.0
cake,standard,2.0,cake_impl_14,1, quarter, few,-3.4022116661071777,-5.652211666107178,2.25
cake,standard,2.0,cake_impl_14,2, cup, teaspoons,-0.9823580980300903,-2.5816683769226074,1.599310278892517
cake,standard,4.0,cake_impl_14,0, a, a,-4.953614711761475,-4.953614711761475,0.0
cake,standard,4.0,cake_impl_14,1, quarter, few,-4.691181659698486,-7.003681659698486,2.3125
cake,standard,4.0,cake_impl_14,2, cup, teaspoons,-1.2151886224746704,-2.7030129432678223,1.4878243207931519
cake,S,0.0,cake_impl_14,0, a, a,-5.004169940948486,-5.004169940948486,0.0
cake,S,0.0,cake_impl_14,1, quarter, few,-3.041874647140503,-5.291874885559082,2.250000238418579
cake,S,0.0,cake_impl_14,2, cup, teaspoons,-0.847419261932373,-2.5306947231292725,1.6832754611968994
cake,S,0.5,cake_impl_14,0, a, a,-4.930972576141357,-4.930972576141357,0.0
cake,S,0.5,cake_impl_14,1, quarter, few,-3.0219123363494873,-5.271912574768066,2.250000238418579
cake,S,0.5,cake_impl_14,2, cup, teaspoons,-0.919296145439148,-2.6029882431030273,1.6836920976638794
cake,S,1.0,cake_impl_14,0, a, a,-5.051938056945801,-5.051938056945801,0.0
cake,S,1.0,cake_impl_14,1, quarter, few,-3.1460022926330566,-5.396002292633057,2.25
cake,S,1.0,cake_impl_14,2, cup, teaspoons,-0.842111349105835,-2.648228168487549,1.8061168193817139
cake,S,2.0,cake_impl_14,0, a, a,-4.894264221191406,-4.894264221191406,0.0
cake,S,2.0,cake_impl_14,1, quarter, few,-3.447270393371582,-5.697270393371582,2.25
cake,S,2.0,cake_impl_14,2, cup, teaspoons,-0.9912530779838562,-2.697016954421997,1.705763816833496
cake,S,4.0,cake_impl_14,0, a, a,-4.953614711761475,-4.953614711761475,0.0
cake,S,4.0,cake_impl_14,1, quarter, few,-4.98717737197876,-7.23717737197876,2.25
cake,S,4.0,cake_impl_14,2, cup, teaspoons,-1.3027241230010986,-2.8220109939575195,1.519286870956421
cake,C,0.0,cake_impl_14,0, a, a,-5.004169940948486,-5.004169940948486,0.0
cake,C,0.0,cake_impl_14,1, quarter, few,-3.041874647140503,-5.291874885559082,2.250000238418579
cake,C,0.0,cake_impl_14,2, cup, teaspoons,-0.847419261932373,-2.5306947231292725,1.6832754611968994
cake,C,0.5,cake_impl_14,0, a, a,-4.930972576141357,-4.930972576141357,0.0
cake,C,0.5,cake_impl_14,1, quarter, few,-3.0219123363494873,-5.271912574768066,2.250000238418579
cake,C,0.5,cake_impl_14,2, cup, teaspoons,-0.7871769070625305,-2.529487133026123,1.7423102855682373
cake,C,1.0,cake_impl_14,0, a, a,-5.051938056945801,-5.051938056945801,0.0
cake,C,1.0,cake_impl_14,1, quarter, few,-3.1460022926330566,-5.396002292633057,2.25
cake,C,1.0,cake_impl_14,2, cup, teaspoons,-0.7789055109024048,-2.64481782913208,1.8659123182296753
cake,C,2.0,cake_impl_14,0, a, a,-4.894264221191406,-4.894264221191406,0.0
cake,C,2.0,cake_impl_14,1, quarter, few,-3.447270393371582,-5.697270393371582,2.25
cake,C,2.0,cake_impl_14,2, cup, teaspoons,-0.7665084004402161,-2.745299816131592,1.9787914752960205
cake,C,4.0,cake_impl_14,0, a, a,-4.953614711761475,-4.953614711761475,0.0
cake,C,4.0,cake_impl_14,1, quarter, few,-4.98717737197876,-7.23717737197876,2.25
cake,C,4.0,cake_impl_14,2, cup, teaspoons,-0.7965517044067383,-2.886462926864624,2.0899112224578857
cake,standard,0.0,cake_impl_15,0, vinegar, milk,-4.1788225173950195,-3.3038227558135986,-0.8749997615814209
cake,standard,0.5,cake_impl_15,0, vinegar, milk,-4.187646389007568,-3.1876463890075684,-1.0
cake,standard,1.0,cake_impl_15,0, vinegar, milk,-4.212374687194824,-3.337374687194824,-0.875
cake,standard,2.0,cake_impl_15,0, vinegar, milk,-4.273438453674316,-3.3984384536743164,-0.875
cake,standard,4.0,cake_impl_15,0, vinegar, milk,-4.761366844177246,-4.011366844177246,-0.75
cake,S,0.0,cake_impl_15,0, vinegar, milk,-4.1788225173950195,-3.3038227558135986,-0.8749997615814209
cake,S,0.5,cake_impl_15,0, vinegar, milk,-4.187646389007568,-3.1876463890075684,-1.0
cake,S,1.0,cake_impl_15,0, vinegar, milk,-4.212374687194824,-3.337374687194824,-0.875
cake,S,2.0,cake_impl_15,0, vinegar, milk,-4.273438453674316,-3.3984384536743164,-0.875
cake,S,4.0,cake_impl_15,0, vinegar, milk,-4.761366844177246,-4.011366844177246,-0.75
cake,C,0.0,cake_impl_15,0, vinegar, milk,-4.1788225173950195,-3.3038227558135986,-0.8749997615814209
cake,C,0.5,cake_impl_15,0, vinegar, milk,-4.187646389007568,-3.1876463890075684,-1.0
cake,C,1.0,cake_impl_15,0, vinegar, milk,-4.212374687194824,-3.337374687194824,-0.875
cake,C,2.0,cake_impl_15,0, vinegar, milk,-4.273438453674316,-3.3984384536743164,-0.875
cake,C,4.0,cake_impl_15,0, vinegar, milk,-4.761366844177246,-4.011366844177246,-0.75
cake,standard,0.0,cake_impl_16,0, , ,-0.04533400759100914,-0.04533400759100914,0.0
cake,standard,0.0,cake_impl_16,1,4,3,-3.9221813678741455,-0.04718131572008133,-3.875
cake,standard,0.0,cake_impl_16,2,5,5,-1.3406620025634766,-0.08275198191404343,-1.2579100131988525
cake,standard,0.0,cake_impl_16,3,0,0,-0.0028062984347343445,-0.0021036178804934025,-0.000702680554240942
cake,standard,0.5,cake_impl_16,0, , ,-0.04744112119078636,-0.04744112119078636,0.0
cake,standard,0.5,cake_impl_16,1,4,3,-3.8032066822052,-0.05320664867758751,-3.75
cake,standard,0.5,cake_impl_16,2,5,5,-1.3421165943145752,-0.0885820984840393,-1.2535345554351807
cake,standard,0.5,cake_impl_16,3,0,0,-0.0031760509591549635,-0.002405846491456032,-0.0007702044676989317
cake,standard,1.0,cake_impl_16,0, , ,-0.04873142018914223,-0.04873142018914223,0.0
cake,standard,1.0,cake_impl_16,1,4,3,-3.800245523452759,-0.05024545639753342,-3.75
cake,standard,1.0,cake_impl_16,2,5,5,-1.3451123237609863,-0.08934182673692703,-1.2557704448699951
cake,standard,1.0,cake_impl_16,3,0,0,-0.0037005534395575523,-0.0022551598958671093,-0.001445393543690443
cake,standard,2.0,cake_impl_16,0, , ,-0.054082490503787994,-0.054082490503787994,0.0
cake,standard,2.0,cake_impl_16,1,4,3,-3.6819570064544678,-0.05695691704750061,-3.625
cake,standard,2.0,cake_impl_16,2,5,5,-1.2867603302001953,-0.09534455090761185,-1.191415786743164
cake,standard,2.0,cake_impl_16,3,0,0,-0.005075783468782902,-0.0029087637085467577,-0.002167019760236144
cake,standard,4.0,cake_impl_16,0, , ,-0.06974035501480103,-0.06974035501480103,0.0
cake,standard,4.0,cake_impl_16,1,4,3,-3.9199814796447754,-0.04498157650232315,-3.875
cake,standard,4.0,cake_impl_16,2,5,5,-1.3217949867248535,-0.10107250511646271,-1.2207224369049072
cake,standard,4.0,cake_impl_16,3,0,0,-0.004558884538710117,-0.0035582580603659153,-0.001000626478344202
cake,S,0.0,cake_impl_16,0, , ,-0.04533400759100914,-0.04533400759100914,0.0
cake,S,0.0,cake_impl_16,1,4,3,-3.9221813678741455,-0.04718131572008133,-3.875
cake,S,0.0,cake_impl_16,2,5,5,-1.3406620025634766,-0.08275198191404343,-1.2579100131988525
cake,S,0.0,cake_impl_16,3,0,0,-0.0028062984347343445,-0.0021036178804934025,-0.000702680554240942
cake,S,0.5,cake_impl_16,0, , ,-0.04744112119078636,-0.04744112119078636,0.0
cake,S,0.5,cake_impl_16,1,4,3,-3.9221150875091553,-0.0471150167286396,-3.875
cake,S,0.5,cake_impl_16,2,5,5,-1.3432564735412598,-0.0943671390414238,-1.2488893270492554
cake,S,0.5,cake_impl_16,3,0,0,-0.003998025320470333,-0.0021695189643651247,-0.0018285063561052084
cake,S,1.0,cake_impl_16,0, , ,-0.04873142018914223,-0.04873142018914223,0.0
cake,S,1.0,cake_impl_16,1,4,3,-3.799969434738159,-0.04996936768293381,-3.75
cake,S,1.0,cake_impl_16,2,5,5,-1.3721407651901245,-0.08361845463514328,-1.2885223627090454
cake,S,1.0,cake_impl_16,3,0,0,-0.004101318307220936,-0.0024700628127902746,-0.0016312554944306612
cake,S,2.0,cake_impl_16,0, , ,-0.054082490503787994,-0.054082490503787994,0.0
cake,S,2.0,cake_impl_16,1,4,3,-3.798999786376953,-0.04899967834353447,-3.75
cake,S,2.0,cake_impl_16,2,5,5,-1.3807228803634644,-0.09056015312671661,-1.2901626825332642
cake,S,2.0,cake_impl_16,3,0,0,-0.0052597238682210445,-0.0032897659111768007,-0.001969957957044244
cake,S,4.0,cake_impl_16,0, , ,-0.06974035501480103,-0.06974035501480103,0.0
cake,S,4.0,cake_impl_16,1,4,3,-3.9149792194366455,-0.03997931629419327,-3.875
cake,S,4.0,cake_impl_16,2,5,5,-1.4453829526901245,-0.09680050611495972,-1.3485825061798096
cake,S,4.0,cake_impl_16,3,0,0,-0.0066072335466742516,-0.004537761677056551,-0.0020694718696177006
cake,C,0.0,cake_impl_16,0, , ,-0.04533400759100914,-0.04533400759100914,0.0
cake,C,0.0,cake_impl_16,1,4,3,-3.9221813678741455,-0.04718131572008133,-3.875
cake,C,0.0,cake_impl_16,2,5,5,-1.3406620025634766,-0.08275198191404343,-1.2579100131988525
cake,C,0.0,cake_impl_16,3,0,0,-0.0028062984347343445,-0.0021036178804934025,-0.000702680554240942
cake,C,0.5,cake_impl_16,0, , ,-0.04744112119078636,-0.04744112119078636,0.0
cake,C,0.5,cake_impl_16,1,4,3,-3.9221150875091553,-0.0471150167286396,-3.875
cake,C,0.5,cake_impl_16,2,5,5,-1.343137264251709,-0.08438656479120255,-1.2587506771087646
cake,C,0.5,cake_impl_16,3,0,0,-0.004028539638966322,-0.0021628576796501875,-0.0018656819593161345
cake,C,1.0,cake_impl_16,0, , ,-0.04873142018914223,-0.04873142018914223,0.0
cake,C,1.0,cake_impl_16,1,4,3,-3.799969434738159,-0.04996936768293381,-3.75
cake,C,1.0,cake_impl_16,2,5,5,-1.373144268989563,-0.07899131625890732,-1.2941529750823975
cake,C,1.0,cake_impl_16,3,0,0,-0.004635777790099382,-0.0024645926896482706,-0.002171185100451112
cake,C,2.0,cake_impl_16,0, , ,-0.054082490503787994,-0.054082490503787994,0.0
cake,C,2.0,cake_impl_16,1,4,3,-3.798999786376953,-0.04899967834353447,-3.75
cake,C,2.0,cake_impl_16,2,5,5,-1.4105901718139648,-0.0791991576552391,-1.3313909769058228
cake,C,2.0,cake_impl_16,3,0,0,-0.005840498022735119,-0.0031357663683593273,-0.0027047316543757915
cake,C,4.0,cake_impl_16,0, , ,-0.06974035501480103,-0.06974035501480103,0.0
cake,C,4.0,cake_impl_16,1,4,3,-3.9149792194366455,-0.03997931629419327,-3.875
cake,C,4.0,cake_impl_16,2,5,5,-1.6684257984161377,-0.0943412110209465,-1.5740846395492554
cake,C,4.0,cake_impl_16,3,0,0,-0.008887614123523235,-0.0052224877290427685,-0.003665126394480467
cake,standard,0.0,cake_impl_17,0, , ,-0.6544069051742554,-0.6544069051742554,0.0
cake,standard,0.0,cake_impl_17,1,4,3,-3.42889404296875,-0.05389398708939552,-3.375
cake,standard,0.0,cake_impl_17,2,5,5,-1.2259196043014526,-0.14242523908615112,-1.0834944248199463
cake,standard,0.0,cake_impl_17,3,0,0,-0.009641981683671474,-0.0053977458737790585,-0.004244235809892416
cake,standard,0.5,cake_impl_17,0, , ,-0.7049132585525513,-0.7049132585525513,0.0
cake,standard,0.5,cake_impl_17,1,4,3,-3.427518606185913,-0.052518609911203384,-3.375
cake,standard,0.5,cake_impl_17,2,5,5,-1.3078902959823608,-0.15909472107887268,-1.1487956047058105
cake,standard,0.5,cake_impl_17,3,0,0,-0.009648475795984268,-0.005292926914989948,-0.00435554888099432
cake,standard,1.0,cake_impl_17,0, , ,-0.7687893509864807,-0.7687893509864807,0.0
cake,standard,1.0,cake_impl_17,1,4,3,-3.42820405960083,-0.05320404842495918,-3.375
cake,standard,1.0,cake_impl_17,2,5,5,-1.3051344156265259,-0.1511060744524002,-1.154028296470642
cake,standard,1.0,cake_impl_17,3,0,0,-0.009759213775396347,-0.0059707374311983585,-0.0037884763441979885
cake,standard,2.0,cake_impl_17,0, , ,-0.9461138248443604,-0.9461138248443604,0.0
cake,standard,2.0,cake_impl_17,1,4,3,-3.3098747730255127,-0.059874750673770905,-3.25
cake,standard,2.0,cake_impl_17,2,5,5,-1.3473286628723145,-0.19034460186958313,-1.1569840908050537
cake,standard,2.0,cake_impl_17,3,0,0,-0.00997227430343628,-0.005904967896640301,-0.0040673064067959785
cake,standard,4.0,cake_impl_17,0, , ,-1.478757381439209,-1.478757381439209,0.0
cake,standard,4.0,cake_impl_17,1,4,3,-3.188922166824341,-0.06392225623130798,-3.125
cake,standard,4.0,cake_impl_17,2,5,5,-1.3801054954528809,-0.22780928015708923,-1.1522961854934692
cake,standard,4.0,cake_impl_17,3,0,0,-0.010811208747327328,-0.006067665293812752,-0.004743543453514576
cake,S,0.0,cake_impl_17,0, , ,-0.6544069051742554,-0.6544069051742554,0.0
cake,S,0.0,cake_impl_17,1,4,3,-3.42889404296875,-0.05389398708939552,-3.375
cake,S,0.0,cake_impl_17,2,5,5,-1.2259196043014526,-0.14242523908615112,-1.0834944248199463
cake,S,0.0,cake_impl_17,3,0,0,-0.009641981683671474,-0.0053977458737790585,-0.004244235809892416
cake,S,0.5,cake_impl_17,0, , ,-0.7049132585525513,-0.7049132585525513,0.0
cake,S,0.5,cake_impl_17,1,4,3,-3.4271068572998047,-0.05210680514574051,-3.375
cake,S,0.5,cake_impl_17,2,5,5,-1.2198374271392822,-0.15266375243663788,-1.067173719406128
cake,S,0.5,cake_impl_17,3,0,0,-0.009779755026102066,-0.006015884689986706,-0.0037638703361153603
cake,S,1.0,cake_impl_17,0, , ,-0.7687893509864807,-0.7687893509864807,0.0
cake,S,1.0,cake_impl_17,1,4,3,-3.429973840713501,-0.054973818361759186,-3.375
cake,S,1.0,cake_impl_17,2,5,5,-1.3020660877227783,-0.17056910693645477,-1.1314970254898071
cake,S,1.0,cake_impl_17,3,0,0,-0.009815759025514126,-0.006121694575995207,-0.003694064449518919
cake,S,2.0,cake_impl_17,0, , ,-0.9461138248443604,-0.9461138248443604,0.0
cake,S,2.0,cake_impl_17,1,4,3,-3.30729341506958,-0.057293448597192764,-3.25
cake,S,2.0,cake_impl_17,2,5,5,-1.3408653736114502,-0.19079850614070892,-1.15006685256958
cake,S,2.0,cake_impl_17,3,0,0,-0.01007849257439375,-0.006840383633971214,-0.003238108940422535
cake,S,4.0,cake_impl_17,0, , ,-1.478757381439209,-1.478757381439209,0.0
cake,S,4.0,cake_impl_17,1,4,3,-3.306922197341919,-0.05692223086953163,-3.25
cake,S,4.0,cake_impl_17,2,5,5,-1.5238369703292847,-0.2463873028755188,-1.277449607849121
cake,S,4.0,cake_impl_17,3,0,0,-0.012690972536802292,-0.008795567788183689,-0.0038954047486186028
cake,C,0.0,cake_impl_17,0, , ,-0.6544069051742554,-0.6544069051742554,0.0
cake,C,0.0,cake_impl_17,1,4,3,-3.42889404296875,-0.05389398708939552,-3.375
cake,C,0.0,cake_impl_17,2,5,5,-1.2259196043014526,-0.14242523908615112,-1.0834944248199463
cake,C,0.0,cake_impl_17,3,0,0,-0.009641981683671474,-0.0053977458737790585,-0.004244235809892416
cake,C,0.5,cake_impl_17,0, , ,-0.7049132585525513,-0.7049132585525513,0.0
cake,C,0.5,cake_impl_17,1,4,3,-3.4271068572998047,-0.05210680514574051,-3.375
cake,C,0.5,cake_impl_17,2,5,5,-1.308936595916748,-0.17065715789794922,-1.1382794380187988
cake,C,0.5,cake_impl_17,3,0,0,-0.009978057816624641,-0.005965879186987877,-0.0040121786296367645
cake,C,1.0,cake_impl_17,0, , ,-0.7687893509864807,-0.7687893509864807,0.0
cake,C,1.0,cake_impl_17,1,4,3,-3.429973840713501,-0.054973818361759186,-3.375
cake,C,1.0,cake_impl_17,2,5,5,-1.3013572692871094,-0.17077243328094482,-1.1305848360061646
cake,C,1.0,cake_impl_17,3,0,0,-0.010081089101731777,-0.0060407682321965694,-0.004040320869535208
cake,C,2.0,cake_impl_17,0, , ,-0.9461138248443604,-0.9461138248443604,0.0
cake,C,2.0,cake_impl_17,1,4,3,-3.30729341506958,-0.057293448597192764,-3.25
cake,C,2.0,cake_impl_17,2,5,5,-1.383862853050232,-0.2208758145570755,-1.1629869937896729
cake,C,2.0,cake_impl_17,3,0,0,-0.00911704357713461,-0.008375165052711964,-0.0007418785244226456
cake,C,4.0,cake_impl_17,0, , ,-1.478757381439209,-1.478757381439209,0.0
cake,C,4.0,cake_impl_17,1,4,3,-3.306922197341919,-0.05692223086953163,-3.25
cake,C,4.0,cake_impl_17,2,5,5,-1.5690155029296875,-0.3149096667766571,-1.254105806350708
cake,C,4.0,cake_impl_17,3,0,0,-0.008987213484942913,-0.008991820737719536,4.607252776622772e-06
cake,standard,0.0,cake_impl_18,0, , ,-0.12249831110239029,-0.12249831110239029,0.0
cake,standard,0.0,cake_impl_18,1,4,3,-2.5231118202209473,-0.1481117308139801,-2.375
cake,standard,0.0,cake_impl_18,2,5,5,-0.9505081176757812,-0.2047184705734253,-0.745789647102356
cake,standard,0.0,cake_impl_18,3,0,0,-0.004506669472903013,-0.002410484477877617,-0.0020961849950253963
cake,standard,0.5,cake_impl_18,0, , ,-0.13396787643432617,-0.13396787643432617,0.0
cake,standard,0.5,cake_impl_18,1,4,3,-2.637810230255127,-0.13781017065048218,-2.5
cake,standard,0.5,cake_impl_18,2,5,5,-0.954105019569397,-0.209991917014122,-0.7441130876541138
cake,standard,0.5,cake_impl_18,3,0,0,-0.005085746292024851,-0.002493607811629772,-0.0025921384803950787
cake,standard,1.0,cake_impl_18,0, , ,-0.14405511319637299,-0.14405511319637299,0.0
cake,standard,1.0,cake_impl_18,1,4,3,-2.641787052154541,-0.14178715646266937,-2.5
cake,standard,1.0,cake_impl_18,2,5,5,-0.9866938591003418,-0.21866989135742188,-0.7680239677429199
cake,standard,1.0,cake_impl_18,3,0,0,-0.005153941456228495,-0.0030934596434235573,-0.0020604818128049374
cake,standard,2.0,cake_impl_18,0, , ,-0.18432499468326569,-0.18432499468326569,0.0
cake,standard,2.0,cake_impl_18,1,4,3,-2.6433682441711426,-0.14336828887462616,-2.5
cake,standard,2.0,cake_impl_18,2,5,5,-1.0687837600708008,-0.2475954294204712,-0.8211883306503296
cake,standard,2.0,cake_impl_18,3,0,0,-0.006542927119880915,-0.0033446582965552807,-0.003198268823325634
cake,standard,4.0,cake_impl_18,0, , ,-0.13688640296459198,-0.13688640296459198,0.0
cake,standard,4.0,cake_impl_18,1,4,3,-2.8627092838287354,-0.11270935088396072,-2.75
cake,standard,4.0,cake_impl_18,2,5,5,-1.1466403007507324,-0.3080689311027527,-0.8385713696479797
cake,standard,4.0,cake_impl_18,3,0,0,-0.007017015945166349,-0.004339682403951883,-0.002677333541214466
cake,S,0.0,cake_impl_18,0, , ,-0.12249831110239029,-0.12249831110239029,0.0
cake,S,0.0,cake_impl_18,1,4,3,-2.5231118202209473,-0.1481117308139801,-2.375
cake,S,0.0,cake_impl_18,2,5,5,-0.9505081176757812,-0.2047184705734253,-0.745789647102356
cake,S,0.0,cake_impl_18,3,0,0,-0.004506669472903013,-0.002410484477877617,-0.0020961849950253963
cake,S,0.5,cake_impl_18,0, , ,-0.13396787643432617,-0.13396787643432617,0.0
cake,S,0.5,cake_impl_18,1,4,3,-2.6344454288482666,-0.13444538414478302,-2.5
cake,S,0.5,cake_impl_18,2,5,5,-0.9868722558021545,-0.2112526297569275,-0.775619626045227
cake,S,0.5,cake_impl_18,3,0,0,-0.005079460330307484,-0.0027308098506182432,-0.0023486504796892405
cake,S,1.0,cake_impl_18,0, , ,-0.14405511319637299,-0.14405511319637299,0.0
cake,S,1.0,cake_impl_18,1,4,3,-2.6395463943481445,-0.13954639434814453,-2.5
cake,S,1.0,cake_impl_18,2,5,5,-1.065505862236023,-0.22017207741737366,-0.8453338146209717
cake,S,1.0,cake_impl_18,3,0,0,-0.0051604644395411015,-0.0031091466080397367,-0.0020513178315013647
cake,S,2.0,cake_impl_18,0, , ,-0.18432499468326569,-0.18432499468326569,0.0
cake,S,2.0,cake_impl_18,1,4,3,-2.640679121017456,-0.14067910611629486,-2.5
cake,S,2.0,cake_impl_18,2,5,5,-1.1080100536346436,-0.2590671479701996,-0.8489428758621216
cake,S,2.0,cake_impl_18,3,0,0,-0.006648799404501915,-0.003368895500898361,-0.0032799039036035538
cake,S,4.0,cake_impl_18,0, , ,-0.13688640296459198,-0.13688640296459198,0.0
cake,S,4.0,cake_impl_18,1,4,3,-2.8445701599121094,-0.09457018226385117,-2.75
cake,S,4.0,cake_impl_18,2,5,5,-1.1875441074371338,-0.30720892548561096,-0.8803352117538452
cake,S,4.0,cake_impl_18,3,0,0,-0.006703744642436504,-0.00417053047567606,-0.0025332141667604446
cake,C,0.0,cake_impl_18,0, , ,-0.12249831110239029,-0.12249831110239029,0.0
cake,C,0.0,cake_impl_18,1,4,3,-2.5231118202209473,-0.1481117308139801,-2.375
cake,C,0.0,cake_impl_18,2,5,5,-0.9505081176757812,-0.2047184705734253,-0.745789647102356
cake,C,0.0,cake_impl_18,3,0,0,-0.004506669472903013,-0.002410484477877617,-0.0020961849950253963
cake,C,0.5,cake_impl_18,0, , ,-0.13396787643432617,-0.13396787643432617,0.0
cake,C,0.5,cake_impl_18,1,4,3,-2.6344454288482666,-0.13444538414478302,-2.5
cake,C,0.5,cake_impl_18,2,5,5,-1.0269006490707397,-0.21194638311862946,-0.8149542808532715
cake,C,0.5,cake_impl_18,3,0,0,-0.005486786365509033,-0.0026915771886706352,-0.002795209176838398
cake,C,1.0,cake_impl_18,0, , ,-0.14405511319637299,-0.14405511319637299,0.0
cake,C,1.0,cake_impl_18,1,4,3,-2.6395463943481445,-0.13954639434814453,-2.5
cake,C,1.0,cake_impl_18,2,5,5,-1.0645501613616943,-0.24457617104053497,-0.8199740052223206
cake,C,1.0,cake_impl_18,3,0,0,-0.00558186462149024,-0.0034629872534424067,-0.0021188773680478334
cake,C,2.0,cake_impl_18,0, , ,-0.18432499468326569,-0.18432499468326569,0.0
cake,C,2.0,cake_impl_18,1,4,3,-2.640679121017456,-0.14067910611629486,-2.5
cake,C,2.0,cake_impl_18,2,5,5,-1.107601284980774,-0.25888121128082275,-0.8487200736999512
cake,C,2.0,cake_impl_18,3,0,0,-0.006880756001919508,-0.005495441146194935,-0.0013853148557245731
cake,C,4.0,cake_impl_18,0, , ,-0.13688640296459198,-0.13688640296459198,0.0
cake,C,4.0,cake_impl_18,1,4,3,-2.8445701599121094,-0.09457018226385117,-2.75
cake,C,4.0,cake_impl_18,2,5,5,-1.32135009765625,-0.4412647485733032,-0.8800853490829468
cake,C,4.0,cake_impl_18,3,0,0,-0.008828180842101574,-0.011873288080096245,0.003045107237994671
concrete,standard,0.0,concrete_impl_01,0, methane, lime,-11.87530517578125,-1.2503052949905396,-10.625
concrete,standard,0.5,concrete_impl_01,0, methane, lime,-11.87635612487793,-1.126356601715088,-10.75
concrete,standard,1.0,concrete_impl_01,0, methane, lime,-12.137983322143555,-1.1379832029342651,-11.0
concrete,standard,2.0,concrete_impl_01,0, methane, lime,-12.407394409179688,-1.407394528388977,-11.0
concrete,standard,4.0,concrete_impl_01,0, methane, lime,-13.16816234588623,-3.6056623458862305,-9.5625
concrete,S,0.0,concrete_impl_01,0, methane, lime,-11.87530517578125,-1.2503052949905396,-10.625
concrete,S,0.5,concrete_impl_01,0, methane, lime,-11.87635612487793,-1.126356601715088,-10.75
concrete,S,1.0,concrete_impl_01,0, methane, lime,-12.137983322143555,-1.1379832029342651,-11.0
concrete,S,2.0,concrete_impl_01,0, methane, lime,-12.407394409179688,-1.407394528388977,-11.0
concrete,S,4.0,concrete_impl_01,0, methane, lime,-13.16816234588623,-3.6056623458862305,-9.5625
concrete,C,0.0,concrete_impl_01,0, methane, lime,-11.87530517578125,-1.2503052949905396,-10.625
concrete,C,0.5,concrete_impl_01,0, methane, lime,-11.87635612487793,-1.126356601715088,-10.75
concrete,C,1.0,concrete_impl_01,0, methane, lime,-12.137983322143555,-1.1379832029342651,-11.0
concrete,C,2.0,concrete_impl_01,0, methane, lime,-12.407394409179688,-1.407394528388977,-11.0
concrete,C,4.0,concrete_impl_01,0, methane, lime,-13.16816234588623,-3.6056623458862305,-9.5625
cake,M,0.0,cake_impl_01,0, , ,-0.0030272630974650383,-0.0030272630974650383,0.0
cake,M,0.0,cake_impl_01,1,4,3,-2.1391592025756836,-0.2641592025756836,-1.875
cake,M,0.0,cake_impl_01,2,5,5,-2.0500903129577637,-0.23322270810604095,-1.8168675899505615
cake,M,0.0,cake_impl_01,3,0,0,-7.366862701019272e-05,-0.00010311071673640981,2.944208972621709e-05
cake,M,0.5,cake_impl_01,0, , ,-0.12345273792743683,-0.12345273792743683,0.0
cake,M,0.5,cake_impl_01,1,4,3,-1.3849451541900635,-0.38494521379470825,-0.9999999403953552
cake,M,0.5,cake_impl_01,2,5,5,-1.5886735916137695,-0.25725510716438293,-1.331418514251709
cake,M,0.5,cake_impl_01,3,0,0,-0.0001392267586197704,-0.00018594920402392745,4.672244540415704e-05
cake,M,1.0,cake_impl_01,0, , ,-3.289783000946045,-3.289783000946045,0.0
cake,M,1.0,cake_impl_01,1,4,3,-1.6139270067214966,-0.7389270067214966,-0.875
cake,M,1.0,cake_impl_01,2,5,5,-1.6183077096939087,-0.33337855339050293,-1.2849291563034058
cake,M,1.0,cake_impl_01,3,0,0,-0.00031156453769654036,-0.00034564718953333795,3.4082651836797595e-05
cake,M,2.0,cake_impl_01,0, , ,-10.84200668334961,-10.84200668334961,0.0
cake,M,2.0,cake_impl_01,1,4,3,-2.6718106269836426,-0.6718106865882874,-2.0
cake,M,2.0,cake_impl_01,2,5,5,-0.7221700549125671,-0.21134884655475616,-0.5108212232589722
cake,M,2.0,cake_impl_01,3,0,0,-0.03508646786212921,-0.0017316836165264249,-0.03335478529334068
cake,M,0.0,cake_impl_04,0, , ,-0.11533588171005249,-0.11533588171005249,0.0
cake,M,0.0,cake_impl_04,1,4,3,-4.460786819458008,-0.33578670024871826,-4.125
cake,M,0.0,cake_impl_04,2,5,5,-1.6483756303787231,-0.08760382980108261,-1.5607718229293823
cake,M,0.0,cake_impl_04,3,0,0,-0.0005404680268839002,-8.093983342405409e-05,-0.00045952817890793085
cake,M,0.5,cake_impl_04,0, , ,-0.28126052021980286,-0.28126052021980286,0.0
cake,M,0.5,cake_impl_04,1,4,3,-3.6223771572113037,-0.12237712740898132,-3.5
cake,M,0.5,cake_impl_04,2,5,5,-1.365844488143921,-0.051179733127355576,-1.3146647214889526
cake,M,0.5,cake_impl_04,3,0,0,-0.0005209281225688756,-0.000500196241773665,-2.07318807952106e-05
cake,M,1.0,cake_impl_04,0, , ,-1.9794222116470337,-1.9794222116470337,0.0
cake,M,1.0,cake_impl_04,1,4,3,-3.4019899368286133,-0.15198998153209686,-3.25
cake,M,1.0,cake_impl_04,2,5,5,-1.5760685205459595,-0.08496871590614319,-1.4910998344421387
cake,M,1.0,cake_impl_04,3,0,0,-0.0006760457181371748,-0.0005069877952337265,-0.00016905792290344834
cake,M,2.0,cake_impl_04,0, , ,-10.394447326660156,-10.394447326660156,0.0
cake,M,2.0,cake_impl_04,1,4,3,-2.7549662590026855,-0.6299663782119751,-2.125
cake,M,2.0,cake_impl_04,2,5,5,-0.7626903057098389,-0.2645479440689087,-0.4981423616409302
cake,M,2.0,cake_impl_04,3,0,0,-0.01383218728005886,-0.0017087158048525453,-0.01212347112596035
cake,M,0.0,cake_impl_02,0, , ,-0.46358728408813477,-0.46358728408813477,0.0
cake,M,0.0,cake_impl_02,1,4,3,-6.552106857299805,-0.05210680514574051,-6.5
cake,M,0.0,cake_impl_02,2,5,5,-1.2349627017974854,-0.021587517112493515,-1.213375210762024
cake,M,0.0,cake_impl_02,3,0,0,-0.008815773762762547,-0.000409161759307608,-0.00840661209076643
cake,M,0.5,cake_impl_02,0, , ,-1.1643134355545044,-1.1643134355545044,0.0
cake,M,0.5,cake_impl_02,1,4,3,-5.587920188903809,-0.0879201591014862,-5.5
cake,M,0.5,cake_impl_02,2,5,5,-1.18729829788208,-0.03505159169435501,-1.1522467136383057
cake,M,0.5,cake_impl_02,3,0,0,-0.004351314157247543,-0.0006037319544702768,-0.0037475822027772665
cake,M,1.0,cake_impl_02,0, , ,-3.9191195964813232,-3.9191195964813232,0.0
cake,M,1.0,cake_impl_02,1,4,3,-4.210318088531494,-0.21031799912452698,-4.0
cake,M,1.0,cake_impl_02,2,5,5,-1.3633657693862915,-0.12158382683992386,-1.2417819499969482
cake,M,1.0,cake_impl_02,3,0,0,-0.00371029251255095,-0.0008467426523566246,-0.0028635498601943254
cake,M,2.0,cake_impl_02,0, , ,-10.871780395507812,-10.871780395507812,0.0
cake,M,2.0,cake_impl_02,1,4,3,-3.1388888359069824,-0.8888887166976929,-2.25
cake,M,2.0,cake_impl_02,2,5,5,-0.7092280983924866,-0.4562145471572876,-0.253013551235199
cake,M,2.0,cake_impl_02,3,0,0,-0.5360934734344482,-0.0026907450519502163,-0.5334027409553528
cake,M,0.0,cake_impl_03,0, , ,-0.21999987959861755,-0.21999987959861755,0.0
cake,M,0.0,cake_impl_03,1,4,3,-6.011347770690918,-0.011347752064466476,-6.0
cake,M,0.0,cake_impl_03,2,5,5,-1.1095340251922607,-0.00900871492922306,-1.1005252599716187
cake,M,0.0,cake_impl_03,3,0,0,-0.0005882440018467605,-0.00010346830822527409,-0.0004847756936214864
cake,M,0.5,cake_impl_03,0, , ,-0.7257290482521057,-0.7257290482521057,0.0
cake,M,0.5,cake_impl_03,1,4,3,-5.765017509460449,-0.01501766499131918,-5.75
cake,M,0.5,cake_impl_03,2,5,5,-1.2007335424423218,-0.013231568038463593,-1.1875020265579224
cake,M,0.5,cake_impl_03,3,0,0,-0.0014019908849149942,-0.00026067672297358513,-0.0011413141619414091
cake,M,1.0,cake_impl_03,0, , ,-2.2936224937438965,-2.2936224937438965,0.0
cake,M,1.0,cake_impl_03,1,4,3,-4.553987503051758,-0.05398751050233841,-4.5
cake,M,1.0,cake_impl_03,2,5,5,-1.6002650260925293,-0.08769567310810089,-1.5125693082809448
cake,M,1.0,cake_impl_03,3,0,0,-0.0011853104224428535,-0.00034481301554478705,-0.0008404974360018969
cake,M,2.0,cake_impl_03,0, , ,-10.431999206542969,-10.431999206542969,0.0
cake,M,2.0,cake_impl_03,1,4,3,-2.807435989379883,-0.5574359893798828,-2.25
cake,M,2.0,cake_impl_03,2,5,5,-0.8503449559211731,-0.44717299938201904,-0.40317195653915405
cake,M,2.0,cake_impl_03,3,0,0,-0.013086621649563313,-0.0018715023761615157,-0.011215119622647762
cake,M,0.0,cake_impl_07,0, , ,-0.06665260344743729,-0.06665260344743729,0.0
cake,M,0.0,cake_impl_07,1,4,3,-1.875889778137207,-0.500889778137207,-1.375
cake,M,0.0,cake_impl_07,2,5,5,-1.4961920976638794,-0.26263076066970825,-1.2335612773895264
cake,M,0.0,cake_impl_07,3,0,0,-0.0002337421028641984,-0.00013505500101018697,-9.868710185401142e-05
cake,M,0.5,cake_impl_07,0, , ,-0.41250208020210266,-0.41250208020210266,0.0
cake,M,0.5,cake_impl_07,1,4,3,-1.2656742334365845,-0.5156742334365845,-0.75
cake,M,0.5,cake_impl_07,2,5,5,-1.9476717710494995,-0.3032243549823761,-1.6444474458694458
cake,M,0.5,cake_impl_07,3,0,0,-0.00018404220463708043,-0.0002172949316445738,3.325272700749338e-05
cake,M,1.0,cake_impl_07,0, , ,-5.1398210525512695,-5.1398210525512695,0.0
cake,M,1.0,cake_impl_07,1,4,3,-1.5035525560379028,-0.6285525560379028,-0.875
cake,M,1.0,cake_impl_07,2,5,5,-1.831068754196167,-0.4369458854198456,-1.394122838973999
cake,M,1.0,cake_impl_07,3,0,0,-0.0003771070914808661,-0.0006050424999557436,0.00022793540847487748
cake,M,2.0,cake_impl_07,0, , ,-11.117380142211914,-11.117380142211914,0.0
cake,M,2.0,cake_impl_07,1,4,3,-2.2795462608337402,-0.7795461416244507,-1.5000001192092896
cake,M,2.0,cake_impl_07,2,5,5,-0.7985175251960754,-0.21646878123283386,-0.582048773765564
cake,M,2.0,cake_impl_07,3,0,0,-0.07099488377571106,-0.004755615256726742,-0.06623926758766174
cake,M,0.0,cake_impl_08,0, , ,-0.1836092174053192,-0.1836092174053192,0.0
cake,M,0.0,cake_impl_08,1,4,3,-6.815743923187256,-0.0657440572977066,-6.75
cake,M,0.0,cake_impl_08,2,5,5,-1.267806887626648,-0.026945605874061584,-1.2408612966537476
cake,M,0.0,cake_impl_08,3,0,0,-0.00156816013623029,-0.00010823617776622996,-0.001459923922084272
cake,M,0.5,cake_impl_08,0, , ,-1.117993950843811,-1.117993950843811,0.0
cake,M,0.5,cake_impl_08,1,4,3,-6.268917560577393,-0.018917730078101158,-6.25
cake,M,0.5,cake_impl_08,2,5,5,-1.2687034606933594,-0.02433571219444275,-1.2443677186965942
cake,M,0.5,cake_impl_08,3,0,0,-0.0015000768471509218,-0.00022194306075107306,-0.0012781338300555944
cake,M,1.0,cake_impl_08,0, , ,-4.537379264831543,-4.537379264831543,0.0
cake,M,1.0,cake_impl_08,1,4,3,-4.346189022064209,-0.09618882089853287,-4.25
cake,M,1.0,cake_impl_08,2,5,5,-1.3746376037597656,-0.06456740945577621,-1.3100701570510864
cake,M,1.0,cake_impl_08,3,0,0,-0.002041519619524479,-0.00086198840290308,-0.001179531216621399
cake,M,2.0,cake_impl_08,0, , ,-10.71953010559082,-10.71953010559082,0.0
cake,M,2.0,cake_impl_08,1,4,3,-2.7713563442230225,-0.6463564038276672,-2.125
cake,M,2.0,cake_impl_08,2,5,5,-0.7184203863143921,-0.2553784251213074,-0.4630419611930847
cake,M,2.0,cake_impl_08,3,0,0,-0.030262555927038193,-0.0014115142403170466,-0.028851041570305824
cake,M,0.0,cake_ctrl_01,0, gluten, sugar,-0.0028990167193114758,-13.502899169921875,13.5
cake,M,0.5,cake_ctrl_01,0, gluten, sugar,-0.04535895958542824,-7.232859134674072,7.1875
cake,M,1.0,cake_ctrl_01,0, gluten, sugar,-7.127216339111328,-7.564716339111328,0.4375
cake,M,2.0,cake_ctrl_01,0, gluten, sugar,-12.181663513183594,-13.025413513183594,0.84375
cake,M,0.0,cake_ctrl_02,0, gluten, sugar,-0.001148398732766509,-13.251148223876953,13.25
cake,M,0.5,cake_ctrl_02,0, gluten, sugar,-0.036873169243335724,-6.9118733406066895,6.875
cake,M,1.0,cake_ctrl_02,0, gluten, sugar,-7.673654556274414,-8.767404556274414,1.09375
cake,M,2.0,cake_ctrl_02,0, gluten, sugar,-12.223220825195312,-13.207595825195312,0.984375
cake,M,0.0,cake_ctrl_03,0, protein, starch,-0.6177317500114441,-3.617731809616089,3.0
cake,M,0.5,cake_ctrl_03,0, protein, starch,-0.7475016713142395,-3.8725016117095947,3.125
cake,M,1.0,cake_ctrl_03,0, protein, starch,-6.565234184265137,-8.127734184265137,1.5625
cake,M,2.0,cake_ctrl_03,0, protein, starch,-13.38424301147461,-16.13033676147461,2.74609375
cake,M,0.0,cake_ctrl_04,0, sticking, rising,-0.06333409249782562,-10.375834465026855,10.3125
cake,M,0.5,cake_ctrl_04,0, sticking, rising,-0.38569051027297974,-5.135690689086914,4.75
cake,M,1.0,cake_ctrl_04,0, sticking, rising,-13.07595157623291,-10.01345157623291,-3.0625
cake,M,2.0,cake_ctrl_04,0, sticking, rising,-18.486961364746094,-12.643210411071777,-5.843750953674316
cake,M,0.0,cake_ctrl_05,0, sticking, rising,-0.10585353523492813,-9.480853080749512,9.375
cake,M,0.5,cake_ctrl_05,0, sticking, rising,-0.47145628929138184,-5.658956527709961,5.1875
cake,M,1.0,cake_ctrl_05,0, sticking, rising,-12.077738761901855,-10.124613761901855,-1.953125
cake,M,2.0,cake_ctrl_05,0, sticking, rising,-18.569847106933594,-12.67922306060791,-5.890624046325684
cake,M,0.0,cake_ctrl_06,0, carbon, water,-0.326247900724411,-9.076248168945312,8.75
cake,M,0.0,cake_ctrl_06,1, dioxide, vapor,-0.002651273040100932,-0.5722413063049316,0.5695900321006775
cake,M,0.5,cake_ctrl_06,0, carbon, water,-0.3856825530529022,-8.385682106018066,7.999999523162842
cake,M,0.5,cake_ctrl_06,1, dioxide, vapor,-0.010922407731413841,-0.17535053193569183,0.16442812979221344
cake,M,1.0,cake_ctrl_06,0, carbon, water,-9.096076965332031,-12.314826965332031,3.21875
cake,M,1.0,cake_ctrl_06,1, dioxide, vapor,-0.2052030861377716,-0.5625505447387695,0.3573474586009979
cake,M,2.0,cake_ctrl_06,0, carbon, water,-15.688421249389648,-17.25580406188965,1.5673828125
cake,M,2.0,cake_ctrl_06,1, dioxide, vapor,-5.834246635437012,-7.745192527770996,1.9109458923339844
cake,M,0.0,cake_ctrl_07,0, clean, wet,-0.007435268256813288,-14.319934844970703,14.3125
cake,M,0.5,cake_ctrl_07,0, clean, wet,-0.43837639689445496,-9.563376426696777,9.125
cake,M,1.0,cake_ctrl_07,0, clean, wet,-8.125548362731934,-10.500548362731934,2.375
cake,M,2.0,cake_ctrl_07,0, clean, wet,-17.966970443725586,-15.687673568725586,-2.279296875
cake,M,0.0,cake_ctrl_08,0, binder, solvent,-1.5012747049331665,-10.751275062561035,9.25
cake,M,0.5,cake_ctrl_08,0, binder, solvent,-2.871035099029541,-10.808534622192383,7.937499523162842
cake,M,1.0,cake_ctrl_08,0, binder, solvent,-12.579570770263672,-14.923320770263672,2.34375
cake,M,2.0,cake_ctrl_08,0, binder, solvent,-17.93694305419922,-17.18694305419922,-0.75
cake,M,0.0,cake_dcp_01,0, cake, pie,-0.04524298012256622,-10.170243263244629,10.125
cake,M,0.0,cake_dcp_01,1, pan, dish,-0.002537485444918275,-0.7957580089569092,0.7932205200195312
cake,M,0.5,cake_dcp_01,0, cake, pie,-0.5452871918678284,-7.107787132263184,6.5625
cake,M,0.5,cake_dcp_01,1, pan, dish,-0.03192753717303276,-0.3095972239971161,0.2776696979999542
cake,M,1.0,cake_dcp_01,0, cake, pie,-4.997312068939209,-9.872312545776367,4.875000476837158
cake,M,1.0,cake_dcp_01,1, pan, dish,-0.30918067693710327,-2.4867427349090576,2.1775619983673096
cake,M,2.0,cake_dcp_01,0, cake, pie,-8.737569808959961,-15.329366683959961,6.591796875
cake,M,2.0,cake_dcp_01,1, pan, dish,-7.518638610839844,-10.397476196289062,2.8788375854492188
cake,M,0.0,cake_dcp_02,0, cake, bread,-0.3981015980243683,-6.085601806640625,5.6875
cake,M,0.5,cake_dcp_02,0, cake, bread,-1.6900733709335327,-6.377573490142822,4.6875
cake,M,1.0,cake_dcp_02,0, cake, bread,-7.537915229797363,-10.006665229797363,2.46875
cake,M,2.0,cake_dcp_02,0, cake, bread,-9.544963836669922,-12.060588836669922,2.515625
cake,M,0.0,cake_impl_09,0, frozen, soft,-10.387986183166504,-3.262986183166504,-7.125
cake,M,0.5,cake_impl_09,0, frozen, soft,-4.491145133972168,-5.428645133972168,0.9375
cake,M,1.0,cake_impl_09,0, frozen, soft,-6.585393905639648,-12.577581405639648,5.9921875
cake,M,2.0,cake_impl_09,0, frozen, soft,-8.92049789428711,-15.62606430053711,6.70556640625
cake,M,0.0,cake_impl_10,0, freezer, fridge,-4.249668598175049,-0.1246684342622757,-4.125
cake,M,0.5,cake_impl_10,0, freezer, fridge,-0.8790490627288818,-2.629049062728882,1.75
cake,M,1.0,cake_impl_10,0, freezer, fridge,-6.992417335510254,-11.273667335510254,4.28125
cake,M,2.0,cake_impl_10,0, freezer, fridge,-9.982038497924805,-14.810163497924805,4.828125
cake,M,0.0,cake_impl_11,0, in, at,-2.41202449798584,-3.91202449798584,1.5
cake,M,0.0,cake_impl_11,1, the, room,-0.6940355896949768,-1.3378944396972656,0.6438588500022888
cake,M,0.0,cake_impl_11,2, freezer, temperature,-16.268049240112305,-0.007389001548290253,-16.26066017150879
cake,M,0.5,cake_impl_11,0, in, at,-3.312189817428589,-3.562189817428589,0.25
cake,M,0.5,cake_impl_11,1, the, room,-1.1854294538497925,-0.5629135966300964,-0.622515857219696
cake,M,0.5,cake_impl_11,2, freezer, temperature,-11.694236755371094,-0.006647141650319099,-11.687589645385742
cake,M,1.0,cake_impl_11,0, in, at,-6.813074588775635,-7.313074588775635,0.5
cake,M,1.0,cake_impl_11,1, the, room,-2.887474536895752,-0.4453311562538147,-2.442143440246582
cake,M,1.0,cake_impl_11,2, freezer, temperature,-8.08726692199707,-0.0024706574622541666,-8.084795951843262
cake,M,2.0,cake_impl_11,0, in, at,-14.692577362060547,-14.930858612060547,0.23828125
cake,M,2.0,cake_impl_11,1, the, room,-4.547738552093506,-9.19650936126709,4.648770809173584
cake,M,2.0,cake_impl_11,2, freezer, temperature,-6.518805503845215,-0.01212676614522934,-6.506678581237793
cake,M,0.0,cake_impl_12,0, boiling, cold,-5.073189735412598,-3.8231894969940186,-1.250000238418579
cake,M,0.5,cake_impl_12,0, boiling, cold,-7.705418586730957,-4.642918586730957,-3.0625
cake,M,1.0,cake_impl_12,0, boiling, cold,-10.690038681030273,-11.283788681030273,0.59375
cake,M,2.0,cake_impl_12,0, boiling, cold,-10.99958610534668,-14.94489860534668,3.9453125
cake,M,0.0,cake_impl_13,0, warm, cool,-3.028355836868286,-7.778355598449707,4.75
cake,M,0.5,cake_impl_13,0, warm, cool,-2.7828872203826904,-6.0328874588012695,3.250000238418579
cake,M,1.0,cake_impl_13,0, warm, cool,-6.327245235443115,-8.452245712280273,2.125000476837158
cake,M,2.0,cake_impl_13,0, warm, cool,-12.680196762084961,-14.703634262084961,2.0234375
cake,M,0.0,cake_impl_14,0, a, a,-5.004169940948486,-5.004169940948486,0.0
cake,M,0.0,cake_impl_14,1, quarter, few,-3.041874647140503,-5.291874885559082,2.250000238418579
cake,M,0.0,cake_impl_14,2, cup, teaspoons,-0.847419261932373,-2.5306947231292725,1.6832754611968994
cake,M,0.5,cake_impl_14,0, a, a,-3.628110885620117,-3.628110885620117,0.0
cake,M,0.5,cake_impl_14,1, quarter, few,-7.89972448348999,-10.837224006652832,2.937499523162842
cake,M,0.5,cake_impl_14,2, cup, teaspoons,-1.7740578651428223,-2.7934834957122803,1.019425630569458
cake,M,1.0,cake_impl_14,0, a, a,-9.106657981872559,-9.106657981872559,0.0
cake,M,1.0,cake_impl_14,1, quarter, few,-11.104394912719727,-11.916894912719727,0.8125
cake,M,1.0,cake_impl_14,2, cup, teaspoons,-1.6728036403656006,-4.413392066955566,2.740588426589966
cake,M,2.0,cake_impl_14,0, a, a,-17.226572036743164,-17.226572036743164,0.0
cake,M,2.0,cake_impl_14,1, quarter, few,-11.486169815063477,-11.517419815063477,0.03125
cake,M,2.0,cake_impl_14,2, cup, teaspoons,-3.610647439956665,-7.318077087402344,3.7074296474456787
cake,M,0.0,cake_impl_15,0, vinegar, milk,-4.1788225173950195,-3.3038227558135986,-0.8749997615814209
cake,M,0.5,cake_impl_15,0, vinegar, milk,-3.219230890274048,-4.656730651855469,1.437499761581421
cake,M,1.0,cake_impl_15,0, vinegar, milk,-6.632962703704834,-8.664213180541992,2.031250476837158
cake,M,2.0,cake_impl_15,0, vinegar, milk,-9.826108932495117,-14.326108932495117,4.5
cake,M,0.0,cake_impl_16,0, , ,-0.04533400759100914,-0.04533400759100914,0.0
cake,M,0.0,cake_impl_16,1,4,3,-3.9221813678741455,-0.04718131572008133,-3.875
cake,M,0.0,cake_impl_16,2,5,5,-1.3406620025634766,-0.08275198191404343,-1.2579100131988525
cake,M,0.0,cake_impl_16,3,0,0,-0.0028062984347343445,-0.0021036178804934025,-0.000702680554240942
cake,M,0.5,cake_impl_16,0, , ,-1.3542450666427612,-1.3542450666427612,0.0
cake,M,0.5,cake_impl_16,1,4,3,-3.673143148422241,-0.04814322665333748,-3.625
cake,M,0.5,cake_impl_16,2,5,5,-1.5690689086914062,-0.12455371767282486,-1.4445152282714844
cake,M,0.5,cake_impl_16,3,0,0,-0.0035048029385507107,-0.0031751003116369247,-0.00032970262691378593
cake,M,1.0,cake_impl_16,0, , ,-5.286616325378418,-5.286616325378418,0.0
cake,M,1.0,cake_impl_16,1,4,3,-2.3170225620269775,-0.1920226365327835,-2.125
cake,M,1.0,cake_impl_16,2,5,5,-1.5747991800308228,-0.47374022006988525,-1.1010589599609375
cake,M,1.0,cake_impl_16,3,0,0,-0.0057037221267819405,-0.009298470802605152,0.0035947486758232117
cake,M,2.0,cake_impl_16,0, , ,-11.158875465393066,-11.158875465393066,0.0
cake,M,2.0,cake_impl_16,1,4,3,-2.8560914993286133,-0.7310913801193237,-2.125
cake,M,2.0,cake_impl_16,2,5,5,-0.8340557813644409,-0.5656083822250366,-0.2684473991394043
cake,M,2.0,cake_impl_16,3,0,0,-1.0715243816375732,-0.0040144105441868305,-1.0675100088119507
cake,M,0.0,cake_impl_17,0, , ,-0.6544069051742554,-0.6544069051742554,0.0
cake,M,0.0,cake_impl_17,1,4,3,-3.42889404296875,-0.05389398708939552,-3.375
cake,M,0.0,cake_impl_17,2,5,5,-1.2259196043014526,-0.14242523908615112,-1.0834944248199463
cake,M,0.0,cake_impl_17,3,0,0,-0.009641981683671474,-0.0053977458737790585,-0.004244235809892416
cake,M,0.5,cake_impl_17,0, , ,-4.113964080810547,-4.113964080810547,0.0
cake,M,0.5,cake_impl_17,1,4,3,-3.456472158432007,-0.08147212117910385,-3.375
cake,M,0.5,cake_impl_17,2,5,5,-1.1149156093597412,-0.2111477255821228,-0.9037678837776184
cake,M,0.5,cake_impl_17,3,0,0,-0.009636432863771915,-0.007740858010947704,-0.0018955748528242111
cake,M,1.0,cake_impl_17,0, , ,-5.325993537902832,-5.325993537902832,0.0
cake,M,1.0,cake_impl_17,1,4,3,-2.864737033843994,-0.1147371307015419,-2.75
cake,M,1.0,cake_impl_17,2,5,5,-1.553025484085083,-0.2322128415107727,-1.320812702178955
cake,M,1.0,cake_impl_17,3,0,0,-0.0056503815576434135,-0.006119087804108858,0.00046870624646544456
cake,M,2.0,cake_impl_17,0, , ,-10.962265968322754,-10.962265968322754,0.0
cake,M,2.0,cake_impl_17,1,4,3,-3.981194019317627,-1.3561941385269165,-2.625
cake,M,2.0,cake_impl_17,2,5,5,-0.9029655456542969,-1.9499092102050781,1.0469436645507812
cake,M,2.0,cake_impl_17,3,0,0,-4.27296257019043,-0.023030653595924377,-4.249931812286377
cake,M,0.0,cake_impl_18,0, , ,-0.12249831110239029,-0.12249831110239029,0.0
cake,M,0.0,cake_impl_18,1,4,3,-2.5231118202209473,-0.1481117308139801,-2.375
cake,M,0.0,cake_impl_18,2,5,5,-0.9505081176757812,-0.2047184705734253,-0.745789647102356
cake,M,0.0,cake_impl_18,3,0,0,-0.004506669472903013,-0.002410484477877617,-0.0020961849950253963
cake,M,0.5,cake_impl_18,0, , ,-1.2641841173171997,-1.2641841173171997,0.0
cake,M,0.5,cake_impl_18,1,4,3,-2.3016457557678223,-0.17664586007595062,-2.125
cake,M,0.5,cake_impl_18,2,5,5,-1.0870468616485596,-0.3494053781032562,-0.737641453742981
cake,M,0.5,cake_impl_18,3,0,0,-0.007877591997385025,-0.007070519961416721,-0.0008070720359683037
cake,M,1.0,cake_impl_18,0, , ,-3.856886863708496,-3.856886863708496,0.0
cake,M,1.0,cake_impl_18,1,4,3,-2.6344990730285645,-0.13449905812740326,-2.5
cake,M,1.0,cake_impl_18,2,5,5,-1.5183976888656616,-0.4119374454021454,-1.1064602136611938
cake,M,1.0,cake_impl_18,3,0,0,-0.0021287179552018642,-0.003104511881247163,0.0009757939260452986
cake,M,2.0,cake_impl_18,0, , ,-10.998857498168945,-10.998857498168945,0.0
cake,M,2.0,cake_impl_18,1,4,3,-2.5201849937438965,-0.6451849341392517,-1.875
cake,M,2.0,cake_impl_18,2,5,5,-0.8296164274215698,-0.5555281639099121,-0.2740882635116577
cake,M,2.0,cake_impl_18,3,0,0,-0.4851035177707672,-0.0028306676540523767,-0.4822728633880615
