organism,arm,alpha,ll_base_ultrachat,ll_steered_ultrachat,fluency_drop_ultrachat,flagged_ultrachat,kl_ft_base_ultrachat,kl_ft_steered_ultrachat,recovery_ultrachat,ll_base_fineweb,ll_steered_fineweb,fluency_drop_fineweb,flagged_fineweb,kl_ft_base_fineweb,kl_ft_steered_fineweb,recovery_fineweb
cake,base,,-2.1658593208070784,-2.1658593208070784,0.0,False,0.2504580347310929,0.2504580347310929,0.0,-2.9209518508305625,-2.9209518508305625,0.0,False,0.17962501304490225,0.17962501304490225,0.0
cake,finetuned,,-2.1658593208070784,-2.068791461369348,-0.09706785943773033,False,0.2504580347310929,0.0,1.0,-2.9209518508305625,-2.8796656548030795,-0.04128619602748307,False,0.17962501304490225,0.0,1.0
cake,mu_D,0.0,-2.1658593208070784,-2.1658593208070784,0.0,False,0.2504580347310929,0.2504580347310929,0.0,-2.9209518508305625,-2.9209518508305625,0.0,False,0.17962501304490225,0.17962501304490225,0.0
cake,mu_D,0.5,-2.1658593208070784,-2.1642278830210366,-0.0016314377860418006,False,0.2504580347310929,0.22197788480728392,0.1137122630319567,-2.9209518508305625,-2.9185051993718223,-0.0024466514587402344,False,0.17962501304490225,0.16573731695848798,0.07731493432344339
cake,mu_D,1.0,-2.1658593208070784,-2.1647328422183083,-0.00112647858877013,False,0.2504580347310929,0.19791235810234434,0.20979832683413346,-2.9209518508305625,-2.919337658655076,-0.0016141921754866395,False,0.17962501304490225,0.15285107658969033,0.1490546110553046
cake,mu_D,2.0,-2.1658593208070784,-2.1776460201021224,0.011786699295043945,False,0.2504580347310929,0.16938139119791606,0.32371348605456274,-2.9209518508305625,-2.934779416947138,0.01382756611657543,False,0.17962501304490225,0.13446652321588426,0.2514042396630439
cake,mu_D,4.0,-2.1658593208070784,-2.264073440006801,0.09821411919972256,False,0.2504580347310929,0.23023932557257396,0.08072693367664163,-2.9209518508305625,-3.0776892313881525,0.15673738055759,False,0.17962501304490225,0.18665946901790678,-0.03916189540510184
cake,mu_Dprime_native,0.0,-2.1658593208070784,-2.1658593208070784,0.0,False,0.2504580347310929,0.2504580347310929,0.0,-2.9209518508305625,-2.9209518508305625,0.0,False,0.17962501304490225,0.17962501304490225,0.0
cake,mu_Dprime_native,0.5,-2.1658593208070784,-2.18647609438215,0.020616773575071523,False,0.2504580347310929,0.21592654216857182,0.1378733670876089,-2.9209518508305625,-2.9321554728916714,0.01120362206110892,False,0.17962501304490225,0.162546311342527,0.09507975205048946
cake,mu_Dprime_native,1.0,-2.1658593208070784,-2.2292441602737183,0.06338483946663986,False,0.2504580347310929,0.20833780604695518,0.16817279880583824,-2.9209518508305625,-2.9644713931613498,0.04351954233078725,False,0.17962501304490225,0.1550699548115806,0.13670177564403818
cake,mu_Dprime_native,2.0,-2.1658593208070784,-2.3942246777670726,0.22836535695999416,False,0.2504580347310929,0.3121223355096484,-0.24620611929963476,-2.9209518508305625,-3.159871214912051,0.23891936408148862,False,0.17962501304490225,0.23401627654121035,-0.30280450686849214
cake,mu_Dprime_native,4.0,-2.1658593208070784,-2.9566622158837697,0.7908028950766912,False,0.2504580347310929,0.947381507782709,-2.7825957901485405,-2.9209518508305625,-3.7887610783652654,0.8678092275347029,False,0.17962501304490225,0.8052682914431133,-3.4830520972144017
cake,mu_Dprime_matched,0.0,-2.1658593208070784,-2.1658593208070784,0.0,False,0.2504580347310929,0.2504580347310929,0.0,-2.9209518508305625,-2.9209518508305625,0.0,False,0.17962501304490225,0.17962501304490225,0.0
cake,mu_Dprime_matched,0.5,-2.1658593208070784,-2.174443729340084,0.008584408533005572,False,0.2504580347310929,0.22897474633322823,0.08577600004300301,-2.9209518508305625,-2.9249401773725237,0.003988326541961129,False,0.17962501304490225,0.16965591032353658,0.05549952399376368
cake,mu_Dprime_matched,1.0,-2.1658593208070784,-2.188769711388482,0.02291039058140365,False,0.2504580347310929,0.21323045236723764,0.14863800398268345,-2.9209518508305625,-2.933703937227764,0.012752086397201268,False,0.17962501304490225,0.1612285633408834,0.1024158573027919
cake,mu_Dprime_matched,2.0,-2.1658593208070784,-2.24130320170569,0.07544388089861176,False,0.2504580347310929,0.2110361366991013,0.15739921489968323,-2.9209518508305625,-2.9735910400511725,0.05263918922060995,False,0.17962501304490225,0.1557414224223485,0.1329636124596042
cake,mu_Dprime_matched,4.0,-2.1658593208070784,-2.4321379093896773,0.2662785885825989,False,0.2504580347310929,0.34820664307427784,-0.39027938731585854,-2.9209518508305625,-3.2114247973003085,0.290472946469746,False,0.17962501304490225,0.266067546984506,-0.48123884571685505
cake,mu_D_par,0.0,-2.1658593208070784,-2.1658593208070784,0.0,False,0.2504580347310929,0.2504580347310929,0.0,-2.9209518508305625,-2.9209518508305625,0.0,False,0.17962501304490225,0.17962501304490225,0.0
cake,mu_D_par,0.5,-2.1658593208070784,-2.1723946465386286,0.0065353257315501345,False,0.2504580347310929,0.2319466949455322,0.07390994585354638,-2.9209518508305625,-2.9239927927652993,0.003040941934736807,False,0.17962501304490225,0.17111155721876356,0.04739571444880297
cake,mu_D_par,1.0,-2.1658593208070784,-2.184621704949273,0.018762384142194666,False,0.2504580347310929,0.21809246710368566,0.1292255114201344,-2.9209518508305625,-2.93044714700608,0.009495296175517698,False,0.17962501304490225,0.16387080720492772,0.08770608042230921
cake,mu_D_par,2.0,-2.1658593208070784,-2.220691578728812,0.05483225792173352,False,0.2504580347310929,0.2072365317079756,0.1725698401711191,-2.9209518508305625,-2.956276151869032,0.0353243010384694,False,0.17962501304490225,0.1552907819785769,0.13547239693306146
cake,mu_D_par,4.0,-2.1658593208070784,-2.3605524131229947,0.19469309231591625,False,0.2504580347310929,0.28223652357146856,-0.1268814908433462,-2.9209518508305625,-3.1126144802759566,0.19166262944539403,False,0.17962501304490225,0.20761964340058583,-0.1558504012394173
cake,mu_D_perp_native,0.0,-2.1658593208070784,-2.1658593208070784,0.0,False,0.2504580347310929,0.2504580347310929,0.0,-2.9209518508305625,-2.9209518508305625,0.0,False,0.17962501304490225,0.17962501304490225,0.0
cake,mu_D_perp_native,0.5,-2.1658593208070784,-2.156430887797522,-0.009428433009556425,False,0.2504580347310929,0.24021739193371364,0.040887659317355274,-2.9209518508305625,-2.9155759962778243,-0.005375854552738257,False,0.17962501304490225,0.1743582837165348,0.029320690025786522
cake,mu_D_perp_native,1.0,-2.1658593208070784,-2.1485666055527943,-0.017292715254284108,False,0.2504580347310929,0.23144468239375524,0.07591432376186924,-2.9209518508305625,-2.910685032133072,-0.010266818697490354,False,0.17962501304490225,0.16952076459687854,0.05625190098384503
cake,mu_D_perp_native,2.0,-2.1658593208070784,-2.1329998137458923,-0.03285950706118612,False,0.2504580347310929,0.2168398244040353,0.13422691894533223,-2.9209518508305625,-2.9036497085813493,-0.017302142249213226,False,0.17962501304490225,0.1618644663738826,0.09887568757798726
cake,mu_D_perp_native,4.0,-2.1658593208070784,-2.114038690688118,-0.05182063011896032,False,0.2504580347310929,0.2012489726619115,0.19647627644293897,-2.9209518508305625,-2.898526865338522,-0.022424985492040417,False,0.17962501304490225,0.15407934169920665,0.14221667078910527
cake,mu_D_perp_matched,0.0,-2.1658593208070784,-2.1658593208070784,0.0,False,0.2504580347310929,0.2504580347310929,0.0,-2.9209518508305625,-2.9209518508305625,0.0,False,0.17962501304490225,0.17962501304490225,0.0
cake,mu_D_perp_matched,0.5,-2.1658593208070784,-2.1501647707015747,-0.01569455010550369,False,0.2504580347310929,0.2328165140416887,0.0704370323289697,-2.9209518508305625,-2.911901769183931,-0.009050081646631458,False,0.17962501304490225,0.17037203813356067,0.05151273062971773
cake,mu_D_perp_matched,1.0,-2.1658593208070784,-2.1357488329448397,-0.03011048786223869,False,0.2504580347310929,0.21943849750927516,0.12385123621656702,-2.9209518508305625,-2.9051966667175293,-0.015755184113033227,False,0.17962501304490225,0.16290918536602506,0.09305957670103893
cake,mu_D_perp_matched,2.0,-2.1658593208070784,-2.1161355442470975,-0.04972377655998095,False,0.2504580347310929,0.2028636241716052,0.19002948182751644,-2.9209518508305625,-2.898234246269105,-0.02271760456145744,False,0.17962501304490225,0.15456256033882262,0.13952651850226772
cake,mu_D_perp_matched,4.0,-2.1658593208070784,-2.1154205307127936,-0.05043879009428487,False,0.2504580347310929,0.2191639022221641,0.12494760865838506,-2.9209518508305625,-2.9192659514290944,-0.0016858994014681272,False,0.17962501304490225,0.16937540069458976,0.0570611641250115
cake,r0,0.0,-2.1658593208070784,-2.1658593208070784,0.0,False,0.2504580347310929,0.2504580347310929,0.0,-2.9209518508305625,-2.9209518508305625,0.0,False,0.17962501304490225,0.17962501304490225,0.0
cake,r0,0.5,-2.1658593208070784,-2.1795891277373785,0.013729806930300015,False,0.2504580347310929,0.2569386310993679,-0.0258749789170587,-2.9209518508305625,-2.923559998709058,0.0026081478784956147,False,0.17962501304490225,0.18089278870158726,-0.007057901542743883
cake,r0,1.0,-2.1658593208070784,-2.1955552820175415,0.02969596121046303,False,0.2504580347310929,0.2686369310295771,-0.07258260378031856,-2.9209518508305625,-2.928130906725687,0.007179055895124353,False,0.17962501304490225,0.18408712413575914,-0.024841256878525453
cake,r0,2.0,-2.1658593208070784,-2.237617844627017,0.07175852381993852,False,0.2504580347310929,0.3039724074658893,-0.2136660250977882,-2.9209518508305625,-2.943848488822816,0.0228966379922535,False,0.17962501304490225,0.1957635860594492,-0.08984591144058918
cake,r0,4.0,-2.1658593208070784,-2.3702568629431346,0.2043975421360562,False,0.2504580347310929,0.4402772103037153,-0.7578881459180333,-2.9209518508305625,-3.0065359917898027,0.08558414095924016,False,0.17962501304490225,0.25001626260696896,-0.3918788835075573
cake,r1,0.0,-2.1658593208070784,-2.1658593208070784,0.0,False,0.2504580347310929,0.2504580347310929,0.0,-2.9209518508305625,-2.9209518508305625,0.0,False,0.17962501304490225,0.17962501304490225,0.0
cake,r1,0.5,-2.1658593208070784,-2.154545140644861,-0.011314180162217635,False,0.2504580347310929,0.24965033833942715,0.0032248771437216606,-2.9209518508305625,-2.920054730914888,-0.000897119915674427,False,0.17962501304490225,0.17988395075949412,-0.0014415459751540016
cake,r1,1.0,-2.1658593208070784,-2.147125864785815,-0.018733456021263528,False,0.2504580347310929,0.2523440978829823,-0.007530455766429522,-2.9209518508305625,-2.920542179592072,-0.00040967123849044995,False,0.17962501304490225,0.18171808028978015,-0.011652426404304084
cake,r1,2.0,-2.1658593208070784,-2.140924923003666,-0.024934397803412445,False,0.2504580347310929,0.2659703739105709,-0.06193588157845675,-2.9209518508305625,-2.926265981462267,0.0053141306317043835,False,0.17962501304490225,0.18989274899164835,-0.05716206096630527
cake,r1,4.0,-2.1658593208070784,-2.166611455735706,0.0007521349286276902,False,0.2504580347310929,0.3247468395838662,-0.29661178541360944,-2.9209518508305625,-2.960448976546999,0.039497125716436265,False,0.17962501304490225,0.22828591910619583,-0.27090272805786486
cake,r2,0.0,-2.1658593208070784,-2.1658593208070784,0.0,False,0.2504580347310929,0.2504580347310929,0.0,-2.9209518508305625,-2.9209518508305625,0.0,False,0.17962501304490225,0.17962501304490225,0.0
cake,r2,0.5,-2.1658593208070784,-2.1673476355416432,0.0014883147345647885,False,0.2504580347310929,0.24620669843658569,0.01697424600121822,-2.9209518508305625,-2.9207342995537653,-0.0002175512767972343,False,0.17962501304490225,0.17712922228707206,0.013894449973992695
cake,r2,1.0,-2.1658593208070784,-2.1708063927907792,0.004947071983700813,False,0.2504580347310929,0.24447335563008749,0.02389493755882477,-2.9209518508305625,-2.921400448632619,0.0004485978020563053,False,0.17962501304490225,0.1754956959731995,0.022988541527178663
cake,r2,2.0,-2.1658593208070784,-2.183125030426752,0.017265709619673775,False,0.2504580347310929,0.24876744548479715,0.006749990065644584,-2.9209518508305625,-2.925789848206535,0.00483799737597268,False,0.17962501304490225,0.17551319230170476,0.02289113678265753
cake,r2,4.0,-2.1658593208070784,-2.253328796416994,0.08746947560991547,False,0.2504580347310929,0.3106008602513207,-0.2401313480911118,-2.9209518508305625,-2.951605342683338,0.03065349185277544,False,0.17962501304490225,0.19715729876170082,-0.09760492383327413
cake,r0@mu_D,0.0,-2.1658593208070784,-2.1658593208070784,0.0,False,0.2504580347310929,0.2504580347310929,0.0,-2.9209518508305625,-2.9209518508305625,0.0,False,0.17962501304490225,0.17962501304490225,0.0
cake,r0@mu_D,0.5,-2.1658593208070784,-2.1795891277373785,0.013729806930300015,False,0.2504580347310929,0.2569386310993679,-0.0258749789170587,-2.9209518508305625,-2.923559998709058,0.0026081478784956147,False,0.17962501304490225,0.18089278870158726,-0.007057901542743883
cake,r0@mu_D,1.0,-2.1658593208070784,-2.1955552820175415,0.02969596121046303,False,0.2504580347310929,0.2686369310295771,-0.07258260378031856,-2.9209518508305625,-2.928130906725687,0.007179055895124353,False,0.17962501304490225,0.18408712413575914,-0.024841256878525453
cake,r0@mu_D,2.0,-2.1658593208070784,-2.237617844627017,0.07175852381993852,False,0.2504580347310929,0.3039724074658893,-0.2136660250977882,-2.9209518508305625,-2.943848488822816,0.0228966379922535,False,0.17962501304490225,0.1957635860594492,-0.08984591144058918
cake,r0@mu_D,4.0,-2.1658593208070784,-2.3702568629431346,0.2043975421360562,False,0.2504580347310929,0.4402772103037153,-0.7578881459180333,-2.9209518508305625,-3.0065359917898027,0.08558414095924016,False,0.17962501304490225,0.25001626260696896,-0.3918788835075573
cake,r0@mu_D_par,0.0,-2.1658593208070784,-2.1658593208070784,0.0,False,0.2504580347310929,0.2504580347310929,0.0,-2.9209518508305625,-2.9209518508305625,0.0,False,0.17962501304490225,0.17962501304490225,0.0
cake,r0@mu_D_par,0.5,-2.1658593208070784,-2.1771728084200905,0.011313487613012096,False,0.2504580347310929,0.25585874347459703,-0.021563327961519274,-2.9209518508305625,-2.9230206201946927,0.002068769364130141,False,0.17962501304490225,0.18064053616826498,-0.005653572997146306
cake,r0@mu_D_par,1.0,-2.1658593208070784,-2.1905371802193776,0.024677859412299163,False,0.2504580347310929,0.2644406845645299,-0.05582831410639155,-2.9209518508305625,-2.9268402674841503,0.005888416653587747,False,0.17962501304490225,0.18270623163571434,-0.017153616517994852
cake,r0@mu_D_par,2.0,-2.1658593208070784,-2.222768329438709,0.05690900863163062,False,0.2504580347310929,0.2906610487945496,-0.16051796504201254,-2.9209518508305625,-2.9377711159842357,0.016819265153673157,False,0.17962501304490225,0.19122569286634053,-0.06458276397473872
cake,r0@mu_D_par,4.0,-2.1658593208070784,-2.318174714133853,0.15231539332677446,False,0.2504580347310929,0.38428175260150244,-0.5343159304675167,-2.9209518508305625,-2.9805054967365567,0.05955364590599421,False,0.17962501304490225,0.2266981563870869,-0.262063409456329
cake,r0@mu_D_perp_native,0.0,-2.1658593208070784,-2.1658593208070784,0.0,False,0.2504580347310929,0.2504580347310929,0.0,-2.9209518508305625,-2.9209518508305625,0.0,False,0.17962501304490225,0.17962501304490225,0.0
cake,r0@mu_D_perp_native,0.5,-2.1658593208070784,-2.1726959622095503,0.006836641402471866,False,0.2504580347310929,0.25343644713598584,-0.01189186207617876,-2.9209518508305625,-2.9227268885052395,0.0017750376746770158,False,0.17962501304490225,0.1803581743013291,-0.004081621172902006
cake,r0@mu_D_perp_native,1.0,-2.1658593208070784,-2.180237826846895,0.014378506039816497,False,0.2504580347310929,0.25752854016092086,-0.028230299888040156,-2.9209518508305625,-2.9240198438129728,0.003067992982410228,False,0.17962501304490225,0.18121791548199123,-0.00886793219990345
cake,r0@mu_D_perp_native,2.0,-2.1658593208070784,-2.1999036281827897,0.03404430737571129,False,0.2504580347310929,0.27095045646031696,-0.08181978171004167,-2.9209518508305625,-2.9291984088837153,0.008246558053152775,False,0.17962501304490225,0.18477353500941443,-0.028662611499575386
cake,r0@mu_D_perp_native,4.0,-2.1658593208070784,-2.247033580901131,0.08117426009405238,False,0.2504580347310929,0.313031119959695,-0.24983460920223388,-2.9209518508305625,-2.9479583255828374,0.02700647475227491,False,0.17962501304490225,0.19893398880958557,-0.10749602985335072
cake,r1@mu_D,0.0,-2.1658593208070784,-2.1658593208070784,0.0,False,0.2504580347310929,0.2504580347310929,0.0,-2.9209518508305625,-2.9209518508305625,0.0,False,0.17962501304490225,0.17962501304490225,0.0
cake,r1@mu_D,0.5,-2.1658593208070784,-2.154545140644861,-0.011314180162217635,False,0.2504580347310929,0.24965033833942715,0.0032248771437216606,-2.9209518508305625,-2.920054730914888,-0.000897119915674427,False,0.17962501304490225,0.17988395075949412,-0.0014415459751540016
cake,r1@mu_D,1.0,-2.1658593208070784,-2.147125864785815,-0.018733456021263528,False,0.2504580347310929,0.2523440978829823,-0.007530455766429522,-2.9209518508305625,-2.920542179592072,-0.00040967123849044995,False,0.17962501304490225,0.18171808028978015,-0.011652426404304084
cake,r1@mu_D,2.0,-2.1658593208070784,-2.140924923003666,-0.024934397803412445,False,0.2504580347310929,0.2659703739105709,-0.06193588157845675,-2.9209518508305625,-2.926265981462267,0.0053141306317043835,False,0.17962501304490225,0.18989274899164835,-0.05716206096630527
cake,r1@mu_D,4.0,-2.1658593208070784,-2.166611455735706,0.0007521349286276902,False,0.2504580347310929,0.3247468395838662,-0.29661178541360944,-2.9209518508305625,-2.960448976546999,0.039497125716436265,False,0.17962501304490225,0.22828591910619583,-0.27090272805786486
cake,r1@mu_D_par,0.0,-2.1658593208070784,-2.1658593208070784,0.0,False,0.2504580347310929,0.2504580347310929,0.0,-2.9209518508305625,-2.9209518508305625,0.0,False,0.17962501304490225,0.17962501304490225,0.0
cake,r1@mu_D_par,0.5,-2.1658593208070784,-2.1551693658980113,-0.010689954909067101,False,0.2504580347310929,0.24940159349214464,0.004218036926156188,-2.9209518508305625,-2.9195965736631364,-0.0013552771674261166,False,0.17962501304490225,0.1796259686114296,-5.319785430391022e-06
cake,r1@mu_D_par,1.0,-2.1658593208070784,-2.1487928761376276,-0.017066444669450842,False,0.2504580347310929,0.25079610801878427,-0.0013498200928325765,-2.9209518508305625,-2.9200058437529064,-0.0009460070776561302,False,0.17962501304490225,0.1809716158443027,-0.007496744337403882
cake,r1@mu_D_par,2.0,-2.1658593208070784,-2.140707746384636,-0.025151574422442646,False,0.2504580347310929,0.2601488350875794,-0.03869231173554133,-2.9209518508305625,-2.9233153206961497,0.00236346986558722,False,0.17962501304490225,0.18662110633320278,-0.0389483244549671
cake,r1@mu_D_par,4.0,-2.1658593208070784,-2.1523898404742043,-0.013469480332874095,False,0.2504580347310929,0.30108470150402616,-0.20213632526219083,-2.9209518508305625,-2.945291693248446,0.02433984241788334,False,0.17962501304490225,0.21194517754373096,-0.17993131330072276
cake,r1@mu_D_perp_native,0.0,-2.1658593208070784,-2.1658593208070784,0.0,False,0.2504580347310929,0.2504580347310929,0.0,-2.9209518508305625,-2.9209518508305625,0.0,False,0.17962501304490225,0.17962501304490225,0.0
cake,r1@mu_D_perp_native,0.5,-2.1658593208070784,-2.1588135900951566,-0.007045730711921827,False,0.2504580347310929,0.2494208358582996,0.004141208222395054,-2.9209518508305625,-2.920135112035842,-0.0008167387947204396,False,0.17962501304490225,0.1795007326300182,0.0006918881328236148
cake,r1@mu_D_perp_native,1.0,-2.1658593208070784,-2.1542716593969438,-0.011587661410134675,False,0.2504580347310929,0.24988298236377657,0.002296002873031222,-2.9209518508305625,-2.919997767796592,-0.0009540830339704875,False,0.17962501304490225,0.17976191734510755,-0.0007621672387634337
cake,r1@mu_D_perp_native,2.0,-2.1658593208070784,-2.144898463809301,-0.020960856997777277,False,0.2504580347310929,0.2529935079907614,-0.010123345663039851,-2.9209518508305625,-2.9201378973703536,-0.0008139534602089604,False,0.17962501304490225,0.1820450954967075,-0.013472970221582115
cake,r1@mu_D_perp_native,4.0,-2.1658593208070784,-2.1412072938586038,-0.02465202694847468,False,0.2504580347310929,0.26946524116728043,-0.07588978511547784,-2.9209518508305625,-2.9279066494532993,0.006954798622736735,False,0.17962501304490225,0.1922790597355555,-0.07044701890983318
cake,r2@mu_D,0.0,-2.1658593208070784,-2.1658593208070784,0.0,False,0.2504580347310929,0.2504580347310929,0.0,-2.9209518508305625,-2.9209518508305625,0.0,False,0.17962501304490225,0.17962501304490225,0.0
cake,r2@mu_D,0.5,-2.1658593208070784,-2.1673476355416432,0.0014883147345647885,False,0.2504580347310929,0.24620669843658569,0.01697424600121822,-2.9209518508305625,-2.9207342995537653,-0.0002175512767972343,False,0.17962501304490225,0.17712922228707206,0.013894449973992695
cake,r2@mu_D,1.0,-2.1658593208070784,-2.1708063927907792,0.004947071983700813,False,0.2504580347310929,0.24447335563008749,0.02389493755882477,-2.9209518508305625,-2.921400448632619,0.0004485978020563053,False,0.17962501304490225,0.1754956959731995,0.022988541527178663
cake,r2@mu_D,2.0,-2.1658593208070784,-2.183125030426752,0.017265709619673775,False,0.2504580347310929,0.24876744548479715,0.006749990065644584,-2.9209518508305625,-2.925789848206535,0.00483799737597268,False,0.17962501304490225,0.17551319230170476,0.02289113678265753
cake,r2@mu_D,4.0,-2.1658593208070784,-2.253328796416994,0.08746947560991547,False,0.2504580347310929,0.3106008602513207,-0.2401313480911118,-2.9209518508305625,-2.951605342683338,0.03065349185277544,False,0.17962501304490225,0.19715729876170082,-0.09760492383327413
cake,r2@mu_D_par,0.0,-2.1658593208070784,-2.1658593208070784,0.0,False,0.2504580347310929,0.2504580347310929,0.0,-2.9209518508305625,-2.9209518508305625,0.0,False,0.17962501304490225,0.17962501304490225,0.0
cake,r2@mu_D_par,0.5,-2.1658593208070784,-2.1667788217938138,0.0009195009867353221,False,0.2504580347310929,0.24640961156951058,0.016164077810196686,-2.9209518508305625,-2.9205639324490984,-0.00038791838146412516,False,0.17962501304490225,0.177300449874666,0.012941199729545216
cake,r2@mu_D_par,1.0,-2.1658593208070784,-2.169463081965371,0.003603761158292418,False,0.2504580347310929,0.24443919696505106,0.02403132234309846,-2.9209518508305625,-2.921154733688112,0.0002028828575495467,False,0.17962501304490225,0.1759358871550787,0.020537929697471147
cake,r2@mu_D_par,2.0,-2.1658593208070784,-2.1777727301158603,0.01191340930878182,False,0.2504580347310929,0.24623228254772367,0.01687209670836176,-2.9209518508305625,-2.9242293645465183,0.003277513715955749,False,0.17962501304490225,0.17489709172930037,0.026321063171864556
cake,r2@mu_D_par,4.0,-2.1658593208070784,-2.220961888631185,0.05510256782410661,False,0.2504580347310929,0.2784489360120561,-0.11175884738940778,-2.9209518508305625,-2.9387590771629695,0.017807226332406945,False,0.17962501304490225,0.18480313344607277,-0.028827390536506847
cake,r2@mu_D_perp_native,0.0,-2.1658593208070784,-2.1658593208070784,0.0,False,0.2504580347310929,0.2504580347310929,0.0,-2.9209518508305625,-2.9209518508305625,0.0,False,0.17962501304490225,0.17962501304490225,0.0
cake,r2@mu_D_perp_native,0.5,-2.1658593208070784,-2.1656136247846813,-0.00024569602239710164,False,0.2504580347310929,0.2468173825551593,0.014535976774881387,-2.9209518508305625,-2.9206819382924882,-0.0002699125380742906,False,0.17962501304490225,0.1779352989461687,0.009406897570057082
cake,r2@mu_D_perp_native,1.0,-2.1658593208070784,-2.1669192881811234,0.0010599673740450122,False,0.2504580347310929,0.24563602180708022,0.019252777932198928,-2.9209518508305625,-2.920803221445235,-0.0001486293853276699,False,0.17962501304490225,0.1768957215642172,0.015194384314409337
cake,r2@mu_D_perp_native,2.0,-2.1658593208070784,-2.171424623519655,0.005565302712576603,False,0.2504580347310929,0.24465996216213892,0.023149876486011522,-2.9209518508305625,-2.921834847283742,0.0008829964531793522,False,0.17962501304490225,0.17546779910723367,0.023143847659063854
cake,r2@mu_D_perp_native,4.0,-2.1658593208070784,-2.1874054235125344,0.021546102705455983,False,0.2504580347310929,0.2512923881175026,-0.0033313101226937203,-2.9209518508305625,-2.9270799727666947,0.006128121936132214,False,0.17962501304490225,0.1759964639232272,0.020200689537419714
cake,r3@mu_D,0.0,-2.1658593208070784,-2.1658593208070784,0.0,False,0.2504580347310929,0.2504580347310929,0.0,-2.9209518508305625,-2.9209518508305625,0.0,False,0.17962501304490225,0.17962501304490225,0.0
cake,r3@mu_D,0.5,-2.1658593208070784,-2.1681635909610324,0.002304270153953958,False,0.2504580347310929,0.24944347474310133,0.0040508182901014544,-2.9209518508305625,-2.9195349859812905,-0.0014168648492720592,False,0.17962501304490225,0.17971885346231006,-0.000522423997733279
cake,r3@mu_D,1.0,-2.1658593208070784,-2.1724461411672924,0.006586820360213963,False,0.2504580347310929,0.2524939870077466,-0.008128915803558234,-2.9209518508305625,-2.9193268427773127,-0.0016250080532498323,False,0.17962501304490225,0.18067622705111427,-0.005852269616533068
cake,r3@mu_D,2.0,-2.1658593208070784,-2.1839391428326804,0.018079822025601988,False,0.2504580347310929,0.2690072244121915,-0.07406106855790884,-2.9209518508305625,-2.924178032647996,0.0032261818174332824,False,0.17962501304490225,0.18807907236946952,-0.047065045013825246
cake,r3@mu_D,4.0,-2.1658593208070784,-2.222394201490614,0.056534880683535516,False,0.2504580347310929,0.34607516773163327,-0.38176907801421023,-2.9209518508305625,-2.963847372266981,0.042895521436418615,False,0.17962501304490225,0.2339973014498514,-0.30269886962433956
cake,r3@mu_D_par,0.0,-2.1658593208070784,-2.1658593208070784,0.0,False,0.2504580347310929,0.2504580347310929,0.0,-2.9209518508305625,-2.9209518508305625,0.0,False,0.17962501304490225,0.17962501304490225,0.0
cake,r3@mu_D_par,0.5,-2.1658593208070784,-2.1666540191287087,0.0007946983216302606,False,0.2504580347310929,0.24922151508785428,0.004937033242180533,-2.9209518508305625,-2.9195579725598533,-0.0013938782707092479,False,0.17962501304490225,0.17931658975661746,0.001717039754411509
cake,r3@mu_D_par,1.0,-2.1658593208070784,-2.170756797941904,0.0048974771348255786,False,0.2504580347310929,0.2511871277339875,-0.002911038584477277,-2.9209518508305625,-2.9186128888811385,-0.0023389619494240677,False,0.17962501304490225,0.18024387908360315,-0.0034453221642700704
cake,r3@mu_D_par,2.0,-2.1658593208070784,-2.1790557399628656,0.013196419155787176,False,0.2504580347310929,0.26204417480362785,-0.046259805899118156,-2.9209518508305625,-2.9219290566822838,0.00097720585172123,False,0.17962501304490225,0.18506563324776906,-0.030288767196953614
cake,r3@mu_D_par,4.0,-2.1658593208070784,-2.2054529871259416,0.039593666318863185,False,0.2504580347310929,0.31165004959182135,-0.2443204304722264,-2.9209518508305625,-2.9449373881022134,0.02398553727165087,False,0.17962501304490225,0.21254974840179322,-0.18329705200166369
cake,r3@mu_D_perp_native,0.0,-2.1658593208070784,-2.1658593208070784,0.0,False,0.2504580347310929,0.2504580347310929,0.0,-2.9209518508305625,-2.9209518508305625,0.0,False,0.17962501304490225,0.17962501304490225,0.0
cake,r3@mu_D_perp_native,0.5,-2.1658593208070784,-2.1667710031781877,0.0009116823711092792,False,0.2504580347310929,0.2494273701357463,0.004115118911849569,-2.9209518508305625,-2.9199961632017106,-0.0009556876288518978,False,0.17962501304490225,0.17944093024919902,0.0010248171598307154
cake,r3@mu_D_perp_native,1.0,-2.1658593208070784,-2.1681095683385454,0.0022502475314669645,False,0.2504580347310929,0.24936074964583865,0.0043811135323822414,-2.9209518508305625,-2.9192334281073675,-0.0017184227231950011,False,0.17962501304490225,0.17950655165172757,0.0006594927463975386
cake,r3@mu_D_perp_native,2.0,-2.1658593208070784,-2.1730029658665733,0.00714364505949483,False,0.2504580347310929,0.25343040672559586,-0.011867744621146814,-2.9209518508305625,-2.9192074518355113,-0.0017443989950511885,False,0.17962501304490225,0.18123591277334425,-0.008968125881440026
cake,r3@mu_D_perp_native,4.0,-2.1658593208070784,-2.184815017003862,0.01895569619678339,False,0.2504580347310929,0.27292402064989485,-0.08969960154371881,-2.9209518508305625,-2.9259163917057096,0.004964540875147083,False,0.17962501304490225,0.19048529106473167,-0.060460833576193584
cake,r4@mu_D,0.0,-2.1658593208070784,-2.1658593208070784,0.0,False,0.2504580347310929,0.2504580347310929,0.0,-2.9209518508305625,-2.9209518508305625,0.0,False,0.17962501304490225,0.17962501304490225,0.0
cake,r4@mu_D,0.5,-2.1658593208070784,-2.1686593426598444,0.002800021852765955,False,0.2504580347310929,0.2523335298848531,-0.007488261080439429,-2.9209518508305625,-2.922167762877449,0.0012159120468866469,False,0.17962501304490225,0.18103844920794168,-0.00786881592423927
cake,r4@mu_D,1.0,-2.1658593208070784,-2.1717127504802884,0.005853429673210009,False,0.2504580347310929,0.25640979172691464,-0.023763489968336993,-2.9209518508305625,-2.9247186600215853,0.0037668091910227908,False,0.17962501304490225,0.18389212706732372,-0.02375567828827263
cake,r4@mu_D,2.0,-2.1658593208070784,-2.181689572712732,0.01583025190565346,False,0.2504580347310929,0.27370158452836296,-0.09280416905860389,-2.9209518508305625,-2.9350492310902427,0.014097380259680214,False,0.17962501304490225,0.1939289721231612,-0.0796323342489238
cake,r4@mu_D,4.0,-2.1658593208070784,-2.224160217103504,0.05830089629642554,False,0.2504580347310929,0.3436187742248414,-0.37196147288215986,-2.9209518508305625,-2.977584051707434,0.0566322008768716,False,0.17962501304490225,0.2360774226604946,-0.3142792234702887
cake,r4@mu_D_par,0.0,-2.1658593208070784,-2.1658593208070784,0.0,False,0.2504580347310929,0.2504580347310929,0.0,-2.9209518508305625,-2.9209518508305625,0.0,False,0.17962501304490225,0.17962501304490225,0.0
cake,r4@mu_D_par,0.5,-2.1658593208070784,-2.1673202249738903,0.0014609041668118827,False,0.2504580347310929,0.25141523139817373,-0.003821784627945801,-2.9209518508305625,-2.9219652508932445,0.0010134000626820239,False,0.17962501304490225,0.18061036770305935,-0.005485620523856483
cake,r4@mu_D_par,1.0,-2.1658593208070784,-2.170166011840578,0.004306691033499455,False,0.2504580347310929,0.2547386534630306,-0.017091161545420785,-2.9209518508305625,-2.9236596652439664,0.0027078144134038418,False,0.17962501304490225,0.1828493731362479,-0.01795050720769975
cake,r4@mu_D_par,2.0,-2.1658593208070784,-2.177198568979899,0.011339248172820504,False,0.2504580347310929,0.26675459032966975,-0.0650670105915101,-2.9209518508305625,-2.9302835691542852,0.009331718323722704,False,0.17962501304490225,0.18972393018858774,-0.05622222079483441
cake,r4@mu_D_par,4.0,-2.1658593208070784,-2.2072851809244307,0.041425860117352276,False,0.2504580347310929,0.3146337876244197,-0.2562335561014435,-2.9209518508305625,-2.9601695499722918,0.039217699141729234,False,0.17962501304490225,0.21836473355217587,-0.2156699662846484
cake,r4@mu_D_perp_native,0.0,-2.1658593208070784,-2.1658593208070784,0.0,False,0.2504580347310929,0.2504580347310929,0.0,-2.9209518508305625,-2.9209518508305625,0.0,False,0.17962501304490225,0.17962501304490225,0.0
cake,r4@mu_D_perp_native,0.5,-2.1658593208070784,-2.1671432389153376,0.001283918108259119,False,0.2504580347310929,0.25104821295965285,-0.0023563956700114463,-2.9209518508305625,-2.921257745651972,0.0003058948214094137,False,0.17962501304490225,0.18022047385336862,-0.0033150216574655555
cake,r4@mu_D_perp_native,1.0,-2.1658593208070784,-2.168212417572264,0.0023530967651854695,False,0.2504580347310929,0.25244271376776317,-0.007924197915236242,-2.9209518508305625,-2.9223953504411,0.0014434996105374687,False,0.17962501304490225,0.1811989810731676,-0.008762521441665116
cake,r4@mu_D_perp_native,2.0,-2.1658593208070784,-2.1723006187923373,0.0064412979852588315,False,0.2504580347310929,0.2577924070850251,-0.029283837357451326,-2.9209518508305625,-2.925219732617575,0.004267881787012318,False,0.17962501304490225,0.18445048209220644,-0.026864126356934026
cake,r4@mu_D_perp_native,4.0,-2.1658593208070784,-2.1845405366685657,0.0186812158614873,False,0.2504580347310929,0.2778065408033038,-0.10919396577384277,-2.9209518508305625,-2.9374765214465914,0.016524670616028914,False,0.17962501304490225,0.1965392827987671,-0.09416433417119174
cake,r5@mu_D,0.0,-2.1658593208070784,-2.1658593208070784,0.0,False,0.2504580347310929,0.2504580347310929,0.0,-2.9209518508305625,-2.9209518508305625,0.0,False,0.17962501304490225,0.17962501304490225,0.0
cake,r5@mu_D,0.5,-2.1658593208070784,-2.1615593017093717,-0.00430001909770672,False,0.2504580347310929,0.2484271393881904,0.008108725060799182,-2.9209518508305625,-2.9225546291896274,0.0016027783590648603,False,0.17962501304490225,0.18095124619347708,-0.007383343366790918
cake,r5@mu_D,1.0,-2.1658593208070784,-2.1582398490300254,-0.007619471777053022,False,0.2504580347310929,0.24844038533785986,0.008055838158273931,-2.9209518508305625,-2.925419497111487,0.004467646280924331,False,0.17962501304490225,0.1833756584969778,-0.02088041853691025
cake,r5@mu_D,2.0,-2.1658593208070784,-2.1581032692439974,-0.007756051563081012,False,0.2504580347310929,0.2575797372394138,-0.028434713687533364,-2.9209518508305625,-2.9357808506678023,0.014828999837239731,False,0.17962501304490225,0.19231549804172818,-0.07064987654950694
cake,r5@mu_D,4.0,-2.1658593208070784,-2.175567706425985,0.009708385618906412,False,0.2504580347310929,0.3158646963891529,-0.26114818687403885,-2.9209518508305625,-2.979040963309152,0.05808911247858939,False,0.17962501304490225,0.23173221188878257,-0.2900887685995863
cake,r5@mu_D_par,0.0,-2.1658593208070784,-2.1658593208070784,0.0,False,0.2504580347310929,0.2504580347310929,0.0,-2.9209518508305625,-2.9209518508305625,0.0,False,0.17962501304490225,0.17962501304490225,0.0
cake,r5@mu_D_par,0.5,-2.1658593208070784,-2.1611033280690513,-0.004755992738027182,False,0.2504580347310929,0.2484746277332306,0.007919119065163183,-2.9209518508305625,-2.9219010746668257,0.0009492238362631689,False,0.17962501304490225,0.18068109003324356,-0.005879342583971381
cake,r5@mu_D_par,1.0,-2.1658593208070784,-2.1586717234717474,-0.007187597335331031,False,0.2504580347310929,0.24786323261639429,0.010360227083489493,-2.9209518508305625,-2.9242725296626015,0.0033206788320390146,False,0.17962501304490225,0.18248945521929907,-0.015946788956840763
cake,r5@mu_D_par,2.0,-2.1658593208070784,-2.157963764099848,-0.007895556707230522,False,0.2504580347310929,0.2530500056251647,-0.010348922911795233,-2.9209518508305625,-2.9318874449956986,0.01093559416513612,False,0.17962501304490225,0.18872284889221191,-0.05064904766373157
cake,r5@mu_D_par,4.0,-2.1658593208070784,-2.1662363362690757,0.00037701546199730984,False,0.2504580347310929,0.2900248434808519,-0.15797779772663456,-2.9209518508305625,-2.960807732173375,0.03985588134281226,False,0.17962501304490225,0.21502476031818088,-0.1970758229781142
cake,r5@mu_D_perp_native,0.0,-2.1658593208070784,-2.1658593208070784,0.0,False,0.2504580347310929,0.2504580347310929,0.0,-2.9209518508305625,-2.9209518508305625,0.0,False,0.17962501304490225,0.17962501304490225,0.0
cake,r5@mu_D_perp_native,0.5,-2.1658593208070784,-2.1625689438411166,-0.0032903769659617943,False,0.2504580347310929,0.248649476539521,0.007221002885827499,-2.9209518508305625,-2.9217160012986927,0.0007641504681301647,False,0.17962501304490225,0.180106830975366,-0.0026823543241347725
cake,r5@mu_D_perp_native,1.0,-2.1658593208070784,-2.1614980470566523,-0.0043612737504261645,False,0.2504580347310929,0.24792720164571488,0.010104818909464353,-2.9209518508305625,-2.922911795358809,0.001959944528246549,False,0.17962501304490225,0.18113060981508286,-0.008381888160555073
cake,r5@mu_D_perp_native,2.0,-2.1658593208070784,-2.158696276800973,-0.007163044006105235,False,0.2504580347310929,0.24926277380141001,0.004772300201773105,-2.9209518508305625,-2.9262674800933355,0.0053156292627729584,False,0.17962501304490225,0.1839693146092551,-0.024185393173872027
cake,r5@mu_D_perp_native,4.0,-2.1658593208070784,-2.1596116451990035,-0.006247675608074932,False,0.2504580347310929,0.26064728082172456,-0.0406824484651549,-2.9209518508305625,-2.9385034243265786,0.017551573496016104,False,0.17962501304490225,0.1947520791538178,-0.08421469734359377
cake,r6@mu_D,0.0,-2.1658593208070784,-2.1658593208070784,0.0,False,0.2504580347310929,0.2504580347310929,0.0,-2.9209518508305625,-2.9209518508305625,0.0,False,0.17962501304490225,0.17962501304490225,0.0
cake,r6@mu_D,0.5,-2.1658593208070784,-2.1575042406717935,-0.008355080135284965,False,0.2504580347310929,0.2515889760993776,-0.004515492463633475,-2.9209518508305625,-2.921115822262234,0.00016397143167168338,False,0.17962501304490225,0.17947936483791896,0.0008108459090098163
cake,r6@mu_D,1.0,-2.1658593208070784,-2.148831132858519,-0.017028187948559648,False,0.2504580347310929,0.25667910490717205,-0.024838772622161942,-2.9209518508305625,-2.9229777275569857,0.0020258767264231814,False,0.17962501304490225,0.1805967508800446,-0.005409813581471745
cake,r6@mu_D,2.0,-2.1658593208070784,-2.1391510812063066,-0.026708239600771844,False,0.2504580347310929,0.27959673792596845,-0.11634165869807545,-2.9209518508305625,-2.930679207756406,0.009727356925843367,False,0.17962501304490225,0.18697344263394675,-0.04090983468548193
cake,r6@mu_D,4.0,-2.1658593208070784,-2.1480634628780306,-0.01779585792904781,False,0.2504580347310929,0.3762440151638455,-0.5022237779985941,-2.9209518508305625,-2.9655737952580528,0.044621944427490234,False,0.17962501304490225,0.21875861287117004,-0.21786275286997614
cake,r6@mu_D_par,0.0,-2.1658593208070784,-2.1658593208070784,0.0,False,0.2504580347310929,0.2504580347310929,0.0,-2.9209518508305625,-2.9209518508305625,0.0,False,0.17962501304490225,0.17962501304490225,0.0
cake,r6@mu_D_par,0.5,-2.1658593208070784,-2.1577485705178883,-0.008110750289190172,False,0.2504580347310929,0.2509646164992499,-0.002022621349324627,-2.9209518508305625,-2.921547329615033,0.0005954787844704157,False,0.17962501304490225,0.1792796306193821,0.0019227969405007928
cake,r6@mu_D_par,1.0,-2.1658593208070784,-2.150774013428461,-0.015085307378617241,False,0.2504580347310929,0.2547657759416671,-0.017199453054877134,-2.9209518508305625,-2.9221047219775973,0.001152871147034773,False,0.17962501304490225,0.1801731941245851,-0.0030518081551693665
cake,r6@mu_D_par,2.0,-2.1658593208070784,-2.140227658408029,-0.02563166239904957,False,0.2504580347310929,0.2699183395930699,-0.07769886433418183,-2.9209518508305625,-2.9275896132938444,0.006637762463281849,False,0.17962501304490225,0.1842199336914789,-0.025580628046651954
cake,r6@mu_D_par,4.0,-2.1658593208070784,-2.1376984800611223,-0.02816084074595615,False,0.2504580347310929,0.33484841433782425,-0.33694418986133967,-2.9209518508305625,-2.9507521826123435,0.029800331781780987,False,0.17962501304490225,0.20487487741879054,-0.1405698680037195
cake,r6@mu_D_perp_native,0.0,-2.1658593208070784,-2.1658593208070784,0.0,False,0.2504580347310929,0.2504580347310929,0.0,-2.9209518508305625,-2.9209518508305625,0.0,False,0.17962501304490225,0.17962501304490225,0.0
cake,r6@mu_D_perp_native,0.5,-2.1658593208070784,-2.1609020952194458,-0.004957225587632674,False,0.2504580347310929,0.2504607325508481,-1.077154405559888e-05,-2.9209518508305625,-2.9206698357112826,-0.0002820151192799436,False,0.17962501304490225,0.17941658411707198,0.0011603558117941892
cake,r6@mu_D_perp_native,1.0,-2.1658593208070784,-2.1558781351361955,-0.009981185670882908,False,0.2504580347310929,0.252328079844278,-0.007466500786021513,-2.9209518508305625,-2.921383168962267,0.0004313181317043835,False,0.17962501304490225,0.17953201939189245,0.0005177099304457533
cake,r6@mu_D_perp_native,2.0,-2.1658593208070784,-2.147508776377118,-0.018350544429960536,False,0.2504580347310929,0.2582761763580262,-0.031215375603051987,-2.9209518508305625,-2.9236285875714016,0.002676736740839125,False,0.17962501304490225,0.18104415327783616,-0.00790057135627964
cake,r6@mu_D_perp_native,4.0,-2.1658593208070784,-2.137607608522688,-0.028251712284390607,False,0.2504580347310929,0.2850856984418536,-0.13825734817387314,-2.9209518508305625,-2.9326221677992077,0.011670316968645178,False,0.17962501304490225,0.18874582080614,-0.05077693583219256
cake,r7@mu_D,0.0,-2.1658593208070784,-2.1658593208070784,0.0,False,0.2504580347310929,0.2504580347310929,0.0,-2.9209518508305625,-2.9209518508305625,0.0,False,0.17962501304490225,0.17962501304490225,0.0
cake,r7@mu_D,0.5,-2.1658593208070784,-2.170497428803217,0.0046381079961386185,False,0.2504580347310929,0.25532314228633096,-0.019424841213265598,-2.9209518508305625,-2.9236810093834285,0.002729158552865929,False,0.17962501304490225,0.18316990988595144,-0.019734984459892857
cake,r7@mu_D,1.0,-2.1658593208070784,-2.1760237141261025,0.010164393319024079,False,0.2504580347310929,0.263275155472377,-0.051174723761788554,-2.9209518508305625,-2.9275527454557873,0.006600894625224729,False,0.17962501304490225,0.18806202875243294,-0.046970160583490905
cake,r7@mu_D,2.0,-2.1658593208070784,-2.193212213970366,0.027352893163287373,False,0.2504580347310929,0.2860664460394118,-0.142173164245061,-2.9209518508305625,-2.9396252253698925,0.018673374539329934,False,0.17962501304490225,0.2020081783097888,-0.12461051434574566
cake,r7@mu_D,4.0,-2.1658593208070784,-2.2523986763424344,0.08653935553535597,False,0.2504580347310929,0.36289337797770427,-0.44891889121197015,-2.9209518508305625,-2.9833609868609714,0.062409136030408874,False,0.17962501304490225,0.2497462814762479,-0.3903758571408811
cake,r7@mu_D_par,0.0,-2.1658593208070784,-2.1658593208070784,0.0,False,0.2504580347310929,0.2504580347310929,0.0,-2.9209518508305625,-2.9209518508305625,0.0,False,0.17962501304490225,0.17962501304490225,0.0
cake,r7@mu_D_par,0.5,-2.1658593208070784,-2.169919899531773,0.0040605787246947855,False,0.2504580347310929,0.2545821794441768,-0.01646641010144423,-2.9209518508305625,-2.922885531470889,0.0019336806403265072,False,0.17962501304490225,0.1824265325826312,-0.015596488986913126
cake,r7@mu_D_par,1.0,-2.1658593208070784,-2.1739594595772878,0.00810013877020932,False,0.2504580347310929,0.26042062422585865,-0.039777480109441044,-2.9209518508305625,-2.92623227740091,0.005280426570347441,False,0.17962501304490225,0.18640284405814278,-0.0377332248908242
cake,r7@mu_D_par,2.0,-2.1658593208070784,-2.186257388856676,0.02039806804959765,False,0.2504580347310929,0.2772746403065939,-0.10707025472068765,-2.9209518508305625,-2.9349114100138345,0.013959559183271963,False,0.17962501304490225,0.19680038283741663,-0.09561791813605014
cake,r7@mu_D_par,4.0,-2.1658593208070784,-2.228624249261523,0.06276492845444448,False,0.2504580347310929,0.3320948178806002,-0.3259499470127103,-2.9209518508305625,-2.965826367575025,0.04487451674446241,False,0.17962501304490225,0.23082558030173891,-0.28504141148781814
cake,r7@mu_D_perp_native,0.0,-2.1658593208070784,-2.1658593208070784,0.0,False,0.2504580347310929,0.2504580347310929,0.0,-2.9209518508305625,-2.9209518508305625,0.0,False,0.17962501304490225,0.17962501304490225,0.0
cake,r7@mu_D_perp_native,0.5,-2.1658593208070784,-2.1675375756763278,0.0016782548692493293,False,0.2504580347310929,0.25251670300014434,-0.00821961360218193,-2.9209518508305625,-2.9220920517331077,0.0011402009025451854,False,0.17962501304490225,0.1814024675460089,-0.009895361848420992
cake,r7@mu_D_perp_native,1.0,-2.1658593208070784,-2.17082094767737,0.004961626870291447,False,0.2504580347310929,0.25630718280398657,-0.02335380487662797,-2.9209518508305625,-2.9238937166002064,0.0029418657696438366,False,0.17962501304490225,0.18346432229829213,-0.021374023518818897
cake,r7@mu_D_perp_native,2.0,-2.1658593208070784,-2.1768975295717756,0.011038208764697188,False,0.2504580347310929,0.2650422155857086,-0.058230037899459575,-2.9209518508305625,-2.9282903444199335,0.007338493589370998,False,0.17962501304490225,0.18907625239992898,-0.05261649919916289
cake,r7@mu_D_perp_native,4.0,-2.1658593208070784,-2.1964628242311024,0.03060350342402396,False,0.2504580347310929,0.2911315011599707,-0.16239633307251378,-2.9209518508305625,-2.9422200445144897,0.021268193683927183,False,0.17962501304490225,0.2053156920841762,-0.14302395086174235
cake,r8@mu_D,0.0,-2.1658593208070784,-2.1658593208070784,0.0,False,0.2504580347310929,0.2504580347310929,0.0,-2.9209518508305625,-2.9209518508305625,0.0,False,0.17962501304490225,0.17962501304490225,0.0
cake,r8@mu_D,0.5,-2.1658593208070784,-2.1611406840975325,-0.004718636709545976,False,0.2504580347310929,0.24856827987564933,0.007545195575268782,-2.9209518508305625,-2.9203838393801735,-0.0005680114503889833,False,0.17962501304490225,0.18070719923291886,-0.0060246965034100874
cake,r8@mu_D,1.0,-2.1658593208070784,-2.159299808835226,-0.006559511971852228,False,0.2504580347310929,0.2506899313321189,-0.0009258900449131691,-2.9209518508305625,-2.9212853265187095,0.00033347568814701134,False,0.17962501304490225,0.18319190352682083,-0.019857426432180247
cake,r8@mu_D,2.0,-2.1658593208070784,-2.1568737219250393,-0.008985598882039092,False,0.2504580347310929,0.2630437059061868,-0.05025061858609026,-2.9209518508305625,-2.9263535227094377,0.005401671878875192,False,0.17962501304490225,0.1914268590155102,-0.06570268678370406
cake,r8@mu_D,4.0,-2.1658593208070784,-2.1777715758671836,0.011912255060105181,False,0.2504580347310929,0.33705863782337736,-0.3457689156798829,-2.9209518508305625,-2.956623955378457,0.03567210454789427,False,0.17962501304490225,0.22831746178960044,-0.2710783310146576
cake,r8@mu_D_par,0.0,-2.1658593208070784,-2.1658593208070784,0.0,False,0.2504580347310929,0.2504580347310929,0.0,-2.9209518508305625,-2.9209518508305625,0.0,False,0.17962501304490225,0.17962501304490225,0.0
cake,r8@mu_D_par,0.5,-2.1658593208070784,-2.1619161537715366,-0.003943167035541872,False,0.2504580347310929,0.24874791408342029,0.006827972795956483,-2.9209518508305625,-2.920759057241773,-0.00019279358878954156,False,0.17962501304490225,0.18059675040699186,-0.005409810947914595
cake,r8@mu_D_par,1.0,-2.1658593208070784,-2.159423612412952,-0.006435708394126216,False,0.2504580347310929,0.24980903712529984,0.0025912429061814013,-2.9209518508305625,-2.9206413844275096,-0.0003104664030528781,False,0.17962501304490225,0.18231147858831617,-0.014955965752622369
cake,r8@mu_D_par,2.0,-2.1658593208070784,-2.157015073867071,-0.008844246940007405,False,0.2504580347310929,0.25711392646744136,-0.026574878076858655,-2.9209518508305625,-2.924249497670976,0.0032976468404135595,False,0.17962501304490225,0.18798156721251352,-0.046522218848898955
cake,r8@mu_D_par,4.0,-2.1658593208070784,-2.164852884080675,-0.0010064367264033258,False,0.2504580347310929,0.30258941650390625,-0.20814417804078356,-2.9209518508305625,-2.943009444645473,0.022057593814910348,False,0.17962501304490225,0.2118768412915487,-0.17955087490284116
cake,r8@mu_D_perp_native,0.0,-2.1658593208070784,-2.1658593208070784,0.0,False,0.2504580347310929,0.2504580347310929,0.0,-2.9209518508305625,-2.9209518508305625,0.0,False,0.17962501304490225,0.17962501304490225,0.0
cake,r8@mu_D_perp_native,0.5,-2.1658593208070784,-2.163440526477874,-0.0024187943292042213,False,0.2504580347310929,0.24899142885965014,0.005855695038960884,-2.9209518508305625,-2.9209267828199597,-2.5068010602868895e-05,False,0.17962501304490225,0.18024061454666984,-0.00342714798642052
cake,r8@mu_D_perp_native,1.0,-2.1658593208070784,-2.1602959216587125,-0.0055633991483658995,False,0.2504580347310929,0.2485813195743258,0.007493132167957994,-2.9209518508305625,-2.9205778288462807,-0.00037402198428182487,False,0.17962501304490225,0.18080279798734755,-0.006556909433046876
cake,r8@mu_D_perp_native,2.0,-2.1658593208070784,-2.1583263192858015,-0.007533001521276894,False,0.2504580347310929,0.2517005881619832,-0.004961124254705629,-2.9209518508305625,-2.9215733361622642,0.0006214853317016988,False,0.17962501304490225,0.18362470893632798,-0.02226692053420143
cake,r8@mu_D_perp_native,4.0,-2.1658593208070784,-2.1577768023051913,-0.008082518501887126,False,0.2504580347310929,0.2663634220759074,-0.06350519903221108,-2.9209518508305625,-2.927979000031002,0.007027149200439453,False,0.17962501304490225,0.19346247542472111,-0.07703527557356282
cake,r9@mu_D,0.0,-2.1658593208070784,-2.1658593208070784,0.0,False,0.2504580347310929,0.2504580347310929,0.0,-2.9209518508305625,-2.9209518508305625,0.0,False,0.17962501304490225,0.17962501304490225,0.0
cake,r9@mu_D,0.5,-2.1658593208070784,-2.182856794387575,0.016997473580496525,False,0.2504580347310929,0.25855350588995313,-0.032322665022713304,-2.9209518508305625,-2.927251444922553,0.006299594091990546,False,0.17962501304490225,0.18379104657778664,-0.023192947698453148
cake,r9@mu_D,1.0,-2.1658593208070784,-2.2052760464804515,0.039416725673373065,False,0.2504580347310929,0.27206875218285453,-0.08628478409552409,-2.9209518508305625,-2.934688621097141,0.013736770266578269,False,0.17962501304490225,0.1897870245433989,-0.0565734767460051
cake,r9@mu_D,2.0,-2.1658593208070784,-2.2599716564965626,0.09411233568948418,False,0.2504580347310929,0.3167903016483973,-0.26484383696663105,-2.9209518508305625,-2.956501014648922,0.035549163818359375,False,0.17962501304490225,0.20658541435287112,-0.15009268949213306
cake,r9@mu_D,4.0,-2.1658593208070784,-2.4402967180524553,0.27443739724537686,False,0.2504580347310929,0.4858965268210759,-0.9400316996927818,-2.9209518508305625,-3.028629741971455,0.10767789114089243,False,0.17962501304490225,0.2674612563753885,-0.48899783967463994
cake,r9@mu_D_par,0.0,-2.1658593208070784,-2.1658593208070784,0.0,False,0.2504580347310929,0.2504580347310929,0.0,-2.9209518508305625,-2.9209518508305625,0.0,False,0.17962501304490225,0.17962501304490225,0.0
cake,r9@mu_D_par,0.5,-2.1658593208070784,-2.1802253458234997,0.014366025016421258,False,0.2504580347310929,0.2564909174328759,-0.024087399345204652,-2.9209518508305625,-2.925967579796201,0.005015728965638289,False,0.17962501304490225,0.18316734925148978,-0.01972072901507338
cake,r9@mu_D_par,1.0,-2.1658593208070784,-2.1977467272016735,0.031887406394595086,False,0.2504580347310929,0.26757093601756626,-0.06832642164922675,-2.9209518508305625,-2.9319367257375566,0.010984874906994069,False,0.17962501304490225,0.18759828427481273,-0.04438842394359277
cake,r9@mu_D_par,2.0,-2.1658593208070784,-2.239255500218225,0.07339617941114662,False,0.2504580347310929,0.29921307119112167,-0.19466349527327065,-2.9209518508305625,-2.948613333323645,0.027661482493082534,False,0.17962501304490225,0.20024663399136255,-0.11480372692474261
cake,r9@mu_D_par,4.0,-2.1658593208070784,-2.3692944466121615,0.20343512580508305,False,0.2504580347310929,0.4158085253503587,-0.6601923982865883,-2.9209518508305625,-2.9996148896595787,0.07866303882901615,False,0.17962501304490225,0.24260935707697792,-0.35064350428929947
cake,r9@mu_D_perp_native,0.0,-2.1658593208070784,-2.1658593208070784,0.0,False,0.2504580347310929,0.2504580347310929,0.0,-2.9209518508305625,-2.9209518508305625,0.0,False,0.17962501304490225,0.17962501304490225,0.0
cake,r9@mu_D_perp_native,0.5,-2.1658593208070784,-2.1756391638801214,0.009779843073042915,False,0.2504580347310929,0.2543598162749457,-0.01557858404519541,-2.9209518508305625,-2.92387789014786,0.002926039317297402,False,0.17962501304490225,0.18204827015362088,-0.013490644023574028
cake,r9@mu_D_perp_native,1.0,-2.1658593208070784,-2.1841632373749262,0.0183039165678478,False,0.2504580347310929,0.25937786651036093,-0.03561407718001508,-2.9209518508305625,-2.9277696836562384,0.006817832825675829,False,0.17962501304490225,0.1844521789323716,-0.026873572926408906
cake,r9@mu_D_perp_native,2.0,-2.1658593208070784,-2.208895702210684,0.04303638140360544,False,0.2504580347310929,0.27514676111085073,-0.09857430370027931,-2.9209518508305625,-2.9364462428622775,0.015494392031714987,False,0.17962501304490225,0.19084644081100585,-0.06247140960985487
cake,r9@mu_D_perp_native,4.0,-2.1658593208070784,-2.273325689255245,0.1074663684481667,False,0.2504580347310929,0.327560217607589,-0.3078447172169092,-2.9209518508305625,-2.961420528472416,0.04046867764185347,False,0.17962501304490225,0.21045526672923376,-0.17163675126149958
cake,r10@mu_D,0.0,-2.1658593208070784,-2.1658593208070784,0.0,False,0.2504580347310929,0.2504580347310929,0.0,-2.9209518508305625,-2.9209518508305625,0.0,False,0.17962501304490225,0.17962501304490225,0.0
cake,r10@mu_D,0.5,-2.1658593208070784,-2.167738918274168,0.0018795974670897664,False,0.2504580347310929,0.2503377194442446,0.0004803810226231553,-2.9209518508305625,-2.9204561823890325,-0.0004956684415300394,False,0.17962501304490225,0.18147209239384485,-0.010282974055962235
cake,r10@mu_D,1.0,-2.1658593208070784,-2.167640527089437,0.0017812062823585606,False,0.2504580347310929,0.252997168472835,-0.010137960814346592,-2.9209518508305625,-2.921458297305637,0.0005064464750743625,False,0.17962501304490225,0.18465908179207455,-0.028025432882857526
cake,r10@mu_D,2.0,-2.1658593208070784,-2.1705126838078574,0.0046533630007790094,False,0.2504580347310929,0.2678307124546596,-0.06936362709313393,-2.9209518508305625,-2.9274675051371255,0.006515654306562979,False,0.17962501304490225,0.19457115918870957,-0.08320748814682677
cake,r10@mu_D,4.0,-2.1658593208070784,-2.2018286462814087,0.035969325474330294,False,0.2504580347310929,0.34625690229355344,-0.38249468684570687,-2.9209518508305625,-2.9640494755336215,0.043097624703059,False,0.17962501304490225,0.23703107332426404,-0.31958834299436667
cake,r10@mu_D_par,0.0,-2.1658593208070784,-2.1658593208070784,0.0,False,0.2504580347310929,0.2504580347310929,0.0,-2.9209518508305625,-2.9209518508305625,0.0,False,0.17962501304490225,0.17962501304490225,0.0
cake,r10@mu_D_par,0.5,-2.1658593208070784,-2.166689641891964,0.0008303210848854548,False,0.2504580347310929,0.25004396741352386,0.0016532403043632016,-2.9209518508305625,-2.9201350363474043,-0.0008168144831581792,False,0.17962501304490225,0.1810283741307637,-0.007812726424190286
cake,r10@mu_D_par,1.0,-2.1658593208070784,-2.1669881646595304,0.0011288438524519329,False,0.2504580347310929,0.25186391624193344,-0.005613241804560021,-2.9209518508305625,-2.9209442819867815,-7.568843781058376e-06,False,0.17962501304490225,0.18346413402330308,-0.021372975363075586
cake,r10@mu_D_par,2.0,-2.1658593208070784,-2.1701169619484553,0.004257641141376833,False,0.2504580347310929,0.2617316733277033,-0.0450120859916292,-2.9209518508305625,-2.9246936979747953,0.003741847144232757,False,0.17962501304490225,0.19076579052304465,-0.06202241708596268
cake,r10@mu_D_par,4.0,-2.1658593208070784,-2.1849636690957204,0.019104348288641937,False,0.2504580347310929,0.31124624373420834,-0.24270816094353442,-2.9209518508305625,-2.9471995187184166,0.026247667887854043,False,0.17962501304490225,0.2185413846893916,-0.21665341026174967
cake,r10@mu_D_perp_native,0.0,-2.1658593208070784,-2.1658593208070784,0.0,False,0.2504580347310929,0.2504580347310929,0.0,-2.9209518508305625,-2.9209518508305625,0.0,False,0.17962501304490225,0.17962501304490225,0.0
cake,r10@mu_D_perp_native,0.5,-2.1658593208070784,-2.1660204690600198,0.0001611482529413344,False,0.2504580347310929,0.24992742235698398,0.0021185679855654227,-2.9209518508305625,-2.920600134228903,-0.0003517166016595574,False,0.17962501304490225,0.1806158588992225,-0.005516190855181957
cake,r10@mu_D_perp_native,1.0,-2.1658593208070784,-2.165944769268944,8.544846186575583e-05,False,0.2504580347310929,0.249921433982395,0.0021424776780430976,-2.9209518508305625,-2.920474377889482,-0.00047747294108058114,False,0.17962501304490225,0.18165900262575302,-0.01132353198684144
cake,r10@mu_D_perp_native,2.0,-2.1658593208070784,-2.167833918616885,0.0019745978098066885,False,0.2504580347310929,0.2540602125818767,-0.014382360919869663,-2.9209518508305625,-2.921861035483224,0.0009091846526616543,False,0.17962501304490225,0.18537872840487768,-0.03203181596171767
cake,r10@mu_D_perp_native,4.0,-2.1658593208070784,-2.171006206482176,0.005146885675097579,False,0.2504580347310929,0.2720566666315472,-0.08623653029795553,-2.9209518508305625,-2.9292555990673246,0.008303748236762054,False,0.17962501304490225,0.1970292670386178,-0.09689215159230025
cake,r11@mu_D,0.0,-2.1658593208070784,-2.1658593208070784,0.0,False,0.2504580347310929,0.2504580347310929,0.0,-2.9209518508305625,-2.9209518508305625,0.0,False,0.17962501304490225,0.17962501304490225,0.0
cake,r11@mu_D,0.5,-2.1658593208070784,-2.160504288143582,-0.005355032663496573,False,0.2504580347310929,0.24920344541943262,0.005009179733472258,-2.9209518508305625,-2.920576474023244,-0.0003753768073186947,False,0.17962501304490225,0.18027594449028136,-0.0036238352017066155
cake,r11@mu_D,1.0,-2.1658593208070784,-2.158703743465363,-0.007155577341715347,False,0.2504580347310929,0.25096180893125986,-0.0020114116151548345,-2.9209518508305625,-2.9213427361987887,0.00039088536822617925,False,0.17962501304490225,0.18207657810241457,-0.013648238716617245
cake,r11@mu_D,2.0,-2.1658593208070784,-2.1606089198400102,-0.005250400967068192,False,0.2504580347310929,0.2633555730183919,-0.051495805679169226,-2.9209518508305625,-2.9266538392929804,0.005701988462417873,False,0.17962501304490225,0.18947433242722164,-0.054832671771927854
cake,r11@mu_D,4.0,-2.1658593208070784,-2.189958965967572,0.024099645160493566,False,0.2504580347310929,0.32814024743579684,-0.3101605935226168,-2.9209518508305625,-2.9558842976888022,0.03493244685823971,False,0.17962501304490225,0.22086901182220095,-0.22961166754091544
cake,r11@mu_D_par,0.0,-2.1658593208070784,-2.1658593208070784,0.0,False,0.2504580347310929,0.2504580347310929,0.0,-2.9209518508305625,-2.9209518508305625,0.0,False,0.17962501304490225,0.17962501304490225,0.0
cake,r11@mu_D_par,0.5,-2.1658593208070784,-2.161395591402811,-0.004463729404267536,False,0.2504580347310929,0.24905443806496877,0.00560411913968395,-2.9209518508305625,-2.920417793213375,-0.0005340576171875,False,0.17962501304490225,0.18012557332477871,-0.0027866958581728163
cake,r11@mu_D_par,1.0,-2.1658593208070784,-2.159577029091971,-0.006282291715107302,False,0.2504580347310929,0.2506643609395103,-0.0008237955258210139,-2.9209518508305625,-2.9207985817439974,-0.00015326908656509985,False,0.17962501304490225,0.18144762752548096,-0.01014677438115541
cake,r11@mu_D_par,2.0,-2.1658593208070784,-2.1593828541891917,-0.0064764666178867,False,0.2504580347310929,0.2589858675759936,-0.03404894897485211,-2.9209518508305625,-2.9246121966649614,0.0036603458343988926,False,0.17962501304490225,0.18660837128048852,-0.03887742646309844
cake,r11@mu_D_par,4.0,-2.1658593208070784,-2.1741210506075905,0.008261729800512096,False,0.2504580347310929,0.29954727301521905,-0.1959978578320769,-2.9209518508305625,-2.94323978726826,0.022287936437697553,False,0.17962501304490225,0.20757320901704213,-0.1555918939037375
cake,r11@mu_D_perp_native,0.0,-2.1658593208070784,-2.1658593208070784,0.0,False,0.2504580347310929,0.2504580347310929,0.0,-2.9209518508305625,-2.9209518508305625,0.0,False,0.17962501304490225,0.17962501304490225,0.0
cake,r11@mu_D_perp_native,0.5,-2.1658593208070784,-2.1627989950634183,-0.0030603257436601083,False,0.2504580347310929,0.24930580740883238,0.004600480569519894,-2.9209518508305625,-2.9206159531124056,-0.00033589771815689673,False,0.17962501304490225,0.1798183312491765,-0.0010762320959494254
cake,r11@mu_D_perp_native,1.0,-2.1658593208070784,-2.1608265127454485,-0.005032808061629979,False,0.2504580347310929,0.24940330736220828,0.004211193983123973,-2.9209518508305625,-2.9206395906115334,-0.0003122602190290813,False,0.17962501304490225,0.18044719620356484,-0.004577219757568196
cake,r11@mu_D_perp_native,2.0,-2.1658593208070784,-2.159626737473503,-0.006232583333575459,False,0.2504580347310929,0.2524547487024277,-0.007972249616502003,-2.9209518508305625,-2.921535915798611,0.0005840649680486365,False,0.17962501304490225,0.18249117003546822,-0.015956335601487126
cake,r11@mu_D_perp_native,4.0,-2.1658593208070784,-2.160848091519068,-0.005011229288010455,False,0.2504580347310929,0.26696788933542037,-0.06591864629958244,-2.9209518508305625,-2.928460378495474,0.007508527664911391,False,0.17962501304490225,0.19136774918389698,-0.06537361328435543
cake,r12@mu_D,0.0,-2.1658593208070784,-2.1658593208070784,0.0,False,0.2504580347310929,0.2504580347310929,0.0,-2.9209518508305625,-2.9209518508305625,0.0,False,0.17962501304490225,0.17962501304490225,0.0
cake,r12@mu_D,0.5,-2.1658593208070784,-2.16968886435978,0.0038295435527015975,False,0.2504580347310929,0.24385007648240953,0.026383494767009963,-2.9209518508305625,-2.9193030993143716,-0.0016487515161909272,False,0.17962501304490225,0.1762531678827982,0.018771579219098777
cake,r12@mu_D,1.0,-2.1658593208070784,-2.1771918591998873,0.0113325383928089,False,0.2504580347310929,0.24229591990274096,0.032588752192020065,-2.9209518508305625,-2.9198653433057995,-0.0010865075247630251,False,0.17962501304490225,0.17454271089463008,0.02829395563635506
cake,r12@mu_D,2.0,-2.1658593208070784,-2.1970238836984786,0.031164562891400127,False,0.2504580347310929,0.2475924056673807,0.011441553738888555,-2.9209518508305625,-2.926356731899201,0.005404881068638456,False,0.17962501304490225,0.17599199120960538,0.020225589820214496
cake,r12@mu_D,4.0,-2.1658593208070784,-2.257023122575548,0.09116380176846972,False,0.2504580347310929,0.30008211968437076,-0.19813333202329608,-2.9209518508305625,-2.966667266119094,0.045715415288531513,False,0.17962501304490225,0.20458084013726976,-0.13893291735560864
cake,r12@mu_D_par,0.0,-2.1658593208070784,-2.1658593208070784,0.0,False,0.2504580347310929,0.2504580347310929,0.0,-2.9209518508305625,-2.9209518508305625,0.0,False,0.17962501304490225,0.17962501304490225,0.0
cake,r12@mu_D_par,0.5,-2.1658593208070784,-2.1695677439371743,0.0037084231300958947,False,0.2504580347310929,0.24524683611733572,0.020806673738186343,-2.9209518508305625,-2.919883818853469,-0.0010680319770934865,False,0.17962501304490225,0.17671724775480846,0.01618797538718575
cake,r12@mu_D_par,1.0,-2.1658593208070784,-2.175279802746243,0.00942048193916456,False,0.2504580347310929,0.24269636519371518,0.03098990034682314,-2.9209518508305625,-2.919448042672778,-0.001503808157784725,False,0.17962501304490225,0.17500790669804528,0.025704139243139745
cake,r12@mu_D_par,2.0,-2.1658593208070784,-2.189558952573746,0.02369963176666756,False,0.2504580347310929,0.24457961037045434,0.023470695867074065,-2.9209518508305625,-2.923386921958318,0.0024350711277554282,False,0.17962501304490225,0.17461254435872275,0.027905182030113385
cake,r12@mu_D_par,4.0,-2.1658593208070784,-2.233269010271345,0.06740968946426662,False,0.2504580347310929,0.27562567828193546,-0.10048646903208391,-2.9209518508305625,-2.948962968493265,0.02801111766270248,False,0.17962501304490225,0.19025392097140115,-0.05917276077715261
cake,r12@mu_D_perp_native,0.0,-2.1658593208070784,-2.1658593208070784,0.0,False,0.2504580347310929,0.2504580347310929,0.0,-2.9209518508305625,-2.9209518508305625,0.0,False,0.17962501304490225,0.17962501304490225,0.0
cake,r12@mu_D_perp_native,0.5,-2.1658593208070784,-2.167703348492819,0.0018440276857405458,False,0.2504580347310929,0.2467794134503319,0.014687575444367718,-2.9209518508305625,-2.91960480856517,-0.0013470422653925063,False,0.17962501304490225,0.17768788668844435,0.010784279558959109
cake,r12@mu_D_perp_native,1.0,-2.1658593208070784,-2.170090811593192,0.004231490786113401,False,0.2504580347310929,0.2440878346798912,0.02543420121475093,-2.9209518508305625,-2.919323240007673,-0.0016286108228893426,False,0.17962501304490225,0.1760863633382888,0.019700205704251572
cake,r12@mu_D_perp_native,2.0,-2.1658593208070784,-2.1792463083115834,0.013386987504504955,False,0.2504580347310929,0.24215885807597448,0.033135996870808815,-2.9209518508305625,-2.9200049809047153,-0.000946869925847249,False,0.17962501304490225,0.1743651439273168,0.02928249818008688
cake,r12@mu_D_perp_native,4.0,-2.1658593208070784,-2.2005515893300376,0.03469226852295915,False,0.2504580347310929,0.24989602017024207,0.002243947020722503,-2.9209518508305625,-2.9284796714782715,0.00752782064770896,False,0.17962501304490225,0.17704723704428899,0.014350874396144797
cake,r13@mu_D,0.0,-2.1658593208070784,-2.1658593208070784,0.0,False,0.2504580347310929,0.2504580347310929,0.0,-2.9209518508305625,-2.9209518508305625,0.0,False,0.17962501304490225,0.17962501304490225,0.0
cake,r13@mu_D,0.5,-2.1658593208070784,-2.170094160806565,0.004234839999486706,False,0.2504580347310929,0.2499027413035196,0.0022171116537327284,-2.9209518508305625,-2.9232576536753823,0.0023058028448197376,False,0.17962501304490225,0.18213325786212134,-0.013963783632918059
cake,r13@mu_D,1.0,-2.1658593208070784,-2.174457837664892,0.008598516857813543,False,0.2504580347310929,0.25238055653042263,-0.0076760236555950545,-2.9209518508305625,-2.926731132325672,0.005779281495109423,False,0.17962501304490225,0.18567197947275071,-0.03366438963785545
cake,r13@mu_D,2.0,-2.1658593208070784,-2.1871489418877497,0.02128962108067123,False,0.2504580347310929,0.26440593884104774,-0.05568958538275748,-2.9209518508305625,-2.9380994448586115,0.017147594028048996,False,0.17962501304490225,0.1968156439917428,-0.09570287932306676
cake,r13@mu_D,4.0,-2.1658593208070784,-2.2275003743550132,0.06164105354793481,False,0.2504580347310929,0.33041291482864865,-0.3192346381835991,-2.9209518508305625,-2.9828200794401623,0.06186822860959973,False,0.17962501304490225,0.2419451167659154,-0.34694557659090886
cake,r13@mu_D_par,0.0,-2.1658593208070784,-2.1658593208070784,0.0,False,0.2504580347310929,0.2504580347310929,0.0,-2.9209518508305625,-2.9209518508305625,0.0,False,0.17962501304490225,0.17962501304490225,0.0
cake,r13@mu_D_par,0.5,-2.1658593208070784,-2.168788274129232,0.0029289533221534825,False,0.2504580347310929,0.24957812068954346,0.003513219460075101,-2.9209518508305625,-2.9229276596553744,0.0019758088248118533,False,0.17962501304490225,0.18151749883379256,-0.010535758671968765
cake,r13@mu_D_par,1.0,-2.1658593208070784,-2.1730249382200695,0.007165617412991043,False,0.2504580347310929,0.25097449052901494,-0.00206204523834308,-2.9209518508305625,-2.92535158187624,0.004399731045677591,False,0.17962501304490225,0.18427600888978868,-0.02589280727692289
cake,r13@mu_D_par,2.0,-2.1658593208070784,-2.1825773526751804,0.016718031868101946,False,0.2504580347310929,0.25908112431329394,-0.034429279106415134,-2.9209518508305625,-2.933594173855252,0.012642323024689262,False,0.17962501304490225,0.19256509438393607,-0.07203941767174205
cake,r13@mu_D_par,4.0,-2.1658593208070784,-2.21134628946819,0.04548696866111168,False,0.2504580347310929,0.30173477199342513,-0.2047318518544876,-2.9209518508305625,-2.9641406876700267,0.04318883683946417,False,0.17962501304490225,0.22303305684574068,-0.2416592381261924
cake,r13@mu_D_perp_native,0.0,-2.1658593208070784,-2.1658593208070784,0.0,False,0.2504580347310929,0.2504580347310929,0.0,-2.9209518508305625,-2.9209518508305625,0.0,False,0.17962501304490225,0.17962501304490225,0.0
cake,r13@mu_D_perp_native,0.5,-2.1658593208070784,-2.1676317661527604,0.0017724453456819944,False,0.2504580347310929,0.24994619592787728,0.00204361103354167,-2.9209518508305625,-2.92211886057778,0.0011670097472173957,False,0.17962501304490225,0.18077747642047823,-0.006415940386252927
cake,r13@mu_D_perp_native,1.0,-2.1658593208070784,-2.1697649085332475,0.003905587726169113,False,0.2504580347310929,0.24988252870620242,0.0022978141847530553,-2.9209518508305625,-2.9238031175401478,0.002851266709585243,False,0.17962501304490225,0.18251495276178634,-0.016088737686892562
cake,r13@mu_D_perp_native,2.0,-2.1658593208070784,-2.1750474657331194,0.00918814492604092,False,0.2504580347310929,0.25258383911753457,-0.008487666960750762,-2.9209518508305625,-2.927463206033858,0.006511355203295377,False,0.17962501304490225,0.18651245226935734,-0.03834343061527501
cake,r13@mu_D_perp_native,4.0,-2.1658593208070784,-2.189556390520126,0.023697069713047636,False,0.2504580347310929,0.26847608221901786,-0.07194038517179235,-2.9209518508305625,-2.941157030680823,0.02020517985026027,False,0.17962501304490225,0.19963298383213224,-0.11138744236154041
cake,r14@mu_D,0.0,-2.1658593208070784,-2.1658593208070784,0.0,False,0.2504580347310929,0.2504580347310929,0.0,-2.9209518508305625,-2.9209518508305625,0.0,False,0.17962501304490225,0.17962501304490225,0.0
cake,r14@mu_D,0.5,-2.1658593208070784,-2.1702034927549816,0.004344171947903153,False,0.2504580347310929,0.25052799970384626,-0.0002793480865106446,-2.9209518508305625,-2.9219798814682734,0.0010280306377108417,False,0.17962501304490225,0.17693067779616703,0.014999777609266962
cake,r14@mu_D,1.0,-2.1658593208070784,-2.1774141447884694,0.01155482398139096,False,0.2504580347310929,0.25497809430909535,-0.018047173383179516,-2.9209518508305625,-2.925355797722226,0.004403946891663679,False,0.17962501304490225,0.1757816175619761,0.021396772185427126
cake,r14@mu_D,2.0,-2.1658593208070784,-2.194531766195146,0.02867244538806757,False,0.2504580347310929,0.2787363420403193,-0.11290636908329854,-2.9209518508305625,-2.9370326390342107,0.016080788203648222,False,0.17962501304490225,0.17910647108441308,0.0028868026323235485
cake,r14@mu_D,4.0,-2.1658593208070784,-2.2589044041103787,0.0930450833033003,False,0.2504580347310929,0.39910242671058294,-0.5934902114004199,-2.9209518508305625,-2.9899601255144392,0.06900827468387671,False,0.17962501304490225,0.21809620232809157,-0.21417501177061782
cake,r14@mu_D_par,0.0,-2.1658593208070784,-2.1658593208070784,0.0,False,0.2504580347310929,0.2504580347310929,0.0,-2.9209518508305625,-2.9209518508305625,0.0,False,0.17962501304490225,0.17962501304490225,0.0
cake,r14@mu_D_par,0.5,-2.1658593208070784,-2.1692419279189337,0.0033826071118552292,False,0.2504580347310929,0.2501829025291261,0.0010985161736264404,-2.9209518508305625,-2.9219170449272034,0.0009651940966408645,False,0.17962501304490225,0.17731671626605686,0.012850642233597886
cake,r14@mu_D_par,1.0,-2.1658593208070784,-2.173926311825949,0.008066991018870429,False,0.2504580347310929,0.2529021468427446,-0.009758569391777883,-2.9209518508305625,-2.9239070831783236,0.002955232347761072,False,0.17962501304490225,0.1759789940856752,0.020297946802740885
cake,r14@mu_D_par,2.0,-2.1658593208070784,-2.188640594482422,0.02278127367534344,False,0.2504580347310929,0.26925601514558944,-0.07505441154914116,-2.9209518508305625,-2.9322738798837813,0.011322029053218774,False,0.17962501304490225,0.17722728659236242,0.013348510944522274
cake,r14@mu_D_par,4.0,-2.1658593208070784,-2.238283047600398,0.07242372679331943,False,0.2504580347310929,0.3530579682380434,-0.409649199783541,-2.9209518508305625,-2.96697914032709,0.04602728949652768,False,0.17962501304490225,0.19897066931875926,-0.10770023587428224
cake,r14@mu_D_perp_native,0.0,-2.1658593208070784,-2.1658593208070784,0.0,False,0.2504580347310929,0.2504580347310929,0.0,-2.9209518508305625,-2.9209518508305625,0.0,False,0.17962501304490225,0.17962501304490225,0.0
cake,r14@mu_D_perp_native,0.5,-2.1658593208070784,-2.1686785940140014,0.0028192732069229898,False,0.2504580347310929,0.25019401406484937,0.0010541513133208724,-2.9209518508305625,-2.9215744487823003,0.0006225979517378022,False,0.17962501304490225,0.17806252269517808,0.008698623444684639
cake,r14@mu_D_perp_native,1.0,-2.1658593208070784,-2.1712817388867576,0.005422418079679137,False,0.2504580347310929,0.250811178059805,-0.0014099900172548363,-2.9209518508305625,-2.9220716385614303,0.0011197877308677384,False,0.17962501304490225,0.17684613049976408,0.015470465376909992
cake,r14@mu_D_perp_native,2.0,-2.1658593208070784,-2.1776284263247536,0.011769105517675182,False,0.2504580347310929,0.2561629717312162,-0.02277801551165437,-2.9209518508305625,-2.926123641786121,0.005171790955558642,False,0.17962501304490225,0.17579297934259688,0.021333519409946766
cake,r14@mu_D_perp_native,4.0,-2.1658593208070784,-2.2003569792187405,0.03449765841166208,False,0.2504580347310929,0.28609453496478854,-0.1422853144717724,-2.9209518508305625,-2.9399472266908675,0.018995375860304975,False,0.17962501304490225,0.18067022117357406,-0.0058188339750351314
cake,r15@mu_D,0.0,-2.1658593208070784,-2.1658593208070784,0.0,False,0.2504580347310929,0.2504580347310929,0.0,-2.9209518508305625,-2.9209518508305625,0.0,False,0.17962501304490225,0.17962501304490225,0.0
cake,r15@mu_D,0.5,-2.1658593208070784,-2.163118396486555,-0.002740924320523419,False,0.2504580347310929,0.25530641561462764,-0.019358056884620334,-2.9209518508305625,-2.9216632691640703,0.0007114183335077406,False,0.17962501304490225,0.181492547194163,-0.01039684906686067
cake,r15@mu_D,1.0,-2.1658593208070784,-2.1608602092379616,-0.00499911156911681,False,0.2504580347310929,0.2621610647156125,-0.046726510479428995,-2.9209518508305625,-2.9228071106804743,0.00185525984991175,False,0.17962501304490225,0.18406382345017933,-0.024711538387849563
cake,r15@mu_D,2.0,-2.1658593208070784,-2.157197785755945,-0.00866153505113365,False,0.2504580347310929,0.28263414757592337,-0.12846907818060904,-2.9209518508305625,-2.927854469844273,0.006902619013710698,False,0.17962501304490225,0.1914030322952876,-0.0655700397774841
cake,r15@mu_D,4.0,-2.1658593208070784,-2.151956153294397,-0.013903167512681502,False,0.2504580347310929,0.3410097786358425,-0.36154457572890997,-2.9209518508305625,-2.950274285816011,0.02932243498544862,False,0.17962501304490225,0.21804651239561657,-0.21389838029467412
cake,r15@mu_D_par,0.0,-2.1658593208070784,-2.1658593208070784,0.0,False,0.2504580347310929,0.2504580347310929,0.0,-2.9209518508305625,-2.9209518508305625,0.0,False,0.17962501304490225,0.17962501304490225,0.0
cake,r15@mu_D_par,0.5,-2.1658593208070784,-2.1634626312861367,-0.0023966895209417416,False,0.2504580347310929,0.2540078153685918,-0.014173155360378553,-2.9209518508305625,-2.9214763111538358,0.0005244603232732459,False,0.17962501304490225,0.1811622433246128,-0.008557996760319098
cake,r15@mu_D_par,1.0,-2.1658593208070784,-2.1614265252673435,-0.004432795539734968,False,0.2504580347310929,0.2595561411645677,-0.03632587169041357,-2.9209518508305625,-2.9221211842128207,0.0011693333822582197,False,0.17962501304490225,0.18311596957464066,-0.01943469047301205
cake,r15@mu_D_par,2.0,-2.1658593208070784,-2.158286314161997,-0.007573006645081648,False,0.2504580347310929,0.275088516965745,-0.09834175318470773,-2.9209518508305625,-2.926342767382425,0.0053909165518626345,False,0.17962501304490225,0.18870983142701406,-0.05057657743824806
cake,r15@mu_D_par,4.0,-2.1658593208070784,-2.1532710544646734,-0.012588266342405063,False,0.2504580347310929,0.3183052312760126,-0.2708924735345968,-2.9209518508305625,-2.9409324857923718,0.01998063496180924,False,0.17962501304490225,0.20744278553932433,-0.1548658063978443
cake,r15@mu_D_perp_native,0.0,-2.1658593208070784,-2.1658593208070784,0.0,False,0.2504580347310929,0.2504580347310929,0.0,-2.9209518508305625,-2.9209518508305625,0.0,False,0.17962501304490225,0.17962501304490225,0.0
cake,r15@mu_D_perp_native,0.5,-2.1658593208070784,-2.164001461059328,-0.0018578597477505454,False,0.2504580347310929,0.2521293054497431,-0.006672857273054111,-2.9209518508305625,-2.921252243102543,0.00030039227198042084,False,0.17962501304490225,0.18050768734916808,-0.004913983243776787
cake,r15@mu_D_perp_native,1.0,-2.1658593208070784,-2.1628301295023116,-0.003029191304766865,False,0.2504580347310929,0.2556932696274349,-0.02090264303943301,-2.9209518508305625,-2.921444779350644,0.000492928520081648,False,0.17962501304490225,0.18156934068316505,-0.010824370199359556
cake,r15@mu_D_perp_native,2.0,-2.1658593208070784,-2.161997329621088,-0.003861991185990288,False,0.2504580347310929,0.2645761711256845,-0.05636926924604224,-2.9209518508305625,-2.9233622853718106,0.0024104345412481187,False,0.17962501304490225,0.1847182237912738,-0.0283546854640917
cake,r15@mu_D_perp_native,4.0,-2.1658593208070784,-2.157102554563492,-0.008756766243586345,False,0.2504580347310929,0.2866919158943116,-0.14467046825677432,-2.9209518508305625,-2.9296819444686646,0.008730093638102066,False,0.17962501304490225,0.19338550927147033,-0.0766067931927068
cake,r16@mu_D,0.0,-2.1658593208070784,-2.1658593208070784,0.0,False,0.2504580347310929,0.2504580347310929,0.0,-2.9209518508305625,-2.9209518508305625,0.0,False,0.17962501304490225,0.17962501304490225,0.0
cake,r16@mu_D,0.5,-2.1658593208070784,-2.1685894822317455,0.002730161424667088,False,0.2504580347310929,0.2562029612442804,-0.022937681034491897,-2.9209518508305625,-2.926136826711988,0.005184975881425302,False,0.17962501304490225,0.18361313759334505,-0.022202501092906557
cake,r16@mu_D,1.0,-2.1658593208070784,-2.172192134554424,0.0063328137473455115,False,0.2504580347310929,0.2631496753957536,-0.050673721361294,-2.9209518508305625,-2.933116428435795,0.012164577605232374,False,0.17962501304490225,0.18855441562713138,-0.04971135384133274
cake,r16@mu_D,2.0,-2.1658593208070784,-2.184968149851239,0.019108829044160558,False,0.2504580347310929,0.28539371253952145,-0.1394871513941951,-2.9209518508305625,-2.9509340997726197,0.029982248942057144,False,0.17962501304490225,0.20278132813317434,-0.12891475800468566
cake,r16@mu_D,4.0,-2.1658593208070784,-2.219796483478849,0.05393716267177062,False,0.2504580347310929,0.36042577690548366,-0.43906653780326454,-2.9209518508305625,-3.0079721571907165,0.08702030636015401,False,0.17962501304490225,0.2525877881617773,-0.40619496071316075
cake,r16@mu_D_par,0.0,-2.1658593208070784,-2.1658593208070784,0.0,False,0.2504580347310929,0.2504580347310929,0.0,-2.9209518508305625,-2.9209518508305625,0.0,False,0.17962501304490225,0.17962501304490225,0.0
cake,r16@mu_D_par,0.5,-2.1658593208070784,-2.1675480244651673,0.0016887036580888193,False,0.2504580347310929,0.25508792816646514,-0.018485705361152238,-2.9209518508305625,-2.9250674096364824,0.00411555880591985,False,0.17962501304490225,0.18280636270840964,-0.017711061558626673
cake,r16@mu_D_par,1.0,-2.1658593208070784,-2.1709356421516057,0.00507632134452729,False,0.2504580347310929,0.26089246121663895,-0.041661376512632575,-2.9209518508305625,-2.930833438086131,0.009881587255568647,False,0.17962501304490225,0.18677113642768253,-0.03978356500379987
cake,r16@mu_D_par,2.0,-2.1658593208070784,-2.1801517766619485,0.014292455854870045,False,0.2504580347310929,0.2771499663118332,-0.10657247075103182,-2.9209518508305625,-2.9443015976557656,0.023349746825203077,False,0.17962501304490225,0.19746678547253685,-0.09932788382414515
cake,r16@mu_D_par,4.0,-2.1658593208070784,-2.2078559663560657,0.0419966455489873,False,0.2504580347310929,0.32979023172741845,-0.3167484608010338,-2.9209518508305625,-2.9851186843145463,0.06416683348398378,False,0.17962501304490225,0.23236328458029126,-0.29360204707239523
cake,r16@mu_D_perp_native,0.0,-2.1658593208070784,-2.1658593208070784,0.0,False,0.2504580347310929,0.2504580347310929,0.0,-2.9209518508305625,-2.9209518508305625,0.0,False,0.17962501304490225,0.17962501304490225,0.0
cake,r16@mu_D_perp_native,0.5,-2.1658593208070784,-2.167142519875178,0.0012831990680997052,False,0.2504580347310929,0.2532140967391786,-0.011004087016193376,-2.9209518508305625,-2.9233461485968695,0.002394297766306952,False,0.17962501304490225,0.1815130634913369,-0.010511066440188177
cake,r16@mu_D_perp_native,1.0,-2.1658593208070784,-2.1697663012005033,0.003906980393424853,False,0.2504580347310929,0.2566710663220239,-0.02480667708505213,-2.9209518508305625,-2.9269989028809564,0.0060470520503939085,False,0.17962501304490225,0.1839148165687682,-0.02388199422311854
cake,r16@mu_D_perp_native,2.0,-2.1658593208070784,-2.1737230808015853,0.007863759994506836,False,0.2504580347310929,0.2655886123104701,-0.06041162782269027,-2.9209518508305625,-2.934337585691422,0.013385734860859255,False,0.17962501304490225,0.1897406199621776,-0.056315135324425336
cake,r16@mu_D_perp_native,4.0,-2.1658593208070784,-2.186777122437008,0.0209178016299294,False,0.2504580347310929,0.2901579387604244,-0.1585092052325483,-2.9209518508305625,-2.954950007181319,0.033998156350756314,False,0.17962501304490225,0.20609384633245922,-0.14735605492170722
cake,r17@mu_D,0.0,-2.1658593208070784,-2.1658593208070784,0.0,False,0.2504580347310929,0.2504580347310929,0.0,-2.9209518508305625,-2.9209518508305625,0.0,False,0.17962501304490225,0.17962501304490225,0.0
cake,r17@mu_D,0.5,-2.1658593208070784,-2.1647072822328597,-0.00115203857421875,False,0.2504580347310929,0.25177750417164396,-0.00526822564094509,-2.9209518508305625,-2.919674805232457,-0.0012770455981057083,False,0.17962501304490225,0.1793724147100297,0.001406253675869662
cake,r17@mu_D,1.0,-2.1658593208070784,-2.163466203780401,-0.002393117026677327,False,0.2504580347310929,0.2545569742482806,-0.016365773697731845,-2.9209518508305625,-2.9204585438682917,-0.0004933069622707897,False,0.17962501304490225,0.18091686519365463,-0.007191939067135555
cake,r17@mu_D,2.0,-2.1658593208070784,-2.166509306620038,0.0006499858129593861,False,0.2504580347310929,0.2695364176280915,-0.07617397029199857,-2.9209518508305625,-2.926464171636672,0.0055123208061096385,False,0.17962501304490225,0.18880550492377507,-0.05110920646991346
cake,r17@mu_D,4.0,-2.1658593208070784,-2.1895402045477006,0.02368088374062216,False,0.2504580347310929,0.32929344120479764,-0.31476493280939155,-2.9209518508305625,-2.96549868205237,0.04454683122180736,False,0.17962501304490225,0.23261351528621854,-0.29499511979476023
cake,r17@mu_D_par,0.0,-2.1658593208070784,-2.1658593208070784,0.0,False,0.2504580347310929,0.2504580347310929,0.0,-2.9209518508305625,-2.9209518508305625,0.0,False,0.17962501304490225,0.17962501304490225,0.0
cake,r17@mu_D_par,0.5,-2.1658593208070784,-2.165163959775652,-0.0006953610314264225,False,0.2504580347310929,0.2511157861777714,-0.002626194234034873,-2.9209518508305625,-2.9197309887598433,-0.001220862070719253,False,0.17962501304490225,0.17962612046135795,-6.165157273585464e-06
cake,r17@mu_D_par,1.0,-2.1658593208070784,-2.1637275067586748,-0.0021318140484036796,False,0.2504580347310929,0.25324114447548274,-0.011112080103071742,-2.9209518508305625,-2.91987769565885,-0.0010741551717123876,False,0.17962501304490225,0.180136424681497,-0.002847107025494733
cake,r17@mu_D_par,2.0,-2.1658593208070784,-2.164402110236032,-0.001457210571046641,False,0.2504580347310929,0.2634599861644563,-0.051912694465254816,-2.9209518508305625,-2.923588684626988,0.0026368337964255417,False,0.17962501304490225,0.1853610286636958,-0.03193327878762453
cake,r17@mu_D_par,4.0,-2.1658593208070784,-2.178097467573862,0.012238146766783586,False,0.2504580347310929,0.3047333558400472,-0.2167042521403939,-2.9209518508305625,-2.9482784498305548,0.027326598999992235,False,0.17962501304490225,0.21323040080448938,-0.18708634833160187
cake,r17@mu_D_perp_native,0.0,-2.1658593208070784,-2.1658593208070784,0.0,False,0.2504580347310929,0.2504580347310929,0.0,-2.9209518508305625,-2.9209518508305625,0.0,False,0.17962501304490225,0.17962501304490225,0.0
cake,r17@mu_D_perp_native,0.5,-2.1658593208070784,-2.1650693151685925,-0.0007900056384859688,False,0.2504580347310929,0.25073817514237906,-0.001118512375084757,-2.9209518508305625,-2.9200413189237078,-0.0009105319068547502,False,0.17962501304490225,0.17945840103285654,0.000927554627395133
cake,r17@mu_D_perp_native,1.0,-2.1658593208070784,-2.1636306671869185,-0.0022286536201598928,False,0.2504580347310929,0.25157648750713896,-0.0044656294506457694,-2.9209518508305625,-2.9195298997182695,-0.0014219511122930406,False,0.17962501304490225,0.17944487598207262,0.0010028506596939657
cake,r17@mu_D_perp_native,2.0,-2.1658593208070784,-2.1636391783517506,-0.002220142455327867,False,0.2504580347310929,0.2558519376648797,-0.021536154508191352,-2.9209518508305625,-2.9206002704680913,-0.0003515803624711822,False,0.17962501304490225,0.18133750132152013,-0.009533684911631868
cake,r17@mu_D_perp_native,4.0,-2.1658593208070784,-2.1667557178981722,0.0008963970910937924,False,0.2504580347310929,0.27295036448372734,-0.08980478416986526,-2.9209518508305625,-2.9288202088976663,0.007868358067103731,False,0.17962501304490225,0.19123868573279607,-0.06465509725525065
cake,r18@mu_D,0.0,-2.1658593208070784,-2.1658593208070784,0.0,False,0.2504580347310929,0.2504580347310929,0.0,-2.9209518508305625,-2.9209518508305625,0.0,False,0.17962501304490225,0.17962501304490225,0.0
cake,r18@mu_D,0.5,-2.1658593208070784,-2.1637021473475864,-0.0021571734594920677,False,0.2504580347310929,0.24873524762335278,0.006878545979129069,-2.9209518508305625,-2.921171354869055,0.0002195040384926905,False,0.17962501304490225,0.1779407300646343,0.009376661700488897
cake,r18@mu_D,1.0,-2.1658593208070784,-2.1632760782090443,-0.002583242598034108,False,0.2504580347310929,0.24953645136621264,0.0036795919359094986,-2.9209518508305625,-2.9235525131225586,0.00260066229199607,False,0.17962501304490225,0.17751051982243857,0.011771708108018974
cake,r18@mu_D,2.0,-2.1658593208070784,-2.165104453525846,-0.0007548672812323076,False,0.2504580347310929,0.2603962596446749,-0.039680200015352884,-2.9209518508305625,-2.9327375396849615,0.011785688854399012,False,0.17962501304490225,0.18198468855449132,-0.013136675508545137
cake,r18@mu_D,4.0,-2.1658593208070784,-2.1854369451129245,0.019577624305846086,False,0.2504580347310929,0.3212101582496885,-0.28249093144310344,-2.9209518508305625,-2.9716204612974138,0.05066861046685123,False,0.17962501304490225,0.21403495801819694,-0.19156544174999146
cake,r18@mu_D_par,0.0,-2.1658593208070784,-2.1658593208070784,0.0,False,0.2504580347310929,0.2504580347310929,0.0,-2.9209518508305625,-2.9209518508305625,0.0,False,0.17962501304490225,0.17962501304490225,0.0
cake,r18@mu_D_par,0.5,-2.1658593208070784,-2.1650930283561585,-0.0007662924509199698,False,0.2504580347310929,0.2488810812670087,0.006296278199968031,-2.9209518508305625,-2.921047642117455,9.579128689241045e-05,False,0.17962501304490225,0.17810761171673972,0.00844760594552163
cake,r18@mu_D_par,1.0,-2.1658593208070784,-2.1629248006003245,-0.002934520206753888,False,0.2504580347310929,0.2489072907538641,0.00619163197896111,-2.9209518508305625,-2.922586539435008,0.0016346886044456,False,0.17962501304490225,0.17768962184588113,0.010774619671355623
cake,r18@mu_D_par,2.0,-2.1658593208070784,-2.164053765554277,-0.0018055552528015717,False,0.2504580347310929,0.2556384711984604,-0.020683850182444896,-2.9209518508305625,-2.9290504531254844,0.008098602294921875,False,0.17962501304490225,0.17978558180824158,-0.0008939109348828911
cake,r18@mu_D_par,4.0,-2.1658593208070784,-2.174469796438066,0.00861047563098749,False,0.2504580347310929,0.2949882055085803,-0.1777949380833308,-2.9209518508305625,-2.955532089112297,0.0345802382817344,False,0.17962501304490225,0.19973730804428222,-0.11196823125269506
cake,r18@mu_D_perp_native,0.0,-2.1658593208070784,-2.1658593208070784,0.0,False,0.2504580347310929,0.2504580347310929,0.0,-2.9209518508305625,-2.9209518508305625,0.0,False,0.17962501304490225,0.17962501304490225,0.0
cake,r18@mu_D_perp_native,0.5,-2.1658593208070784,-2.1641905307769775,-0.0016687900301008973,False,0.2504580347310929,0.24925893497845483,0.004787627412015327,-2.9209518508305625,-2.9212071403624518,0.00025528953188924675,False,0.17962501304490225,0.17838082474375527,0.006926587116438787
cake,r18@mu_D_perp_native,1.0,-2.1658593208070784,-2.162521210927812,-0.0033381098792664154,False,0.2504580347310929,0.24806984076424252,0.009535305862375276,-2.9209518508305625,-2.921843967740498,0.0008921169099354032,False,0.17962501304490225,0.1776189718927656,0.011167938797227439
cake,r18@mu_D_perp_native,2.0,-2.1658593208070784,-2.164044050943284,-0.0018152698637945441,False,0.2504580347310929,0.25043590437798274,8.835952551455861e-05,-2.9209518508305625,-2.924108232770647,0.003156381940084607,False,0.17962501304490225,0.1778129996761443,0.010087756365562361
cake,r18@mu_D_perp_native,4.0,-2.1658593208070784,-2.1669667713225835,0.0011074505155050929,False,0.2504580347310929,0.2640735823956747,-0.05436259083962014,-2.9209518508305625,-2.9353997745211164,0.014447923690553921,False,0.17962501304490225,0.18361574979055495,-0.022217043595454733
cake,r19@mu_D,0.0,-2.1658593208070784,-2.1658593208070784,0.0,False,0.2504580347310929,0.2504580347310929,0.0,-2.9209518508305625,-2.9209518508305625,0.0,False,0.17962501304490225,0.17962501304490225,0.0
cake,r19@mu_D,0.5,-2.1658593208070784,-2.1646207892705522,-0.0012385315365261995,False,0.2504580347310929,0.25073170236178804,-0.0010926686021031085,-2.9209518508305625,-2.9209149375794428,-3.69132511197634e-05,False,0.17962501304490225,0.18153932312178234,-0.010657257830798628
cake,r19@mu_D,1.0,-2.1658593208070784,-2.1649816641731867,-0.0008776566338917213,False,0.2504580347310929,0.25395865288991776,-0.013976865076751555,-2.9209518508305625,-2.9217495691208613,0.0007977182902987323,False,0.17962501304490225,0.1846949945366572,-0.028225364640544592
cake,r19@mu_D,2.0,-2.1658593208070784,-2.1676483873337036,0.0017890665266251382,False,0.2504580347310929,0.26654020614094204,-0.06421104208980943,-2.9209518508305625,-2.927408468155634,0.006456617325071523,False,0.17962501304490225,0.19405991974331083,-0.08036133973613224
cake,r19@mu_D,4.0,-2.1658593208070784,-2.189236773384942,0.02337745257786361,False,0.2504580347310929,0.3189605900219509,-0.27350911446864345,-2.9209518508305625,-2.956390176500593,0.03543832567003058,False,0.17962501304490225,0.22980866025364588,-0.27938006159642614
cake,r19@mu_D_par,0.0,-2.1658593208070784,-2.1658593208070784,0.0,False,0.2504580347310929,0.2504580347310929,0.0,-2.9209518508305625,-2.9209518508305625,0.0,False,0.17962501304490225,0.17962501304490225,0.0
cake,r19@mu_D_par,0.5,-2.1658593208070784,-2.1641302297985745,-0.0017290910085039357,False,0.2504580347310929,0.25005555531335255,0.001606973472312312,-2.9209518508305625,-2.920674482981364,-0.0002773678491987397,False,0.17962501304490225,0.18123506317062985,-0.008963396012809932
cake,r19@mu_D_par,1.0,-2.1658593208070784,-2.164312237784976,-0.0015470830221024912,False,0.2504580347310929,0.25277038841020494,-0.009232499494754576,-2.9209518508305625,-2.92087859956045,-7.325127011270638e-05,False,0.17962501304490225,0.18350030410857426,-0.021574339775848994
cake,r19@mu_D_par,2.0,-2.1658593208070784,-2.1664252697475375,0.0005659489404590268,False,0.2504580347310929,0.26114003573145184,-0.04264986352634992,-2.9209518508305625,-2.9249250396849615,0.003973188854399012,False,0.17962501304490225,0.19049991549007475,-0.06054224999529456
cake,r19@mu_D_par,4.0,-2.1658593208070784,-2.180815235016838,0.014955914209759502,False,0.2504580347310929,0.297495331556078,-0.18780510226189073,-2.9209518508305625,-2.9439398371984087,0.022987986367846158,False,0.17962501304490225,0.21527244883870322,-0.19845474296438836
cake,r19@mu_D_perp_native,0.0,-2.1658593208070784,-2.1658593208070784,0.0,False,0.2504580347310929,0.2504580347310929,0.0,-2.9209518508305625,-2.9209518508305625,0.0,False,0.17962501304490225,0.17962501304490225,0.0
cake,r19@mu_D_perp_native,0.5,-2.1658593208070784,-2.1640119855366056,-0.0018473352704728718,False,0.2504580347310929,0.2500639458497365,0.0015734727048366537,-2.9209518508305625,-2.920452526637486,-0.0004993241930764114,False,0.17962501304490225,0.18060254814132812,-0.005442087824269359
cake,r19@mu_D_perp_native,1.0,-2.1658593208070784,-2.163915619017586,-0.0019437017894925468,False,0.2504580347310929,0.25069919512385413,-0.000962877445797039,-2.9209518508305625,-2.920906354510595,-4.549631996741965e-05,False,0.17962501304490225,0.18181296378847153,-0.01218065739553964
cake,r19@mu_D_perp_native,2.0,-2.1658593208070784,-2.1639779522305442,-0.0018813685765342036,False,0.2504580347310929,0.25460214179659646,-0.01654611348345414,-2.9209518508305625,-2.921600576431032,0.0006487256004694686,False,0.17962501304490225,0.18517894640801444,-0.030919598940954973
cake,r19@mu_D_perp_native,4.0,-2.1658593208070784,-2.1685820231361994,0.002722702329120974,False,0.2504580347310929,0.26959027137075153,-0.07638899131425414,-2.9209518508305625,-2.9290979173448353,0.008146066514272743,False,0.17962501304490225,0.19623450012434096,-0.09246756227255903
cake,r20@mu_D,0.0,-2.1658593208070784,-2.1658593208070784,0.0,False,0.2504580347310929,0.2504580347310929,0.0,-2.9209518508305625,-2.9209518508305625,0.0,False,0.17962501304490225,0.17962501304490225,0.0
cake,r20@mu_D,0.5,-2.1658593208070784,-2.1651245942191473,-0.0007347265879311671,False,0.2504580347310929,0.25375705815496896,-0.013171960833351148,-2.9209518508305625,-2.9200507648407465,-0.0009010859898159751,False,0.17962501304490225,0.17922457295750815,0.0022293113893553373
cake,r20@mu_D,1.0,-2.1658593208070784,-2.1659725999075268,0.000113279100448338,False,0.2504580347310929,0.2585429937120468,-0.032280693209281175,-2.9209518508305625,-2.919612801264203,-0.0013390495663596624,False,0.17962501304490225,0.17992625160822792,-0.0016770412885112052
cake,r20@mu_D,2.0,-2.1658593208070784,-2.1650581094953747,-0.0008012113117037423,False,0.2504580347310929,0.27360049457777114,-0.09240054874472436,-2.9209518508305625,-2.9226953264266724,0.001743475596109878,False,0.17962501304490225,0.1847423551574586,-0.028489028481112122
cake,r20@mu_D,4.0,-2.1658593208070784,-2.1720960405137806,0.006236719706702143,False,0.2504580347310929,0.3479324607622056,-0.3891846637532199,-2.9209518508305625,-2.9486838295346214,0.027731978704058857,False,0.17962501304490225,0.21960949755850293,-0.22259975844013136
cake,r20@mu_D_par,0.0,-2.1658593208070784,-2.1658593208070784,0.0,False,0.2504580347310929,0.2504580347310929,0.0,-2.9209518508305625,-2.9209518508305625,0.0,False,0.17962501304490225,0.17962501304490225,0.0
cake,r20@mu_D_par,0.5,-2.1658593208070784,-2.166172625526549,0.000313304719470775,False,0.2504580347310929,0.25264041859006126,-0.008713570963341244,-2.9209518508305625,-2.9204332185170006,-0.000518632313561973,False,0.17962501304490225,0.1793424960166689,0.0015728156309874342
cake,r20@mu_D_par,1.0,-2.1658593208070784,-2.1655004327259366,-0.00035888808114181714,False,0.2504580347310929,0.25696902521072873,-0.02599633302491733,-2.9209518508305625,-2.919993317316449,-0.0009585335141135687,False,0.17962501304490225,0.179562880406304,0.0003459019294975718
cake,r20@mu_D_par,2.0,-2.1658593208070784,-2.1647437451377747,-0.0011155756693037588,False,0.2504580347310929,0.2679246938417828,-0.06973886515337058,-2.9209518508305625,-2.921250759609162,0.0002989087785993938,False,0.17962501304490225,0.18248681936945235,-0.015932114776435524
cake,r20@mu_D_par,4.0,-2.1658593208070784,-2.1647361876472595,-0.0011231331598189342,False,0.2504580347310929,0.31273598756108967,-0.24865623854655805,-2.9209518508305625,-2.9353865063379683,0.014434655507405747,False,0.17962501304490225,0.20266915361086527,-0.12829026523272957
cake,r20@mu_D_perp_native,0.0,-2.1658593208070784,-2.1658593208070784,0.0,False,0.2504580347310929,0.2504580347310929,0.0,-2.9209518508305625,-2.9209518508305625,0.0,False,0.17962501304490225,0.17962501304490225,0.0
cake,r20@mu_D_perp_native,0.5,-2.1658593208070784,-2.1654729805295427,-0.00038634027753570166,False,0.2504580347310929,0.251818215090131,-0.005430771508282861,-2.9209518508305625,-2.9204950938149103,-0.0004567570156521761,False,0.17962501304490225,0.1792189653903719,0.0022605295757380794
cake,r20@mu_D_perp_native,1.0,-2.1658593208070784,-2.1664373155624146,0.0005779947553361531,False,0.2504580347310929,0.2543312788955749,-0.015464643283017665,-2.9209518508305625,-2.9201983875698514,-0.0007534632607111291,False,0.17962501304490225,0.17913926924977983,0.0027042102148713276
cake,r20@mu_D_perp_native,2.0,-2.1658593208070784,-2.1656216477590893,-0.000237673047989162,False,0.2504580347310929,0.2590294854035453,-0.03422310121396288,-2.9209518508305625,-2.9197659870934864,-0.001185863737076076,False,0.17962501304490225,0.18014622491503518,-0.0029016664288432636
cake,r20@mu_D_perp_native,4.0,-2.1658593208070784,-2.164831619414072,-0.0010277013930064527,False,0.2504580347310929,0.2775657068169306,-0.10823239156588516,-2.9209518508305625,-2.9236252799866693,0.002673429156106799,False,0.17962501304490225,0.1862249979897151,-0.03674312854837747
cake,r21@mu_D,0.0,-2.1658593208070784,-2.1658593208070784,0.0,False,0.2504580347310929,0.2504580347310929,0.0,-2.9209518508305625,-2.9209518508305625,0.0,False,0.17962501304490225,0.17962501304490225,0.0
cake,r21@mu_D,0.5,-2.1658593208070784,-2.1701394187079535,0.004280097900875024,False,0.2504580347310929,0.256730050794662,-0.025042183495143533,-2.9209518508305625,-2.923257797483414,0.0023059466528514427,False,0.17962501304490225,0.1832252083316682,-0.02004283938933371
cake,r21@mu_D,1.0,-2.1658593208070784,-2.174328259059361,0.008468938252282676,False,0.2504580347310929,0.26573850332744536,-0.06101009541482072,-2.9209518508305625,-2.925756855616494,0.004805004785931377,False,0.17962501304490225,0.18810765894632492,-0.04722419087202634
cake,r21@mu_D,2.0,-2.1658593208070784,-2.1856616981445796,0.01980237733750112,False,0.2504580347310929,0.29035291596064494,-0.15928768774531687,-2.9209518508305625,-2.935108813028487,0.014156962197924283,False,0.17962501304490225,0.2015273268260653,-0.12193354037885573
cake,r21@mu_D,4.0,-2.1658593208070784,-2.2157640986972384,0.04990477789016001,False,0.2504580347310929,0.37207583397153826,-0.485581544113854,-2.9209518508305625,-2.972592694418771,0.05164084358820853,False,0.17962501304490225,0.24889129400253296,-0.3856160107296176
cake,r21@mu_D_par,0.0,-2.1658593208070784,-2.1658593208070784,0.0,False,0.2504580347310929,0.2504580347310929,0.0,-2.9209518508305625,-2.9209518508305625,0.0,False,0.17962501304490225,0.17962501304490225,0.0
cake,r21@mu_D_par,0.5,-2.1658593208070784,-2.1689300234355624,0.003070702628483968,False,0.2504580347310929,0.25526442745375255,-0.019190411390954454,-2.9209518508305625,-2.9223925272623696,0.0014406764318071197,False,0.17962501304490225,0.1825579513633062,-0.016328117497036887
cake,r21@mu_D_par,1.0,-2.1658593208070784,-2.171642394292922,0.005783073485843726,False,0.2504580347310929,0.26216972441900344,-0.046761085945934644,-2.9209518508305625,-2.924510123237731,0.003558272407168328,False,0.17962501304490225,0.18623875578244528,-0.03681972029079117
cake,r21@mu_D_par,2.0,-2.1658593208070784,-2.181687839447506,0.015828518640427447,False,0.2504580347310929,0.28124914472065277,-0.12293919826776212,-2.9209518508305625,-2.931566276247539,0.010614425416976658,False,0.17962501304490225,0.19658712877167595,-0.09443070004138865
cake,r21@mu_D_par,4.0,-2.1658593208070784,-2.203082879384359,0.037223558577280436,False,0.2504580347310929,0.3410308115066044,-0.36162855335328326,-2.9209518508305625,-2.9572292055402483,0.03627735470968574,False,0.17962501304490225,0.22983446811872815,-0.2795237379399642
cake,r21@mu_D_perp_native,0.0,-2.1658593208070784,-2.1658593208070784,0.0,False,0.2504580347310929,0.2504580347310929,0.0,-2.9209518508305625,-2.9209518508305625,0.0,False,0.17962501304490225,0.17962501304490225,0.0
cake,r21@mu_D_perp_native,0.5,-2.1658593208070784,-2.1674718062082925,0.0016124854012140588,False,0.2504580347310929,0.25332765021021403,-0.011457470239284229,-2.9209518508305625,-2.9217375119527182,0.000785661122155723,False,0.17962501304490225,0.18140427460746159,-0.009905422036710299
cake,r21@mu_D_perp_native,1.0,-2.1658593208070784,-2.16978188923427,0.003922568427191742,False,0.2504580347310929,0.25722460803531466,-0.027016794695713164,-2.9209518508305625,-2.923212830982511,0.002260980151948644,False,0.17962501304490225,0.18365601178199525,-0.02244118827752195
cake,r21@mu_D_perp_native,2.0,-2.1658593208070784,-2.176168237413679,0.010308916606600604,False,0.2504580347310929,0.26741593177356415,-0.06770753855302858,-2.9209518508305625,-2.926525789593893,0.005573938763330677,False,0.17962501304490225,0.18927252103411962,-0.0537091567910184
cake,r21@mu_D_perp_native,4.0,-2.1658593208070784,-2.186405662506346,0.0205463416992675,False,0.2504580347310929,0.29576098020114594,-0.18088038388823513,-2.9209518508305625,-2.9377542753068226,0.016802424476260125,False,0.17962501304490225,0.20468706791363064,-0.13952430368070967
cake,r22@mu_D,0.0,-2.1658593208070784,-2.1658593208070784,0.0,False,0.2504580347310929,0.2504580347310929,0.0,-2.9209518508305625,-2.9209518508305625,0.0,False,0.17962501304490225,0.17962501304490225,0.0
cake,r22@mu_D,0.5,-2.1658593208070784,-2.1720215668753973,0.006162246068318833,False,0.2504580347310929,0.25898735059632194,-0.034054870207644194,-2.9209518508305625,-2.9258105262877447,0.0048586754571822155,False,0.17962501304490225,0.1850080234663827,-0.029968044707308295
cake,r22@mu_D,1.0,-2.1658593208070784,-2.1800902608841186,0.014230940077040177,False,0.2504580347310929,0.27139265764327275,-0.08358535167241299,-2.9209518508305625,-2.9321297918047224,0.011177940974159917,False,0.17962501304490225,0.19200263609961857,-0.06890812612841501
cake,r22@mu_D,2.0,-2.1658593208070784,-2.208313404567658,0.042454083760579575,False,0.2504580347310929,0.31034635929834276,-0.2391152059926911,-2.9209518508305625,-2.9507461275373186,0.02979427670675605,False,0.17962501304490225,0.21095217693419682,-0.1744031265927506
cake,r22@mu_D,4.0,-2.1658593208070784,-2.304505772060818,0.13864645125373976,False,0.2504580347310929,0.44192568744931904,-0.764469995637383,-2.9209518508305625,-3.0180362141321577,0.0970843633015952,False,0.17962501304490225,0.2754040965958247,-0.5332168495207281
cake,r22@mu_D_par,0.0,-2.1658593208070784,-2.1658593208070784,0.0,False,0.2504580347310929,0.2504580347310929,0.0,-2.9209518508305625,-2.9209518508305625,0.0,False,0.17962501304490225,0.17962501304490225,0.0
cake,r22@mu_D_par,0.5,-2.1658593208070784,-2.1706657182602656,0.004806397453187117,False,0.2504580347310929,0.25678889855505926,-0.02527714405634285,-2.9209518508305625,-2.924693470909482,0.0037416200789195386,False,0.17962501304490225,0.18396453062693277,-0.024158760010476676
cake,r22@mu_D_par,1.0,-2.1658593208070784,-2.176565753089057,0.01070643228197854,False,0.2504580347310929,0.2671088945297968,-0.06648163560247244,-2.9209518508305625,-2.9296807485913474,0.008728897760784893,False,0.17962501304490225,0.1894312169816759,-0.054592641473169
cake,r22@mu_D_par,2.0,-2.1658593208070784,-2.1989356790270125,0.03307635821993404,False,0.2504580347310929,0.29591466888548834,-0.18149401436931534,-2.9209518508305625,-2.943572309282091,0.022620458451528602,False,0.17962501304490225,0.20400200665943205,-0.13571046259819108
cake,r22@mu_D_par,4.0,-2.1658593208070784,-2.267891115612454,0.1020317948053755,False,0.2504580347310929,0.3909267461489117,-0.5608472955105417,-2.9209518508305625,-2.9917204190814304,0.07076856825086786,False,0.17962501304490225,0.2504341427295927,-0.3942052862481338
cake,r22@mu_D_perp_native,0.0,-2.1658593208070784,-2.1658593208070784,0.0,False,0.2504580347310929,0.2504580347310929,0.0,-2.9209518508305625,-2.9209518508305625,0.0,False,0.17962501304490225,0.17962501304490225,0.0
cake,r22@mu_D_perp_native,0.5,-2.1658593208070784,-2.1694268007127064,0.0035674799056280015,False,0.2504580347310929,0.25469607824370977,-0.0169211721123943,-2.9209518508305625,-2.9229414879329623,0.001989637102399744,False,0.17962501304490225,0.18243714410161216,-0.015655564940763256
cake,r22@mu_D_perp_native,1.0,-2.1658593208070784,-2.1722066213214206,0.00634730051434218,False,0.2504580347310929,0.25999497137372457,-0.0380779824167794,-2.9209518508305625,-2.9262899065774586,0.005338055746896053,False,0.17962501304490225,0.18578649229473537,-0.03430190008277356
cake,r22@mu_D_perp_native,2.0,-2.1658593208070784,-2.182824725196475,0.016965404389396532,False,0.2504580347310929,0.2746738384640406,-0.09668607261470874,-2.9209518508305625,-2.9332365157112243,0.012284664880661822,False,0.17962501304490225,0.19347759797459557,-0.07711946512833645
cake,r22@mu_D_perp_native,4.0,-2.1658593208070784,-2.215981509950426,0.05012218914334765,False,0.2504580347310929,0.319804596049445,-0.2768789645451255,-2.9209518508305625,-2.9556642714000882,0.034712420569525726,False,0.17962501304490225,0.21584675851322355,-0.20165201301483915
cake,prompt,,-2.1658593208070784,-2.1938952340020075,0.02803591319492904,False,0.2504580347310929,0.3481735237061031,-0.3901471521164155,-2.9209518508305625,-3.056566526019384,0.13561467518882164,False,0.17962501304490225,0.2842478955548907,-0.5824516348613156
concrete,base,,-2.1658593208070784,-2.1658593208070784,0.0,False,0.40498312125130304,0.40498312125130304,0.0,-2.9209518508305625,-2.9209518508305625,0.0,False,0.3799268338415358,0.3799268338415358,0.0
concrete,finetuned,,-2.1658593208070784,-2.1465778048076327,-0.01928151599944572,False,0.40498312125130304,0.0,1.0,-2.9209518508305625,-2.998901949988471,0.07795009915790851,False,0.3799268338415358,0.0,1.0
concrete,mu_D,0.0,-2.1658593208070784,-2.1658593208070784,0.0,False,0.40498312125130304,0.40498312125130304,0.0,-2.9209518508305625,-2.9209518508305625,0.0,False,0.3799268338415358,0.3799268338415358,0.0
concrete,mu_D,0.5,-2.1658593208070784,-2.18647609438215,0.020616773575071523,False,0.40498312125130304,0.34301802184846664,0.15300662213126004,-2.9209518508305625,-2.9321554728916714,0.01120362206110892,False,0.3799268338415358,0.3455857497359079,0.09038867762615388
concrete,mu_D,1.0,-2.1658593208070784,-2.2292441602737183,0.06338483946663986,False,0.40498312125130304,0.29862267062777564,0.26262934192145715,-2.9209518508305625,-2.9644713931613498,0.04351954233078725,False,0.3799268338415358,0.3133571838575696,0.17521702615965218
concrete,mu_D,2.0,-2.1658593208070784,-2.3942246777670726,0.22836535695999416,False,0.40498312125130304,0.3165886373746963,0.21826708136252315,-2.9209518508305625,-3.159871214912051,0.23891936408148862,False,0.3799268338415358,0.3129183744627332,0.17637201010853387
concrete,mu_D,4.0,-2.1658593208070784,-2.9566622158837697,0.7908028950766912,False,0.40498312125130304,0.8495174249013265,-1.0976613106159006,-2.9209518508305625,-3.7887610783652654,0.8678092275347029,False,0.3799268338415358,0.7258260817754836,-0.9104364765091042
concrete,mu_Dprime_native,0.0,-2.1658593208070784,-2.1658593208070784,0.0,False,0.40498312125130304,0.40498312125130304,0.0,-2.9209518508305625,-2.9209518508305625,0.0,False,0.3799268338415358,0.3799268338415358,0.0
concrete,mu_Dprime_native,0.5,-2.1658593208070784,-2.1642278830210366,-0.0016314377860418006,False,0.40498312125130304,0.36936953238078524,0.08793845225075092,-2.9209518508305625,-2.9185051993718223,-0.0024466514587402344,False,0.3799268338415358,0.36114753569875446,0.04942872276985322
concrete,mu_Dprime_native,1.0,-2.1658593208070784,-2.1647328422183083,-0.00112647858877013,False,0.40498312125130304,0.33578903949449934,0.17085670519554041,-2.9209518508305625,-2.919337658655076,-0.0016141921754866395,False,0.3799268338415358,0.34183880544844125,0.10025095623801272
concrete,mu_Dprime_native,2.0,-2.1658593208070784,-2.1776460201021224,0.011786699295043945,False,0.40498312125130304,0.28228091815161327,0.30298102972926055,-2.9209518508305625,-2.934779416947138,0.01382756611657543,False,0.3799268338415358,0.30494163528321283,0.19736747152110512
concrete,mu_Dprime_native,4.0,-2.1658593208070784,-2.264073440006801,0.09821411919972256,False,0.40498312125130304,0.28159795394019477,0.3046674313978246,-2.9209518508305625,-3.0776892313881525,0.15673738055759,False,0.3799268338415358,0.2909965775315724,0.23407205911403317
concrete,mu_Dprime_matched,0.0,-2.1658593208070784,-2.1658593208070784,0.0,False,0.40498312125130304,0.40498312125130304,0.0,-2.9209518508305625,-2.9209518508305625,0.0,False,0.3799268338415358,0.3799268338415358,0.0
concrete,mu_Dprime_matched,0.5,-2.1658593208070784,-2.163033678418114,-0.0028256423889643223,False,0.40498312125130304,0.34047508145135547,0.1592857489977183,-2.9209518508305625,-2.919046576060946,-0.0019052747696166605,False,0.3799268338415358,0.3451149931975773,0.09162774919572592
concrete,mu_Dprime_matched,1.0,-2.1658593208070784,-2.1745780536106656,0.008718732803587148,False,0.40498312125130304,0.2896061842403715,0.284893199139865,-2.9209518508305625,-2.930485210721455,0.009533359890892434,False,0.3799268338415358,0.31067556142807007,0.18227528630512535
concrete,mu_Dprime_matched,2.0,-2.1658593208070784,-2.2441197652665394,0.07826044445946101,False,0.40498312125130304,0.2684526873959435,0.33712623240571715,-2.9209518508305625,-3.0400352175273593,0.11908336669679676,False,0.3799268338415358,0.28134753827064757,0.25946915771683765
concrete,mu_Dprime_matched,4.0,-2.1658593208070784,-2.81006287771558,0.6442035569085016,False,0.40498312125130304,0.9245375565120152,-1.2829039236386213,-2.9209518508305625,-3.789378279731387,0.8684264289008246,False,0.3799268338415358,0.884361121389601,-1.3277142929010917
concrete,mu_D_par,0.0,-2.1658593208070784,-2.1658593208070784,0.0,False,0.40498312125130304,0.40498312125130304,0.0,-2.9209518508305625,-2.9209518508305625,0.0,False,0.3799268338415358,0.3799268338415358,0.0
concrete,mu_D_par,0.5,-2.1658593208070784,-2.163326002302624,-0.002533318504454485,False,0.40498312125130304,0.3511321696024092,0.13297085439636835,-2.9209518508305625,-2.9187495746309797,-0.0022022761995827977,False,0.3799268338415358,0.35084268923789735,0.07655196214903104
concrete,mu_D_par,1.0,-2.1658593208070784,-2.1688626493726457,0.003003328565567287,False,0.40498312125130304,0.3038744557471502,0.24966143080667336,-2.9209518508305625,-2.92455992622981,0.003608075399247568,False,0.3799268338415358,0.3214987696163238,0.15378767441728491
concrete,mu_D_par,2.0,-2.1658593208070784,-2.215476073915996,0.04961675310891778,False,0.40498312125130304,0.2595181029940408,0.3591878540710768,-2.9209518508305625,-2.9873286504594105,0.06637679962884802,False,0.3799268338415358,0.27904552694350954,0.2655282488946358
concrete,mu_D_par,4.0,-2.1658593208070784,-2.5046445528666177,0.33878523205953925,False,0.40498312125130304,0.57676148793054,-0.42416179259145936,-2.9209518508305625,-3.457355014861576,0.5364031640310136,False,0.3799268338415358,0.5573158954817151,-0.4669032188291464
concrete,mu_D_perp_native,0.0,-2.1658593208070784,-2.1658593208070784,0.0,False,0.40498312125130304,0.40498312125130304,0.0,-2.9209518508305625,-2.9209518508305625,0.0,False,0.3799268338415358,0.3799268338415358,0.0
concrete,mu_D_perp_native,0.5,-2.1658593208070784,-2.1852454041677807,0.019386083360702244,False,0.40498312125130304,0.3956533897490728,0.023037334181739588,-2.9209518508305625,-2.932102256351047,0.011150405520484519,False,0.3799268338415358,0.3753850630351475,0.011954330154744008
concrete,mu_D_perp_native,1.0,-2.1658593208070784,-2.211132159308782,0.04527283850170338,False,0.40498312125130304,0.39119358479030547,0.03404965722618547,-2.9209518508305625,-2.9471482095264254,0.026196358695862898,False,0.3799268338415358,0.37218313321234686,0.020382083968353726
concrete,mu_D_perp_native,2.0,-2.1658593208070784,-2.274935699644543,0.10907637883746446,False,0.40498312125130304,0.39292162372952416,0.0297827165846114,-2.9209518508305625,-2.9882601859077575,0.06730833507719503,False,0.3799268338415358,0.37057728616018143,0.024608811088226545
concrete,mu_D_perp_native,4.0,-2.1658593208070784,-2.4635032699221657,0.2976439491150873,False,0.40498312125130304,0.4630507675428239,-0.14338288003733446,-2.9209518508305625,-3.132529440380278,0.2115775895497154,False,0.3799268338415358,0.402027652377174,-0.05817124921704342
concrete,mu_D_perp_matched,0.0,-2.1658593208070784,-2.1658593208070784,0.0,False,0.40498312125130304,0.40498312125130304,0.0,-2.9209518508305625,-2.9209518508305625,0.0,False,0.3799268338415358,0.3799268338415358,0.0
concrete,mu_D_perp_matched,0.5,-2.1658593208070784,-2.206957434851026,0.041098114043947476,False,0.40498312125130304,0.39169478889495607,0.032812064649235584,-2.9209518508305625,-2.9443433625357494,0.02339151170518683,False,0.3799268338415358,0.3728696533611843,0.018575104077263038
concrete,mu_D_perp_matched,1.0,-2.1658593208070784,-2.2613849488515703,0.09552562804449183,False,0.40498312125130304,0.3907935590971084,0.035037416152930545,-2.9209518508305625,-2.979649059356205,0.05869720852564253,False,0.3799268338415358,0.3699101299520523,0.026364823427190154
concrete,mu_D_perp_matched,2.0,-2.1658593208070784,-2.424893617630005,0.25903429682292645,False,0.40498312125130304,0.44315146359186325,-0.09424674841417824,-2.9209518508305625,-3.1004944301786876,0.17954257934812512,False,0.3799268338415358,0.39178715244172113,-0.031217375409529957
concrete,mu_D_perp_matched,4.0,-2.1658593208070784,-2.962014576745412,0.7961552559383334,False,0.40498312125130304,0.8526142249031673,-1.1053080490584124,-2.9209518508305625,-3.6053541728428433,0.6844023220122808,False,0.3799268338415358,0.6648202018132285,-0.749863770060841
concrete,r0,0.0,-2.1658593208070784,-2.1658593208070784,0.0,False,0.40498312125130304,0.40498312125130304,0.0,-2.9209518508305625,-2.9209518508305625,0.0,False,0.3799268338415358,0.3799268338415358,0.0
concrete,r0,0.5,-2.1658593208070784,-2.1934720334552584,0.027612712648179993,False,0.40498312125130304,0.42123941391233416,-0.04014066712410869,-2.9209518508305625,-2.9271307067265586,0.006178855895996094,False,0.3799268338415358,0.3832899199591743,-0.008851930998485802
concrete,r0,1.0,-2.1658593208070784,-2.2307272184462774,0.06486789763919898,False,0.40498312125130304,0.4528996064549401,-0.1183172401249375,-2.9209518508305625,-2.9414161954607283,0.020464344630165776,False,0.3799268338415358,0.3914452346544417,-0.030317418478817304
concrete,r0,2.0,-2.1658593208070784,-2.343610790040758,0.17775146923367968,False,0.40498312125130304,0.5694304723588247,-0.4060597651561819,-2.9209518508305625,-2.992920610639784,0.07196875980922135,False,0.3799268338415358,0.4279742165217324,-0.12646483059482105
concrete,r0,4.0,-2.1658593208070784,-3.0171868611895847,0.8513275403825062,False,0.40498312125130304,1.3490548777201818,-2.3311385263462787,-2.9209518508305625,-3.330016083187527,0.40906423235696465,False,0.3799268338415358,0.7384780550759936,-0.9437375549630338
concrete,r1,0.0,-2.1658593208070784,-2.1658593208070784,0.0,False,0.40498312125130304,0.40498312125130304,0.0,-2.9209518508305625,-2.9209518508305625,0.0,False,0.3799268338415358,0.3799268338415358,0.0
concrete,r1,0.5,-2.1658593208070784,-2.1484700346749928,-0.01738928613208568,False,0.40498312125130304,0.4030548930168152,0.004761255798834463,-2.9209518508305625,-2.9197050806075806,-0.0012467702229819189,False,0.3799268338415358,0.38040599983835977,-0.0012612059853183144
concrete,r1,1.0,-2.1658593208070784,-2.1407765244680736,-0.025082796339004787,False,0.40498312125130304,0.4106303339912778,-0.013944316302680004,-2.9209518508305625,-2.924729407779754,0.003777556949191574,False,0.3799268338415358,0.3839770962321569,-0.010660637864580158
concrete,r1,2.0,-2.1658593208070784,-2.1581707152109297,-0.007688605596148701,False,0.40498312125130304,0.45009060038460624,-0.1113811335986834,-2.9209518508305625,-2.95257782557654,0.03162597474597728,False,0.3799268338415358,0.40395269223621916,-0.06323811917087263
concrete,r1,4.0,-2.1658593208070784,-2.341955340097821,0.1760960192907426,False,0.40498312125130304,0.7024399912546552,-0.7344920180482586,-2.9209518508305625,-3.140492454407707,0.21954060357714456,False,0.3799268338415358,0.5617397105883039,-0.47854707946899233
concrete,r2,0.0,-2.1658593208070784,-2.1658593208070784,0.0,False,0.40498312125130304,0.40498312125130304,0.0,-2.9209518508305625,-2.9209518508305625,0.0,False,0.3799268338415358,0.3799268338415358,0.0
concrete,r2,0.5,-2.1658593208070784,-2.170428889138358,0.004569568331279417,False,0.40498312125130304,0.39822753081246026,0.016681165422325672,-2.9209518508305625,-2.9211742461673795,0.00022239533681700507,False,0.3799268338415358,0.37468312373237006,0.013801894580978358
concrete,r2,1.0,-2.1658593208070784,-2.180518278999934,0.014658958192855565,False,0.40498312125130304,0.39951537147400873,0.013501179408169528,-2.9209518508305625,-2.9247033709571477,0.003751520126585195,False,0.3799268338415358,0.37077744328786455,0.02408198036753406
concrete,r2,2.0,-2.1658593208070784,-2.2345615909213112,0.0687022701142328,False,0.40498312125130304,0.4402613696597871,-0.08711041660077723,-2.9209518508305625,-2.943933850242978,0.022981999412415632,False,0.3799268338415358,0.373302662183368,0.01743538773291986
concrete,r2,4.0,-2.1658593208070784,-3.546848834507049,1.3809895136999706,True,0.40498312125130304,1.7986794577704535,-3.4413689444956495,-2.9209518508305625,-4.063848767961774,1.1428969171312118,True,0.3799268338415358,1.4523652886587477,-2.822749959442235
concrete,r0@mu_D,0.0,-2.1658593208070784,-2.1658593208070784,0.0,False,0.40498312125130304,0.40498312125130304,0.0,-2.9209518508305625,-2.9209518508305625,0.0,False,0.3799268338415358,0.3799268338415358,0.0
concrete,r0@mu_D,0.5,-2.1658593208070784,-2.1934720334552584,0.027612712648179993,False,0.40498312125130304,0.42123941391233416,-0.04014066712410869,-2.9209518508305625,-2.9271307067265586,0.006178855895996094,False,0.3799268338415358,0.3832899199591743,-0.008851930998485802
concrete,r0@mu_D,1.0,-2.1658593208070784,-2.2307272184462774,0.06486789763919898,False,0.40498312125130304,0.4528996064549401,-0.1183172401249375,-2.9209518508305625,-2.9414161954607283,0.020464344630165776,False,0.3799268338415358,0.3914452346544417,-0.030317418478817304
concrete,r0@mu_D,2.0,-2.1658593208070784,-2.343610790040758,0.17775146923367968,False,0.40498312125130304,0.5694304723588247,-0.4060597651561819,-2.9209518508305625,-2.992920610639784,0.07196875980922135,False,0.3799268338415358,0.4279742165217324,-0.12646483059482105
concrete,r0@mu_D,4.0,-2.1658593208070784,-3.0171868611895847,0.8513275403825062,False,0.40498312125130304,1.3490548777201818,-2.3311385263462787,-2.9209518508305625,-3.330016083187527,0.40906423235696465,False,0.3799268338415358,0.7384780550759936,-0.9437375549630338
concrete,r0@mu_D_par,0.0,-2.1658593208070784,-2.1658593208070784,0.0,False,0.40498312125130304,0.40498312125130304,0.0,-2.9209518508305625,-2.9209518508305625,0.0,False,0.3799268338415358,0.3799268338415358,0.0
concrete,r0@mu_D_par,0.5,-2.1658593208070784,-2.1874530164022294,0.021593695595151008,False,0.40498312125130304,0.417488417928181,-0.03087856263796751,-2.9209518508305625,-2.926081786080012,0.005129935249449602,False,0.3799268338415358,0.3823386146908715,-0.006348013971399613
concrete,r0@mu_D_par,1.0,-2.1658593208070784,-2.2168254057566323,0.0509660849495539,False,0.40498312125130304,0.44088837646302725,-0.08865864607094087,-2.9209518508305625,-2.9355213679964582,0.014569517165895718,False,0.3799268338415358,0.3882111784011599,-0.021805105145796144
concrete,r0@mu_D_par,2.0,-2.1658593208070784,-2.298922860433185,0.1330635396261064,False,0.40498312125130304,0.5215289800886124,-0.2877795461628374,-2.9209518508305625,-2.972047033764067,0.05109518293350446,False,0.3799268338415358,0.41200530245190575,-0.08443327965549696
concrete,r0@mu_D_par,4.0,-2.1658593208070784,-2.659351560804579,0.49349223999750036,False,0.40498312125130304,0.9410007227034796,-1.3235554108922063,-2.9209518508305625,-3.1546301009163025,0.23367825008573995,False,0.3799268338415358,0.5682331020869906,-0.4956382426096171
concrete,r0@mu_D_perp_native,0.0,-2.1658593208070784,-2.1658593208070784,0.0,False,0.40498312125130304,0.40498312125130304,0.0,-2.9209518508305625,-2.9209518508305625,0.0,False,0.3799268338415358,0.3799268338415358,0.0
concrete,r0@mu_D_perp_native,0.5,-2.1658593208070784,-2.1797315922994462,0.013872271492367805,False,0.40498312125130304,0.4119409578187125,-0.01718055939198493,-2.9209518508305625,-2.9238804105728393,0.002928559742276793,False,0.3799268338415358,0.38116167745892965,-0.0032502142712795834
concrete,r0@mu_D_perp_native,1.0,-2.1658593208070784,-2.1961206027439664,0.03026128193688793,False,0.40498312125130304,0.42399848832024467,-0.04695348045663872,-2.9209518508305625,-2.9285516587514726,0.007599807920910084,False,0.3799268338415358,0.3839323955868918,-0.010542981933796991
concrete,r0@mu_D_perp_native,2.0,-2.1658593208070784,-2.2384050270867726,0.07254570627969414,False,0.40498312125130304,0.46030879493743654,-0.13661229513761008,-2.9209518508305625,-2.9437976186237638,0.022845767793201244,False,0.3799268338415358,0.39327674820309594,-0.035138119165144976
concrete,r0@mu_D_perp_native,4.0,-2.1658593208070784,-2.3710742488739984,0.20521492806692,False,0.40498312125130304,0.6011720365948148,-0.484437264292235,-2.9209518508305625,-3.007243936024015,0.08629208519345255,False,0.3799268338415358,0.43919859708301606,-0.15600836256330863
concrete,r1@mu_D,0.0,-2.1658593208070784,-2.1658593208070784,0.0,False,0.40498312125130304,0.40498312125130304,0.0,-2.9209518508305625,-2.9209518508305625,0.0,False,0.3799268338415358,0.3799268338415358,0.0
concrete,r1@mu_D,0.5,-2.1658593208070784,-2.1484700346749928,-0.01738928613208568,False,0.40498312125130304,0.4030548930168152,0.004761255798834463,-2.9209518508305625,-2.9197050806075806,-0.0012467702229819189,False,0.3799268338415358,0.38040599983835977,-0.0012612059853183144
concrete,r1@mu_D,1.0,-2.1658593208070784,-2.1407765244680736,-0.025082796339004787,False,0.40498312125130304,0.4106303339912778,-0.013944316302680004,-2.9209518508305625,-2.924729407779754,0.003777556949191574,False,0.3799268338415358,0.3839770962321569,-0.010660637864580158
concrete,r1@mu_D,2.0,-2.1658593208070784,-2.1581707152109297,-0.007688605596148701,False,0.40498312125130304,0.45009060038460624,-0.1113811335986834,-2.9209518508305625,-2.95257782557654,0.03162597474597728,False,0.3799268338415358,0.40395269223621916,-0.06323811917087263
concrete,r1@mu_D,4.0,-2.1658593208070784,-2.341955340097821,0.1760960192907426,False,0.40498312125130304,0.7024399912546552,-0.7344920180482586,-2.9209518508305625,-3.140492454407707,0.21954060357714456,False,0.3799268338415358,0.5617397105883039,-0.47854707946899233
concrete,r1@mu_D_par,0.0,-2.1658593208070784,-2.1658593208070784,0.0,False,0.40498312125130304,0.40498312125130304,0.0,-2.9209518508305625,-2.9209518508305625,0.0,False,0.3799268338415358,0.3799268338415358,0.0
concrete,r1@mu_D_par,0.5,-2.1658593208070784,-2.150721345629011,-0.015137975178067364,False,0.40498312125130304,0.40256160119223217,0.005979311067555004,-2.9209518508305625,-2.9195555732363747,-0.0013962775941878114,False,0.3799268338415358,0.3798626841060699,0.00016884760367485985
concrete,r1@mu_D_par,1.0,-2.1658593208070784,-2.142565265534416,-0.023294055272662373,False,0.40498312125130304,0.40761183273224605,-0.006490916146877801,-2.9209518508305625,-2.9226797043331088,0.0017278535025462283,False,0.3799268338415358,0.38263272103809176,-0.0071221270927248614
concrete,r1@mu_D_par,2.0,-2.1658593208070784,-2.14823807988848,-0.017621240918598513,False,0.40498312125130304,0.4343281974868169,-0.07245999819657767,-2.9209518508305625,-2.9406068665640697,0.019655015733507142,False,0.3799268338415358,0.395434698415181,-0.04081802913692956
concrete,r1@mu_D_par,4.0,-2.1658593208070784,-2.25384417412773,0.08798485332065153,False,0.40498312125130304,0.5774036645889282,-0.4257474800551837,-2.9209518508305625,-3.048818966699025,0.12786711586846256,False,0.3799268338415358,0.47987567716174656,-0.2630739248123195
concrete,r1@mu_D_perp_native,0.0,-2.1658593208070784,-2.1658593208070784,0.0,False,0.40498312125130304,0.40498312125130304,0.0,-2.9209518508305625,-2.9209518508305625,0.0,False,0.3799268338415358,0.3799268338415358,0.0
concrete,r1@mu_D_perp_native,0.5,-2.1658593208070784,-2.1550201877715094,-0.010839133035569049,False,0.40498312125130304,0.4025386155597747,0.006036068080998991,-2.9209518508305625,-2.9198971854315863,-0.0010546653989762511,False,0.3799268338415358,0.3795938841880314,0.0008763520337267128
concrete,r1@mu_D_perp_native,1.0,-2.1658593208070784,-2.1467870909070212,-0.01907222990005719,False,0.40498312125130304,0.40398999244447736,0.0024522720940989284,-2.9209518508305625,-2.9202216466267905,-0.0007302042037720113,False,0.3799268338415358,0.3803005942276546,-0.0009837693809084946
concrete,r1@mu_D_perp_native,2.0,-2.1658593208070784,-2.139985894399976,-0.02587342640710233,False,0.40498312125130304,0.4124447050548735,-0.018424431567705568,-2.9209518508305625,-2.926413104647682,0.00546125381711926,False,0.3799268338415358,0.3851686356559632,-0.013796871785617837
concrete,r1@mu_D_perp_native,4.0,-2.1658593208070784,-2.166748273940313,0.0008889531332347822,False,0.40498312125130304,0.4610753201303028,-0.13850502881623306,-2.9209518508305625,-2.9609562707325767,0.0400044199020142,False,0.3799268338415358,0.4098722631969149,-0.07881893745854507
concrete,r2@mu_D,0.0,-2.1658593208070784,-2.1658593208070784,0.0,False,0.40498312125130304,0.40498312125130304,0.0,-2.9209518508305625,-2.9209518508305625,0.0,False,0.3799268338415358,0.3799268338415358,0.0
concrete,r2@mu_D,0.5,-2.1658593208070784,-2.170428889138358,0.004569568331279417,False,0.40498312125130304,0.39822753081246026,0.016681165422325672,-2.9209518508305625,-2.9211742461673795,0.00022239533681700507,False,0.3799268338415358,0.37468312373237006,0.013801894580978358
concrete,r2@mu_D,1.0,-2.1658593208070784,-2.180518278999934,0.014658958192855565,False,0.40498312125130304,0.39951537147400873,0.013501179408169528,-2.9209518508305625,-2.9247033709571477,0.003751520126585195,False,0.3799268338415358,0.37077744328786455,0.02408198036753406
concrete,r2@mu_D,2.0,-2.1658593208070784,-2.2345615909213112,0.0687022701142328,False,0.40498312125130304,0.4402613696597871,-0.08711041660077723,-2.9209518508305625,-2.943933850242978,0.022981999412415632,False,0.3799268338415358,0.373302662183368,0.01743538773291986
concrete,r2@mu_D,4.0,-2.1658593208070784,-3.546848834507049,1.3809895136999706,True,0.40498312125130304,1.7986794577704535,-3.4413689444956495,-2.9209518508305625,-4.063848767961774,1.1428969171312118,True,0.3799268338415358,1.4523652886587477,-2.822749959442235
concrete,r2@mu_D_par,0.0,-2.1658593208070784,-2.1658593208070784,0.0,False,0.40498312125130304,0.40498312125130304,0.0,-2.9209518508305625,-2.9209518508305625,0.0,False,0.3799268338415358,0.3799268338415358,0.0
concrete,r2@mu_D_par,0.5,-2.1658593208070784,-2.1685420331500826,0.002682712343004212,False,0.40498312125130304,0.3982067401446993,0.016732502543973404,-2.9209518508305625,-2.920947786361452,-4.0644691106095365e-06,False,0.3799268338415358,0.37511382973383345,0.012668239458205277
concrete,r2@mu_D_par,1.0,-2.1658593208070784,-2.1761664814419217,0.010307160634843271,False,0.40498312125130304,0.39817291876626393,0.016816015600840784,-2.9209518508305625,-2.9234707847474115,0.0025189339168489866,False,0.3799268338415358,0.37189086467500715,0.021151359816507176
concrete,r2@mu_D_par,2.0,-2.1658593208070784,-2.2101658374544173,0.04430651664733887,False,0.40498312125130304,0.4186656200696552,-0.033785355735509226,-2.9209518508305625,-2.9351657231648765,0.014213872334313926,False,0.3799268338415358,0.3698665301005046,0.026479581974531707
concrete,r2@mu_D_par,4.0,-2.1658593208070784,-2.6176566547817655,0.451797333974687,False,0.40498312125130304,0.8356331719292535,-1.0633777757140659,-2.9209518508305625,-3.2077486931331576,0.28679684230259506,False,0.3799268338415358,0.6096769419927446,-0.6047219824621168
concrete,r2@mu_D_perp_native,0.0,-2.1658593208070784,-2.1658593208070784,0.0,False,0.40498312125130304,0.40498312125130304,0.0,-2.9209518508305625,-2.9209518508305625,0.0,False,0.3799268338415358,0.3799268338415358,0.0
concrete,r2@mu_D_perp_native,0.5,-2.1658593208070784,-2.1662334828149703,0.00037416200789186504,False,0.40498312125130304,0.39998786411588155,0.012334482286538995,-2.9209518508305625,-2.9211022134811158,0.0001503626505532374,False,0.3799268338415358,0.3769161876231905,0.007924278966831344
concrete,r2@mu_D_perp_native,1.0,-2.1658593208070784,-2.170899061929612,0.005039741122533581,False,0.40498312125130304,0.39773973302235677,0.017885654608433832,-2.9209518508305625,-2.9215323433043463,0.000580492473783778,False,0.3799268338415358,0.3741384356740921,0.015235560249629465
concrete,r2@mu_D_perp_native,2.0,-2.1658593208070784,-2.183328340923975,0.017469020116896772,False,0.40498312125130304,0.40059605098906015,0.010832723716207915,-2.9209518508305625,-2.925885730319553,0.004933879488990378,False,0.3799268338415358,0.37043554347658914,0.02498188998386308
concrete,r2@mu_D_perp_native,4.0,-2.1658593208070784,-2.255173603693644,0.08931428288656562,False,0.40498312125130304,0.4591717246979002,-0.13380459728584992,-2.9209518508305625,-2.9516146599300326,0.030662809099470056,False,0.3799268338415358,0.3774281276596917,0.006576808899174225
concrete,r3@mu_D,0.0,-2.1658593208070784,-2.1658593208070784,0.0,False,0.40498312125130304,0.40498312125130304,0.0,-2.9209518508305625,-2.9209518508305625,0.0,False,0.3799268338415358,0.3799268338415358,0.0
concrete,r3@mu_D,0.5,-2.1658593208070784,-2.1717990920657204,0.005939771258641979,False,0.40498312125130304,0.4042739981696719,0.0017509941635101,-2.9209518508305625,-2.9191429501488093,-0.0018089006817532116,False,0.3799268338415358,0.37872010847878834,0.0031762046143094524
concrete,r3@mu_D,1.0,-2.1658593208070784,-2.180461887329344,0.014602566522265548,False,0.40498312125130304,0.41594379478030735,-0.02706451936845755,-2.9209518508305625,-2.9227952200268943,0.0018433691963317678,False,0.3799268338415358,0.38073249184896074,-0.0021205609492720434
concrete,r3@mu_D,2.0,-2.1658593208070784,-2.2114023670317633,0.04554304622468486,False,0.40498312125130304,0.47001514832178753,-0.1605795986498173,-2.9209518508305625,-2.953726261381119,0.03277441055055652,False,0.3799268338415358,0.4017263262990921,-0.057378133145101096
concrete,r3@mu_D,4.0,-2.1658593208070784,-2.879225390298026,0.7133660694909474,False,0.40498312125130304,1.2627621718815394,-2.118061236675494,-2.9209518508305625,-3.4548529367598277,0.5339010859292652,False,0.3799268338415358,0.8806511542153737,-1.3179493412215408
concrete,r3@mu_D_par,0.0,-2.1658593208070784,-2.1658593208070784,0.0,False,0.40498312125130304,0.40498312125130304,0.0,-2.9209518508305625,-2.9209518508305625,0.0,False,0.3799268338415358,0.3799268338415358,0.0
concrete,r3@mu_D_par,0.5,-2.1658593208070784,-2.169818302941701,0.003958982134622424,False,0.40498312125130304,0.40365613169140285,0.0032766539894306668,-2.9209518508305625,-2.91904270081293,-0.0019091500176324772,False,0.3799268338415358,0.37904982245157637,0.002308369169641833
concrete,r3@mu_D_par,1.0,-2.1658593208070784,-2.1772974597083197,0.011438138901241235,False,0.40498312125130304,0.4113371353300791,-0.01568957752891942,-2.9209518508305625,-2.9212249952649314,0.00027314443436887714,False,0.3799268338415358,0.37952049478651984,0.0010695192306038326
concrete,r3@mu_D_par,2.0,-2.1658593208070784,-2.1996477785564603,0.033788457749381884,False,0.40498312125130304,0.4473672755180843,-0.10465659441762454,-2.9209518508305625,-2.939316431681315,0.018364580850752432,False,0.3799268338415358,0.3912962135814485,-0.029925182238258907
concrete,r3@mu_D_par,4.0,-2.1658593208070784,-2.5218819285195972,0.3560226077125188,False,0.40498312125130304,0.8681772682401869,-1.143736918115803,-2.9209518508305625,-3.1727531145489407,0.2518012637183782,False,0.3799268338415358,0.603290733836946,-0.5879129350694228
concrete,r3@mu_D_perp_native,0.0,-2.1658593208070784,-2.1658593208070784,0.0,False,0.40498312125130304,0.40498312125130304,0.0,-2.9209518508305625,-2.9209518508305625,0.0,False,0.3799268338415358,0.3799268338415358,0.0
concrete,r3@mu_D_perp_native,0.5,-2.1658593208070784,-2.168525563346015,0.0026662425389365474,False,0.40498312125130304,0.4032336303165981,0.004319910739241206,-2.9209518508305625,-2.919632457551502,-0.001319393279060499,False,0.3799268338415358,0.3790513953519246,0.002304229161071425
concrete,r3@mu_D_perp_native,1.0,-2.1658593208070784,-2.172655396991306,0.006796076184227395,False,0.40498312125130304,0.4050549836385818,-0.00017744538848107894,-2.9209518508305625,-2.919032452598451,-0.0019193982321117353,False,0.3799268338415358,0.3786583027196309,0.0033388826713777187
concrete,r3@mu_D_perp_native,2.0,-2.1658593208070784,-2.183474828326513,0.017615507519434637,False,0.40498312125130304,0.41952490995800684,-0.03590714759117142,-2.9209518508305625,-2.9240116694616893,0.0030598186311268094,False,0.3799268338415358,0.381600142471374,-0.004404291776179514
concrete,r3@mu_D_perp_native,4.0,-2.1658593208070784,-2.22268929935637,0.05682997854929139,False,0.40498312125130304,0.4891735901908269,-0.20788636494132162,-2.9209518508305625,-2.9646831618414984,0.04373131101093586,False,0.3799268338415358,0.41062872466586886,-0.08081000890065737
concrete,r4@mu_D,0.0,-2.1658593208070784,-2.1658593208070784,0.0,False,0.40498312125130304,0.40498312125130304,0.0,-2.9209518508305625,-2.9209518508305625,0.0,False,0.3799268338415358,0.3799268338415358,0.0
concrete,r4@mu_D,0.5,-2.1658593208070784,-2.170915168429178,0.005055847622099652,False,0.40498312125130304,0.4082104260959322,-0.007968986052202753,-2.9209518508305625,-2.9243815815637983,0.003429730733235825,False,0.3799268338415358,0.38214048506721615,-0.005826519815137932
concrete,r4@mu_D,1.0,-2.1658593208070784,-2.179651324711149,0.013792003904070427,False,0.40498312125130304,0.4199323029745193,-0.036913098197837835,-2.9209518508305625,-2.932818306816949,0.01186645598638636,False,0.3799268338415358,0.3873128957218594,-0.01944074811889762
concrete,r4@mu_D,2.0,-2.1658593208070784,-2.215826636268979,0.049967315461900697,False,0.40498312125130304,0.47029787491238306,-0.16127771809173863,-2.9209518508305625,-2.9683153364393444,0.0473634856087819,False,0.3799268338415358,0.4113300395390344,-0.082655929774617
concrete,r4@mu_D,4.0,-2.1658593208070784,-2.428956569187225,0.26309724838014636,False,0.40498312125130304,0.7560450179236275,-0.8668556249643824,-2.9209518508305625,-3.156461518908304,0.23550966807774154,False,0.3799268338415358,0.5753561248854985,-0.5143866493133111
concrete,r4@mu_D_par,0.0,-2.1658593208070784,-2.1658593208070784,0.0,False,0.40498312125130304,0.40498312125130304,0.0,-2.9209518508305625,-2.9209518508305625,0.0,False,0.3799268338415358,0.3799268338415358,0.0
concrete,r4@mu_D_par,0.5,-2.1658593208070784,-2.169471876961844,0.0036125561547657448,False,0.40498312125130304,0.4067568466776893,-0.004379751484224537,-2.9209518508305625,-2.9230464829338922,0.002094632103329719,False,0.3799268338415358,0.3813779713615539,-0.003819518367116359
concrete,r4@mu_D_par,1.0,-2.1658593208070784,-2.1757699383629694,0.009910617555890955,False,0.40498312125130304,0.4155464352123321,-0.0260833437413166,-2.9209518508305625,-2.9292512469821506,0.008299396151588034,False,0.3799268338415358,0.38497295171495466,-0.013281814875765185
concrete,r4@mu_D_par,2.0,-2.1658593208070784,-2.2004988723331027,0.03463955152602427,False,0.40498312125130304,0.4489607716363574,-0.10859131671753053,-2.9209518508305625,-2.954192986564031,0.03324113573346832,False,0.3799268338415358,0.4014351320645166,-0.0566116849539291
concrete,r4@mu_D_par,4.0,-2.1658593208070784,-2.3269162367260647,0.1610569159189863,False,0.40498312125130304,0.6243398851818509,-0.5416442128570367,-2.9209518508305625,-3.069382077171689,0.14843022634112657,False,0.3799268338415358,0.4942881266276042,-0.3010087274692672
concrete,r4@mu_D_perp_native,0.0,-2.1658593208070784,-2.1658593208070784,0.0,False,0.40498312125130304,0.40498312125130304,0.0,-2.9209518508305625,-2.9209518508305625,0.0,False,0.3799268338415358,0.3799268338415358,0.0
concrete,r4@mu_D_perp_native,0.5,-2.1658593208070784,-2.168340293187944,0.0024809723808654205,False,0.40498312125130304,0.4064474067990742,-0.003615670557446604,-2.9209518508305625,-2.9220115873548718,0.0010597365243092405,False,0.3799268338415358,0.3806512440953936,-0.00190670989604258
concrete,r4@mu_D_perp_native,1.0,-2.1658593208070784,-2.1711353688012984,0.00527604799421999,False,0.40498312125130304,0.408738116423289,-0.009271979435547584,-2.9209518508305625,-2.9247153600056968,0.0037635091751342387,False,0.3799268338415358,0.3823133602974907,-0.006281542242815741
concrete,r4@mu_D_perp_native,2.0,-2.1658593208070784,-2.183012750413683,0.017153429606604487,False,0.40498312125130304,0.423131147074321,-0.044811807877189525,-2.9209518508305625,-2.9347010718451605,0.013749221014597968,False,0.3799268338415358,0.3886916164367918,-0.023069659246315988
concrete,r4@mu_D_perp_native,4.0,-2.1658593208070784,-2.225461789539882,0.059602468732803615,False,0.40498312125130304,0.4847804147099692,-0.1970385659829752,-2.9209518508305625,-2.978126503172375,0.057174652341812404,False,0.3799268338415358,0.41880826155344647,-0.10233925126785803
concrete,r5@mu_D,0.0,-2.1658593208070784,-2.1658593208070784,0.0,False,0.40498312125130304,0.40498312125130304,0.0,-2.9209518508305625,-2.9209518508305625,0.0,False,0.3799268338415358,0.3799268338415358,0.0
concrete,r5@mu_D,0.5,-2.1658593208070784,-2.1586179203457303,-0.007241400461348135,False,0.40498312125130304,0.400663019172729,0.010667363284736275,-2.9209518508305625,-2.924952332935636,0.004000482105073644,False,0.3799268338415358,0.3819716270007784,-0.005382070907093306
concrete,r5@mu_D,1.0,-2.1658593208070784,-2.1577008262513178,-0.008158494555760676,False,0.40498312125130304,0.40490660970173187,0.00018892527998393138,-2.9209518508305625,-2.9339645173814564,0.013012666550893837,False,0.3799268338415358,0.3863532410727607,-0.016914854805715862
concrete,r5@mu_D,2.0,-2.1658593208070784,-2.1696462290627614,0.0037869082556829525,False,0.40498312125130304,0.44149031809398104,-0.09014498364741552,-2.9209518508305625,-2.9696765627179826,0.048724711887420113,False,0.3799268338415358,0.4051800549976409,-0.0664686431878565
concrete,r5@mu_D,4.0,-2.1658593208070784,-2.3062179315657843,0.14035861075870582,False,0.40498312125130304,0.6892773348187643,-0.7019902772467621,-2.9209518508305625,-3.1687446548825218,0.24779280405195925,False,0.3799268338415358,0.5552521470993285,-0.46147125614959683
concrete,r5@mu_D_par,0.0,-2.1658593208070784,-2.1658593208070784,0.0,False,0.40498312125130304,0.40498312125130304,0.0,-2.9209518508305625,-2.9209518508305625,0.0,False,0.3799268338415358,0.3799268338415358,0.0
concrete,r5@mu_D_par,0.5,-2.1658593208070784,-2.1589691903856068,-0.006890130421471685,False,0.40498312125130304,0.4005175895161099,0.011026463822481514,-2.9209518508305625,-2.9240798268999373,0.0031279760693747605,False,0.3799268338415358,0.38137913317907424,-0.0038225763704391458
concrete,r5@mu_D_par,1.0,-2.1658593208070784,-2.1586592121729775,-0.007200108634100921,False,0.40498312125130304,0.4029289644861978,0.005072203401362385,-2.9209518508305625,-2.9299200224497963,0.0089681716192338,False,0.3799268338415358,0.3845559491051568,-0.01218422825472687
concrete,r5@mu_D_par,2.0,-2.1658593208070784,-2.163683054939149,-0.0021762658679294056,False,0.40498312125130304,0.42441257314076497,-0.047975954724803094,-2.9209518508305625,-2.9542545818147206,0.033302730984158035,False,0.3799268338415358,0.396971913557204,-0.044864111185096034
concrete,r5@mu_D_par,4.0,-2.1658593208070784,-2.234168915521531,0.06830959471445253,False,0.40498312125130304,0.5808234763523888,-0.43419181164336007,-2.9209518508305625,-3.076007873292953,0.1550560224623907,False,0.3799268338415358,0.47760344403130667,-0.25709321240128813
concrete,r5@mu_D_perp_native,0.0,-2.1658593208070784,-2.1658593208070784,0.0,False,0.40498312125130304,0.40498312125130304,0.0,-2.9209518508305625,-2.9209518508305625,0.0,False,0.3799268338415358,0.3799268338415358,0.0
concrete,r5@mu_D_perp_native,0.5,-2.1658593208070784,-2.161221322559175,-0.00463799824790323,False,0.40498312125130304,0.4019713032813299,0.0074368975197467435,-2.9209518508305625,-2.922617026737758,0.0016651759071955041,False,0.3799268338415358,0.38092519082720316,-0.002627761181206223
concrete,r5@mu_D_perp_native,1.0,-2.1658593208070784,-2.1581181268843395,-0.007741193922738976,False,0.40498312125130304,0.4008720734762767,0.010151158305867658,-2.9209518508305625,-2.92557097995092,0.004619129120357446,False,0.3799268338415358,0.3820521840973506,-0.005594104091898089
concrete,r5@mu_D_perp_native,2.0,-2.1658593208070784,-2.1576052960895358,-0.008254024717542663,False,0.40498312125130304,0.4060680743247744,-0.002679008127842719,-2.9209518508305625,-2.935707099854,0.0147552490234375,False,0.3799268338415358,0.3873561034126887,-0.01955447446560621
concrete,r5@mu_D_perp_native,4.0,-2.1658593208070784,-2.175481947641524,0.00962262683444548,False,0.40498312125130304,0.4543273959841047,-0.12184279330046999,-2.9209518508305625,-2.9793817505003912,0.0584298996698287,False,0.3799268338415358,0.410917668115525,-0.08157053283294857
concrete,r6@mu_D,0.0,-2.1658593208070784,-2.1658593208070784,0.0,False,0.40498312125130304,0.40498312125130304,0.0,-2.9209518508305625,-2.9209518508305625,0.0,False,0.3799268338415358,0.3799268338415358,0.0
concrete,r6@mu_D,0.5,-2.1658593208070784,-2.150118763484652,-0.01574055732242652,False,0.40498312125130304,0.4095375490567041,-0.01124596944022982,-2.9209518508305625,-2.9227516991751537,0.0017998483445911262,False,0.3799268338415358,0.37810743422735305,0.004788815772201027
concrete,r6@mu_D,1.0,-2.1658593208070784,-2.139721389800783,-0.026137931006295467,False,0.40498312125130304,0.42561729938264875,-0.050950711396541504,-2.9209518508305625,-2.9291412716820124,0.008189420851449913,False,0.3799268338415358,0.3788338119075412,0.00287692744137813
concrete,r6@mu_D,2.0,-2.1658593208070784,-2.141774291083926,-0.024085029723152296,False,0.40498312125130304,0.4952688728060041,-0.2229370727247577,-2.9209518508305625,-2.9573663832649353,0.03641453243437276,False,0.3799268338415358,0.389832131446354,-0.026071592534444576
concrete,r6@mu_D,4.0,-2.1658593208070784,-2.8889351799374534,0.723075859130375,False,0.40498312125130304,1.409623656954084,-2.480697300664475,-2.9209518508305625,-3.4518281013246566,0.530876250494094,False,0.3799268338415358,0.8418590170996529,-1.2158451104582548
concrete,r6@mu_D_par,0.0,-2.1658593208070784,-2.1658593208070784,0.0,False,0.40498312125130304,0.40498312125130304,0.0,-2.9209518508305625,-2.9209518508305625,0.0,False,0.3799268338415358,0.3799268338415358,0.0
concrete,r6@mu_D_par,0.5,-2.1658593208070784,-2.1515357342977373,-0.01432358650934118,False,0.40498312125130304,0.40725718225751606,-0.005615199466058485,-2.9209518508305625,-2.921697283548022,0.0007454327174594155,False,0.3799268338415358,0.37815734933293055,0.0046574349348098565
concrete,r6@mu_D_par,1.0,-2.1658593208070784,-2.1426514178987532,-0.023207902908325195,False,0.40498312125130304,0.41874192158381146,-0.03397376238791616,-2.9209518508305625,-2.9265254414270796,0.005573590596517075,False,0.3799268338415358,0.3783257272508409,0.004214249818855098
concrete,r6@mu_D_par,2.0,-2.1658593208070784,-2.136831964765276,-0.0290273560418024,False,0.40498312125130304,0.46668348898963324,-0.15235293645742698,-2.9209518508305625,-2.9458391250125944,0.02488727418203185,False,0.3799268338415358,0.3845787795763167,-0.012244320012208432
concrete,r6@mu_D_par,4.0,-2.1658593208070784,-2.473409448351179,0.3075501275441006,False,0.40498312125130304,0.9552228110177177,-1.3586731418986124,-2.9209518508305625,-3.1374308949425105,0.21647904411194796,False,0.3799268338415358,0.5396885606977675,-0.42050656238423767
concrete,r6@mu_D_perp_native,0.0,-2.1658593208070784,-2.1658593208070784,0.0,False,0.40498312125130304,0.40498312125130304,0.0,-2.9209518508305625,-2.9209518508305625,0.0,False,0.3799268338415358,0.3799268338415358,0.0
concrete,r6@mu_D_perp_native,0.5,-2.1658593208070784,-2.156128977972364,-0.009730342834714634,False,0.40498312125130304,0.40522726471461945,-0.0006028484904805342,-2.9209518508305625,-2.921026729402088,7.487857152543853e-05,False,0.3799268338415358,0.3785375725655329,0.0036566547878593703
concrete,r6@mu_D_perp_native,1.0,-2.1658593208070784,-2.1480507850646973,-0.01780853574238117,False,0.40498312125130304,0.4098559050332932,-0.012032066341269854,-2.9209518508305625,-2.9230955139039057,0.0021436630733431272,False,0.3799268338415358,0.37796390387747025,0.005166599958781215
concrete,r6@mu_D_perp_native,2.0,-2.1658593208070784,-2.1390188307989213,-0.026840490008157136,False,0.40498312125130304,0.4296096534956069,-0.06080878671736656,-2.9209518508305625,-2.9306555097065274,0.009703658875964916,False,0.3799268338415358,0.37932085139410837,0.0015949977560157924
concrete,r6@mu_D_perp_native,4.0,-2.1658593208070784,-2.1476508284372,-0.01820849236987865,False,0.40498312125130304,0.5163817500311231,-0.27506980645421564,-2.9209518508305625,-2.9655816971309603,0.04462984630039779,False,0.3799268338415358,0.3940832794658721,-0.037260978597370764
concrete,r7@mu_D,0.0,-2.1658593208070784,-2.1658593208070784,0.0,False,0.40498312125130304,0.40498312125130304,0.0,-2.9209518508305625,-2.9209518508305625,0.0,False,0.3799268338415358,0.3799268338415358,0.0
concrete,r7@mu_D,0.5,-2.1658593208070784,-2.175313389490521,0.009454068683442785,False,0.40498312125130304,0.4157243295321389,-0.02652260728212097,-2.9209518508305625,-2.926448897709922,0.005497046879359591,False,0.3799268338415358,0.3886547533292619,-0.022972632386809577
concrete,r7@mu_D,1.0,-2.1658593208070784,-2.1892756734575545,0.023416352650476036,False,0.40498312125130304,0.43468728708842447,-0.07334667614132284,-2.9209518508305625,-2.9369888608417813,0.016037010011218822,False,0.3799268338415358,0.4005269606908162,-0.05422130003555514
concrete,r7@mu_D,2.0,-2.1658593208070784,-2.2397049760061596,0.07384565519908115,False,0.40498312125130304,0.495297372341156,-0.22300744488017932,-2.9209518508305625,-2.9739248866126653,0.05297303578210277,False,0.3799268338415358,0.43567936477207003,-0.1467454413967193
concrete,r7@mu_D,4.0,-2.1658593208070784,-2.460428616357228,0.29456929555014977,False,0.40498312125130304,0.7690877744129726,-0.8990613041765085,-2.9209518508305625,-3.147231934562562,0.2262800837319996,False,0.3799268338415358,0.5997183852725558,-0.5785102073698043
concrete,r7@mu_D_par,0.0,-2.1658593208070784,-2.1658593208070784,0.0,False,0.40498312125130304,0.40498312125130304,0.0,-2.9209518508305625,-2.9209518508305625,0.0,False,0.3799268338415358,0.3799268338415358,0.0
concrete,r7@mu_D_par,0.5,-2.1658593208070784,-2.1740202298240057,0.008160909016927231,False,0.40498312125130304,0.41420522190275644,-0.022771567918582036,-2.9209518508305625,-2.9251887684776667,0.00423691764710421,False,0.3799268338415358,0.38715553283691406,-0.019026555514089605
concrete,r7@mu_D_par,1.0,-2.1658593208070784,-2.184340242355589,0.018480921548510665,False,0.40498312125130304,0.4280878674416315,-0.05705113368414039,-2.9209518508305625,-2.933168275015695,0.012216424185132357,False,0.3799268338415358,0.396314091152615,-0.04313266621729106
concrete,r7@mu_D_par,2.0,-2.1658593208070784,-2.21992522194272,0.05406590113564169,False,0.40498312125130304,0.471359546222384,-0.1638992379879769,-2.9209518508305625,-2.959318781655932,0.03836693082536957,False,0.3799268338415358,0.42254135343763566,-0.11216506916664382
concrete,r7@mu_D_par,4.0,-2.1658593208070784,-2.3651471213688926,0.19928780056181417,False,0.40498312125130304,0.649584970776997,-0.6039803554526704,-2.9209518508305625,-3.0703046359713118,0.14935278514074923,False,0.3799268338415358,0.5257841774395534,-0.38390903354526795
concrete,r7@mu_D_perp_native,0.0,-2.1658593208070784,-2.1658593208070784,0.0,False,0.40498312125130304,0.40498312125130304,0.0,-2.9209518508305625,-2.9209518508305625,0.0,False,0.3799268338415358,0.3799268338415358,0.0
concrete,r7@mu_D_perp_native,0.5,-2.1658593208070784,-2.170916371875339,0.0050570510682605985,False,0.40498312125130304,0.410204273367685,-0.012892270917982618,-2.9209518508305625,-2.923411036294604,0.0024591854640414468,False,0.3799268338415358,0.384401954355694,-0.011778900871278752
concrete,r7@mu_D_perp_native,1.0,-2.1658593208070784,-2.1761177948543002,0.0102584740472218,False,0.40498312125130304,0.4174391636772761,-0.030756942134987808,-2.9209518508305625,-2.9271161594088118,0.0061643085782492335,False,0.3799268338415358,0.38958989627777585,-0.025434008802522223
concrete,r7@mu_D_perp_native,2.0,-2.1658593208070784,-2.1927425066630044,0.026883185855925973,False,0.40498312125130304,0.43858093685574,-0.08296102687101525,-2.9209518508305625,-2.93964563854157,0.01869378771100738,False,0.3799268338415358,0.40307495802167864,-0.06092784746496149
concrete,r7@mu_D_perp_native,4.0,-2.1658593208070784,-2.2522321844857838,0.08637286367870534,False,0.40498312125130304,0.5103944227808997,-0.2602856662369051,-2.9209518508305625,-2.9838776058620877,0.0629257550315252,False,0.3799268338415358,0.44461120499504936,-0.17025481064202186
concrete,r8@mu_D,0.0,-2.1658593208070784,-2.1658593208070784,0.0,False,0.40498312125130304,0.40498312125130304,0.0,-2.9209518508305625,-2.9209518508305625,0.0,False,0.3799268338415358,0.3799268338415358,0.0
concrete,r8@mu_D,0.5,-2.1658593208070784,-2.1588476763831244,-0.007011644423954078,False,0.40498312125130304,0.402697537626539,0.005643651561828444,-2.9209518508305625,-2.920743692488897,-0.000208158341665321,False,0.3799268338415358,0.38229809961621725,-0.00624137482131748
concrete,r8@mu_D,1.0,-2.1658593208070784,-2.1574090889522006,-0.00845023185487781,False,0.40498312125130304,0.410363116907695,-0.013284493535851594,-2.9209518508305625,-2.925292620583186,0.00434076975262343,False,0.3799268338415358,0.3870517450665671,-0.01875337720420922
concrete,r8@mu_D,2.0,-2.1658593208070784,-2.1708825959099665,0.005023275102888025,False,0.40498312125130304,0.4595980171173338,-0.1348572150298104,-2.9209518508305625,-2.949048708355616,0.02809685752505331,False,0.3799268338415358,0.4061771593396626,-0.06909310730359097
concrete,r8@mu_D,4.0,-2.1658593208070784,-2.4368684367528037,0.2710091159457253,False,0.40498312125130304,0.8592768604793246,-1.1217596867354875,-2.9209518508305625,-3.2066317285810197,0.2856798777504572,False,0.3799268338415358,0.6471633570534843,-0.7033894408295742
concrete,r8@mu_D_par,0.0,-2.1658593208070784,-2.1658593208070784,0.0,False,0.40498312125130304,0.40498312125130304,0.0,-2.9209518508305625,-2.9209518508305625,0.0,False,0.3799268338415358,0.3799268338415358,0.0
concrete,r8@mu_D_par,0.5,-2.1658593208070784,-2.159049355794513,-0.006809965012565478,False,0.40498312125130304,0.4020885872462439,0.007147295413487131,-2.9209518508305625,-2.920964013962519,1.2163131956288709e-05,False,0.3799268338415358,0.3817283544275496,-0.004741756637187677
concrete,r8@mu_D_par,1.0,-2.1658593208070784,-2.156725705616058,-0.009133615191020628,False,0.40498312125130304,0.4063749294432383,-0.00343670666479845,-2.9209518508305625,-2.923782136705187,0.0028302858746243054,False,0.3799268338415358,0.38539021828817943,-0.014380096271173981
concrete,r8@mu_D_par,2.0,-2.1658593208070784,-2.1614227711208285,-0.004436549686249958,False,0.40498312125130304,0.43709288419239106,-0.07928666963175246,-2.9209518508305625,-2.938942159925188,0.017990309094625623,False,0.3799268338415358,0.39824844920446,-0.048224062453472216
concrete,r8@mu_D_par,4.0,-2.1658593208070784,-2.313125281106858,0.14726596029977967,False,0.40498312125130304,0.6831912237500387,-0.6869622162008573,-2.9209518508305625,-3.0734318778628396,0.15248002703227703,False,0.3799268338415358,0.5192851603977264,-0.3668030634927877
concrete,r8@mu_D_perp_native,0.0,-2.1658593208070784,-2.1658593208070784,0.0,False,0.40498312125130304,0.40498312125130304,0.0,-2.9209518508305625,-2.9209518508305625,0.0,False,0.3799268338415358,0.3799268338415358,0.0
concrete,r8@mu_D_perp_native,0.5,-2.1658593208070784,-2.161545851873973,-0.004313468933105469,False,0.40498312125130304,0.40217691376095727,0.0069291961642136135,-2.9209518508305625,-2.9204427552601646,-0.0005090955703979105,False,0.3799268338415358,0.3809992458139147,-0.0028226802553941166
concrete,r8@mu_D_perp_native,1.0,-2.1658593208070784,-2.1585823467799594,-0.007276974027119021,False,0.40498312125130304,0.4034972351694864,0.003669007432274274,-2.9209518508305625,-2.9211388920980785,0.00018704126751600825,False,0.3799268338415358,0.38272822376281496,-0.007373498452198257
concrete,r8@mu_D_perp_native,2.0,-2.1658593208070784,-2.1564543814886186,-0.00940493931845987,False,0.40498312125130304,0.4124655572194902,-0.018475920539769985,-2.9209518508305625,-2.926527333638025,0.00557548280746234,False,0.3799268338415358,0.3882278847315955,-0.021849077639833014
concrete,r8@mu_D_perp_native,4.0,-2.1658593208070784,-2.1780052487812345,0.012145927974156034,False,0.40498312125130304,0.4776905037107922,-0.179531883291433,-2.9209518508305625,-2.9567972516256664,0.0358454007951039,False,0.3799268338415358,0.4124609108955141,-0.0856324801410262
concrete,r9@mu_D,0.0,-2.1658593208070784,-2.1658593208070784,0.0,False,0.40498312125130304,0.40498312125130304,0.0,-2.9209518508305625,-2.9209518508305625,0.0,False,0.3799268338415358,0.3799268338415358,0.0
concrete,r9@mu_D,0.5,-2.1658593208070784,-2.200548376355852,0.03468905554877377,False,0.40498312125130304,0.426421498495435,-0.052936470976598704,-2.9209518508305625,-2.9339269153655523,0.012975064534989755,False,0.3799268338415358,0.39070696395540994,-0.02837422670274048
concrete,r9@mu_D,1.0,-2.1658593208070784,-2.249124602665977,0.08326528185889837,False,0.40498312125130304,0.46726395118804204,-0.1537862361875868,-2.9209518508305625,-2.952153652433365,0.031201801602802615,False,0.3799268338415358,0.405618255100553,-0.06762202342815526
concrete,r9@mu_D,2.0,-2.1658593208070784,-2.4040132515014165,0.2381539306943381,False,0.40498312125130304,0.6167706989106678,-0.5229540851109813,-2.9209518508305625,-3.013232511187357,0.09228066035679428,False,0.3799268338415358,0.45257175820214407,-0.19120766918745158
concrete,r9@mu_D,4.0,-2.1658593208070784,-3.1132116014995272,0.9473522806924488,False,0.40498312125130304,1.4130371827927848,-2.489126110803904,-2.9209518508305625,-3.39662836468409,0.47567651385352727,False,0.3799268338415358,0.800991345965673,-1.108277896211352
concrete,r9@mu_D_par,0.0,-2.1658593208070784,-2.1658593208070784,0.0,False,0.40498312125130304,0.40498312125130304,0.0,-2.9209518508305625,-2.9209518508305625,0.0,False,0.3799268338415358,0.3799268338415358,0.0
concrete,r9@mu_D_par,0.5,-2.1658593208070784,-2.1942751559000166,0.028415835092938213,False,0.40498312125130304,0.42210783277239117,-0.04228500059009077,-2.9209518508305625,-2.931079796382359,0.010127945551796635,False,0.3799268338415358,0.3887710495600625,-0.023278734037026405
concrete,r9@mu_D_par,1.0,-2.1658593208070784,-2.2324746033502003,0.06661528254312188,False,0.40498312125130304,0.45219426401077756,-0.1165755812578142,-2.9209518508305625,-2.9453736562577504,0.02442180542718786,False,0.3799268338415358,0.3999780132657006,-0.05277642334820709
concrete,r9@mu_D_par,2.0,-2.1658593208070784,-2.344156999436636,0.1782976786295576,False,0.40498312125130304,0.5565564840558975,-0.37427081488302094,-2.9209518508305625,-2.9896707610478477,0.06871891021728516,False,0.3799268338415358,0.4342094092142014,-0.14287639234060112
concrete,r9@mu_D_par,4.0,-2.1658593208070784,-2.7461668574620806,0.5803075366550021,False,0.40498312125130304,1.0120052364137437,-1.4988825047495422,-2.9209518508305625,-3.18622248513358,0.26527063430301734,False,0.3799268338415358,0.5998759373785958,-0.5789248980207564
concrete,r9@mu_D_perp_native,0.0,-2.1658593208070784,-2.1658593208070784,0.0,False,0.40498312125130304,0.40498312125130304,0.0,-2.9209518508305625,-2.9209518508305625,0.0,False,0.3799268338415358,0.3799268338415358,0.0
concrete,r9@mu_D_perp_native,0.5,-2.1658593208070784,-2.183357602074033,0.017498281266954407,False,0.40498312125130304,0.4150822418076651,-0.024937139417460674,-2.9209518508305625,-2.9268837656293596,0.005931914798797067,False,0.3799268338415358,0.38530439138412476,-0.014154192501264262
concrete,r9@mu_D_perp_native,1.0,-2.1658593208070784,-2.2044489043099538,0.038589583502875335,False,0.40498312125130304,0.42977661462057204,-0.06122105359024088,-2.9209518508305625,-2.9347427307613314,0.013790879930768885,False,0.3799268338415358,0.3915817169916062,-0.0306766516916559
concrete,r9@mu_D_perp_native,2.0,-2.1658593208070784,-2.260014571840801,0.09415525103372246,False,0.40498312125130304,0.47703002274982514,-0.1779009981352162,-2.9209518508305625,-2.9563925077044773,0.03544065687391473,False,0.3799268338415358,0.4088618206599402,-0.07615936607013363
concrete,r9@mu_D_perp_native,4.0,-2.1658593208070784,-2.440047260314699,0.27418793950762055,False,0.40498312125130304,0.655712470175728,-0.6191106141651779,-2.9209518508305625,-3.0288107054574147,0.10785885462685219,False,0.3799268338415358,0.46490161759512766,-0.22366091622007955
concrete,r10@mu_D,0.0,-2.1658593208070784,-2.1658593208070784,0.0,False,0.40498312125130304,0.40498312125130304,0.0,-2.9209518508305625,-2.9209518508305625,0.0,False,0.3799268338415358,0.3799268338415358,0.0
concrete,r10@mu_D,0.5,-2.1658593208070784,-2.168040010664198,0.0021806898571195,False,0.40498312125130304,0.4063157287854997,-0.0032905261090370175,-2.9209518508305625,-2.920919251820398,-3.259901016461342e-05,False,0.3799268338415358,0.3841303340972416,-0.011063973063453192
concrete,r10@mu_D,1.0,-2.1658593208070784,-2.1692595179118808,0.003400197104802327,False,0.40498312125130304,0.41521536168597994,-0.025265844174102048,-2.9209518508305625,-2.925814916217138,0.004863065386575549,False,0.3799268338415358,0.3900130031600831,-0.026547662392159888
concrete,r10@mu_D,2.0,-2.1658593208070784,-2.191972028641474,0.026112707834395454,False,0.40498312125130304,0.47037415182779707,-0.1614660640039789,-2.9209518508305625,-2.954813177623446,0.03386132679288334,False,0.3799268338415358,0.4132474244587005,-0.0877026512716983
concrete,r10@mu_D,4.0,-2.1658593208070784,-2.499176820119222,0.3333174993121437,False,0.40498312125130304,0.8479197952482436,-1.0937163816318316,-2.9209518508305625,-3.214415671333434,0.29346382050287145,False,0.3799268338415358,0.6380700516322303,-0.6794550813390658
concrete,r10@mu_D_par,0.0,-2.1658593208070784,-2.1658593208070784,0.0,False,0.40498312125130304,0.40498312125130304,0.0,-2.9209518508305625,-2.9209518508305625,0.0,False,0.3799268338415358,0.3799268338415358,0.0
concrete,r10@mu_D_par,0.5,-2.1658593208070784,-2.1667592941768588,0.0008999733697803158,False,0.40498312125130304,0.40503680800634717,-0.00013256541378381392,-2.9209518508305625,-2.920891739073254,-6.011175730868956e-05,False,0.3799268338415358,0.38327247377425905,-0.00880601114402646
concrete,r10@mu_D_par,1.0,-2.1658593208070784,-2.168474553123353,0.002615232316274696,False,0.40498312125130304,0.4112482449365041,-0.015470085928132704,-2.9209518508305625,-2.923958558884878,0.0030067080543156877,False,0.3799268338415358,0.3878891846490285,-0.020957589983795932
concrete,r10@mu_D_par,2.0,-2.1658593208070784,-2.1799334912073043,0.01407417040022585,False,0.40498312125130304,0.4452169584849524,-0.09934694836006064,-2.9209518508305625,-2.9419575267367892,0.021005675906226706,False,0.3799268338415358,0.4035620746158418,-0.06220998010412737
concrete,r10@mu_D_par,4.0,-2.1658593208070784,-2.3450671150570823,0.17920779425000388,False,0.40498312125130304,0.6721064401051354,-0.6595912393298857,-2.9209518508305625,-3.080634631807842,0.1596827809772794,False,0.3799268338415358,0.5171791475916666,-0.3612598572265564
concrete,r10@mu_D_perp_native,0.0,-2.1658593208070784,-2.1658593208070784,0.0,False,0.40498312125130304,0.40498312125130304,0.0,-2.9209518508305625,-2.9209518508305625,0.0,False,0.3799268338415358,0.3799268338415358,0.0
concrete,r10@mu_D_perp_native,0.5,-2.1658593208070784,-2.16598763920012,0.00012831839304139336,False,0.40498312125130304,0.4040305207646082,0.0023521979971696805,-2.9209518508305625,-2.920476027897426,-0.0004758229331365271,False,0.3799268338415358,0.38194416534333003,-0.005309789470242077
concrete,r10@mu_D_perp_native,1.0,-2.1658593208070784,-2.167566764922369,0.0017074441152904463,False,0.40498312125130304,0.4066404038005405,-0.004092226224433393,-2.9209518508305625,-2.9211813760182213,0.0002295251876587301,False,0.3799268338415358,0.38438294804285444,-0.011728874626363517
concrete,r10@mu_D_perp_native,2.0,-2.1658593208070784,-2.170552000166878,0.004692679359799445,False,0.40498312125130304,0.4187759766502986,-0.034057852476367056,-2.9209518508305625,-2.9275993998088534,0.006647548978290896,False,0.3799268338415358,0.391403145260281,-0.03020663558481873
concrete,r10@mu_D_perp_native,4.0,-2.1658593208070784,-2.20231100491115,0.036451684104071624,False,0.40498312125130304,0.4881542202026125,-0.20536929710633434,-2.9209518508305625,-2.9653215711078946,0.0443697202773321,False,0.3799268338415358,0.42096902359099614,-0.10802656220533935
concrete,r11@mu_D,0.0,-2.1658593208070784,-2.1658593208070784,0.0,False,0.40498312125130304,0.40498312125130304,0.0,-2.9209518508305625,-2.9209518508305625,0.0,False,0.3799268338415358,0.3799268338415358,0.0
concrete,r11@mu_D,0.5,-2.1658593208070784,-2.160391258814978,-0.00546806199210037,False,0.40498312125130304,0.40566107961866593,-0.0016740410446445253,-2.9209518508305625,-2.921106981852698,0.00015513102213526864,False,0.3799268338415358,0.38213390206533765,-0.00580919278979497
concrete,r11@mu_D,1.0,-2.1658593208070784,-2.1601621726202587,-0.005697148186819767,False,0.40498312125130304,0.41553305822705466,-0.026050312771442874,-2.9209518508305625,-2.9258035629514665,0.0048517121209039615,False,0.3799268338415358,0.38716031540007817,-0.01903914363037429
concrete,r11@mu_D,2.0,-2.1658593208070784,-2.180835129722716,0.014975808915637767,False,0.40498312125130304,0.46374428650689503,-0.14509534390972578,-2.9209518508305625,-2.949117070152646,0.0281652193220836,False,0.3799268338415358,0.40426503855084617,-0.06406024145023048
concrete,r11@mu_D,4.0,-2.1658593208070784,-2.417558242404272,0.2516989215971934,False,0.40498312125130304,0.7632378283001128,-0.8846163907816369,-2.9209518508305625,-3.137484656439887,0.21653280560932453,False,0.3799268338415358,0.5653145455178761,-0.4879563514949403
concrete,r11@mu_D_par,0.0,-2.1658593208070784,-2.1658593208070784,0.0,False,0.40498312125130304,0.40498312125130304,0.0,-2.9209518508305625,-2.9209518508305625,0.0,False,0.3799268338415358,0.3799268338415358,0.0
concrete,r11@mu_D_par,0.5,-2.1658593208070784,-2.15975969178336,-0.0060996290237183,False,0.40498312125130304,0.4054080806081257,-0.0010493260941584204,-2.9209518508305625,-2.921272149161687,0.00032029833112456885,False,0.3799268338415358,0.38177273765442865,-0.004858577095564476
concrete,r11@mu_D_par,1.0,-2.1658593208070784,-2.159700802394322,-0.006158518412756386,False,0.40498312125130304,0.4112600078658452,-0.015499131408607925,-2.9209518508305625,-2.924014197455512,0.00306234662494953,False,0.3799268338415358,0.38483505400400314,-0.012918856277770896
concrete,r11@mu_D_par,2.0,-2.1658593208070784,-2.1701540341452947,0.004294713338216294,False,0.40498312125130304,0.4427118216242109,-0.09316116744899161,-2.9209518508305625,-2.938667077866812,0.01771522703624928,False,0.3799268338415358,0.3971234115343245,-0.04526286684967684
concrete,r11@mu_D_par,4.0,-2.1658593208070784,-2.301208840476142,0.1353495196690635,False,0.40498312125130304,0.6245716223641048,-0.542216427278067,-2.9209518508305625,-3.035352623651898,0.11440077282133565,False,0.3799268338415358,0.4724555015563965,-0.24354338644438478
concrete,r11@mu_D_perp_native,0.0,-2.1658593208070784,-2.1658593208070784,0.0,False,0.40498312125130304,0.40498312125130304,0.0,-2.9209518508305625,-2.9209518508305625,0.0,False,0.3799268338415358,0.3799268338415358,0.0
concrete,r11@mu_D_perp_native,0.5,-2.1658593208070784,-2.1613256098732117,-0.004533710933866786,False,0.40498312125130304,0.4044095618384225,0.001416255104924713,-2.9209518508305625,-2.9200390558394176,-0.0009127949911449385,False,0.3799268338415358,0.38063148752091425,-0.001854708898167301
concrete,r11@mu_D_perp_native,1.0,-2.1658593208070784,-2.1599134679824585,-0.005945852824619902,False,0.40498312125130304,0.40630687891490874,-0.003268673665992816,-2.9209518508305625,-2.920839589739603,-0.0001122610909596311,False,0.3799268338415358,0.38245314454275464,-0.006649466360863832
concrete,r11@mu_D_perp_native,2.0,-2.1658593208070784,-2.1597039586021785,-0.006155362204899983,False,0.40498312125130304,0.41753194067213273,-0.030986030682110366,-2.9209518508305625,-2.9267284378172858,0.005776586986723231,False,0.3799268338415358,0.38800639670992654,-0.02126610217734881
concrete,r11@mu_D_perp_native,4.0,-2.1658593208070784,-2.190137530130053,0.024278209322974753,False,0.40498312125130304,0.4785331799870446,-0.18161265217298217,-2.9209518508305625,-2.955892388782804,0.03494053795224161,False,0.3799268338415358,0.4096213976542155,-0.07815863784200361
concrete,r12@mu_D,0.0,-2.1658593208070784,-2.1658593208070784,0.0,False,0.40498312125130304,0.40498312125130304,0.0,-2.9209518508305625,-2.9209518508305625,0.0,False,0.3799268338415358,0.3799268338415358,0.0
concrete,r12@mu_D,0.5,-2.1658593208070784,-2.176297554894099,0.010438234087020604,False,0.40498312125130304,0.38897707537999227,0.03952274806381029,-2.9209518508305625,-2.9199033389015803,-0.0010485119289822542,False,0.3799268338415358,0.3704275313823942,0.025002978502707385
concrete,r12@mu_D,1.0,-2.1658593208070784,-2.192449724863446,0.02659040405636759,False,0.40498312125130304,0.3830725465502058,0.054102439216228815,-2.9209518508305625,-2.9248572985331216,0.003905447702559073,False,0.3799268338415358,0.36433864207494826,0.04102945719566953
concrete,r12@mu_D,2.0,-2.1658593208070784,-2.2436200474935863,0.07776072668650791,False,0.40498312125130304,0.40201419591903687,0.007330985358335096,-2.9209518508305625,-2.9568825070820157,0.0359306562514532,False,0.3799268338415358,0.36762296018146334,0.03238485035569849
concrete,r12@mu_D,4.0,-2.1658593208070784,-2.804046388656374,0.6381870678492954,False,0.40498312125130304,1.0041381858644032,-1.4794568789974538,-2.9209518508305625,-3.3875881755162798,0.46663632468571725,False,0.3799268338415358,0.7337757349014282,-0.93136064510642
concrete,r12@mu_D_par,0.0,-2.1658593208070784,-2.1658593208070784,0.0,False,0.40498312125130304,0.40498312125130304,0.0,-2.9209518508305625,-2.9209518508305625,0.0,False,0.3799268338415358,0.3799268338415358,0.0
concrete,r12@mu_D_par,0.5,-2.1658593208070784,-2.1732622252570257,0.00740290444994729,False,0.40498312125130304,0.390592770917075,0.03553321009963384,-2.9209518508305625,-2.9192646117437455,-0.001687239086817005,False,0.3799268338415358,0.37162030878521146,0.021863486114773623
concrete,r12@mu_D_par,1.0,-2.1658593208070784,-2.1862431329394143,0.020383812132335866,False,0.40498312125130304,0.38334455755021835,0.0534307791253783,-2.9209518508305625,-2.9222001423911443,0.0012482915605818157,False,0.3799268338415358,0.3656876077727666,0.03747886382436538
concrete,r12@mu_D_par,2.0,-2.1658593208070784,-2.225108222355918,0.05924890154883977,False,0.40498312125130304,0.39139890008502537,0.03354268475265243,-2.9209518508305625,-2.9429768759106834,0.02202502508012083,False,0.3799268338415358,0.363723971067913,0.04264732398549376
concrete,r12@mu_D_par,4.0,-2.1658593208070784,-2.533524899255662,0.3676655784485834,False,0.40498312125130304,0.699123602064829,-0.7263030614824164,-2.9209518508305625,-3.161613933623783,0.24066208279322066,False,0.3799268338415358,0.5285064842965868,-0.3910743785921218
concrete,r12@mu_D_perp_native,0.0,-2.1658593208070784,-2.1658593208070784,0.0,False,0.40498312125130304,0.40498312125130304,0.0,-2.9209518508305625,-2.9209518508305625,0.0,False,0.3799268338415358,0.3799268338415358,0.0
concrete,r12@mu_D_perp_native,0.5,-2.1658593208070784,-2.169041315714518,0.0031819949074396447,False,0.40498312125130304,0.39401894997036646,0.027073156152927713,-2.9209518508305625,-2.919302607339526,-0.0016492434910366782,False,0.3799268338415358,0.3740521877531021,0.015462572172209255
concrete,r12@mu_D_perp_native,1.0,-2.1658593208070784,-2.1779037430172874,0.01204442221020896,False,0.40498312125130304,0.3882682077468388,0.04127311146405088,-2.9209518508305625,-2.9202356111435663,-0.0007162396869961896,False,0.3799268338415358,0.3694936808139559,0.027460953263257815
concrete,r12@mu_D_perp_native,2.0,-2.1658593208070784,-2.1967147607651967,0.030855439958118236,False,0.40498312125130304,0.38316110769907635,0.053883760599211517,-2.9209518508305625,-2.9264495864747064,0.0054977356441439085,False,0.3799268338415358,0.3637516668864659,0.04257442621653951
concrete,r12@mu_D_perp_native,4.0,-2.1658593208070784,-2.256717538076734,0.09085821726965548,False,0.40498312125130304,0.41168903547620017,-0.016558502991871338,-2.9209518508305625,-2.966996768164256,0.04604491733369365,False,0.3799268338415358,0.37160938505142455,0.021892238318655832
concrete,r13@mu_D,0.0,-2.1658593208070784,-2.1658593208070784,0.0,False,0.40498312125130304,0.40498312125130304,0.0,-2.9209518508305625,-2.9209518508305625,0.0,False,0.3799268338415358,0.3799268338415358,0.0
concrete,r13@mu_D,0.5,-2.1658593208070784,-2.17288963756864,0.007030316761561739,False,0.40498312125130304,0.4065946018885052,-0.003979130370231454,-2.9209518508305625,-2.926129061078268,0.005177210247705677,False,0.3799268338415358,0.3865697601484874,-0.017484751576463564
concrete,r13@mu_D,1.0,-2.1658593208070784,-2.1848384198688326,0.018979099061754212,False,0.40498312125130304,0.41673451851284693,-0.029017005017974107,-2.9209518508305625,-2.9359005367945112,0.014948685963948716,False,0.3799268338415358,0.39567432706318206,-0.04144875228322098
concrete,r13@mu_D,2.0,-2.1658593208070784,-2.2185869973803323,0.052727676573253834,False,0.40498312125130304,0.46841254499223495,-0.15662238847127719,-2.9209518508305625,-2.973074163709368,0.05212231287880531,False,0.3799268338415358,0.4269446740074763,-0.12375498642865335
concrete,r13@mu_D,4.0,-2.1658593208070784,-2.7121925732446095,0.5463332524375311,False,0.40498312125130304,1.0709543814734808,-1.644442015668412,-2.9209518508305625,-3.31735080385965,0.3963989530290877,False,0.3799268338415358,0.7550720941452753,-0.9874144884965124
concrete,r13@mu_D_par,0.0,-2.1658593208070784,-2.1658593208070784,0.0,False,0.40498312125130304,0.40498312125130304,0.0,-2.9209518508305625,-2.9209518508305625,0.0,False,0.3799268338415358,0.3799268338415358,0.0
concrete,r13@mu_D_par,0.5,-2.1658593208070784,-2.172414840213836,0.006555519406757693,False,0.40498312125130304,0.4055664738019307,-0.00144043669974514,-2.9209518508305625,-2.924823511214483,0.0038716603839206165,False,0.3799268338415358,0.385218912646884,-0.01392920513625917
concrete,r13@mu_D_par,1.0,-2.1658593208070784,-2.1812533424014138,0.015394021594335339,False,0.40498312125130304,0.4124287139801752,-0.01838494578704175,-2.9209518508305625,-2.9323147365025113,0.011362885671948764,False,0.3799268338415358,0.39264054052413455,-0.033463566008347545
concrete,r13@mu_D_par,2.0,-2.1658593208070784,-2.2055012385050454,0.03964191769796699,False,0.40498312125130304,0.4460220980265784,-0.10133503008341305,-2.9209518508305625,-2.9576291735210116,0.0366773226904491,False,0.3799268338415358,0.4144302322751,-0.09081590285343011
concrete,r13@mu_D_par,4.0,-2.1658593208070784,-2.4022953888726613,0.23643606806558282,False,0.40498312125130304,0.7139313126367236,-0.7628668336370241,-2.9209518508305625,-3.1181562665909057,0.1972044157603432,False,0.3799268338415358,0.5592278980073475,-0.4719357734036671
concrete,r13@mu_D_perp_native,0.0,-2.1658593208070784,-2.1658593208070784,0.0,False,0.40498312125130304,0.40498312125130304,0.0,-2.9209518508305625,-2.9209518508305625,0.0,False,0.3799268338415358,0.3799268338415358,0.0
concrete,r13@mu_D_perp_native,0.5,-2.1658593208070784,-2.169894562827216,0.004035242020137719,False,0.40498312125130304,0.4042576418982612,0.0017913817020330791,-2.9209518508305625,-2.9232192493620373,0.002267398531474729,False,0.3799268338415358,0.38332639043293304,-0.008947924412243902
concrete,r13@mu_D_perp_native,1.0,-2.1658593208070784,-2.1750425913977245,0.009183270590646053,False,0.40498312125130304,0.4075374224829295,-0.00630717947882431,-2.9209518508305625,-2.9270868452768477,0.00613499444628518,False,0.3799268338415358,0.3872623699051993,-0.019307759837577265
concrete,r13@mu_D_perp_native,2.0,-2.1658593208070784,-2.1877478455740307,0.021888524766952244,False,0.40498312125130304,0.41965084038083517,-0.03621809986601998,-2.9209518508305625,-2.938476766858782,0.017524916028219373,False,0.3799268338415358,0.3978406493625944,-0.04715069830663832
concrete,r13@mu_D_perp_native,4.0,-2.1658593208070784,-2.228680372238159,0.06282105143108074,False,0.40498312125130304,0.48460738810281906,-0.1966113219866934,-2.9209518508305625,-2.9832578310890803,0.062305980258517746,False,0.3799268338415358,0.43607579810278757,-0.14778888791169464
concrete,r14@mu_D,0.0,-2.1658593208070784,-2.1658593208070784,0.0,False,0.40498312125130304,0.40498312125130304,0.0,-2.9209518508305625,-2.9209518508305625,0.0,False,0.3799268338415358,0.3799268338415358,0.0
concrete,r14@mu_D,0.5,-2.1658593208070784,-2.175749585742042,0.0098902649349637,False,0.40498312125130304,0.40565517592051675,-0.0016594634046407375,-2.9209518508305625,-2.924657004220145,0.0037051533895824385,False,0.3799268338415358,0.3723041509825086,0.020063554821733387
concrete,r14@mu_D,1.0,-2.1658593208070784,-2.191586070590549,0.02572674978347056,False,0.40498312125130304,0.42023331116116236,-0.03765635926440547,-2.9209518508305625,-2.934449665130131,0.013497814299568311,False,0.3799268338415358,0.36808454517334227,0.031169919082717046
concrete,r14@mu_D,2.0,-2.1658593208070784,-2.2483236222040084,0.08246430139692995,False,0.40498312125130304,0.5059513875416347,-0.24931475163301475,-2.9209518508305625,-2.977387958102756,0.0564361072721935,False,0.3799268338415358,0.37614104482862687,0.009964521259606451
concrete,r14@mu_D,4.0,-2.1658593208070784,-2.609825709509471,0.4439663887023926,False,0.40498312125130304,1.0234848733932254,-1.5272284687591342,-2.9209518508305625,-3.267124001941984,0.3461721511114213,False,0.3799268338415358,0.6126147508621216,-0.6124545472816956
concrete,r14@mu_D_par,0.0,-2.1658593208070784,-2.1658593208070784,0.0,False,0.40498312125130304,0.40498312125130304,0.0,-2.9209518508305625,-2.9209518508305625,0.0,False,0.3799268338415358,0.3799268338415358,0.0
concrete,r14@mu_D_par,0.5,-2.1658593208070784,-2.174175224606953,0.008315903799874569,False,0.40498312125130304,0.4048166700771877,0.00041100768249557884,-2.9209518508305625,-2.9232360749017623,0.0022842240711997697,False,0.3799268338415358,0.3735372632268875,0.016817897672669613
concrete,r14@mu_D_par,1.0,-2.1658593208070784,-2.185095234522744,0.019235913715665465,False,0.40498312125130304,0.4132047825389438,-0.020301244314177236,-2.9209518508305625,-2.930658809722416,0.009706958891853468,False,0.3799268338415358,0.36928951409127975,0.027998337581737642
concrete,r14@mu_D_par,2.0,-2.1658593208070784,-2.2281302838098433,0.06227096300276491,False,0.40498312125130304,0.4697920320526002,-0.1600286713210486,-2.9209518508305625,-2.9594423960125638,0.038490545182001235,False,0.3799268338415358,0.3701377085277012,0.025765817104452138
concrete,r14@mu_D_par,4.0,-2.1658593208070784,-2.4365978316655235,0.270738510858445,False,0.40498312125130304,0.7887384815821572,-0.9475835910028545,-2.9209518508305625,-3.1249628294081915,0.20401097857762895,False,0.3799268338415358,0.4798401537395659,-0.26298042411951106
concrete,r14@mu_D_perp_native,0.0,-2.1658593208070784,-2.1658593208070784,0.0,False,0.40498312125130304,0.40498312125130304,0.0,-2.9209518508305625,-2.9209518508305625,0.0,False,0.3799268338415358,0.3799268338415358,0.0
concrete,r14@mu_D_perp_native,0.5,-2.1658593208070784,-2.17035478637332,0.004495465566241474,False,0.40498312125130304,0.40335163521388223,0.0040285284788657005,-2.9209518508305625,-2.9222625853523376,0.0013107345217751032,False,0.3799268338415358,0.3754769166310628,0.011712563615153937
concrete,r14@mu_D_perp_native,1.0,-2.1658593208070784,-2.1769072025541276,0.011047881747049182,False,0.40498312125130304,0.4060191029594058,-0.002558086136779769,-2.9209518508305625,-2.9252446492513022,0.004292798420739707,False,0.3799268338415358,0.3718067284614321,0.021372813544121905
concrete,r14@mu_D_perp_native,2.0,-2.1658593208070784,-2.1951037664262074,0.029244445619128978,False,0.40498312125130304,0.42431956718838404,-0.04774630082689835,-2.9209518508305625,-2.936399989657932,0.015448138827369284,False,0.3799268338415358,0.3677505756181384,0.032048955585158856
concrete,r14@mu_D_perp_native,4.0,-2.1658593208070784,-2.2593909710172624,0.09353165021018395,False,0.40498312125130304,0.5248551047037519,-0.2959925418177243,-2.9209518508305625,-2.9901299400935097,0.06917808926294722,False,0.3799268338415358,0.3822565031430078,-0.006131889337523511
concrete,r15@mu_D,0.0,-2.1658593208070784,-2.1658593208070784,0.0,False,0.40498312125130304,0.40498312125130304,0.0,-2.9209518508305625,-2.9209518508305625,0.0,False,0.3799268338415358,0.3799268338415358,0.0
concrete,r15@mu_D,0.5,-2.1658593208070784,-2.1620824337005615,-0.003776887106516913,False,0.40498312125130304,0.4165273866956196,-0.028505547116747687,-2.9209518508305625,-2.9228005409240723,0.0018486900935097417,False,0.3799268338415358,0.38571457162735956,-0.015233822068587477
concrete,r15@mu_D,1.0,-2.1658593208070784,-2.1589481035868325,-0.006911217220245902,False,0.40498312125130304,0.43429685868914164,-0.07238261522422462,-2.9209518508305625,-2.9273513233850874,0.006399472554524888,False,0.3799268338415358,0.3919045575081356,-0.03152639561014947
concrete,r15@mu_D,2.0,-2.1658593208070784,-2.1528838210635715,-0.01297549974350698,False,0.40498312125130304,0.47935897963387625,-0.18365174862786682,-2.9209518508305625,-2.945382519373818,0.024430668543255596,False,0.3799268338415358,0.40758253089965335,-0.07279216574013425
concrete,r15@mu_D,4.0,-2.1658593208070784,-2.2134293715159097,0.047570050708831246,False,0.40498312125130304,0.7242481954514034,-0.7883416800523588,-2.9209518508305625,-3.0685867657737127,0.14763491494315018,False,0.3799268338415358,0.5041023095448812,-0.3268404983343134
concrete,r15@mu_D_par,0.0,-2.1658593208070784,-2.1658593208070784,0.0,False,0.40498312125130304,0.40498312125130304,0.0,-2.9209518508305625,-2.9209518508305625,0.0,False,0.3799268338415358,0.3799268338415358,0.0
concrete,r15@mu_D_par,0.5,-2.1658593208070784,-2.1622702961876277,-0.0035890246194507647,False,0.40498312125130304,0.41423688143018694,-0.022849742849262444,-2.9209518508305625,-2.9221249686347113,0.0011731178041487489,False,0.3799268338415358,0.3847926372573489,-0.012807211763943505
concrete,r15@mu_D_par,1.0,-2.1658593208070784,-2.159344552055238,-0.006514768751840538,False,0.40498312125130304,0.42778635971129886,-0.056306639124956925,-2.9209518508305625,-2.9250730408562555,0.004121190025693,False,0.3799268338415358,0.38992679497552296,-0.02632075505927034
concrete,r15@mu_D_par,2.0,-2.1658593208070784,-2.155278440505739,-0.010580880301339413,False,0.40498312125130304,0.46271935247239615,-0.14256453711626715,-2.9209518508305625,-2.937931560334705,0.016979709504142626,False,0.3799268338415358,0.4020595588381328,-0.05825522975781272
concrete,r15@mu_D_par,4.0,-2.1658593208070784,-2.13512853213719,-0.030730788669888653,False,0.40498312125130304,0.6067978361296276,-0.49832870627981807,-2.9209518508305625,-3.0055884103926402,0.08463655956207772,False,0.3799268338415358,0.4512148310267736,-0.18763612052464662
concrete,r15@mu_D_perp_native,0.0,-2.1658593208070784,-2.1658593208070784,0.0,False,0.40498312125130304,0.40498312125130304,0.0,-2.9209518508305625,-2.9209518508305625,0.0,False,0.3799268338415358,0.3799268338415358,0.0
concrete,r15@mu_D_perp_native,0.5,-2.1658593208070784,-2.1628753457750594,-0.0029839750320190817,False,0.40498312125130304,0.41046557539985296,-0.013537488010884058,-2.9209518508305625,-2.9216315027267212,0.0006796518961587061,False,0.3799268338415358,0.38326905644129194,-0.008797016430669213
concrete,r15@mu_D_perp_native,1.0,-2.1658593208070784,-2.1611237261030407,-0.004735594704037727,False,0.40498312125130304,0.4184694867285471,-0.033301055697270376,-2.9209518508305625,-2.9230081013270786,0.002056250496516032,False,0.3799268338415358,0.38629428829465595,-0.016759686039380828
concrete,r15@mu_D_perp_native,2.0,-2.1658593208070784,-2.158580730831812,-0.007278589975266314,False,0.40498312125130304,0.43786011991046725,-0.08118115776672852,-2.9209518508305625,-2.9281622644454712,0.007210413614908706,False,0.3799268338415358,0.39330343689237324,-0.035208366083498754
concrete,r15@mu_D_perp_native,4.0,-2.1658593208070784,-2.1514441361502996,-0.014415184656778823,False,0.40498312125130304,0.4900045565196446,-0.20993821916736977,-2.9209518508305625,-2.9505255714295404,0.029573720598977893,False,0.3799268338415358,0.41102831515054855,-0.08186176531554201
concrete,r16@mu_D,0.0,-2.1658593208070784,-2.1658593208070784,0.0,False,0.40498312125130304,0.40498312125130304,0.0,-2.9209518508305625,-2.9209518508305625,0.0,False,0.3799268338415358,0.3799268338415358,0.0
concrete,r16@mu_D,0.5,-2.1658593208070784,-2.171695682737562,0.005836361930483758,False,0.40498312125130304,0.41404437072693356,-0.022374387968647547,-2.9209518508305625,-2.93169895807902,0.01074710724845751,False,0.3799268338415358,0.3868988733443003,-0.01835100572462456
concrete,r16@mu_D,1.0,-2.1658593208070784,-2.1826503920176674,0.01679107121058898,False,0.40498312125130304,0.42948381484500947,-0.06049806105006317,-2.9209518508305625,-2.94786768867856,0.026915837847997448,False,0.3799268338415358,0.3966959175609407,-0.04413766606019487
concrete,r16@mu_D,2.0,-2.1658593208070784,-2.2131432275923473,0.04728390678526884,False,0.40498312125130304,0.478283200945173,-0.1809953942460365,-2.9209518508305625,-2.995447499411447,0.07449564858088431,False,0.3799268338415358,0.4268882653069875,-0.12360651389272204
concrete,r16@mu_D,4.0,-2.1658593208070784,-2.4155678257109625,0.24970850490388408,False,0.40498312125130304,0.8068130754289173,-0.9922140778016966,-2.9209518508305625,-3.251453604016985,0.3305017531864225,False,0.3799268338415358,0.635115365187327,-0.6716780932936897
concrete,r16@mu_D_par,0.0,-2.1658593208070784,-2.1658593208070784,0.0,False,0.40498312125130304,0.40498312125130304,0.0,-2.9209518508305625,-2.9209518508305625,0.0,False,0.3799268338415358,0.3799268338415358,0.0
concrete,r16@mu_D_par,0.5,-2.1658593208070784,-2.1703794570196244,0.004520136212545989,False,0.40498312125130304,0.41214065797745236,-0.017673666754392636,-2.9209518508305625,-2.9296304460555787,0.008678595225016128,False,0.3799268338415358,0.3857293242499942,-0.015272652236189677
concrete,r16@mu_D_par,1.0,-2.1658593208070784,-2.178698759230356,0.012839438423277727,False,0.40498312125130304,0.4235343242448474,-0.04580734855375068,-2.9209518508305625,-2.9420185543241955,0.021066703493632932,False,0.3799268338415358,0.3932311724102686,-0.03501815977094669
concrete,r16@mu_D_par,2.0,-2.1658593208070784,-2.201693890586732,0.0358345697796536,False,0.40498312125130304,0.458258433001382,-0.13154946207503837,-2.9209518508305625,-2.9770962472945923,0.0561443964640298,False,0.3799268338415358,0.41528599413614425,-0.09306834144112197
concrete,r16@mu_D_par,4.0,-2.1658593208070784,-2.3014596000550287,0.13560027924795026,False,0.40498312125130304,0.6498835484186808,-0.6047176149235374,-2.9209518508305625,-3.1280360221862793,0.20708417135571677,False,0.3799268338415358,0.5265674742441329,-0.38597073789149516
concrete,r16@mu_D_perp_native,0.0,-2.1658593208070784,-2.1658593208070784,0.0,False,0.40498312125130304,0.40498312125130304,0.0,-2.9209518508305625,-2.9209518508305625,0.0,False,0.3799268338415358,0.3799268338415358,0.0
concrete,r16@mu_D_perp_native,0.5,-2.1658593208070784,-2.1688012736184255,0.002941952811347015,False,0.40498312125130304,0.40971501857515363,-0.011684184045078538,-2.9209518508305625,-2.926302788749574,0.0053509379190113115,False,0.3799268338415358,0.3835384211842976,-0.009506007528460536
concrete,r16@mu_D_perp_native,1.0,-2.1658593208070784,-2.1719599716247076,0.006100650817629116,False,0.40498312125130304,0.41484562555948895,-0.024352877417984864,-2.9209518508305625,-2.933223830329047,0.012271979498484686,False,0.3799268338415358,0.3876937883240836,-0.020443290104081635
concrete,r16@mu_D_perp_native,2.0,-2.1658593208070784,-2.1850187589251804,0.019159438118101946,False,0.40498312125130304,0.43263567250872415,-0.06828075000257106,-2.9209518508305625,-2.950990018390474,0.03003816755991151,False,0.3799268338415358,0.3988527986738417,-0.049814762071267005
concrete,r16@mu_D_perp_native,4.0,-2.1658593208070784,-2.2192578921242365,0.05339857131715808,False,0.40498312125130304,0.4934782035767086,-0.21851548294649037,-2.9209518508305625,-3.008047679113963,0.08709582828340068,False,0.3799268338415358,0.43530669193419197,-0.14576453453602234
concrete,r17@mu_D,0.0,-2.1658593208070784,-2.1658593208070784,0.0,False,0.40498312125130304,0.40498312125130304,0.0,-2.9209518508305625,-2.9209518508305625,0.0,False,0.3799268338415358,0.3799268338415358,0.0
concrete,r17@mu_D,0.5,-2.1658593208070784,-2.164264754643516,-0.0015945661635625719,False,0.40498312125130304,0.4093710846371121,-0.010834929051490416,-2.9209518508305625,-2.9198150180635,-0.0011368327670626677,False,0.3799268338415358,0.3801810462323446,-0.0006691088077102059
concrete,r17@mu_D,1.0,-2.1658593208070784,-2.165111291976202,-0.0007480288308765459,False,0.40498312125130304,0.4194468042207143,-0.03571428588115433,-2.9209518508305625,-2.924977832370334,0.004025981539771628,False,0.3799268338415358,0.3836839832956829,-0.009889139485509846
concrete,r17@mu_D,2.0,-2.1658593208070784,-2.182430770662096,0.016571449855017573,False,0.40498312125130304,0.4607863435669551,-0.13779147669965397,-2.9209518508305625,-2.9561110980926997,0.03515924726213715,False,0.3799268338415358,0.4054916368590461,-0.06728875336079354
concrete,r17@mu_D,4.0,-2.1658593208070784,-2.357771706959558,0.19191238615247963,False,0.40498312125130304,0.6915485234487624,-0.7075983841302802,-2.9209518508305625,-3.153104343111553,0.23215249228099033,False,0.3799268338415358,0.5857175929205758,-0.5416589215303322
concrete,r17@mu_D_par,0.0,-2.1658593208070784,-2.1658593208070784,0.0,False,0.40498312125130304,0.40498312125130304,0.0,-2.9209518508305625,-2.9209518508305625,0.0,False,0.3799268338415358,0.3799268338415358,0.0
concrete,r17@mu_D_par,0.5,-2.1658593208070784,-2.163086531654237,-0.002772789152841515,False,0.40498312125130304,0.4081076118681166,-0.007715113180913891,-2.9209518508305625,-2.9194721418713767,-0.0014797089591858104,False,0.3799268338415358,0.37982236298303756,0.0002749762564594471
concrete,r17@mu_D_par,1.0,-2.1658593208070784,-2.1635769435337613,-0.002282377273317149,False,0.40498312125130304,0.4150875333755735,-0.02495020556177807,-2.9209518508305625,-2.9228401411147344,0.001888290284171923,False,0.3799268338415358,0.38219863554788014,-0.005979576865823288
concrete,r17@mu_D_par,2.0,-2.1658593208070784,-2.1751275478847445,0.009268227077666058,False,0.40498312125130304,0.44370870457755196,-0.09562270942699036,-2.9209518508305625,-2.9424285131787498,0.021476662348187237,False,0.3799268338415358,0.39525174999993945,-0.040336493222785874
concrete,r17@mu_D_par,4.0,-2.1658593208070784,-2.2737789494650706,0.1079196286579922,False,0.40498312125130304,0.5871845285097758,-0.4498987678684312,-2.9209518508305625,-3.0655450745234414,0.14459322369287886,False,0.3799268338415358,0.5015036085295299,-0.3200004944602115
concrete,r17@mu_D_perp_native,0.0,-2.1658593208070784,-2.1658593208070784,0.0,False,0.40498312125130304,0.40498312125130304,0.0,-2.9209518508305625,-2.9209518508305625,0.0,False,0.3799268338415358,0.3799268338415358,0.0
concrete,r17@mu_D_perp_native,0.5,-2.1658593208070784,-2.1641884644826255,-0.0016708563244529628,False,0.40498312125130304,0.4061644909873841,-0.002917083883473781,-2.9209518508305625,-2.919496536254883,-0.0014553145756797115,False,0.3799268338415358,0.3794939314562177,0.0011394361933874109
concrete,r17@mu_D_perp_native,1.0,-2.1658593208070784,-2.164660824669732,-0.0011984961373463499,False,0.40498312125130304,0.40989302264319527,-0.012123718580472564,-2.9209518508305625,-2.92007505326044,-0.0008767975701227115,False,0.3799268338415358,0.3803292153373597,-0.0010591025955057898
concrete,r17@mu_D_perp_native,2.0,-2.1658593208070784,-2.1669594181908503,0.0011000973837718142,False,0.40498312125130304,0.42286138685922775,-0.04414570551159036,-2.9209518508305625,-2.9267499333336238,0.0057980825030612415,False,0.3799268338415358,0.38463225818815683,-0.012385080303602969
concrete,r17@mu_D_perp_native,4.0,-2.1658593208070784,-2.1895093160962302,0.023649995289151793,False,0.40498312125130304,0.4727516477070158,-0.1673366688624549,-2.9209518508305625,-2.965786570594424,0.04483471976386166,False,0.3799268338415358,0.4126473816614302,-0.08612328718413687
concrete,r18@mu_D,0.0,-2.1658593208070784,-2.1658593208070784,0.0,False,0.40498312125130304,0.40498312125130304,0.0,-2.9209518508305625,-2.9209518508305625,0.0,False,0.3799268338415358,0.3799268338415358,0.0
concrete,r18@mu_D,0.5,-2.1658593208070784,-2.1636831079210554,-0.002176212886022988,False,0.40498312125130304,0.4013256317093259,0.009031214759460449,-2.9209518508305625,-2.923228801242889,0.0022769504123263395,False,0.3799268338415358,0.3731937815272619,0.01772197095476069
concrete,r18@mu_D,1.0,-2.1658593208070784,-2.164675659603543,-0.0011836612035356353,False,0.40498312125130304,0.40556300632537357,-0.0014318746724031328,-2.9209518508305625,-2.9305900467766657,0.009638195946103156,False,0.3799268338415358,0.37065231800079346,0.024411320850821205
concrete,r18@mu_D,2.0,-2.1658593208070784,-2.17930649575733,0.013447174950251384,False,0.40498312125130304,0.4445492398171198,-0.09769819157787785,-2.9209518508305625,-2.9628919571165055,0.041940106285943024,False,0.3799268338415358,0.37994254203069777,-4.1345300628270465e-05
concrete,r18@mu_D,4.0,-2.1658593208070784,-2.3066444586193753,0.14078513781229685,False,0.40498312125130304,0.6521809971521771,-0.6103905642711491,-2.9209518508305625,-3.124421755472819,0.20346990464225634,False,0.3799268338415358,0.4978225164943271,-0.31031154462220645
concrete,r18@mu_D_par,0.0,-2.1658593208070784,-2.1658593208070784,0.0,False,0.40498312125130304,0.40498312125130304,0.0,-2.9209518508305625,-2.9209518508305625,0.0,False,0.3799268338415358,0.3799268338415358,0.0
concrete,r18@mu_D_par,0.5,-2.1658593208070784,-2.1629768212636313,-0.0028824995434471035,False,0.40498312125130304,0.4009905656178792,0.009858572922959774,-2.9209518508305625,-2.9223004598466176,0.0013486090160550468,False,0.3799268338415358,0.3742310418969109,0.014991812731502296
concrete,r18@mu_D_par,1.0,-2.1658593208070784,-2.164795410065424,-0.0010639107416543503,False,0.40498312125130304,0.4031885200076633,0.004431298860295252,-2.9209518508305625,-2.927272001902262,0.006320151071699698,False,0.3799268338415358,0.3709218492583623,0.02370189147242341
concrete,r18@mu_D_par,2.0,-2.1658593208070784,-2.171543916066488,0.005684595259409342,False,0.40498312125130304,0.4265810762132917,-0.05333050645482729,-2.9209518508305625,-2.949745057121156,0.028793206290593343,False,0.3799268338415358,0.37407669093873763,0.015398077686816447
concrete,r18@mu_D_par,4.0,-2.1658593208070784,-2.244274370254032,0.07841504944695377,False,0.40498312125130304,0.5607219849314008,-0.3845564308924805,-2.9209518508305625,-3.05238676071167,0.1314349098811074,False,0.3799268338415358,0.4384384893235706,-0.1540076937720054
concrete,r18@mu_D_perp_native,0.0,-2.1658593208070784,-2.1658593208070784,0.0,False,0.40498312125130304,0.40498312125130304,0.0,-2.9209518508305625,-2.9209518508305625,0.0,False,0.3799268338415358,0.3799268338415358,0.0
concrete,r18@mu_D_perp_native,0.5,-2.1658593208070784,-2.163969634071229,-0.0018896867358493274,False,0.40498312125130304,0.40181790552442037,0.007815673199176532,-2.9209518508305625,-2.9215394201732816,0.0005875693427190853,False,0.3799268338415358,0.3757741408688681,0.010930243938494066
concrete,r18@mu_D_perp_native,1.0,-2.1658593208070784,-2.1637463985927523,-0.0021129222143261295,False,0.40498312125130304,0.40116487892847214,0.009428151748728242,-2.9209518508305625,-2.923789962889656,0.002838112059093678,False,0.3799268338415358,0.37282468212975395,0.018693472214031837
concrete,r18@mu_D_perp_native,2.0,-2.1658593208070784,-2.165709510682121,-0.00014981012495729473,False,0.40498312125130304,0.40763630753471736,-0.00655135027656617,-2.9209518508305625,-2.9328221517895896,0.01187030095902708,False,0.3799268338415358,0.3705077942401644,0.02479171977965633
concrete,r18@mu_D_perp_native,4.0,-2.1658593208070784,-2.184569786465357,0.018710465658278608,False,0.40498312125130304,0.45683129060836064,-0.12802550683312153,-2.9209518508305625,-2.972176703195723,0.05122485236516061,False,0.3799268338415358,0.38439683403287617,-0.011765423742627235
concrete,r19@mu_D,0.0,-2.1658593208070784,-2.1658593208070784,0.0,False,0.40498312125130304,0.40498312125130304,0.0,-2.9209518508305625,-2.9209518508305625,0.0,False,0.3799268338415358,0.3799268338415358,0.0
concrete,r19@mu_D,0.5,-2.1658593208070784,-2.1646106621575734,-0.0012486586495050744,False,0.40498312125130304,0.4089110039529346,-0.009698880016271616,-2.9209518508305625,-2.9213923726763045,0.00044052184574194797,False,0.3799268338415358,0.3865472248622349,-0.017425436770966307
concrete,r19@mu_D,1.0,-2.1658593208070784,-2.1679933146824912,0.0021339938754127985,False,0.40498312125130304,0.4188468181897724,-0.03423277714793094,-2.9209518508305625,-2.9262647780161055,0.005312927185542993,False,0.3799268338415358,0.39528302824686445,-0.04041882025035792
concrete,r19@mu_D,2.0,-2.1658593208070784,-2.1845398516882035,0.01868053088112509,False,0.40498312125130304,0.4605362566690596,-0.13717395245043895,-2.9209518508305625,-2.9497272627694264,0.028775411938863904,False,0.3799268338415358,0.4215771186919439,-0.10962712064655089
concrete,r19@mu_D,4.0,-2.1658593208070784,-2.3714303516206288,0.20557103081355033,False,0.40498312125130304,0.7258258055126856,-0.7922371758853894,-2.9209518508305625,-3.112451704721602,0.19149985389103952,False,0.3799268338415358,0.5820821731809586,-0.5320901850900588
concrete,r19@mu_D_par,0.0,-2.1658593208070784,-2.1658593208070784,0.0,False,0.40498312125130304,0.40498312125130304,0.0,-2.9209518508305625,-2.9209518508305625,0.0,False,0.3799268338415358,0.3799268338415358,0.0
concrete,r19@mu_D_par,0.5,-2.1658593208070784,-2.1651347516075012,-0.0007245691995771963,False,0.40498312125130304,0.4078171347814893,-0.006997855914167017,-2.9209518508305625,-2.9207955920507036,-0.0001562587798589199,False,0.3799268338415358,0.3854496895320832,-0.014536629683943092
concrete,r19@mu_D_par,1.0,-2.1658593208070784,-2.1649625225672646,-0.0008967982398138119,False,0.40498312125130304,0.41467191964860944,-0.023923956058638396,-2.9209518508305625,-2.923938826909141,0.0029869760785783406,False,0.3799268338415358,0.3921608972170996,-0.03220110370163143
concrete,r19@mu_D_par,2.0,-2.1658593208070784,-2.176883829964532,0.011024509157453455,False,0.40498312125130304,0.4438795144595797,-0.09604447979978992,-2.9209518508305625,-2.9394647204686724,0.01851286963810983,False,0.3799268338415358,0.41125815822964623,-0.08246673200550614
concrete,r19@mu_D_par,4.0,-2.1658593208070784,-2.26331637397645,0.09745705316937148,False,0.40498312125130304,0.5898644498416356,-0.45651613336153973,-2.9209518508305625,-3.027607554481143,0.10665570365058041,False,0.3799268338415358,0.4969330732784574,-0.30797045382091626
concrete,r19@mu_D_perp_native,0.0,-2.1658593208070784,-2.1658593208070784,0.0,False,0.40498312125130304,0.40498312125130304,0.0,-2.9209518508305625,-2.9209518508305625,0.0,False,0.3799268338415358,0.3799268338415358,0.0
concrete,r19@mu_D_perp_native,0.5,-2.1658593208070784,-2.16408628130716,-0.0017730394999184718,False,0.40498312125130304,0.4063086235334003,-0.0032729815455068145,-2.9209518508305625,-2.92080567375062,-0.0001461770799426887,False,0.3799268338415358,0.3833485799176352,-0.009006329038413252
concrete,r19@mu_D_perp_native,1.0,-2.1658593208070784,-2.1651939815945096,-0.0006653392125688384,False,0.40498312125130304,0.4095434641081189,-0.011260575114156568,-2.9209518508305625,-2.9215476550753157,0.0005958042447531398,False,0.3799268338415358,0.3871461663927351,-0.019001902229971
concrete,r19@mu_D_perp_native,2.0,-2.1658593208070784,-2.1685066866496254,0.0026473658425469893,False,0.40498312125130304,0.42202382617526585,-0.0420775682485508,-2.9209518508305625,-2.927737485794794,0.006785634964231679,False,0.3799268338415358,0.3972221773768228,-0.04552282701490018
concrete,r19@mu_D_perp_native,4.0,-2.1658593208070784,-2.189709985066974,0.02385066425989546,False,0.40498312125130304,0.4716801804209512,-0.16469096036291564,-2.9209518508305625,-2.9565348322429355,0.03558298141237293,False,0.3799268338415358,0.4283428324593438,-0.1274350593461948
concrete,r20@mu_D,0.0,-2.1658593208070784,-2.1658593208070784,0.0,False,0.40498312125130304,0.40498312125130304,0.0,-2.9209518508305625,-2.9209518508305625,0.0,False,0.3799268338415358,0.3799268338415358,0.0
concrete,r20@mu_D,0.5,-2.1658593208070784,-2.1662615026746477,0.0004021818675692401,False,0.40498312125130304,0.4126988791284107,-0.019052048029230884,-2.9209518508305625,-2.9197603180294944,-0.001191532801068096,False,0.3799268338415358,0.38057496150334674,-0.0017059275736266422
concrete,r20@mu_D,1.0,-2.1658593208070784,-2.1644591452583435,-0.0014001755487349499,False,0.40498312125130304,0.4245920446183946,-0.048419112644755735,-2.9209518508305625,-2.9218395929487926,0.0008877421182300615,False,0.3799268338415358,0.38233073079396807,-0.006327262878817574
concrete,r20@mu_D,2.0,-2.1658593208070784,-2.1675786442226834,0.0017193234156049897,False,0.40498312125130304,0.47570802957292585,-0.17463668140810262,-2.9209518508305625,-2.941126399570041,0.02017454873947866,False,0.3799268338415358,0.40004447528294157,-0.05295135707575915
concrete,r20@mu_D,4.0,-2.1658593208070784,-2.4491257705385725,0.28326644973149406,False,0.40498312125130304,0.9362401432461209,-1.3118004038127764,-2.9209518508305625,-3.3075330900767494,0.3865812392461869,False,0.3799268338415358,0.7598825409298852,-1.0000759968610842
concrete,r20@mu_D_par,0.0,-2.1658593208070784,-2.1658593208070784,0.0,False,0.40498312125130304,0.40498312125130304,0.0,-2.9209518508305625,-2.9209518508305625,0.0,False,0.3799268338415358,0.3799268338415358,0.0
concrete,r20@mu_D_par,0.5,-2.1658593208070784,-2.1656054731399292,-0.0002538476671491985,False,0.40498312125130304,0.41107963569580563,-0.015053749464090771,-2.9209518508305625,-2.9196832142178972,-0.001268636612665297,False,0.3799268338415358,0.38024645003061447,-0.0008412572122029616
concrete,r20@mu_D_par,1.0,-2.1658593208070784,-2.1655759281582303,-0.0002833926488481353,False,0.40498312125130304,0.4205450945430332,-0.03842622686014008,-2.9209518508305625,-2.921142782483782,0.00019093165321937278,False,0.3799268338415358,0.38179320759243435,-0.004912455727401843
concrete,r20@mu_D_par,2.0,-2.1658593208070784,-2.164105362362332,-0.0017539584447465728,False,0.40498312125130304,0.4528186113115341,-0.11811724378149546,-2.9209518508305625,-2.9314840104844837,0.01053215965392118,False,0.3799268338415358,0.3913606632323492,-0.030094819245071625
concrete,r20@mu_D_par,4.0,-2.1658593208070784,-2.2874592675103083,0.12159994670322982,False,0.40498312125130304,0.7084522550068204,-0.7493377324414627,-2.9209518508305625,-3.1016591465662398,0.18070729573567723,False,0.3799268338415358,0.5545661931946164,-0.45966576666159153
concrete,r20@mu_D_perp_native,0.0,-2.1658593208070784,-2.1658593208070784,0.0,False,0.40498312125130304,0.40498312125130304,0.0,-2.9209518508305625,-2.9209518508305625,0.0,False,0.3799268338415358,0.3799268338415358,0.0
concrete,r20@mu_D_perp_native,0.5,-2.1658593208070784,-2.166348006990221,0.0004886861831425726,False,0.40498312125130304,0.4085705441141885,-0.008858203403147247,-2.9209518508305625,-2.9201777624705483,-0.0007740883600142467,False,0.3799268338415358,0.3799168472252195,2.6285630355005196e-05
concrete,r20@mu_D_perp_native,1.0,-2.1658593208070784,-2.165938543894934,7.922308785568433e-05,False,0.40498312125130304,0.4137536457606724,-0.0216565186279134,-2.9209518508305625,-2.919715162307497,-0.0012366885230656877,False,0.3799268338415358,0.38088475900983054,-0.002521341171427549
concrete,r20@mu_D_perp_native,2.0,-2.1658593208070784,-2.1654680569966636,-0.0003912638104148769,False,0.40498312125130304,0.42823107375038993,-0.057404744245281636,-2.9209518508305625,-2.9226508140563965,0.0016989632258339604,False,0.3799268338415358,0.3835733277457101,-0.009597884590839989
concrete,r20@mu_D_perp_native,4.0,-2.1658593208070784,-2.172307044740707,0.006447723933628691,False,0.40498312125130304,0.4937483516950456,-0.21918254313779495,-2.9209518508305625,-2.9486065137953985,0.027654662964835985,False,0.3799268338415358,0.4070315569166153,-0.07134195497858586
concrete,r21@mu_D,0.0,-2.1658593208070784,-2.1658593208070784,0.0,False,0.40498312125130304,0.40498312125130304,0.0,-2.9209518508305625,-2.9209518508305625,0.0,False,0.3799268338415358,0.3799268338415358,0.0
concrete,r21@mu_D,0.5,-2.1658593208070784,-2.1740869681040444,0.008227647296966012,False,0.40498312125130304,0.42159398680641536,-0.0410161922397867,-2.9209518508305625,-2.9251310181996177,0.0041791673690552145,False,0.3799268338415358,0.3911356679976933,-0.029502612497311897
concrete,r21@mu_D,1.0,-2.1658593208070784,-2.184327140687004,0.018467819879925518,False,0.40498312125130304,0.4462066141385881,-0.10179064440985619,-2.9209518508305625,-2.9334248739575584,0.01247302312699583,False,0.3799268338415358,0.4045295630182539,-0.06475649252766291
concrete,r21@mu_D,2.0,-2.1658593208070784,-2.207632817919292,0.041773497112213676,False,0.40498312125130304,0.5173028470977904,-0.27734421498714745,-2.9209518508305625,-2.9641289105491033,0.0431770597185408,False,0.3799268338415358,0.4421641325193738,-0.16381390608434
concrete,r21@mu_D,4.0,-2.1658593208070784,-2.4171347693791465,0.25127544857206807,False,0.40498312125130304,0.8672161140139141,-1.1413635988937498,-2.9209518508305625,-3.209072862352644,0.28812101152208136,False,0.3799268338415358,0.6847394023622785,-0.8022928136944318
concrete,r21@mu_D_par,0.0,-2.1658593208070784,-2.1658593208070784,0.0,False,0.40498312125130304,0.40498312125130304,0.0,-2.9209518508305625,-2.9209518508305625,0.0,False,0.3799268338415358,0.3799268338415358,0.0
concrete,r21@mu_D_par,0.5,-2.1658593208070784,-2.171893244697934,0.006033923890855775,False,0.40498312125130304,0.41856863385155085,-0.033545873611403376,-2.9209518508305625,-2.923996183607313,0.0030443327767506467,False,0.3799268338415358,0.3890329779140533,-0.02396815192136592
concrete,r21@mu_D_par,1.0,-2.1658593208070784,-2.180212039796133,0.014352718989054658,False,0.40498312125130304,0.43670954401530915,-0.07834011122729967,-2.9209518508305625,-2.930176439739409,0.009224588908846254,False,0.3799268338415358,0.40000183336318484,-0.052839119887020614
concrete,r21@mu_D_par,2.0,-2.1658593208070784,-2.198295067227076,0.03243574641999736,False,0.40498312125130304,0.49062965218983,-0.21148172959381428,-2.9209518508305625,-2.951766180613684,0.030814329783121597,False,0.3799268338415358,0.427888896730211,-0.1262402615885767
concrete,r21@mu_D_par,4.0,-2.1658593208070784,-2.2978571445222884,0.13199782371520996,False,0.40498312125130304,0.6958021947315761,-0.7181017139225709,-2.9209518508305625,-3.074734392620268,0.15378254178970563,False,0.3799268338415358,0.5530835314402505,-0.45576327380691617
concrete,r21@mu_D_perp_native,0.0,-2.1658593208070784,-2.1658593208070784,0.0,False,0.40498312125130304,0.40498312125130304,0.0,-2.9209518508305625,-2.9209518508305625,0.0,False,0.3799268338415358,0.3799268338415358,0.0
concrete,r21@mu_D_perp_native,0.5,-2.1658593208070784,-2.1690702249133396,0.0032109041062611254,False,0.40498312125130304,0.41283850915848264,-0.019396827904600844,-2.9209518508305625,-2.9225593672858343,0.0016075164552717958,False,0.3799268338415358,0.3855854112004477,-0.014893860751283627
concrete,r21@mu_D_perp_native,1.0,-2.1658593208070784,-2.175371662018791,0.009512341211712627,False,0.40498312125130304,0.42358723613950944,-0.04593800065228404,-2.9209518508305625,-2.925669965289888,0.004718114459325573,False,0.3799268338415358,0.39246484968397355,-0.033001132654050025
concrete,r21@mu_D_perp_native,2.0,-2.1658593208070784,-2.185257900328863,0.019398579521784587,False,0.40498312125130304,0.4508060926482791,-0.11314785479304379,-2.9209518508305625,-2.935150275154719,0.014198424324156633,False,0.3799268338415358,0.40721100190329174,-0.07181426956837678
concrete,r21@mu_D_perp_native,4.0,-2.1658593208070784,-2.216417369388399,0.0505580485813204,False,0.40498312125130304,0.5356075177117,-0.32254281624576886,-2.9209518508305625,-2.9730115542336115,0.052059703403048996,False,0.3799268338415358,0.4515772178059533,-0.18858995359696618
concrete,r22@mu_D,0.0,-2.1658593208070784,-2.1658593208070784,0.0,False,0.40498312125130304,0.40498312125130304,0.0,-2.9209518508305625,-2.9209518508305625,0.0,False,0.3799268338415358,0.3799268338415358,0.0
concrete,r22@mu_D,0.5,-2.1658593208070784,-2.178631930124192,0.012772609317113659,False,0.40498312125130304,0.42623227929312085,-0.052469243597518034,-2.9209518508305625,-2.930813849918426,0.009861999087863449,False,0.3799268338415358,0.3935400332723345,-0.03583110804033551
concrete,r22@mu_D,1.0,-2.1658593208070784,-2.204208676777189,0.038349355970110466,False,0.40498312125130304,0.46199707757859004,-0.14078106798902446,-2.9209518508305625,-2.9468548941233803,0.025903043292817785,False,0.3799268338415358,0.4116976024612548,-0.08362338689920046
concrete,r22@mu_D,2.0,-2.1658593208070784,-2.285667828151158,0.11980850734407955,False,0.40498312125130304,0.5769184193913899,-0.42454929382944906,-2.9209518508305625,-3.0044511991833884,0.08349934835282591,False,0.3799268338415358,0.4651686473498269,-0.22436376142845615
concrete,r22@mu_D,4.0,-2.1658593208070784,-2.5696418323214094,0.403782511514331,False,0.40498312125130304,0.9632071218793354,-1.3783883113529543,-2.9209518508305625,-3.247449481298053,0.3264976304674905,False,0.3799268338415358,0.6833784126100086,-0.7987105719809195
concrete,r22@mu_D_par,0.0,-2.1658593208070784,-2.1658593208070784,0.0,False,0.40498312125130304,0.40498312125130304,0.0,-2.9209518508305625,-2.9209518508305625,0.0,False,0.3799268338415358,0.3799268338415358,0.0
concrete,r22@mu_D_par,0.5,-2.1658593208070784,-2.1764148833259704,0.010555562518892003,False,0.40498312125130304,0.4218578471077813,-0.041667726310023356,-2.9209518508305625,-2.9286576301332503,0.0077057793026877874,False,0.3799268338415358,0.391291564419156,-0.029912945244505496
concrete,r22@mu_D_par,1.0,-2.1658593208070784,-2.1933827135297985,0.027523392722720086,False,0.40498312125130304,0.44862416812351774,-0.10776016229361374,-2.9209518508305625,-2.9411972817920504,0.020245430961487898,False,0.3799268338415358,0.4053666421345302,-0.0669597565293456
concrete,r22@mu_D_par,2.0,-2.1658593208070784,-2.2530966259184337,0.0872373051113553,False,0.40498312125130304,0.5329904130526951,-0.31608056011292396,-2.9209518508305625,-2.982270013718378,0.061318162887815664,False,0.3799268338415358,0.4451953295677427,-0.17179227659773533
concrete,r22@mu_D_par,4.0,-2.1658593208070784,-2.457975145370241,0.29211582456316254,False,0.40498312125130304,0.8175882744410682,-1.0188206163133708,-2.9209518508305625,-3.1451218090360125,0.22416995820544994,False,0.3799268338415358,0.5896139958548168,-0.5519145881144569
concrete,r22@mu_D_perp_native,0.0,-2.1658593208070784,-2.1658593208070784,0.0,False,0.40498312125130304,0.40498312125130304,0.0,-2.9209518508305625,-2.9209518508305625,0.0,False,0.3799268338415358,0.3799268338415358,0.0
concrete,r22@mu_D_perp_native,0.5,-2.1658593208070784,-2.1719561228676447,0.0060968020605662865,False,0.40498312125130304,0.4152621428171794,-0.02538135795416996,-2.9209518508305625,-2.925640348404173,0.004688497573610562,False,0.3799268338415358,0.3872433891372075,-0.019257800828891725
concrete,r22@mu_D_perp_native,1.0,-2.1658593208070784,-2.1810879480271113,0.01522862722003282,False,0.40498312125130304,0.42967326205874246,-0.06096585144376543,-2.9209518508305625,-2.931823117392404,0.010871266561841342,False,0.3799268338415358,0.39514565089392284,-0.04005723127925909
concrete,r22@mu_D_perp_native,2.0,-2.1658593208070784,-2.208717066144186,0.04285774533710773,False,0.40498312125130304,0.4697935391986181,-0.16003239282433812,-2.9209518508305625,-2.9509060344998796,0.029954183669317125,False,0.3799268338415358,0.41543174546862405,-0.09345197144431516
concrete,r22@mu_D_perp_native,4.0,-2.1658593208070784,-2.3057433612762934,0.139884040469215,False,0.40498312125130304,0.6070452039203946,-0.49893951640445433,-2.9209518508305625,-3.0192269824800038,0.09827513164944124,False,0.3799268338415358,0.4785440280323937,-0.25956891013386607
concrete,prompt,,-2.1658593208070784,-2.2538972241537913,0.08803790334671291,False,0.40498312125130304,0.4935255069581289,-0.21863228628702025,-2.9209518508305625,-3.0934383755638484,0.17248652473328585,False,0.3799268338415358,0.43491187738993814,-0.14472534880580756
