recipient,baseline_recipient,intervention,direction,alpha,ll_base,ll_ft,ll,drop_vs_recipient,flagged,kl_base_vs
finetuned,finetuned:cake,none,,,-2.9209518508305625,-2.8796656548030795,-2.8796656548030795,0.0,False,0.1390637835812947
finetuned,finetuned:cake,FIXED,mu_D,-4.0,-2.9209518508305625,-2.8796656548030795,-2.872514187343537,-0.007151467459542538,False,0.11744202839003669
finetuned,finetuned:cake,FIXED,mu_D,-2.0,-2.9209518508305625,-2.8796656548030795,-2.8484399053785534,-0.03122574942452605,False,0.09820457796255748
finetuned,finetuned:cake,FIXED,mu_D,-1.0,-2.9209518508305625,-2.8796656548030795,-2.8550884912884427,-0.02457716351463679,False,0.10927509433693355
finetuned,finetuned:cake,FIXED,mu_D,-0.5,-2.9209518508305625,-2.8796656548030795,-2.8647824923197427,-0.014883162483336765,False,0.1214037196976798
finetuned,finetuned:cake,FIXED,mu_D,0.5,-2.9209518508305625,-2.8796656548030795,-2.9011135933891175,0.021447938586037996,False,0.1628623448667072
finetuned,finetuned:cake,FIXED,mu_D,1.0,-2.9209518508305625,-2.8796656548030795,-2.929419055817619,0.04975340101453973,False,0.19418848743514408
finetuned,finetuned:cake,FIXED,mu_D,2.0,-2.9209518508305625,-2.8796656548030795,-3.0129673594520208,0.1333017046489413,False,0.28326742847760517
finetuned,finetuned:cake,FIXED,mu_D,4.0,-2.9209518508305625,-2.8796656548030795,-3.296647548675537,0.41698189387245765,False,0.5908259285820855
finetuned,finetuned:cake,PROJ_matched,mu_D,,-2.9209518508305625,-2.8796656548030795,-2.8558697473435175,-0.02379590745956195,False,0.11198926255816505
finetuned,finetuned:cake,PROJ_meanclamp,mu_D,,-2.9209518508305625,-2.8796656548030795,-2.860643401978508,-0.019022252824571595,False,0.1226898982884392
base,base,PROJ_meanclamp,mu_D,,-2.9209518508305625,-2.8796656548030795,-2.922229093218607,0.0012772423880442751,False,0.008176353760063648
finetuned,finetuned:cake,FIXED,mu_D_par,-4.0,-2.9209518508305625,-2.8796656548030795,-2.850368711683485,-0.02929694311959441,False,0.12130234662502531
finetuned,finetuned:cake,FIXED,mu_D_par,-2.0,-2.9209518508305625,-2.8796656548030795,-2.8428720216902477,-0.03679363311283179,False,0.10775506354513623
finetuned,finetuned:cake,FIXED,mu_D_par,-1.0,-2.9209518508305625,-2.8796656548030795,-2.8541042539808483,-0.02556140082223113,False,0.1161812139408929
finetuned,finetuned:cake,FIXED,mu_D_par,-0.5,-2.9209518508305625,-2.8796656548030795,-2.8645442175486733,-0.015121437254406178,False,0.12552168184802645
finetuned,finetuned:cake,FIXED,mu_D_par,0.5,-2.9209518508305625,-2.8796656548030795,-2.8999927762954956,0.02032712149241611,False,0.15744731208634755
finetuned,finetuned:cake,FIXED,mu_D_par,1.0,-2.9209518508305625,-2.8796656548030795,-2.9269990088447693,0.04733335404168981,False,0.18151695435009305
finetuned,finetuned:cake,FIXED,mu_D_par,2.0,-2.9209518508305625,-2.8796656548030795,-3.0030548080565436,0.12338915325346411,False,0.2503286633226607
finetuned,finetuned:cake,FIXED,mu_D_par,4.0,-2.9209518508305625,-2.8796656548030795,-3.250173394642179,0.3705077398390997,False,0.4827276780491784
finetuned,finetuned:cake,PROJ_matched,mu_D_par,,-2.9209518508305625,-2.8796656548030795,-2.8547095949687655,-0.024956059834313926,False,0.11724819597743806
finetuned,finetuned:cake,PROJ_meanclamp,mu_D_par,,-2.9209518508305625,-2.8796656548030795,-2.860878036135719,-0.01878761866736056,False,0.1262870989148579
base,base,PROJ_meanclamp,mu_D_par,,-2.9209518508305625,-2.8796656548030795,-2.933370332869272,0.012418482038709655,False,0.015161908305590116
finetuned,finetuned:cake,FIXED,mu_D_perp_native,-4.0,-2.9209518508305625,-2.8796656548030795,-2.903459003993443,0.02379334919036369,False,0.13018344366361226
finetuned,finetuned:cake,FIXED,mu_D_perp_native,-2.0,-2.9209518508305625,-2.8796656548030795,-2.8849654727511935,0.005299817948114072,False,0.12714081766113403
finetuned,finetuned:cake,FIXED,mu_D_perp_native,-1.0,-2.9209518508305625,-2.8796656548030795,-2.8809874171302434,0.0013217623271639667,False,0.13122327838625228
finetuned,finetuned:cake,FIXED,mu_D_perp_native,-0.5,-2.9209518508305625,-2.8796656548030795,-2.879953346555195,0.0002876917521157374,False,0.13469244208600786
finetuned,finetuned:cake,FIXED,mu_D_perp_native,0.5,-2.9209518508305625,-2.8796656548030795,-2.8802288524688238,0.0005631976657443083,False,0.14427826423493642
finetuned,finetuned:cake,FIXED,mu_D_perp_native,1.0,-2.9209518508305625,-2.8796656548030795,-2.881979404933869,0.0023137501307894937,False,0.15051028558186122
finetuned,finetuned:cake,FIXED,mu_D_perp_native,2.0,-2.9209518508305625,-2.8796656548030795,-2.8879059458535816,0.008240291050502169,False,0.16569319935072035
finetuned,finetuned:cake,FIXED,mu_D_perp_native,4.0,-2.9209518508305625,-2.8796656548030795,-2.9112589472816106,0.031593292478531154,False,0.20868525997040763
finetuned,finetuned:cake,PROJ_matched,mu_D_perp_native,,-2.9209518508305625,-2.8796656548030795,-2.8828020474267384,0.0031363926236589457,False,0.13479137964664945
finetuned,finetuned:cake,PROJ_meanclamp,mu_D_perp_native,,-2.9209518508305625,-2.8796656548030795,-2.8902829109676302,0.010617256164550781,False,0.15120459123263283
base,base,PROJ_meanclamp,mu_D_perp_native,,-2.9209518508305625,-2.8796656548030795,-2.9267552390931146,0.005803388262552112,False,0.017578444399294398
finetuned,finetuned:cake,FIXED,mu_Dprime_native,-4.0,-2.9209518508305625,-2.8796656548030795,-2.9809585904318188,0.10129293562873931,False,0.2764330321834201
finetuned,finetuned:cake,FIXED,mu_Dprime_native,-2.0,-2.9209518508305625,-2.8796656548030795,-2.8554470501248796,-0.024218604678199807,False,0.1277605699641364
finetuned,finetuned:cake,FIXED,mu_Dprime_native,-1.0,-2.9209518508305625,-2.8796656548030795,-2.842367512839181,-0.037298141963898246,False,0.10744117247679877
finetuned,finetuned:cake,FIXED,mu_Dprime_native,-0.5,-2.9209518508305625,-2.8796656548030795,-2.852049782162621,-0.027615872640458505,False,0.11478335327572292
finetuned,finetuned:cake,FIXED,mu_Dprime_native,0.5,-2.9209518508305625,-2.8796656548030795,-2.932879720415388,0.05321406561230857,False,0.18683666369271656
finetuned,finetuned:cake,FIXED,mu_Dprime_native,1.0,-2.9209518508305625,-2.8796656548030795,-3.0214282293168324,0.14176257451375296,False,0.26702849685199676
finetuned,finetuned:cake,FIXED,mu_Dprime_native,2.0,-2.9209518508305625,-2.8796656548030795,-3.307306024763319,0.4276403699602396,False,0.5395531597591582
finetuned,finetuned:cake,FIXED,mu_Dprime_native,4.0,-2.9209518508305625,-2.8796656548030795,-4.07402015110803,1.1943544963049506,True,1.3882835176255968
finetuned,finetuned:cake,PROJ_matched,mu_Dprime_native,,-2.9209518508305625,-2.8796656548030795,-2.8549340036180286,-0.02473165118505083,False,0.11728476129827045
finetuned,finetuned:cake,PROJ_meanclamp,mu_Dprime_native,,-2.9209518508305625,-2.8796656548030795,-2.860818128737192,-0.018847526065887354,False,0.12627427232643915
base,base,PROJ_meanclamp,mu_Dprime_native,,-2.9209518508305625,-2.8796656548030795,-2.9333642096746537,0.012412358844091198,False,0.015164916861861472
finetuned,finetuned:cake,FIXED,mu_Dprime_matched,-4.0,-2.9209518508305625,-2.8796656548030795,-2.86152836633107,-0.01813728847200924,False,0.1354408093861171
finetuned,finetuned:cake,FIXED,mu_Dprime_matched,-2.0,-2.9209518508305625,-2.8796656548030795,-2.8415673498123413,-0.038098304990738185,False,0.10753697369779859
finetuned,finetuned:cake,FIXED,mu_Dprime_matched,-1.0,-2.9209518508305625,-2.8796656548030795,-2.8506654179285444,-0.029000236874535013,False,0.11352806148074922
finetuned,finetuned:cake,FIXED,mu_Dprime_matched,-0.5,-2.9209518508305625,-2.8796656548030795,-2.861858155992296,-0.01780749881078325,False,0.12333438935733977
finetuned,finetuned:cake,FIXED,mu_Dprime_matched,0.5,-2.9209518508305625,-2.8796656548030795,-2.9044565927414667,0.02479093793838727,False,0.16152189648340617
finetuned,finetuned:cake,FIXED,mu_Dprime_matched,1.0,-2.9209518508305625,-2.8796656548030795,-2.939081623440697,0.05941596863761767,False,0.19252846922193254
finetuned,finetuned:cake,FIXED,mu_Dprime_matched,2.0,-2.9209518508305625,-2.8796656548030795,-3.0414900249905057,0.16182437018742624,False,0.285639926081612
finetuned,finetuned:cake,FIXED,mu_Dprime_matched,4.0,-2.9209518508305625,-2.8796656548030795,-3.366520291283017,0.48685463647993776,False,0.6002715106994386
finetuned,finetuned:cake,PROJ_matched,mu_Dprime_matched,,-2.9209518508305625,-2.8796656548030795,-2.8550892784481956,-0.024576376354883855,False,0.11728506405202169
finetuned,finetuned:cake,PROJ_meanclamp,mu_Dprime_matched,,-2.9209518508305625,-2.8796656548030795,-2.86090938628666,-0.01875626851641954,False,0.12634557343664624
base,base,PROJ_meanclamp,mu_Dprime_matched,,-2.9209518508305625,-2.8796656548030795,-2.9331195089552136,0.012167658124651037,False,0.015160104385503227
finetuned,finetuned:cake,FIXED,r0@mu_D,-4.0,-2.9209518508305625,-2.8796656548030795,-2.9417969385782876,0.06213128377520816,False,0.22757035588461255
finetuned,finetuned:cake,FIXED,r0@mu_D,-2.0,-2.9209518508305625,-2.8796656548030795,-2.89326990975274,0.013604254949660444,False,0.15912512961834197
finetuned,finetuned:cake,FIXED,r0@mu_D,-1.0,-2.9209518508305625,-2.8796656548030795,-2.8825302956596253,0.002864640856545808,False,0.14386791676755936
finetuned,finetuned:cake,FIXED,r0@mu_D,-0.5,-2.9209518508305625,-2.8796656548030795,-2.880197426629445,0.0005317718263655458,False,0.14006662652606056
finetuned,finetuned:cake,FIXED,r0@mu_D,0.5,-2.9209518508305625,-2.8796656548030795,-2.8811958479502846,0.00153019314720515,False,0.1403668089991524
finetuned,finetuned:cake,FIXED,r0@mu_D,1.0,-2.9209518508305625,-2.8796656548030795,-2.884839723980616,0.005174069177536378,False,0.14409531392748393
finetuned,finetuned:cake,FIXED,r0@mu_D,2.0,-2.9209518508305625,-2.8796656548030795,-2.8978881987314375,0.018222543928358093,False,0.15953266384109618
finetuned,finetuned:cake,FIXED,r0@mu_D,4.0,-2.9209518508305625,-2.8796656548030795,-2.9534457903059703,0.07378013550289086,False,0.2266735699441698
finetuned,finetuned:cake,PROJ_matched,r0@mu_D,,-2.9209518508305625,-2.8796656548030795,-2.881859340364971,0.0021936855618913675,False,0.14076793075553953
finetuned,finetuned:cake,PROJ_meanclamp,r0@mu_D,,-2.9209518508305625,-2.8796656548030795,-2.8847956733098106,0.0051300185067311155,False,0.1466921175283099
base,base,PROJ_meanclamp,r0@mu_D,,-2.9209518508305625,-2.8796656548030795,-2.927564159272209,0.006612308441646508,False,0.009756440001111182
finetuned,finetuned:cake,FIXED,r0@mu_D_par,-4.0,-2.9209518508305625,-2.8796656548030795,-2.921374790252201,0.04170913544912169,False,0.19889087478319803
finetuned,finetuned:cake,FIXED,r0@mu_D_par,-2.0,-2.9209518508305625,-2.8796656548030795,-2.888665653410412,0.008999998607332582,False,0.15288772942527892
finetuned,finetuned:cake,FIXED,r0@mu_D_par,-1.0,-2.9209518508305625,-2.8796656548030795,-2.881549252404107,0.0018835976010276312,False,0.14235860298550318
finetuned,finetuned:cake,FIXED,r0@mu_D_par,-0.5,-2.9209518508305625,-2.8796656548030795,-2.879972881740994,0.0003072269379145176,False,0.1397948023818788
finetuned,finetuned:cake,FIXED,r0@mu_D_par,0.5,-2.9209518508305625,-2.8796656548030795,-2.880963015177893,0.0012973603748136497,False,0.1399862040129919
finetuned,finetuned:cake,FIXED,r0@mu_D_par,1.0,-2.9209518508305625,-2.8796656548030795,-2.8832750850253634,0.0036094302222839936,False,0.14265557461314732
finetuned,finetuned:cake,FIXED,r0@mu_D_par,2.0,-2.9209518508305625,-2.8796656548030795,-2.892684913816906,0.013019259013826723,False,0.15339637677820903
finetuned,finetuned:cake,FIXED,r0@mu_D_par,4.0,-2.9209518508305625,-2.8796656548030795,-2.930147519187322,0.0504818643842424,False,0.19887413439296542
finetuned,finetuned:cake,PROJ_matched,r0@mu_D_par,,-2.9209518508305625,-2.8796656548030795,-2.8817681812104725,0.002102526407393057,False,0.14073521513787526
finetuned,finetuned:cake,PROJ_meanclamp,r0@mu_D_par,,-2.9209518508305625,-2.8796656548030795,-2.884699299221947,0.0050336444188676666,False,0.14670389654144408
base,base,PROJ_meanclamp,r0@mu_D_par,,-2.9209518508305625,-2.8796656548030795,-2.927419306739928,0.006467455909365594,False,0.009756312609487583
finetuned,finetuned:cake,FIXED,r0@mu_D_perp_native,-4.0,-2.9209518508305625,-2.8796656548030795,-2.896304819318983,0.016639164515903637,False,0.16329522312633574
finetuned,finetuned:cake,FIXED,r0@mu_D_perp_native,-2.0,-2.9209518508305625,-2.8796656548030795,-2.883332101125566,0.003666446322486472,False,0.14473307582121048
finetuned,finetuned:cake,FIXED,r0@mu_D_perp_native,-1.0,-2.9209518508305625,-2.8796656548030795,-2.880380910540384,0.0007152557373046875,False,0.1404004404469142
finetuned,finetuned:cake,FIXED,r0@mu_D_perp_native,-0.5,-2.9209518508305625,-2.8796656548030795,-2.879932343013703,0.00026668821062347803,False,0.13932265483197712
finetuned,finetuned:cake,FIXED,r0@mu_D_perp_native,0.5,-2.9209518508305625,-2.8796656548030795,-2.880348591577439,0.0006829367743597103,False,0.13941446277830336
finetuned,finetuned:cake,FIXED,r0@mu_D_perp_native,1.0,-2.9209518508305625,-2.8796656548030795,-2.881419166686043,0.0017535118829634655,False,0.14060421098792364
finetuned,finetuned:cake,FIXED,r0@mu_D_perp_native,2.0,-2.9209518508305625,-2.8796656548030795,-2.885715469481453,0.006049814678373622,False,0.14517238286752548
finetuned,finetuned:cake,FIXED,r0@mu_D_perp_native,4.0,-2.9209518508305625,-2.8796656548030795,-2.9013044342162115,0.02163877941313208,False,0.16368079800454396
finetuned,finetuned:cake,PROJ_matched,r0@mu_D_perp_native,,-2.9209518508305625,-2.8796656548030795,-2.8817021657550144,0.002036510951934911,False,0.14076108899381426
finetuned,finetuned:cake,PROJ_meanclamp,r0@mu_D_perp_native,,-2.9209518508305625,-2.8796656548030795,-2.8846923358856684,0.0050266810825889685,False,0.1467102255140032
base,base,PROJ_meanclamp,r0@mu_D_perp_native,,-2.9209518508305625,-2.8796656548030795,-2.927513251228938,0.006561400398375383,False,0.009756490566013824
finetuned,finetuned:cake,FIXED,r1@mu_D,-4.0,-2.9209518508305625,-2.8796656548030795,-2.967541391887362,0.08787573708428242,False,0.2544717046003493
finetuned,finetuned:cake,FIXED,r1@mu_D,-2.0,-2.9209518508305625,-2.8796656548030795,-2.9028937324645026,0.023228077661423097,False,0.16781139326474023
finetuned,finetuned:cake,FIXED,r1@mu_D,-1.0,-2.9209518508305625,-2.8796656548030795,-2.8867041497003463,0.007038494897266823,False,0.14733344316482544
finetuned,finetuned:cake,FIXED,r1@mu_D,-0.5,-2.9209518508305625,-2.8796656548030795,-2.8825570288158597,0.002891374012780279,False,0.14167578068990555
finetuned,finetuned:cake,FIXED,r1@mu_D,0.5,-2.9209518508305625,-2.8796656548030795,-2.879476781875368,-0.0001888729277115253,False,0.13903785745302835
finetuned,finetuned:cake,FIXED,r1@mu_D,1.0,-2.9209518508305625,-2.8796656548030795,-2.8808264278230213,0.0011607730199418853,False,0.14163932819215078
finetuned,finetuned:cake,FIXED,r1@mu_D,2.0,-2.9209518508305625,-2.8796656548030795,-2.8896689414978027,0.010003286694723279,False,0.1549902404584582
finetuned,finetuned:cake,FIXED,r1@mu_D,4.0,-2.9209518508305625,-2.8796656548030795,-2.9350352060227167,0.05536955121963727,False,0.21633874707751805
finetuned,finetuned:cake,PROJ_matched,r1@mu_D,,-2.9209518508305625,-2.8796656548030795,-2.8818771952674505,0.002211540464370998,False,0.14118379922140212
finetuned,finetuned:cake,PROJ_meanclamp,r1@mu_D,,-2.9209518508305625,-2.8796656548030795,-2.880293339017838,0.0006276842147583395,False,0.14108545794373467
base,base,PROJ_meanclamp,r1@mu_D,,-2.9209518508305625,-2.8796656548030795,-2.9206966142805797,-0.0002552365499828291,False,0.0024384790366249426
finetuned,finetuned:cake,FIXED,r1@mu_D_par,-4.0,-2.9209518508305625,-2.8796656548030795,-2.940785847012959,0.06112019220987941,False,0.21837349780022153
finetuned,finetuned:cake,FIXED,r1@mu_D_par,-2.0,-2.9209518508305625,-2.8796656548030795,-2.896597362699963,0.016931707896883363,False,0.15968997137887136
finetuned,finetuned:cake,FIXED,r1@mu_D_par,-1.0,-2.9209518508305625,-2.8796656548030795,-2.8852033615112305,0.005537706708151013,False,0.14520858393775093
finetuned,finetuned:cake,FIXED,r1@mu_D_par,-0.5,-2.9209518508305625,-2.8796656548030795,-2.8819947545490567,0.002329099745977281,False,0.14109500864195446
finetuned,finetuned:cake,FIXED,r1@mu_D_par,0.5,-2.9209518508305625,-2.8796656548030795,-2.879212674640474,-0.00045298016260542084,False,0.13877556957895792
finetuned,finetuned:cake,FIXED,r1@mu_D_par,1.0,-2.9209518508305625,-2.8796656548030795,-2.8800671441214427,0.0004014893183632573,False,0.14050690474964322
finetuned,finetuned:cake,FIXED,r1@mu_D_par,2.0,-2.9209518508305625,-2.8796656548030795,-2.885694428095742,0.006028773292662493,False,0.1494755047181296
finetuned,finetuned:cake,FIXED,r1@mu_D_par,4.0,-2.9209518508305625,-2.8796656548030795,-2.915429501306443,0.03576384650336362,False,0.19080218720057654
finetuned,finetuned:cake,PROJ_matched,r1@mu_D_par,,-2.9209518508305625,-2.8796656548030795,-2.882064970712813,0.0023993159097335237,False,0.141188335560617
finetuned,finetuned:cake,PROJ_meanclamp,r1@mu_D_par,,-2.9209518508305625,-2.8796656548030795,-2.8802543670412093,0.0005887122381298404,False,0.14111829750121585
base,base,PROJ_meanclamp,r1@mu_D_par,,-2.9209518508305625,-2.8796656548030795,-2.920632385072254,-0.00031946575830854584,False,0.0024373489136378917
finetuned,finetuned:cake,FIXED,r1@mu_D_perp_native,-4.0,-2.9209518508305625,-2.8796656548030795,-2.906680977533734,0.027015322730654656,False,0.1730716848184192
finetuned,finetuned:cake,FIXED,r1@mu_D_perp_native,-2.0,-2.9209518508305625,-2.8796656548030795,-2.888116442967975,0.008450788164895418,False,0.14867549188553342
finetuned,finetuned:cake,FIXED,r1@mu_D_perp_native,-1.0,-2.9209518508305625,-2.8796656548030795,-2.8829568832639665,0.00329122846088703,False,0.14220473998122746
finetuned,finetuned:cake,FIXED,r1@mu_D_perp_native,-0.5,-2.9209518508305625,-2.8796656548030795,-2.8808676553150963,0.0012020005120167987,False,0.1400919303534523
finetuned,finetuned:cake,FIXED,r1@mu_D_perp_native,0.5,-2.9209518508305625,-2.8796656548030795,-2.8795487615797253,-0.00011689322335417529,False,0.13870921470816172
finetuned,finetuned:cake,FIXED,r1@mu_D_perp_native,1.0,-2.9209518508305625,-2.8796656548030795,-2.8792669129750084,-0.00039874182807109193,False,0.13913998551785
finetuned,finetuned:cake,FIXED,r1@mu_D_perp_native,2.0,-2.9209518508305625,-2.8796656548030795,-2.8813022204807828,0.0016365656777033166,False,0.14258474348083375
finetuned,finetuned:cake,FIXED,r1@mu_D_perp_native,4.0,-2.9209518508305625,-2.8796656548030795,-2.8921879586719332,0.012522303868853779,False,0.15876710982549758
finetuned,finetuned:cake,PROJ_matched,r1@mu_D_perp_native,,-2.9209518508305625,-2.8796656548030795,-2.881989297412691,0.002323642609611376,False,0.1411818720045544
finetuned,finetuned:cake,PROJ_meanclamp,r1@mu_D_perp_native,,-2.9209518508305625,-2.8796656548030795,-2.8803044652181957,0.0006388104151162644,False,0.14112150763708448
base,base,PROJ_meanclamp,r1@mu_D_perp_native,,-2.9209518508305625,-2.8796656548030795,-2.9207258224487305,-0.0002260283818320552,False,0.0024450478099641345
finetuned,finetuned:cake,FIXED,r2@mu_D,-4.0,-2.9209518508305625,-2.8796656548030795,-2.9074320793151855,0.02776642451210609,False,0.18116452627711827
finetuned,finetuned:cake,FIXED,r2@mu_D,-2.0,-2.9209518508305625,-2.8796656548030795,-2.8804927704826233,0.000827115679543855,False,0.13951248498190016
finetuned,finetuned:cake,FIXED,r2@mu_D,-1.0,-2.9209518508305625,-2.8796656548030795,-2.877127450609964,-0.0025382041931152344,False,0.13482815145500124
finetuned,finetuned:cake,FIXED,r2@mu_D,-0.5,-2.9209518508305625,-2.8796656548030795,-2.877585221850683,-0.0020804329523964604,False,0.13578871200009
finetuned,finetuned:cake,FIXED,r2@mu_D,0.5,-2.9209518508305625,-2.8796656548030795,-2.8831855077592152,0.0035198529561357716,False,0.14452438080121602
finetuned,finetuned:cake,FIXED,r2@mu_D,1.0,-2.9209518508305625,-2.8796656548030795,-2.8876985065520757,0.008032851748996261,False,0.1522562593694717
finetuned,finetuned:cake,FIXED,r2@mu_D,2.0,-2.9209518508305625,-2.8796656548030795,-2.9018030847821916,0.022137429979112166,False,0.1753193017036196
finetuned,finetuned:cake,FIXED,r2@mu_D,4.0,-2.9209518508305625,-2.8796656548030795,-2.9622581345694408,0.0825924797663613,False,0.269406639394306
finetuned,finetuned:cake,PROJ_matched,r2@mu_D,,-2.9209518508305625,-2.8796656548030795,-2.880899149274069,0.0012334944709895268,False,0.13999512578759873
finetuned,finetuned:cake,PROJ_meanclamp,r2@mu_D,,-2.9209518508305625,-2.8796656548030795,-2.8810583523341586,0.001392697531079179,False,0.13951551985173
base,base,PROJ_meanclamp,r2@mu_D,,-2.9209518508305625,-2.8796656548030795,-2.9258512845115057,0.004899433680943144,False,0.004653853353201633
finetuned,finetuned:cake,FIXED,r2@mu_D_par,-4.0,-2.9209518508305625,-2.8796656548030795,-2.8953515310136098,0.015685876210530303,False,0.1619887205343398
finetuned,finetuned:cake,FIXED,r2@mu_D_par,-2.0,-2.9209518508305625,-2.8796656548030795,-2.8783930369785855,-0.001272617824493949,False,0.1369347499003486
finetuned,finetuned:cake,FIXED,r2@mu_D_par,-1.0,-2.9209518508305625,-2.8796656548030795,-2.877141907101586,-0.0025237477014936616,False,0.1347769070712347
finetuned,finetuned:cake,FIXED,r2@mu_D_par,-0.5,-2.9209518508305625,-2.8796656548030795,-2.877898647671654,-0.0017670071314253022,False,0.13613104985819924
finetuned,finetuned:cake,FIXED,r2@mu_D_par,0.5,-2.9209518508305625,-2.8796656548030795,-2.882545652843657,0.0028799980405773695,False,0.143410610301154
finetuned,finetuned:cake,FIXED,r2@mu_D_par,1.0,-2.9209518508305625,-2.8796656548030795,-2.886292275928316,0.006626621125236376,False,0.149489920527216
finetuned,finetuned:cake,FIXED,r2@mu_D_par,2.0,-2.9209518508305625,-2.8796656548030795,-2.8965625081743513,0.01689685337127189,False,0.16664169610492766
finetuned,finetuned:cake,FIXED,r2@mu_D_par,4.0,-2.9209518508305625,-2.8796656548030795,-2.9345833914620534,0.054917736658973926,False,0.22811064880991738
finetuned,finetuned:cake,PROJ_matched,r2@mu_D_par,,-2.9209518508305625,-2.8796656548030795,-2.8809149303133528,0.0012492755102733177,False,0.13998138904571533
finetuned,finetuned:cake,PROJ_meanclamp,r2@mu_D_par,,-2.9209518508305625,-2.8796656548030795,-2.880897733900282,0.0012320790972024653,False,0.13952543621971494
base,base,PROJ_meanclamp,r2@mu_D_par,,-2.9209518508305625,-2.8796656548030795,-2.9257864573645214,0.004834606533958841,False,0.004651387188849705
finetuned,finetuned:cake,FIXED,r2@mu_D_perp_native,-4.0,-2.9209518508305625,-2.8796656548030795,-2.8819370799594455,0.002271425156366025,False,0.14138470211672405
finetuned,finetuned:cake,FIXED,r2@mu_D_perp_native,-2.0,-2.9209518508305625,-2.8796656548030795,-2.8772492333064004,-0.0024164214966790887,False,0.13479777673880258
finetuned,finetuned:cake,FIXED,r2@mu_D_perp_native,-1.0,-2.9209518508305625,-2.8796656548030795,-2.87724212616209,-0.002423528640989492,False,0.13555652660036843
finetuned,finetuned:cake,FIXED,r2@mu_D_perp_native,-0.5,-2.9209518508305625,-2.8796656548030795,-2.8785489173162553,-0.0011167374868241708,False,0.13694926765229967
finetuned,finetuned:cake,FIXED,r2@mu_D_perp_native,0.5,-2.9209518508305625,-2.8796656548030795,-2.8815834635779973,0.001917808774917873,False,0.14177869047437394
finetuned,finetuned:cake,FIXED,r2@mu_D_perp_native,1.0,-2.9209518508305625,-2.8796656548030795,-2.883309152391222,0.0036434975881425302,False,0.1451338491742573
finetuned,finetuned:cake,FIXED,r2@mu_D_perp_native,2.0,-2.9209518508305625,-2.8796656548030795,-2.8883712102496433,0.008705555446563817,False,0.15392845254095774
finetuned,finetuned:cake,FIXED,r2@mu_D_perp_native,4.0,-2.9209518508305625,-2.8796656548030795,-2.9054266308981274,0.025760976095047905,False,0.18095602260695565
finetuned,finetuned:cake,PROJ_matched,r2@mu_D_perp_native,,-2.9209518508305625,-2.8796656548030795,-2.880952214437818,0.001286559634738449,False,0.13998029203641982
finetuned,finetuned:cake,PROJ_meanclamp,r2@mu_D_perp_native,,-2.9209518508305625,-2.8796656548030795,-2.881057345677936,0.001391690874856355,False,0.13951194688441262
base,base,PROJ_meanclamp,r2@mu_D_perp_native,,-2.9209518508305625,-2.8796656548030795,-2.9259447445945135,0.004992893763950956,False,0.0046392615500187116
finetuned,finetuned:cake,FIXED,r3@mu_D,-4.0,-2.9209518508305625,-2.8796656548030795,-2.9467589741661433,0.06709331936306384,False,0.21875596046447754
finetuned,finetuned:cake,FIXED,r3@mu_D,-2.0,-2.9209518508305625,-2.8796656548030795,-2.8978835590301997,0.01821790422712022,False,0.15769807450355044
finetuned,finetuned:cake,FIXED,r3@mu_D,-1.0,-2.9209518508305625,-2.8796656548030795,-2.885711533682687,0.0060458788796076135,False,0.14363507311495524
finetuned,finetuned:cake,FIXED,r3@mu_D,-0.5,-2.9209518508305625,-2.8796656548030795,-2.8816552010793535,0.0019895462762740124,False,0.1401607408410027
finetuned,finetuned:cake,FIXED,r3@mu_D,0.5,-2.9209518508305625,-2.8796656548030795,-2.8791948575822133,-0.0004707972208661815,False,0.140189087107068
finetuned,finetuned:cake,FIXED,r3@mu_D,1.0,-2.9209518508305625,-2.8796656548030795,-2.880750845349024,0.001085190545944581,False,0.14417012154109896
finetuned,finetuned:cake,FIXED,r3@mu_D,2.0,-2.9209518508305625,-2.8796656548030795,-2.8889093701801603,0.009243715377080797,False,0.1602308698116787
finetuned,finetuned:cake,FIXED,r3@mu_D,4.0,-2.9209518508305625,-2.8796656548030795,-2.9422725874280173,0.06260693262493788,False,0.24072252521439205
finetuned,finetuned:cake,PROJ_matched,r3@mu_D,,-2.9209518508305625,-2.8796656548030795,-2.880985570332361,0.0013199155292813458,False,0.14060167329651968
finetuned,finetuned:cake,PROJ_meanclamp,r3@mu_D,,-2.9209518508305625,-2.8796656548030795,-2.8810363421364436,0.0013706873333640957,False,0.1420008052909185
base,base,PROJ_meanclamp,r3@mu_D,,-2.9209518508305625,-2.8796656548030795,-2.923273268200102,0.0023214173695396134,False,0.0039630890010841305
finetuned,finetuned:cake,FIXED,r3@mu_D_par,-4.0,-2.9209518508305625,-2.8796656548030795,-2.92710046162681,0.04743480682373047,False,0.1933083784958673
finetuned,finetuned:cake,FIXED,r3@mu_D_par,-2.0,-2.9209518508305625,-2.8796656548030795,-2.892963871123299,0.013298216320219325,False,0.15217146797785683
finetuned,finetuned:cake,FIXED,r3@mu_D_par,-1.0,-2.9209518508305625,-2.8796656548030795,-2.8842722801935103,0.004606625390430885,False,0.14227336408599975
finetuned,finetuned:cake,FIXED,r3@mu_D_par,-0.5,-2.9209518508305625,-2.8796656548030795,-2.881394726889474,0.0017290720863947229,False,0.1398365812169181
finetuned,finetuned:cake,FIXED,r3@mu_D_par,0.5,-2.9209518508305625,-2.8796656548030795,-2.87924101239159,-0.00042464241148953974,False,0.13995797198916238
finetuned,finetuned:cake,FIXED,r3@mu_D_par,1.0,-2.9209518508305625,-2.8796656548030795,-2.879920490204342,0.0002548354012623655,False,0.14252654049131605
finetuned,finetuned:cake,FIXED,r3@mu_D_par,2.0,-2.9209518508305625,-2.8796656548030795,-2.885207986074781,0.0055423312717013395,False,0.15358983240430318
finetuned,finetuned:cake,FIXED,r3@mu_D_par,4.0,-2.9209518508305625,-2.8796656548030795,-2.9176188045077853,0.03795314970470587,False,0.20535306514255583
finetuned,finetuned:cake,PROJ_matched,r3@mu_D_par,,-2.9209518508305625,-2.8796656548030795,-2.88122136252267,0.001555707719590682,False,0.1406348787602924
finetuned,finetuned:cake,PROJ_meanclamp,r3@mu_D_par,,-2.9209518508305625,-2.8796656548030795,-2.880823536524697,0.0011578817216175707,False,0.1419894468216669
base,base,PROJ_meanclamp,r3@mu_D_par,,-2.9209518508305625,-2.8796656548030795,-2.923348033238971,0.0023961824084084427,False,0.003963262378607714
finetuned,finetuned:cake,FIXED,r3@mu_D_perp_native,-4.0,-2.9209518508305625,-2.8796656548030795,-2.900866432795449,0.021200777992369524,False,0.1615066220836034
finetuned,finetuned:cake,FIXED,r3@mu_D_perp_native,-2.0,-2.9209518508305625,-2.8796656548030795,-2.8863660343109614,0.006700379507881937,False,0.14459972391052853
finetuned,finetuned:cake,FIXED,r3@mu_D_perp_native,-1.0,-2.9209518508305625,-2.8796656548030795,-2.8818783987136114,0.0022127439105319446,False,0.14035589614557842
finetuned,finetuned:cake,FIXED,r3@mu_D_perp_native,-0.5,-2.9209518508305625,-2.8796656548030795,-2.880776844327412,0.0011111895243325343,False,0.1393638891833169
finetuned,finetuned:cake,FIXED,r3@mu_D_perp_native,0.5,-2.9209518508305625,-2.8796656548030795,-2.8797545811486622,8.892634558277379e-05,False,0.13937711526477148
finetuned,finetuned:cake,FIXED,r3@mu_D_perp_native,1.0,-2.9209518508305625,-2.8796656548030795,-2.879365497165256,-0.0003001576378234283,False,0.1404842734336853
finetuned,finetuned:cake,FIXED,r3@mu_D_perp_native,2.0,-2.9209518508305625,-2.8796656548030795,-2.8809495653424944,0.0012839105394149009,False,0.14507859448591867
finetuned,finetuned:cake,FIXED,r3@mu_D_perp_native,4.0,-2.9209518508305625,-2.8796656548030795,-2.89169833016774,0.012032675364660683,False,0.1647453639242384
finetuned,finetuned:cake,PROJ_matched,r3@mu_D_perp_native,,-2.9209518508305625,-2.8796656548030795,-2.8809710532899886,0.0013053984869091373,False,0.1406538335103837
finetuned,finetuned:cake,PROJ_meanclamp,r3@mu_D_perp_native,,-2.9209518508305625,-2.8796656548030795,-2.880837781088693,0.0011721262856134729,False,0.14202070803869338
base,base,PROJ_meanclamp,r3@mu_D_perp_native,,-2.9209518508305625,-2.8796656548030795,-2.923022368597606,0.002070517767043256,False,0.003963123260450269
finetuned,finetuned:cake,FIXED,r4@mu_D,-4.0,-2.9209518508305625,-2.8796656548030795,-2.962551056392609,0.08288540158952973,False,0.23376422269003733
finetuned,finetuned:cake,FIXED,r4@mu_D,-2.0,-2.9209518508305625,-2.8796656548030795,-2.9002530461265925,0.02058739132351306,False,0.159604583467756
finetuned,finetuned:cake,FIXED,r4@mu_D,-1.0,-2.9209518508305625,-2.8796656548030795,-2.885941982269287,0.006276327466207654,False,0.14396231656982786
finetuned,finetuned:cake,FIXED,r4@mu_D,-0.5,-2.9209518508305625,-2.8796656548030795,-2.882123742784773,0.0024580879816933354,False,0.1401872724767715
finetuned,finetuned:cake,FIXED,r4@mu_D,0.5,-2.9209518508305625,-2.8796656548030795,-2.8793014723157127,-0.00036418248736680425,False,0.14032844773360661
finetuned,finetuned:cake,FIXED,r4@mu_D,1.0,-2.9209518508305625,-2.8796656548030795,-2.8814425392756386,0.0017768844725591926,False,0.1441007045999406
finetuned,finetuned:cake,FIXED,r4@mu_D,2.0,-2.9209518508305625,-2.8796656548030795,-2.89068541451106,0.011019759707980636,False,0.15944317929328433
finetuned,finetuned:cake,FIXED,r4@mu_D,4.0,-2.9209518508305625,-2.8796656548030795,-2.9363417322673495,0.05667607746427006,False,0.2238608045237405
finetuned,finetuned:cake,PROJ_matched,r4@mu_D,,-2.9209518508305625,-2.8796656548030795,-2.879471778869629,-0.0001938759334505491,False,0.13904854986402723
finetuned,finetuned:cake,PROJ_meanclamp,r4@mu_D,,-2.9209518508305625,-2.8796656548030795,-2.880351664528014,0.0006860097249345998,False,0.13968348621375978
base,base,PROJ_meanclamp,r4@mu_D,,-2.9209518508305625,-2.8796656548030795,-2.921852603791252,0.0009007529606894771,False,0.0015494467372754736
finetuned,finetuned:cake,FIXED,r4@mu_D_par,-4.0,-2.9209518508305625,-2.8796656548030795,-2.9358904172503757,0.05622476244729624,False,0.201777388179113
finetuned,finetuned:cake,FIXED,r4@mu_D_par,-2.0,-2.9209518508305625,-2.8796656548030795,-2.8946524423266213,0.014986787523541878,False,0.1532188161971077
finetuned,finetuned:cake,FIXED,r4@mu_D_par,-1.0,-2.9209518508305625,-2.8796656548030795,-2.884235253409734,0.0045695986066545125,False,0.1424441652165519
finetuned,finetuned:cake,FIXED,r4@mu_D_par,-0.5,-2.9209518508305625,-2.8796656548030795,-2.8815079643612815,0.001842309558202082,False,0.13979380376755246
finetuned,finetuned:cake,FIXED,r4@mu_D_par,0.5,-2.9209518508305625,-2.8796656548030795,-2.879450548262823,-0.00021510654025647113,False,0.13990752304357196
finetuned,finetuned:cake,FIXED,r4@mu_D_par,1.0,-2.9209518508305625,-2.8796656548030795,-2.880587335616823,0.0009216808137435528,False,0.14265140063232845
finetuned,finetuned:cake,FIXED,r4@mu_D_par,2.0,-2.9209518508305625,-2.8796656548030795,-2.886643311334035,0.0069776565309553895,False,0.15328742279892876
finetuned,finetuned:cake,FIXED,r4@mu_D_par,4.0,-2.9209518508305625,-2.8796656548030795,-2.9171088536580405,0.03744319885496106,False,0.1974646278790065
finetuned,finetuned:cake,PROJ_matched,r4@mu_D_par,,-2.9209518508305625,-2.8796656548030795,-2.8797843721177845,0.00011871731470503022,False,0.13908771319048746
finetuned,finetuned:cake,PROJ_meanclamp,r4@mu_D_par,,-2.9209518508305625,-2.8796656548030795,-2.880585397992815,0.0009197431897356445,False,0.139688658808905
base,base,PROJ_meanclamp,r4@mu_D_par,,-2.9209518508305625,-2.8796656548030795,-2.92175134779915,0.0007994969685873876,False,0.0015482922668554008
finetuned,finetuned:cake,FIXED,r4@mu_D_perp_native,-4.0,-2.9209518508305625,-2.8796656548030795,-2.9038991246904646,0.024233469887385173,False,0.1639418053248572
finetuned,finetuned:cake,FIXED,r4@mu_D_perp_native,-2.0,-2.9209518508305625,-2.8796656548030795,-2.8867074572850786,0.007041802481999149,False,0.1449520850465411
finetuned,finetuned:cake,FIXED,r4@mu_D_perp_native,-1.0,-2.9209518508305625,-2.8796656548030795,-2.8821128890627907,0.002447234259711273,False,0.14048077473564755
finetuned,finetuned:cake,FIXED,r4@mu_D_perp_native,-0.5,-2.9209518508305625,-2.8796656548030795,-2.880686737242199,0.0010210824391196915,False,0.13936629536606016
finetuned,finetuned:cake,FIXED,r4@mu_D_perp_native,0.5,-2.9209518508305625,-2.8796656548030795,-2.8794525540064253,-0.00021310079665415316,False,0.13944794284918952
finetuned,finetuned:cake,FIXED,r4@mu_D_perp_native,1.0,-2.9209518508305625,-2.8796656548030795,-2.879527394733732,-0.0001382600693475844,False,0.14057034869042653
finetuned,finetuned:cake,FIXED,r4@mu_D_perp_native,2.0,-2.9209518508305625,-2.8796656548030795,-2.8818629885476734,0.0021973337445939656,False,0.14509757880180602
finetuned,finetuned:cake,FIXED,r4@mu_D_perp_native,4.0,-2.9209518508305625,-2.8796656548030795,-2.8933204166472906,0.013654761844211105,False,0.1634108197121393
finetuned,finetuned:cake,PROJ_matched,r4@mu_D_perp_native,,-2.9209518508305625,-2.8796656548030795,-2.879676054394434,1.0399591354737225e-05,False,0.13907401713113937
finetuned,finetuned:cake,PROJ_meanclamp,r4@mu_D_perp_native,,-2.9209518508305625,-2.8796656548030795,-2.8804501805986678,0.0007845257955882978,False,0.1396835075011329
base,base,PROJ_meanclamp,r4@mu_D_perp_native,,-2.9209518508305625,-2.8796656548030795,-2.921852671910846,0.0009008210802834427,False,0.0015510899081294025
finetuned,finetuned:cake,FIXED,r5@mu_D,-4.0,-2.9209518508305625,-2.8796656548030795,-2.9501323245820545,0.07046666977897509,False,0.2470279818489438
finetuned,finetuned:cake,FIXED,r5@mu_D,-2.0,-2.9209518508305625,-2.8796656548030795,-2.8950134610372875,0.015347806234208061,False,0.16633605200146873
finetuned,finetuned:cake,FIXED,r5@mu_D,-1.0,-2.9209518508305625,-2.8796656548030795,-2.883307691604372,0.003642036801292381,False,0.14708865090968118
finetuned,finetuned:cake,FIXED,r5@mu_D,-0.5,-2.9209518508305625,-2.8796656548030795,-2.880194732121059,0.000529077317979354,False,0.14167493487161303
finetuned,finetuned:cake,FIXED,r5@mu_D,0.5,-2.9209518508305625,-2.8796656548030795,-2.880873884473528,0.0012082296704485351,False,0.13899980012386565
finetuned,finetuned:cake,FIXED,r5@mu_D,1.0,-2.9209518508305625,-2.8796656548030795,-2.884019480811225,0.004353826008145489,False,0.14161630637115902
finetuned,finetuned:cake,FIXED,r5@mu_D,2.0,-2.9209518508305625,-2.8796656548030795,-2.896350769769578,0.016685114966498382,False,0.155319926048082
finetuned,finetuned:cake,FIXED,r5@mu_D,4.0,-2.9209518508305625,-2.8796656548030795,-2.951603753226144,0.07193809842306464,False,0.22334453132417467
finetuned,finetuned:cake,PROJ_matched,r5@mu_D,,-2.9209518508305625,-2.8796656548030795,-2.881645929245722,0.0019802744426424823,False,0.14121594788536193
finetuned,finetuned:cake,PROJ_meanclamp,r5@mu_D,,-2.9209518508305625,-2.8796656548030795,-2.8798892687237454,0.00022361392066594377,False,0.14028903605445983
base,base,PROJ_meanclamp,r5@mu_D,,-2.9209518508305625,-2.8796656548030795,-2.9212780452909923,0.00032619446042980726,False,0.00202315101503498
finetuned,finetuned:cake,FIXED,r5@mu_D_par,-4.0,-2.9209518508305625,-2.8796656548030795,-2.926260895199246,0.04659524039616647,False,0.21353028028730361
finetuned,finetuned:cake,FIXED,r5@mu_D_par,-2.0,-2.9209518508305625,-2.8796656548030795,-2.890107994987851,0.010442340184771748,False,0.15883102492680626
finetuned,finetuned:cake,FIXED,r5@mu_D_par,-1.0,-2.9209518508305625,-2.8796656548030795,-2.882040954771496,0.0023752999684165665,False,0.1450564314921697
finetuned,finetuned:cake,FIXED,r5@mu_D_par,-0.5,-2.9209518508305625,-2.8796656548030795,-2.880138427492172,0.00047277268909251546,False,0.14115408961735074
finetuned,finetuned:cake,FIXED,r5@mu_D_par,0.5,-2.9209518508305625,-2.8796656548030795,-2.880914029620943,0.0012483748178633292,False,0.1388594214878385
finetuned,finetuned:cake,FIXED,r5@mu_D_par,1.0,-2.9209518508305625,-2.8796656548030795,-2.88287850031777,0.0032128455146906987,False,0.14040785341981857
finetuned,finetuned:cake,FIXED,r5@mu_D_par,2.0,-2.9209518508305625,-2.8796656548030795,-2.8918253580729165,0.012159703269837063,False,0.14960066406499772
finetuned,finetuned:cake,FIXED,r5@mu_D_par,4.0,-2.9209518508305625,-2.8796656548030795,-2.9284945366874573,0.04882888188437784,False,0.1946301062901815
finetuned,finetuned:cake,PROJ_matched,r5@mu_D_par,,-2.9209518508305625,-2.8796656548030795,-2.8816908124893432,0.0020251576862637677,False,0.14115148404287914
finetuned,finetuned:cake,PROJ_meanclamp,r5@mu_D_par,,-2.9209518508305625,-2.8796656548030795,-2.8800340985494945,0.0003684437464150925,False,0.1402583268899766
base,base,PROJ_meanclamp,r5@mu_D_par,,-2.9209518508305625,-2.8796656548030795,-2.9211809597318132,0.0002291089012507186,False,0.0020300199440310873
finetuned,finetuned:cake,FIXED,r5@mu_D_perp_native,-4.0,-2.9209518508305625,-2.8796656548030795,-2.8980561967880005,0.01839054198492107,False,0.1714669664700826
finetuned,finetuned:cake,FIXED,r5@mu_D_perp_native,-2.0,-2.9209518508305625,-2.8796656548030795,-2.8836217986212835,0.003956143818204083,False,0.14842929513681502
finetuned,finetuned:cake,FIXED,r5@mu_D_perp_native,-1.0,-2.9209518508305625,-2.8796656548030795,-2.8803790258982827,0.0007133710952031969,False,0.14206185274653965
finetuned,finetuned:cake,FIXED,r5@mu_D_perp_native,-0.5,-2.9209518508305625,-2.8796656548030795,-2.8802005374242388,0.000534882621159305,False,0.1401025059204253
finetuned,finetuned:cake,FIXED,r5@mu_D_perp_native,0.5,-2.9209518508305625,-2.8796656548030795,-2.8800014541262673,0.00033579932318783534,False,0.13862347106138864
finetuned,finetuned:cake,FIXED,r5@mu_D_perp_native,1.0,-2.9209518508305625,-2.8796656548030795,-2.8811094344608366,0.001443779657757105,False,0.13914265542749374
finetuned,finetuned:cake,FIXED,r5@mu_D_perp_native,2.0,-2.9209518508305625,-2.8796656548030795,-2.8847560655503046,0.00509041074722516,False,0.14228725196823241
finetuned,finetuned:cake,FIXED,r5@mu_D_perp_native,4.0,-2.9209518508305625,-2.8796656548030795,-2.9000059309459867,0.020340276142907232,False,0.15927825891782368
finetuned,finetuned:cake,PROJ_matched,r5@mu_D_perp_native,,-2.9209518508305625,-2.8796656548030795,-2.8816030214703274,0.001937366667247975,False,0.14115134709411198
finetuned,finetuned:cake,PROJ_meanclamp,r5@mu_D_perp_native,,-2.9209518508305625,-2.8796656548030795,-2.8801030280098083,0.0004373732067288749,False,0.14027012790006305
base,base,PROJ_meanclamp,r5@mu_D_perp_native,,-2.9209518508305625,-2.8796656548030795,-2.921203575437031,0.0002517246064686063,False,0.0020313638203319105
finetuned,finetuned:cake,FIXED,r6@mu_D,-4.0,-2.9209518508305625,-2.8796656548030795,-2.9349711357601107,0.05530548095703125,False,0.22767122302736556
finetuned,finetuned:cake,FIXED,r6@mu_D,-2.0,-2.9209518508305625,-2.8796656548030795,-2.8896585191999162,0.009992864396836776,False,0.16098456817959983
finetuned,finetuned:cake,FIXED,r6@mu_D,-1.0,-2.9209518508305625,-2.8796656548030795,-2.881161258334205,0.0014956035311257665,False,0.14524828630780418
finetuned,finetuned:cake,FIXED,r6@mu_D,-0.5,-2.9209518508305625,-2.8796656548030795,-2.879640579223633,-2.507557944664285e-05,False,0.14109311477532463
finetuned,finetuned:cake,FIXED,r6@mu_D,0.5,-2.9209518508305625,-2.8796656548030795,-2.8814508044530474,0.0017851496499678987,False,0.13915455909002394
finetuned,finetuned:cake,FIXED,r6@mu_D,1.0,-2.9209518508305625,-2.8796656548030795,-2.88438295939612,0.004717304593040428,False,0.14152672934153723
finetuned,finetuned:cake,FIXED,r6@mu_D,2.0,-2.9209518508305625,-2.8796656548030795,-2.8963222655038985,0.01665661070081903,False,0.15374072771223765
finetuned,finetuned:cake,FIXED,r6@mu_D,4.0,-2.9209518508305625,-2.8796656548030795,-2.9441726926773315,0.06450703787425205,False,0.21507564281660413
finetuned,finetuned:cake,PROJ_matched,r6@mu_D,,-2.9209518508305625,-2.8796656548030795,-2.8809030775039917,0.0012374227009122052,False,0.13970298592060332
finetuned,finetuned:cake,PROJ_meanclamp,r6@mu_D,,-2.9209518508305625,-2.8796656548030795,-2.8859564841739713,0.0062908293708918706,False,0.14493896540195222
base,base,PROJ_meanclamp,r6@mu_D,,-2.9209518508305625,-2.8796656548030795,-2.929904301961263,0.008952451130700645,False,0.009931204692711906
finetuned,finetuned:cake,FIXED,r6@mu_D_par,-4.0,-2.9209518508305625,-2.8796656548030795,-2.915034581744482,0.03536892694140237,False,0.19960371085575648
finetuned,finetuned:cake,FIXED,r6@mu_D_par,-2.0,-2.9209518508305625,-2.8796656548030795,-2.886398814973377,0.00673316017029757,False,0.1548104387900186
finetuned,finetuned:cake,FIXED,r6@mu_D_par,-1.0,-2.9209518508305625,-2.8796656548030795,-2.880871303497799,0.0012056486947193967,False,0.1437357888808326
finetuned,finetuned:cake,FIXED,r6@mu_D_par,-0.5,-2.9209518508305625,-2.8796656548030795,-2.8794847442990257,-0.0001809105040537773,False,0.1406305299864875
finetuned,finetuned:cake,FIXED,r6@mu_D_par,0.5,-2.9209518508305625,-2.8796656548030795,-2.880840263669453,0.0011746088663735499,False,0.13889576802178036
finetuned,finetuned:cake,FIXED,r6@mu_D_par,1.0,-2.9209518508305625,-2.8796656548030795,-2.883723387642512,0.004057732839432671,False,0.14049782000836872
finetuned,finetuned:cake,FIXED,r6@mu_D_par,2.0,-2.9209518508305625,-2.8796656548030795,-2.8916403452555337,0.01197469045245425,False,0.14855690040285624
finetuned,finetuned:cake,FIXED,r6@mu_D_par,4.0,-2.9209518508305625,-2.8796656548030795,-2.9243706445845348,0.04470498978145532,False,0.18854384620984396
finetuned,finetuned:cake,PROJ_matched,r6@mu_D_par,,-2.9209518508305625,-2.8796656548030795,-2.880801374950106,0.0011357201470265643,False,0.139636963132828
finetuned,finetuned:cake,PROJ_meanclamp,r6@mu_D_par,,-2.9209518508305625,-2.8796656548030795,-2.886086176312159,0.006420521509079347,False,0.14494575394524467
base,base,PROJ_meanclamp,r6@mu_D_par,,-2.9209518508305625,-2.8796656548030795,-2.9300515386793347,0.009099687848772131,False,0.009933915432719957
finetuned,finetuned:cake,FIXED,r6@mu_D_perp_native,-4.0,-2.9209518508305625,-2.8796656548030795,-2.8925857771010626,0.012920122297983117,False,0.16512477161392333
finetuned,finetuned:cake,FIXED,r6@mu_D_perp_native,-2.0,-2.9209518508305625,-2.8796656548030795,-2.8818187183803983,0.0021530635773188145,False,0.14647793320436325
finetuned,finetuned:cake,FIXED,r6@mu_D_perp_native,-1.0,-2.9209518508305625,-2.8796656548030795,-2.879689890240866,2.4235437786401803e-05,False,0.14124211432441833
finetuned,finetuned:cake,FIXED,r6@mu_D_perp_native,-0.5,-2.9209518508305625,-2.8796656548030795,-2.8795725958687917,-9.3058934287793e-05,False,0.13985896347061036
finetuned,finetuned:cake,FIXED,r6@mu_D_perp_native,0.5,-2.9209518508305625,-2.8796656548030795,-2.880625505296011,0.0009598504929315688,False,0.1387916145816682
finetuned,finetuned:cake,FIXED,r6@mu_D_perp_native,1.0,-2.9209518508305625,-2.8796656548030795,-2.881690926022,0.002025271218920377,False,0.1392395929211662
finetuned,finetuned:cake,FIXED,r6@mu_D_perp_native,2.0,-2.9209518508305625,-2.8796656548030795,-2.8855535037933833,0.005887848990303812,False,0.14218605226940578
finetuned,finetuned:cake,FIXED,r6@mu_D_perp_native,4.0,-2.9209518508305625,-2.8796656548030795,-2.899043052915543,0.019377398112463418,False,0.15718978028448802
finetuned,finetuned:cake,PROJ_matched,r6@mu_D_perp_native,,-2.9209518508305625,-2.8796656548030795,-2.880864309886145,0.0011986550830656029,False,0.1397129436807027
finetuned,finetuned:cake,PROJ_meanclamp,r6@mu_D_perp_native,,-2.9209518508305625,-2.8796656548030795,-2.8857399168468656,0.006074262043786138,False,0.14500818484359318
base,base,PROJ_meanclamp,r6@mu_D_perp_native,,-2.9209518508305625,-2.8796656548030795,-2.930070657578726,0.009118806748163344,False,0.009924396502947996
finetuned,finetuned:cake,FIXED,r7@mu_D,-4.0,-2.9209518508305625,-2.8796656548030795,-2.9535952901083324,0.07392963530525298,False,0.24453280274830166
finetuned,finetuned:cake,FIXED,r7@mu_D,-2.0,-2.9209518508305625,-2.8796656548030795,-2.8976179304577054,0.017952275654625982,False,0.16781830314605956
finetuned,finetuned:cake,FIXED,r7@mu_D,-1.0,-2.9209518508305625,-2.8796656548030795,-2.8851121645125133,0.005446509709433833,False,0.14846123849588727
finetuned,finetuned:cake,FIXED,r7@mu_D,-0.5,-2.9209518508305625,-2.8796656548030795,-2.881829579671224,0.002163924868144651,False,0.14257858078631144
finetuned,finetuned:cake,FIXED,r7@mu_D,0.5,-2.9209518508305625,-2.8796656548030795,-2.8797954226297047,0.00012976782662521558,False,0.13770378038050637
finetuned,finetuned:cake,FIXED,r7@mu_D,1.0,-2.9209518508305625,-2.8796656548030795,-2.881659401787652,0.001993746984572553,False,0.13862868244685825
finetuned,finetuned:cake,FIXED,r7@mu_D,2.0,-2.9209518508305625,-2.8796656548030795,-2.889547552381243,0.009881897578163379,False,0.1468030112603354
finetuned,finetuned:cake,FIXED,r7@mu_D,4.0,-2.9209518508305625,-2.8796656548030795,-2.927355168357728,0.04768951355464868,False,0.1916045816171737
finetuned,finetuned:cake,PROJ_matched,r7@mu_D,,-2.9209518508305625,-2.8796656548030795,-2.8811655725751604,0.0014999177720809165,False,0.1406283090038905
finetuned,finetuned:cake,PROJ_meanclamp,r7@mu_D,,-2.9209518508305625,-2.8796656548030795,-2.880740491170732,0.0010748363676524875,False,0.14123384630869304
base,base,PROJ_meanclamp,r7@mu_D,,-2.9209518508305625,-2.8796656548030795,-2.922871952965146,0.0019201021345836011,False,0.003727416160501658
finetuned,finetuned:cake,FIXED,r7@mu_D_par,-4.0,-2.9209518508305625,-2.8796656548030795,-2.9300392847212535,0.05037362991817407,False,0.2130647273290725
finetuned,finetuned:cake,FIXED,r7@mu_D_par,-2.0,-2.9209518508305625,-2.8796656548030795,-2.8929011935279485,0.013235538724869045,False,0.16040063661242288
finetuned,finetuned:cake,FIXED,r7@mu_D_par,-1.0,-2.9209518508305625,-2.8796656548030795,-2.883601922837515,0.003936268034435475,False,0.1463643137424711
finetuned,finetuned:cake,FIXED,r7@mu_D_par,-0.5,-2.9209518508305625,-2.8796656548030795,-2.881246400257898,0.0015807454548184552,False,0.14184701655592238
finetuned,finetuned:cake,FIXED,r7@mu_D_par,0.5,-2.9209518508305625,-2.8796656548030795,-2.8796094939822243,-5.616082085513341e-05,False,0.13775955755559224
finetuned,finetuned:cake,FIXED,r7@mu_D_par,1.0,-2.9209518508305625,-2.8796656548030795,-2.8807901654924666,0.001124510689387126,False,0.1380216417804597
finetuned,finetuned:cake,FIXED,r7@mu_D_par,2.0,-2.9209518508305625,-2.8796656548030795,-2.8860637876722546,0.006398132869175122,False,0.14317012850254301
finetuned,finetuned:cake,FIXED,r7@mu_D_par,4.0,-2.9209518508305625,-2.8796656548030795,-2.9116541166154164,0.031988461812336944,False,0.17265261260289994
finetuned,finetuned:cake,PROJ_matched,r7@mu_D_par,,-2.9209518508305625,-2.8796656548030795,-2.8813413211277554,0.0016756663246759729,False,0.14058280795339553
finetuned,finetuned:cake,PROJ_meanclamp,r7@mu_D_par,,-2.9209518508305625,-2.8796656548030795,-2.8806637052505737,0.0009980504474942364,False,0.14123480613269504
base,base,PROJ_meanclamp,r7@mu_D_par,,-2.9209518508305625,-2.8796656548030795,-2.9229834647405717,0.002031613910009167,False,0.0037181020108243775
finetuned,finetuned:cake,FIXED,r7@mu_D_perp_native,-4.0,-2.9209518508305625,-2.8796656548030795,-2.901190659356496,0.021525004553416327,False,0.17264964277782138
finetuned,finetuned:cake,FIXED,r7@mu_D_perp_native,-2.0,-2.9209518508305625,-2.8796656548030795,-2.8860636968461293,0.006398042043049834,False,0.14980543463949172
finetuned,finetuned:cake,FIXED,r7@mu_D_perp_native,-1.0,-2.9209518508305625,-2.8796656548030795,-2.8816157598344105,0.0019501050313310841,False,0.14306340591301994
finetuned,finetuned:cake,FIXED,r7@mu_D_perp_native,-0.5,-2.9209518508305625,-2.8796656548030795,-2.880289365374853,0.0006237105717734615,False,0.14067111767473675
finetuned,finetuned:cake,FIXED,r7@mu_D_perp_native,0.5,-2.9209518508305625,-2.8796656548030795,-2.8795569510686967,-0.0001087037343827646,False,0.1380190792537871
finetuned,finetuned:cake,FIXED,r7@mu_D_perp_native,1.0,-2.9209518508305625,-2.8796656548030795,-2.879954602983263,0.00028894818018354584,False,0.13762083436761582
finetuned,finetuned:cake,FIXED,r7@mu_D_perp_native,2.0,-2.9209518508305625,-2.8796656548030795,-2.8819248638455828,0.0022592090425033184,False,0.13898865452834538
finetuned,finetuned:cake,FIXED,r7@mu_D_perp_native,4.0,-2.9209518508305625,-2.8796656548030795,-2.8919068896581255,0.012241234855046024,False,0.14938604500558642
finetuned,finetuned:cake,PROJ_matched,r7@mu_D_perp_native,,-2.9209518508305625,-2.8796656548030795,-2.881070129455082,0.001404474652002552,False,0.14067940934309883
finetuned,finetuned:cake,PROJ_meanclamp,r7@mu_D_perp_native,,-2.9209518508305625,-2.8796656548030795,-2.8807191394624256,0.0010534846593461822,False,0.14128400669211433
base,base,PROJ_meanclamp,r7@mu_D_perp_native,,-2.9209518508305625,-2.8796656548030795,-2.9230507668994723,0.002098916068909773,False,0.0037159478949708126
finetuned,finetuned:cake,FIXED,r8@mu_D,-4.0,-2.9209518508305625,-2.8796656548030795,-2.940957614353725,0.06129195955064537,False,0.2097921489723145
finetuned,finetuned:cake,FIXED,r8@mu_D,-2.0,-2.9209518508305625,-2.8796656548030795,-2.8985108875093006,0.018845232706221182,False,0.15741367236016288
finetuned,finetuned:cake,FIXED,r8@mu_D,-1.0,-2.9209518508305625,-2.8796656548030795,-2.8865437583317832,0.006878103528703772,False,0.14420848233359201
finetuned,finetuned:cake,FIXED,r8@mu_D,-0.5,-2.9209518508305625,-2.8796656548030795,-2.8826902404664057,0.003024585663326196,False,0.1405473748842875
finetuned,finetuned:cake,FIXED,r8@mu_D,0.5,-2.9209518508305625,-2.8796656548030795,-2.878442158774724,-0.0012234960283552532,False,0.1394315998232554
finetuned,finetuned:cake,FIXED,r8@mu_D,1.0,-2.9209518508305625,-2.8796656548030795,-2.8784124510628835,-0.0012532037401959961,False,0.14190726313326094
finetuned,finetuned:cake,FIXED,r8@mu_D,2.0,-2.9209518508305625,-2.8796656548030795,-2.88300727662586,0.0033416218227806382,False,0.153594149010522
finetuned,finetuned:cake,FIXED,r8@mu_D,4.0,-2.9209518508305625,-2.8796656548030795,-2.9189891285366483,0.039323473733568814,False,0.2129690164611453
finetuned,finetuned:cake,PROJ_matched,r8@mu_D,,-2.9209518508305625,-2.8796656548030795,-2.88143985990494,0.0017742051018605487,False,0.1404755347304874
finetuned,finetuned:cake,PROJ_meanclamp,r8@mu_D,,-2.9209518508305625,-2.8796656548030795,-2.8811419653514077,0.0014763105483281969,False,0.14026302524975368
base,base,PROJ_meanclamp,r8@mu_D,,-2.9209518508305625,-2.8796656548030795,-2.9232593945094516,0.002307543678889079,False,0.0022207092796821914
finetuned,finetuned:cake,FIXED,r8@mu_D_par,-4.0,-2.9209518508305625,-2.8796656548030795,-2.924311887650263,0.0446462328471835,False,0.18853757873414054
finetuned,finetuned:cake,FIXED,r8@mu_D_par,-2.0,-2.9209518508305625,-2.8796656548030795,-2.8938653431241472,0.014199688321067772,False,0.15210776716943772
finetuned,finetuned:cake,FIXED,r8@mu_D_par,-1.0,-2.9209518508305625,-2.8796656548030795,-2.885298479171026,0.005632824367946654,False,0.1428075489543733
finetuned,finetuned:cake,FIXED,r8@mu_D_par,-0.5,-2.9209518508305625,-2.8796656548030795,-2.881814827994695,0.00214917319161545,False,0.14019956522517735
finetuned,finetuned:cake,FIXED,r8@mu_D_par,0.5,-2.9209518508305625,-2.8796656548030795,-2.878421965099516,-0.0012436897035632555,False,0.13913688867811172
finetuned,finetuned:cake,FIXED,r8@mu_D_par,1.0,-2.9209518508305625,-2.8796656548030795,-2.8780251684642972,-0.001640486338782221,False,0.14076616082872664
finetuned,finetuned:cake,FIXED,r8@mu_D_par,2.0,-2.9209518508305625,-2.8796656548030795,-2.8807845872546,0.0011189324515203936,False,0.14873936441209581
finetuned,finetuned:cake,FIXED,r8@mu_D_par,4.0,-2.9209518508305625,-2.8796656548030795,-2.9018767674764,0.022211112673320432,False,0.18684834478393433
finetuned,finetuned:cake,PROJ_matched,r8@mu_D_par,,-2.9209518508305625,-2.8796656548030795,-2.8813037418183827,0.0016380870153032134,False,0.14047471966062272
finetuned,finetuned:cake,PROJ_meanclamp,r8@mu_D_par,,-2.9209518508305625,-2.8796656548030795,-2.881125397152371,0.0014597423492914707,False,0.1402171284906448
base,base,PROJ_meanclamp,r8@mu_D_par,,-2.9209518508305625,-2.8796656548030795,-2.92326865877424,0.0023168079436772793,False,0.0022279116849873272
finetuned,finetuned:cake,FIXED,r8@mu_D_perp_native,-4.0,-2.9209518508305625,-2.8796656548030795,-2.9015464707026406,0.021880815899561146,False,0.16068702344856564
finetuned,finetuned:cake,FIXED,r8@mu_D_perp_native,-2.0,-2.9209518508305625,-2.8796656548030795,-2.8876237263755193,0.007958071572439884,False,0.14503380892768739
finetuned,finetuned:cake,FIXED,r8@mu_D_perp_native,-1.0,-2.9209518508305625,-2.8796656548030795,-2.8828754197983515,0.0032097649952720353,False,0.14081884991554988
finetuned,finetuned:cake,FIXED,r8@mu_D_perp_native,-0.5,-2.9209518508305625,-2.8796656548030795,-2.8810766083853587,0.001410953582279273,False,0.13959002944212112
finetuned,finetuned:cake,FIXED,r8@mu_D_perp_native,0.5,-2.9209518508305625,-2.8796656548030795,-2.879081438458155,-0.0005842163449245596,False,0.1389325178331799
finetuned,finetuned:cake,FIXED,r8@mu_D_perp_native,1.0,-2.9209518508305625,-2.8796656548030795,-2.8783122320023793,-0.0013534228007001659,False,0.13955886851227473
finetuned,finetuned:cake,FIXED,r8@mu_D_perp_native,2.0,-2.9209518508305625,-2.8796656548030795,-2.878757045382545,-0.0009086094205343898,False,0.14258985197733318
finetuned,finetuned:cake,FIXED,r8@mu_D_perp_native,4.0,-2.9209518508305625,-2.8796656548030795,-2.8848777271452404,0.005212072342160923,False,0.15684277647071415
finetuned,finetuned:cake,PROJ_matched,r8@mu_D_perp_native,,-2.9209518508305625,-2.8796656548030795,-2.881516933441162,0.001851278638082654,False,0.14049429221758766
finetuned,finetuned:cake,PROJ_meanclamp,r8@mu_D_perp_native,,-2.9209518508305625,-2.8796656548030795,-2.8811451139904203,0.0014794591873408258,False,0.14021766942644875
base,base,PROJ_meanclamp,r8@mu_D_perp_native,,-2.9209518508305625,-2.8796656548030795,-2.923233849661691,0.002281998831128451,False,0.0022231874329644062
finetuned,finetuned:cake,FIXED,r9@mu_D,-4.0,-2.9209518508305625,-2.8796656548030795,-2.929904279254732,0.05023862445165239,False,0.22658089229038783
finetuned,finetuned:cake,FIXED,r9@mu_D,-2.0,-2.9209518508305625,-2.8796656548030795,-2.8859519958496094,0.00628634104652992,False,0.1589480113415491
finetuned,finetuned:cake,FIXED,r9@mu_D,-1.0,-2.9209518508305625,-2.8796656548030795,-2.8794325041392494,-0.00023315066383000627,False,0.14401370949215359
finetuned,finetuned:cake,FIXED,r9@mu_D,-0.5,-2.9209518508305625,-2.8796656548030795,-2.8785856867593433,-0.0010799680437361125,False,0.14034975804979838
finetuned,finetuned:cake,FIXED,r9@mu_D,0.5,-2.9209518508305625,-2.8796656548030795,-2.8827347906809004,0.003069135877820983,False,0.13988077451312353
finetuned,finetuned:cake,FIXED,r9@mu_D,1.0,-2.9209518508305625,-2.8796656548030795,-2.887158825283959,0.007493170480879385,False,0.14298449574954927
finetuned,finetuned:cake,FIXED,r9@mu_D,2.0,-2.9209518508305625,-2.8796656548030795,-2.9021957866729253,0.02253013186984587,False,0.15613301689662631
finetuned,finetuned:cake,FIXED,r9@mu_D,4.0,-2.9209518508305625,-2.8796656548030795,-2.9562085696629117,0.07654291485983222,False,0.21556271021328274
finetuned,finetuned:cake,PROJ_matched,r9@mu_D,,-2.9209518508305625,-2.8796656548030795,-2.8811381355164545,0.001472480713375024,False,0.14058742565768106
finetuned,finetuned:cake,PROJ_meanclamp,r9@mu_D,,-2.9209518508305625,-2.8796656548030795,-2.8802015062362427,0.0005358514331632591,False,0.13978424550048887
base,base,PROJ_meanclamp,r9@mu_D,,-2.9209518508305625,-2.8796656548030795,-2.9209334509713307,-1.83998592317991e-05,False,0.0021085593967683732
finetuned,finetuned:cake,FIXED,r9@mu_D_par,-4.0,-2.9209518508305625,-2.8796656548030795,-2.910471159314352,0.03080550451127273,False,0.19797710199204702
finetuned,finetuned:cake,FIXED,r9@mu_D_par,-2.0,-2.9209518508305625,-2.8796656548030795,-2.883376091245621,0.0037104364425415426,False,0.15290182403155736
finetuned,finetuned:cake,FIXED,r9@mu_D_par,-1.0,-2.9209518508305625,-2.8796656548030795,-2.8786834913586814,-0.0009821634443980543,False,0.14255574629420326
finetuned,finetuned:cake,FIXED,r9@mu_D_par,-0.5,-2.9209518508305625,-2.8796656548030795,-2.8786545935131254,-0.001011061289954096,False,0.13994465862947797
finetuned,finetuned:cake,FIXED,r9@mu_D_par,0.5,-2.9209518508305625,-2.8796656548030795,-2.8818740012153747,0.002208346412295281,False,0.1395934366044544
finetuned,finetuned:cake,FIXED,r9@mu_D_par,1.0,-2.9209518508305625,-2.8796656548030795,-2.885822167472234,0.0061565126691545125,False,0.14175153322636136
finetuned,finetuned:cake,FIXED,r9@mu_D_par,2.0,-2.9209518508305625,-2.8796656548030795,-2.896236813257611,0.01657115845453161,False,0.1508575670775913
finetuned,finetuned:cake,FIXED,r9@mu_D_par,4.0,-2.9209518508305625,-2.8796656548030795,-2.933935377332899,0.05426972252981965,False,0.19039785909274268
finetuned,finetuned:cake,PROJ_matched,r9@mu_D_par,,-2.9209518508305625,-2.8796656548030795,-2.881306277381049,0.0016406225779697081,False,0.14064395687882864
finetuned,finetuned:cake,PROJ_meanclamp,r9@mu_D_par,,-2.9209518508305625,-2.8796656548030795,-2.880222312987797,0.0005566581847173957,False,0.1397749668075925
base,base,PROJ_meanclamp,r9@mu_D_par,,-2.9209518508305625,-2.8796656548030795,-2.920653978983561,-0.00029787184700147407,False,0.002104152925312519
finetuned,finetuned:cake,FIXED,r9@mu_D_perp_native,-4.0,-2.9209518508305625,-2.8796656548030795,-2.8885283167400058,0.008862661936926308,False,0.1629223260614607
finetuned,finetuned:cake,FIXED,r9@mu_D_perp_native,-2.0,-2.9209518508305625,-2.8796656548030795,-2.879659100184365,-6.554618714460503e-06,False,0.14492574641628872
finetuned,finetuned:cake,FIXED,r9@mu_D_perp_native,-1.0,-2.9209518508305625,-2.8796656548030795,-2.878661935291593,-0.0010037195114862563,False,0.140554265606971
finetuned,finetuned:cake,FIXED,r9@mu_D_perp_native,-0.5,-2.9209518508305625,-2.8796656548030795,-2.8789118358067105,-0.000753818996368949,False,0.13945982167645107
finetuned,finetuned:cake,FIXED,r9@mu_D_perp_native,0.5,-2.9209518508305625,-2.8796656548030795,-2.8809729606386214,0.0013073058355419498,False,0.13921188906071677
finetuned,finetuned:cake,FIXED,r9@mu_D_perp_native,1.0,-2.9209518508305625,-2.8796656548030795,-2.882980127183218,0.0033144723801386,False,0.14009103178977966
finetuned,finetuned:cake,FIXED,r9@mu_D_perp_native,2.0,-2.9209518508305625,-2.8796656548030795,-2.8884358481755332,0.008770193372453772,False,0.14379289202273837
finetuned,finetuned:cake,FIXED,r9@mu_D_perp_native,4.0,-2.9209518508305625,-2.8796656548030795,-2.905802681332543,0.02613702652946337,False,0.15967162189975617
finetuned,finetuned:cake,PROJ_matched,r9@mu_D_perp_native,,-2.9209518508305625,-2.8796656548030795,-2.8812673886617026,0.0016017338586231666,False,0.14066084675372592
finetuned,finetuned:cake,PROJ_meanclamp,r9@mu_D_perp_native,,-2.9209518508305625,-2.8796656548030795,-2.8798835164024714,0.00021786159939196637,False,0.13975288683459872
base,base,PROJ_meanclamp,r9@mu_D_perp_native,,-2.9209518508305625,-2.8796656548030795,-2.920816224718851,-0.00013562611171158423,False,0.0020991310455082427
finetuned,finetuned:cake,FIXED,r10@mu_D,-4.0,-2.9209518508305625,-2.8796656548030795,-2.9635150167677136,0.0838493619646341,False,0.21931243557778615
finetuned,finetuned:cake,FIXED,r10@mu_D,-2.0,-2.9209518508305625,-2.8796656548030795,-2.907339338272337,0.027673683469257693,False,0.1600172287887997
finetuned,finetuned:cake,FIXED,r10@mu_D,-1.0,-2.9209518508305625,-2.8796656548030795,-2.8904969805762883,0.010831325773208889,False,0.14512592743313502
finetuned,finetuned:cake,FIXED,r10@mu_D,-0.5,-2.9209518508305625,-2.8796656548030795,-2.8847029625423373,0.0050373077392578125,False,0.14097267176423753
finetuned,finetuned:cake,FIXED,r10@mu_D,0.5,-2.9209518508305625,-2.8796656548030795,-2.8768540791102817,-0.002811575692797774,False,0.13928184126104629
finetuned,finetuned:cake,FIXED,r10@mu_D,1.0,-2.9209518508305625,-2.8796656548030795,-2.875598286825513,-0.004067367977566239,False,0.14184050025447967
finetuned,finetuned:cake,FIXED,r10@mu_D,2.0,-2.9209518508305625,-2.8796656548030795,-2.8787923464699396,-0.0008733083331398106,False,0.15463143019449144
finetuned,finetuned:cake,FIXED,r10@mu_D,4.0,-2.9209518508305625,-2.8796656548030795,-2.9172338001311773,0.037568145328097824,False,0.21729206802353027
finetuned,finetuned:cake,PROJ_matched,r10@mu_D,,-2.9209518508305625,-2.8796656548030795,-2.880695108383421,0.0010294535803416771,False,0.1400399964953226
finetuned,finetuned:cake,PROJ_meanclamp,r10@mu_D,,-2.9209518508305625,-2.8796656548030795,-2.8813404204353454,0.0016747656322659843,False,0.13937831918398538
base,base,PROJ_meanclamp,r10@mu_D,,-2.9209518508305625,-2.8796656548030795,-2.92306065180945,0.0021088009788874373,False,0.0016985395331940954
finetuned,finetuned:cake,FIXED,r10@mu_D_par,-4.0,-2.9209518508305625,-2.8796656548030795,-2.941219246576703,0.061553591773623406,False,0.19513175837577335
finetuned,finetuned:cake,FIXED,r10@mu_D_par,-2.0,-2.9209518508305625,-2.8796656548030795,-2.901163108765133,0.02149745396205338,False,0.1541750104654403
finetuned,finetuned:cake,FIXED,r10@mu_D_par,-1.0,-2.9209518508305625,-2.8796656548030795,-2.8882898149036227,0.008624160100543232,False,0.14355583654509652
finetuned,finetuned:cake,FIXED,r10@mu_D_par,-0.5,-2.9209518508305625,-2.8796656548030795,-2.8834113242134216,0.003745669410342156,False,0.14052120063986098
finetuned,finetuned:cake,FIXED,r10@mu_D_par,0.5,-2.9209518508305625,-2.8796656548030795,-2.877423392401801,-0.0022422624012783388,False,0.13912467753130292
finetuned,finetuned:cake,FIXED,r10@mu_D_par,1.0,-2.9209518508305625,-2.8796656548030795,-2.875615119934082,-0.004050534868997424,False,0.14082960666172087
finetuned,finetuned:cake,FIXED,r10@mu_D_par,2.0,-2.9209518508305625,-2.8796656548030795,-2.8769611555432517,-0.0027044992598277418,False,0.14929473116284325
finetuned,finetuned:cake,FIXED,r10@mu_D_par,4.0,-2.9209518508305625,-2.8796656548030795,-2.8988374377053883,0.01917178290230881,False,0.19044118173538693
finetuned,finetuned:cake,PROJ_matched,r10@mu_D_par,,-2.9209518508305625,-2.8796656548030795,-2.880794404044984,0.0011287492419045364,False,0.1400348035589097
finetuned,finetuned:cake,PROJ_meanclamp,r10@mu_D_par,,-2.9209518508305625,-2.8796656548030795,-2.8812201439388216,0.0015544891357421875,False,0.13937151029942527
base,base,PROJ_meanclamp,r10@mu_D_par,,-2.9209518508305625,-2.8796656548030795,-2.9228901787409707,0.0019383279104081552,False,0.0017027352744388201
finetuned,finetuned:cake,FIXED,r10@mu_D_perp_native,-4.0,-2.9209518508305625,-2.8796656548030795,-2.9106947202531117,0.031029065450032256,False,0.16385902913789901
finetuned,finetuned:cake,FIXED,r10@mu_D_perp_native,-2.0,-2.9209518508305625,-2.8796656548030795,-2.891639921400282,0.011974266597202465,False,0.14613927333127885
finetuned,finetuned:cake,FIXED,r10@mu_D_perp_native,-1.0,-2.9209518508305625,-2.8796656548030795,-2.8853131627279613,0.005647507924881889,False,0.14125644593011766
finetuned,finetuned:cake,FIXED,r10@mu_D_perp_native,-0.5,-2.9209518508305625,-2.8796656548030795,-2.8820625259762718,0.0023968711731923165,False,0.13983675766558873
finetuned,finetuned:cake,FIXED,r10@mu_D_perp_native,0.5,-2.9209518508305625,-2.8796656548030795,-2.8779162603711326,-0.0017493944319468824,False,0.13887086368742443
finetuned,finetuned:cake,FIXED,r10@mu_D_perp_native,1.0,-2.9209518508305625,-2.8796656548030795,-2.8767974792964877,-0.002868175506591797,False,0.13952416962101347
finetuned,finetuned:cake,FIXED,r10@mu_D_perp_native,2.0,-2.9209518508305625,-2.8796656548030795,-2.8753496276007757,-0.004316027202303729,False,0.14261436225875976
finetuned,finetuned:cake,FIXED,r10@mu_D_perp_native,4.0,-2.9209518508305625,-2.8796656548030795,-2.8805324312240357,0.0008667764209562279,False,0.15812672651003276
finetuned,finetuned:cake,PROJ_matched,r10@mu_D_perp_native,,-2.9209518508305625,-2.8796656548030795,-2.880758156852117,0.001092502049037325,False,0.14000334673457676
finetuned,finetuned:cake,PROJ_meanclamp,r10@mu_D_perp_native,,-2.9209518508305625,-2.8796656548030795,-2.881130998096769,0.001465343293689525,False,0.13940738661894722
base,base,PROJ_meanclamp,r10@mu_D_perp_native,,-2.9209518508305625,-2.8796656548030795,-2.9229893078879705,0.0020374570574079875,False,0.0017047573087943925
finetuned,finetuned:cake,FIXED,r11@mu_D,-4.0,-2.9209518508305625,-2.8796656548030795,-2.93503909640842,0.055373441605340634,False,0.21253932421169583
finetuned,finetuned:cake,FIXED,r11@mu_D,-2.0,-2.9209518508305625,-2.8796656548030795,-2.8922331068250866,0.012567452022007153,False,0.15507050166054379
finetuned,finetuned:cake,FIXED,r11@mu_D,-1.0,-2.9209518508305625,-2.8796656548030795,-2.8829975657992892,0.003331910996209775,False,0.14291728228803666
finetuned,finetuned:cake,FIXED,r11@mu_D,-0.5,-2.9209518508305625,-2.8796656548030795,-2.880686252836197,0.0010205980331177145,False,0.1399732364548577
finetuned,finetuned:cake,FIXED,r11@mu_D,0.5,-2.9209518508305625,-2.8796656548030795,-2.8801646838112482,0.0004990290081687832,False,0.13996590058954936
finetuned,finetuned:cake,FIXED,r11@mu_D,1.0,-2.9209518508305625,-2.8796656548030795,-2.882077459305052,0.0024118045019725365,False,0.14263646943228586
finetuned,finetuned:cake,FIXED,r11@mu_D,2.0,-2.9209518508305625,-2.8796656548030795,-2.889592299385676,0.009926644582596733,False,0.15389341139604176
finetuned,finetuned:cake,FIXED,r11@mu_D,4.0,-2.9209518508305625,-2.8796656548030795,-2.925046375819615,0.04538072101653556,False,0.20404639272462755
finetuned,finetuned:cake,PROJ_matched,r11@mu_D,,-2.9209518508305625,-2.8796656548030795,-2.8815229658096557,0.0018573110065762677,False,0.1405887414538671
finetuned,finetuned:cake,PROJ_meanclamp,r11@mu_D,,-2.9209518508305625,-2.8796656548030795,-2.87978086017427,0.00011520537119036334,False,0.14013930114488754
base,base,PROJ_meanclamp,r11@mu_D,,-2.9209518508305625,-2.8796656548030795,-2.921050260937403,9.841010684041862e-05,False,0.001992761685941664
finetuned,finetuned:cake,FIXED,r11@mu_D_par,-4.0,-2.9209518508305625,-2.8796656548030795,-2.91633179074242,0.03666613593934054,False,0.18776854778093005
finetuned,finetuned:cake,FIXED,r11@mu_D_par,-2.0,-2.9209518508305625,-2.8796656548030795,-2.888331125652979,0.008665470849899659,False,0.15025157445953005
finetuned,finetuned:cake,FIXED,r11@mu_D_par,-1.0,-2.9209518508305625,-2.8796656548030795,-2.8824524652390253,0.0027868104359458634,False,0.14173150204476856
finetuned,finetuned:cake,FIXED,r11@mu_D_par,-0.5,-2.9209518508305625,-2.8796656548030795,-2.880473152039543,0.0008074972364635613,False,0.1397086949575515
finetuned,finetuned:cake,FIXED,r11@mu_D_par,0.5,-2.9209518508305625,-2.8796656548030795,-2.879947488270109,0.00028183346702936873,False,0.13966096133466752
finetuned,finetuned:cake,FIXED,r11@mu_D_par,1.0,-2.9209518508305625,-2.8796656548030795,-2.8810915038699196,0.001425849066840179,False,0.141597622916812
finetuned,finetuned:cake,FIXED,r11@mu_D_par,2.0,-2.9209518508305625,-2.8796656548030795,-2.886488407377213,0.0068227525741333395,False,0.14941704793581886
finetuned,finetuned:cake,FIXED,r11@mu_D_par,4.0,-2.9209518508305625,-2.8796656548030795,-2.910219215211414,0.03055356040833468,False,0.18284928089096433
finetuned,finetuned:cake,PROJ_matched,r11@mu_D_par,,-2.9209518508305625,-2.8796656548030795,-2.881763564215766,0.002097909412686505,False,0.1406028154823515
finetuned,finetuned:cake,PROJ_meanclamp,r11@mu_D_par,,-2.9209518508305625,-2.8796656548030795,-2.879676243615529,1.0588812449530138e-05,False,0.14017855624357858
base,base,PROJ_meanclamp,r11@mu_D_par,,-2.9209518508305625,-2.8796656548030795,-2.9212020162552124,0.0002501654246498397,False,0.0019935747601150995
finetuned,finetuned:cake,FIXED,r11@mu_D_perp_native,-4.0,-2.9209518508305625,-2.8796656548030795,-2.894398015642923,0.01473236083984375,False,0.15841574493854765
finetuned,finetuned:cake,FIXED,r11@mu_D_perp_native,-2.0,-2.9209518508305625,-2.8796656548030795,-2.883646843925355,0.00398118912227563,False,0.14363931497884175
finetuned,finetuned:cake,FIXED,r11@mu_D_perp_native,-1.0,-2.9209518508305625,-2.8796656548030795,-2.880632922762916,0.000967267959836704,False,0.14021156113299113
finetuned,finetuned:cake,FIXED,r11@mu_D_perp_native,-0.5,-2.9209518508305625,-2.8796656548030795,-2.87980047861735,0.00013482381427065704,False,0.13929714640927693
finetuned,finetuned:cake,FIXED,r11@mu_D_perp_native,0.5,-2.9209518508305625,-2.8796656548030795,-2.880101461259146,0.0004358064560663344,False,0.13923145452189067
finetuned,finetuned:cake,FIXED,r11@mu_D_perp_native,1.0,-2.9209518508305625,-2.8796656548030795,-2.880752026088654,0.00108637128557465,False,0.14004020771336934
finetuned,finetuned:cake,FIXED,r11@mu_D_perp_native,2.0,-2.9209518508305625,-2.8796656548030795,-2.8825174589005726,0.0028518040974931935,False,0.1433915782069403
finetuned,finetuned:cake,FIXED,r11@mu_D_perp_native,4.0,-2.9209518508305625,-2.8796656548030795,-2.8918519398522755,0.012186285049196055,False,0.15698403049082982
finetuned,finetuned:cake,PROJ_matched,r11@mu_D_perp_native,,-2.9209518508305625,-2.8796656548030795,-2.8816505689469594,0.0019849141438799123,False,0.14061926967567867
finetuned,finetuned:cake,PROJ_meanclamp,r11@mu_D_perp_native,,-2.9209518508305625,-2.8796656548030795,-2.879835355849493,0.00016970104641345074,False,0.14018352660867903
base,base,PROJ_meanclamp,r11@mu_D_perp_native,,-2.9209518508305625,-2.8796656548030795,-2.921034396640838,8.25458102755583e-05,False,0.0020035263742246325
finetuned,finetuned:cake,FIXED,r12@mu_D,-4.0,-2.9209518508305625,-2.8796656548030795,-2.9261526380266463,0.04648698322356681,False,0.19524690556147742
finetuned,finetuned:cake,FIXED,r12@mu_D,-2.0,-2.9209518508305625,-2.8796656548030795,-2.8845682976737854,0.004902642870705964,False,0.1439001221978475
finetuned,finetuned:cake,FIXED,r12@mu_D,-1.0,-2.9209518508305625,-2.8796656548030795,-2.877827863844614,-0.0018377909584654795,False,0.13641578976124052
finetuned,finetuned:cake,FIXED,r12@mu_D,-0.5,-2.9209518508305625,-2.8796656548030795,-2.8779453928508456,-0.001720261952233848,False,0.13642870788536374
finetuned,finetuned:cake,FIXED,r12@mu_D,0.5,-2.9209518508305625,-2.8796656548030795,-2.883494218190511,0.0038285633874317604,False,0.14409958985116747
finetuned,finetuned:cake,FIXED,r12@mu_D,1.0,-2.9209518508305625,-2.8796656548030795,-2.8894379782298256,0.009772323426746166,False,0.15176487323783694
finetuned,finetuned:cake,FIXED,r12@mu_D,2.0,-2.9209518508305625,-2.8796656548030795,-2.9082981442648266,0.028632489461747124,False,0.17574841446346706
finetuned,finetuned:cake,FIXED,r12@mu_D,4.0,-2.9209518508305625,-2.8796656548030795,-2.980968793233236,0.10130313843015637,False,0.26766448172311935
finetuned,finetuned:cake,PROJ_matched,r12@mu_D,,-2.9209518508305625,-2.8796656548030795,-2.8814723529512922,0.0018066981482127709,False,0.14038062284863184
finetuned,finetuned:cake,PROJ_meanclamp,r12@mu_D,,-2.9209518508305625,-2.8796656548030795,-2.880066372099377,0.0004007172962974259,False,0.1399561074518022
base,base,PROJ_meanclamp,r12@mu_D,,-2.9209518508305625,-2.8796656548030795,-2.9230857728019592,0.002133921971396724,False,0.002215180882356233
finetuned,finetuned:cake,FIXED,r12@mu_D_par,-4.0,-2.9209518508305625,-2.8796656548030795,-2.9076045505584234,0.027938895755343918,False,0.17217371908445206
finetuned,finetuned:cake,FIXED,r12@mu_D_par,-2.0,-2.9209518508305625,-2.8796656548030795,-2.881304385170104,0.0016387303670244435,False,0.14019482783854953
finetuned,finetuned:cake,FIXED,r12@mu_D_par,-1.0,-2.9209518508305625,-2.8796656548030795,-2.8777217259482732,-0.0019439288548062095,False,0.13606787461137015
finetuned,finetuned:cake,FIXED,r12@mu_D_par,-0.5,-2.9209518508305625,-2.8796656548030795,-2.8778977394104004,-0.0017679153926790647,False,0.1365812328599748
finetuned,finetuned:cake,FIXED,r12@mu_D_par,0.5,-2.9209518508305625,-2.8796656548030795,-2.8828811494130937,0.0032154946100142467,False,0.14314598720225077
finetuned,finetuned:cake,FIXED,r12@mu_D_par,1.0,-2.9209518508305625,-2.8796656548030795,-2.887293194967603,0.007627540164523605,False,0.1491061049321341
finetuned,finetuned:cake,FIXED,r12@mu_D_par,2.0,-2.9209518508305625,-2.8796656548030795,-2.9011391987876287,0.02147354398454926,False,0.16666357715924582
finetuned,finetuned:cake,FIXED,r12@mu_D_par,4.0,-2.9209518508305625,-2.8796656548030795,-2.95081299070328,0.07114733590020039,False,0.22954975234137642
finetuned,finetuned:cake,PROJ_matched,r12@mu_D_par,,-2.9209518508305625,-2.8796656548030795,-2.881316964588468,0.0016513097853887437,False,0.14033695014696274
finetuned,finetuned:cake,PROJ_meanclamp,r12@mu_D_par,,-2.9209518508305625,-2.8796656548030795,-2.880067128983755,0.0004014741806757094,False,0.13992767792845529
base,base,PROJ_meanclamp,r12@mu_D_par,,-2.9209518508305625,-2.8796656548030795,-2.923070794060117,0.0021189432295543043,False,0.002216715698263475
finetuned,finetuned:cake,FIXED,r12@mu_D_perp_native,-4.0,-2.9209518508305625,-2.8796656548030795,-2.887066780574738,0.007401125771658634,False,0.14646111712569282
finetuned,finetuned:cake,FIXED,r12@mu_D_perp_native,-2.0,-2.9209518508305625,-2.8796656548030795,-2.878179391225179,-0.0014862635779002709,False,0.13657281323084755
finetuned,finetuned:cake,FIXED,r12@mu_D_perp_native,-1.0,-2.9209518508305625,-2.8796656548030795,-2.877825926220606,-0.0018397285824733878,False,0.13628744582335153
finetuned,finetuned:cake,FIXED,r12@mu_D_perp_native,-0.5,-2.9209518508305625,-2.8796656548030795,-2.878502338651627,-0.001163316151452598,False,0.137345056448664
finetuned,finetuned:cake,FIXED,r12@mu_D_perp_native,0.5,-2.9209518508305625,-2.8796656548030795,-2.8814615824865917,0.0017959276835122218,False,0.1415139361033364
finetuned,finetuned:cake,FIXED,r12@mu_D_perp_native,1.0,-2.9209518508305625,-2.8796656548030795,-2.883842839135064,0.0041771843319846624,False,0.1447268504472006
finetuned,finetuned:cake,FIXED,r12@mu_D_perp_native,2.0,-2.9209518508305625,-2.8796656548030795,-2.890907946087065,0.011242291283985573,False,0.15357066880142878
finetuned,finetuned:cake,FIXED,r12@mu_D_perp_native,4.0,-2.9209518508305625,-2.8796656548030795,-2.912678453657362,0.03301279885428254,False,0.18163992961247763
finetuned,finetuned:cake,PROJ_matched,r12@mu_D_perp_native,,-2.9209518508305625,-2.8796656548030795,-2.8813772655668712,0.0017116107637917821,False,0.14041309673634786
finetuned,finetuned:cake,PROJ_meanclamp,r12@mu_D_perp_native,,-2.9209518508305625,-2.8796656548030795,-2.8801687936934215,0.0005031388903420364,False,0.13995442835111466
base,base,PROJ_meanclamp,r12@mu_D_perp_native,,-2.9209518508305625,-2.8796656548030795,-2.9229879000830272,0.0020360492524647,False,0.0022139600884642395
finetuned,finetuned:cake,FIXED,r13@mu_D,-4.0,-2.9209518508305625,-2.8796656548030795,-2.92912719363258,0.04946153882950055,False,0.21038111145534213
finetuned,finetuned:cake,FIXED,r13@mu_D,-2.0,-2.9209518508305625,-2.8796656548030795,-2.8908993630182174,0.011233708215137916,False,0.1555882403774867
finetuned,finetuned:cake,FIXED,r13@mu_D,-1.0,-2.9209518508305625,-2.8796656548030795,-2.8827530315944125,0.003087376791333085,False,0.14329660861265092
finetuned,finetuned:cake,FIXED,r13@mu_D,-0.5,-2.9209518508305625,-2.8796656548030795,-2.8805121164473277,0.0008464616442482864,False,0.14026237716750492
finetuned,finetuned:cake,FIXED,r13@mu_D,0.5,-2.9209518508305625,-2.8796656548030795,-2.8805777383229088,0.0009120835198292987,False,0.13977466641910494
finetuned,finetuned:cake,FIXED,r13@mu_D,1.0,-2.9209518508305625,-2.8796656548030795,-2.8821199583628823,0.0024543035598028062,False,0.142295915929098
finetuned,finetuned:cake,FIXED,r13@mu_D,2.0,-2.9209518508305625,-2.8796656548030795,-2.890446254185268,0.010780599382188338,False,0.1536364299910409
finetuned,finetuned:cake,FIXED,r13@mu_D,4.0,-2.9209518508305625,-2.8796656548030795,-2.9292704340011353,0.04960477919805584,False,0.20743120047781202
finetuned,finetuned:cake,PROJ_matched,r13@mu_D,,-2.9209518508305625,-2.8796656548030795,-2.881413906339615,0.0017482515365356832,False,0.1406567113267051
finetuned,finetuned:cake,PROJ_meanclamp,r13@mu_D,,-2.9209518508305625,-2.8796656548030795,-2.8816111125643293,0.0019454577612498802,False,0.14041018296801855
base,base,PROJ_meanclamp,r13@mu_D,,-2.9209518508305625,-2.8796656548030795,-2.922961325872512,0.0020094750419494822,False,0.002112776403211885
finetuned,finetuned:cake,FIXED,r13@mu_D_par,-4.0,-2.9209518508305625,-2.8796656548030795,-2.913260505312965,0.03359485050988553,False,0.1873467162487999
finetuned,finetuned:cake,FIXED,r13@mu_D_par,-2.0,-2.9209518508305625,-2.8796656548030795,-2.8876703428843666,0.008004688081287181,False,0.15056282210917699
finetuned,finetuned:cake,FIXED,r13@mu_D_par,-1.0,-2.9209518508305625,-2.8796656548030795,-2.8813202191912937,0.001654564388214208,False,0.1420552557896054
finetuned,finetuned:cake,FIXED,r13@mu_D_par,-0.5,-2.9209518508305625,-2.8796656548030795,-2.880097979591006,0.0004323247879267633,False,0.1398168837740308
finetuned,finetuned:cake,FIXED,r13@mu_D_par,0.5,-2.9209518508305625,-2.8796656548030795,-2.8801307678222656,0.00046511301918616965,False,0.13953541503066108
finetuned,finetuned:cake,FIXED,r13@mu_D_par,1.0,-2.9209518508305625,-2.8796656548030795,-2.8817216252523754,0.002055970449295952,False,0.1413477931230787
finetuned,finetuned:cake,FIXED,r13@mu_D_par,2.0,-2.9209518508305625,-2.8796656548030795,-2.887370896717859,0.007705241914779393,False,0.1489661063939806
finetuned,finetuned:cake,FIXED,r13@mu_D_par,4.0,-2.9209518508305625,-2.8796656548030795,-2.9124950302971735,0.03282937549409404,False,0.18431445719703796
finetuned,finetuned:cake,PROJ_matched,r13@mu_D_par,,-2.9209518508305625,-2.8796656548030795,-2.881639972565666,0.001974317762586608,False,0.14064990717267234
finetuned,finetuned:cake,PROJ_meanclamp,r13@mu_D_par,,-2.9209518508305625,-2.8796656548030795,-2.881639495728508,0.001973840925428405,False,0.1404248738572711
base,base,PROJ_meanclamp,r13@mu_D_par,,-2.9209518508305625,-2.8796656548030795,-2.922927160111685,0.0019753092811223283,False,0.002116978109355957
finetuned,finetuned:cake,FIXED,r13@mu_D_perp_native,-4.0,-2.9209518508305625,-2.8796656548030795,-2.8932779024517727,0.013612247648693288,False,0.15887317345255897
finetuned,finetuned:cake,FIXED,r13@mu_D_perp_native,-2.0,-2.9209518508305625,-2.8796656548030795,-2.8831351522415405,0.0034694974384610333,False,0.14404828207833426
finetuned,finetuned:cake,FIXED,r13@mu_D_perp_native,-1.0,-2.9209518508305625,-2.8796656548030795,-2.8805958884102956,0.0009302336072161133,False,0.1404176964646294
finetuned,finetuned:cake,FIXED,r13@mu_D_perp_native,-0.5,-2.9209518508305625,-2.8796656548030795,-2.879672118595668,6.463792588728978e-06,False,0.13940052404290154
finetuned,finetuned:cake,FIXED,r13@mu_D_perp_native,0.5,-2.9209518508305625,-2.8796656548030795,-2.8798314654637895,0.0001658106607100862,False,0.13928202338634976
finetuned,finetuned:cake,FIXED,r13@mu_D_perp_native,1.0,-2.9209518508305625,-2.8796656548030795,-2.880551580398802,0.0008859255957225365,False,0.13978599816087692
finetuned,finetuned:cake,FIXED,r13@mu_D_perp_native,2.0,-2.9209518508305625,-2.8796656548030795,-2.8830119920155357,0.003346337212456252,False,0.14300971868492307
finetuned,finetuned:cake,FIXED,r13@mu_D_perp_native,4.0,-2.9209518508305625,-2.8796656548030795,-2.892802730439201,0.013137075636121764,False,0.15676010506493704
finetuned,finetuned:cake,PROJ_matched,r13@mu_D_perp_native,,-2.9209518508305625,-2.8796656548030795,-2.881247777787466,0.0015821229843866469,False,0.1406480989285878
finetuned,finetuned:cake,PROJ_meanclamp,r13@mu_D_perp_native,,-2.9209518508305625,-2.8796656548030795,-2.8815462551419695,0.0018806003388900372,False,0.14037615723080105
base,base,PROJ_meanclamp,r13@mu_D_perp_native,,-2.9209518508305625,-2.8796656548030795,-2.9228039469037737,0.0018520960732111291,False,0.0021168591181141517
finetuned,finetuned:cake,FIXED,r14@mu_D,-4.0,-2.9209518508305625,-2.8796656548030795,-2.9181086903526667,0.03844303554958728,False,0.2130073086609916
finetuned,finetuned:cake,FIXED,r14@mu_D,-2.0,-2.9209518508305625,-2.8796656548030795,-2.8770929442511664,-0.0025727105519131044,False,0.14822251952829815
finetuned,finetuned:cake,FIXED,r14@mu_D,-1.0,-2.9209518508305625,-2.8796656548030795,-2.8737209410894486,-0.0059447137136308115,False,0.13740511002048614
finetuned,finetuned:cake,FIXED,r14@mu_D,-0.5,-2.9209518508305625,-2.8796656548030795,-2.87561773875403,-0.004047916049049416,False,0.13670219386380816
finetuned,finetuned:cake,FIXED,r14@mu_D,0.5,-2.9209518508305625,-2.8796656548030795,-2.886211145491827,0.006545490688747435,False,0.14457439950534276
finetuned,finetuned:cake,FIXED,r14@mu_D,1.0,-2.9209518508305625,-2.8796656548030795,-2.895049920157781,0.015384265354701387,False,0.15322559646197728
finetuned,finetuned:cake,FIXED,r14@mu_D,2.0,-2.9209518508305625,-2.8796656548030795,-2.9203290333823553,0.04066337857927582,False,0.1814802378889114
finetuned,finetuned:cake,FIXED,r14@mu_D,4.0,-2.9209518508305625,-2.8796656548030795,-3.010891800835019,0.13122614603193972,False,0.2903294009821756
finetuned,finetuned:cake,PROJ_matched,r14@mu_D,,-2.9209518508305625,-2.8796656548030795,-2.882011882842533,0.002346228039453724,False,0.14134656602428072
finetuned,finetuned:cake,PROJ_meanclamp,r14@mu_D,,-2.9209518508305625,-2.8796656548030795,-2.8811605695694213,0.0014949147663418927,False,0.1413661821020974
base,base,PROJ_meanclamp,r14@mu_D,,-2.9209518508305625,-2.8796656548030795,-2.9213135355994817,0.00036168476891917933,False,0.0025395543669306095
finetuned,finetuned:cake,FIXED,r14@mu_D_par,-4.0,-2.9209518508305625,-2.8796656548030795,-2.898629498860193,0.018963844057113377,False,0.1844735150299375
finetuned,finetuned:cake,FIXED,r14@mu_D_par,-2.0,-2.9209518508305625,-2.8796656548030795,-2.8749379127744645,-0.004727742028614923,False,0.14334492811134883
finetuned,finetuned:cake,FIXED,r14@mu_D_par,-1.0,-2.9209518508305625,-2.8796656548030795,-2.873958504389203,-0.005707150413876594,False,0.13684516057135568
finetuned,finetuned:cake,FIXED,r14@mu_D_par,-0.5,-2.9209518508305625,-2.8796656548030795,-2.8761805958218045,-0.0034850589812749355,False,0.13686115093647488
finetuned,finetuned:cake,FIXED,r14@mu_D_par,0.5,-2.9209518508305625,-2.8796656548030795,-2.885003158024379,0.0053375032212996665,False,0.14340961239640676
finetuned,finetuned:cake,FIXED,r14@mu_D_par,1.0,-2.9209518508305625,-2.8796656548030795,-2.8915586622934493,0.011893007490369811,False,0.1499894933095054
finetuned,finetuned:cake,FIXED,r14@mu_D_par,2.0,-2.9209518508305625,-2.8796656548030795,-2.9107851830739824,0.03111952827090292,False,0.17045749700258647
finetuned,finetuned:cake,FIXED,r14@mu_D_par,4.0,-2.9209518508305625,-2.8796656548030795,-2.9741804940359935,0.09451483923291404,False,0.24604579191359263
finetuned,finetuned:cake,PROJ_matched,r14@mu_D_par,,-2.9209518508305625,-2.8796656548030795,-2.882353835635715,0.002688180832635556,False,0.14128033296456413
finetuned,finetuned:cake,PROJ_meanclamp,r14@mu_D_par,,-2.9209518508305625,-2.8796656548030795,-2.8812982468377974,0.0016325920347179945,False,0.14134664833545685
base,base,PROJ_meanclamp,r14@mu_D_par,,-2.9209518508305625,-2.8796656548030795,-2.9213858937460278,0.000434042915465227,False,0.002532092510678229
finetuned,finetuned:cake,FIXED,r14@mu_D_perp_native,-4.0,-2.9209518508305625,-2.8796656548030795,-2.879022060878693,-0.0006435939243862876,False,0.15175852770843204
finetuned,finetuned:cake,FIXED,r14@mu_D_perp_native,-2.0,-2.9209518508305625,-2.8796656548030795,-2.873601277669271,-0.006064377133808474,False,0.13791283870500232
finetuned,finetuned:cake,FIXED,r14@mu_D_perp_native,-1.0,-2.9209518508305625,-2.8796656548030795,-2.8752017475309826,-0.00446390727209689,False,0.13667123350832197
finetuned,finetuned:cake,FIXED,r14@mu_D_perp_native,-0.5,-2.9209518508305625,-2.8796656548030795,-2.877260170285664,-0.0024054845174155126,False,0.13733085540551987
finetuned,finetuned:cake,FIXED,r14@mu_D_perp_native,0.5,-2.9209518508305625,-2.8796656548030795,-2.882825669788179,0.0031600149850996573,False,0.14161565592364658
finetuned,finetuned:cake,FIXED,r14@mu_D_perp_native,1.0,-2.9209518508305625,-2.8796656548030795,-2.88668239684332,0.007016742040240498,False,0.1451414759669985
finetuned,finetuned:cake,FIXED,r14@mu_D_perp_native,2.0,-2.9209518508305625,-2.8796656548030795,-2.896871801406618,0.017206146603538475,False,0.15520756159509932
finetuned,finetuned:cake,FIXED,r14@mu_D_perp_native,4.0,-2.9209518508305625,-2.8796656548030795,-2.9261729982164173,0.04650734341333784,False,0.18853000468677944
finetuned,finetuned:cake,PROJ_matched,r14@mu_D_perp_native,,-2.9209518508305625,-2.8796656548030795,-2.8821796311272516,0.0025139763241721624,False,0.14133488658874754
finetuned,finetuned:cake,PROJ_meanclamp,r14@mu_D_perp_native,,-2.9209518508305625,-2.8796656548030795,-2.8811818758646646,0.0015162210615851102,False,0.141357098070402
base,base,PROJ_meanclamp,r14@mu_D_perp_native,,-2.9209518508305625,-2.8796656548030795,-2.9214521514044867,0.0005003005739241395,False,0.002537723257398558
finetuned,finetuned:cake,FIXED,r15@mu_D,-4.0,-2.9209518508305625,-2.8796656548030795,-2.9406053679330006,0.06093971312992119,False,0.21585725224207317
finetuned,finetuned:cake,FIXED,r15@mu_D,-2.0,-2.9209518508305625,-2.8796656548030795,-2.8943512326195124,0.014685577816432982,False,0.15577737017283363
finetuned,finetuned:cake,FIXED,r15@mu_D,-1.0,-2.9209518508305625,-2.8796656548030795,-2.884000611683679,0.004334956880599705,False,0.14290371537208557
finetuned,finetuned:cake,FIXED,r15@mu_D,-0.5,-2.9209518508305625,-2.8796656548030795,-2.881337120419457,0.0016714656163774322,False,0.13986449132836054
finetuned,finetuned:cake,FIXED,r15@mu_D,0.5,-2.9209518508305625,-2.8796656548030795,-2.879646346682594,-1.930812048556163e-05,False,0.14031103844680484
finetuned,finetuned:cake,FIXED,r15@mu_D,1.0,-2.9209518508305625,-2.8796656548030795,-2.88053137915475,0.0008657243516707602,False,0.1436925847378988
finetuned,finetuned:cake,FIXED,r15@mu_D,2.0,-2.9209518508305625,-2.8796656548030795,-2.8876442455110096,0.007978590707930167,False,0.1573194840124675
finetuned,finetuned:cake,FIXED,r15@mu_D,4.0,-2.9209518508305625,-2.8796656548030795,-2.9202579089573453,0.04059225415426582,False,0.21613285040098523
finetuned,finetuned:cake,PROJ_matched,r15@mu_D,,-2.9209518508305625,-2.8796656548030795,-2.8812630819895912,0.0015974271865117906,False,0.14076897265419128
finetuned,finetuned:cake,PROJ_meanclamp,r15@mu_D,,-2.9209518508305625,-2.8796656548030795,-2.8791109342423695,-0.0005547205607099315,False,0.14077271875881014
base,base,PROJ_meanclamp,r15@mu_D,,-2.9209518508305625,-2.8796656548030795,-2.9201763319590737,-0.0007755188714888561,False,0.0024973269633298354
finetuned,finetuned:cake,FIXED,r15@mu_D_par,-4.0,-2.9209518508305625,-2.8796656548030795,-2.9208968783181812,0.04123122351510178,False,0.19054136815525236
finetuned,finetuned:cake,FIXED,r15@mu_D_par,-2.0,-2.9209518508305625,-2.8796656548030795,-2.890468355209108,0.010802700406028709,False,0.15059901537403228
finetuned,finetuned:cake,FIXED,r15@mu_D_par,-1.0,-2.9209518508305625,-2.8796656548030795,-2.8828688803173246,0.0032032255142451227,False,0.14160728691116212
finetuned,finetuned:cake,FIXED,r15@mu_D_par,-0.5,-2.9209518508305625,-2.8796656548030795,-2.881131618741959,0.0014659639388794332,False,0.1395548657765464
finetuned,finetuned:cake,FIXED,r15@mu_D_par,0.5,-2.9209518508305625,-2.8796656548030795,-2.879664648146856,-1.0066562232680099e-06,False,0.13992772783551896
finetuned,finetuned:cake,FIXED,r15@mu_D_par,1.0,-2.9209518508305625,-2.8796656548030795,-2.880053762405638,0.000388107602558474,False,0.1423904448747635
finetuned,finetuned:cake,FIXED,r15@mu_D_par,2.0,-2.9209518508305625,-2.8796656548030795,-2.8846460145617288,0.0049803597586493,False,0.1517911541556555
finetuned,finetuned:cake,FIXED,r15@mu_D_par,4.0,-2.9209518508305625,-2.8796656548030795,-2.9060648130992104,0.02639915829613093,False,0.1916066308816274
finetuned,finetuned:cake,PROJ_matched,r15@mu_D_par,,-2.9209518508305625,-2.8796656548030795,-2.8813405112614707,0.0016748564583912717,False,0.14078211831668067
finetuned,finetuned:cake,PROJ_meanclamp,r15@mu_D_par,,-2.9209518508305625,-2.8796656548030795,-2.879214165702699,-0.00045148910038061985,False,0.14079074537943279
base,base,PROJ_meanclamp,r15@mu_D_par,,-2.9209518508305625,-2.8796656548030795,-2.920199575878325,-0.0007522749522377303,False,0.0024991824979051238
finetuned,finetuned:cake,FIXED,r15@mu_D_perp_native,-4.0,-2.9209518508305625,-2.8796656548030795,-2.8972896697029236,0.01762401489984411,False,0.159467081228892
finetuned,finetuned:cake,FIXED,r15@mu_D_perp_native,-2.0,-2.9209518508305625,-2.8796656548030795,-2.8848258351522778,0.005160180349198296,False,0.14370248029156338
finetuned,finetuned:cake,FIXED,r15@mu_D_perp_native,-1.0,-2.9209518508305625,-2.8796656548030795,-2.881179241907029,0.001513587103949554,False,0.14005666001448555
finetuned,finetuned:cake,FIXED,r15@mu_D_perp_native,-0.5,-2.9209518508305625,-2.8796656548030795,-2.8802111262366887,0.0005454714336092792,False,0.1392315940724479
finetuned,finetuned:cake,FIXED,r15@mu_D_perp_native,0.5,-2.9209518508305625,-2.8796656548030795,-2.879190793113103,-0.0004748616899763469,False,0.13935544637460556
finetuned,finetuned:cake,FIXED,r15@mu_D_perp_native,1.0,-2.9209518508305625,-2.8796656548030795,-2.8796161924089705,-4.94623941089678e-05,False,0.14055888685915205
finetuned,finetuned:cake,FIXED,r15@mu_D_perp_native,2.0,-2.9209518508305625,-2.8796656548030795,-2.8816816617572116,0.002016006954132177,False,0.14450539577574956
finetuned,finetuned:cake,FIXED,r15@mu_D_perp_native,4.0,-2.9209518508305625,-2.8796656548030795,-2.889401004427955,0.009735349624875766,False,0.16092029781568618
finetuned,finetuned:cake,PROJ_matched,r15@mu_D_perp_native,,-2.9209518508305625,-2.8796656548030795,-2.88140807076106,0.0017424159579806364,False,0.1407660681103903
finetuned,finetuned:cake,PROJ_meanclamp,r15@mu_D_perp_native,,-2.9209518508305625,-2.8796656548030795,-2.8790778281196716,-0.0005878266834078438,False,0.14081367069766634
base,base,PROJ_meanclamp,r15@mu_D_perp_native,,-2.9209518508305625,-2.8796656548030795,-2.920146593971858,-0.0008052568587046949,False,0.0025013649895314185
finetuned,finetuned:cake,FIXED,r16@mu_D,-4.0,-2.9209518508305625,-2.8796656548030795,-2.920480962783571,0.0408153079804916,False,0.22955296389640323
finetuned,finetuned:cake,FIXED,r16@mu_D,-2.0,-2.9209518508305625,-2.8796656548030795,-2.883062968178401,0.0033973133753213425,False,0.16173835737364634
finetuned,finetuned:cake,FIXED,r16@mu_D,-1.0,-2.9209518508305625,-2.8796656548030795,-2.878157486991277,-0.0015081678118025188,False,0.1458478080374854
finetuned,finetuned:cake,FIXED,r16@mu_D,-0.5,-2.9209518508305625,-2.8796656548030795,-2.8777406253511946,-0.0019250294518848854,False,0.14131830585381341
finetuned,finetuned:cake,FIXED,r16@mu_D,0.5,-2.9209518508305625,-2.8796656548030795,-2.882950843326629,0.0032851885235496425,False,0.13878179093201956
finetuned,finetuned:cake,FIXED,r16@mu_D,1.0,-2.9209518508305625,-2.8796656548030795,-2.8873524514455644,0.00768679664248495,False,0.14059860389384013
finetuned,finetuned:cake,FIXED,r16@mu_D,2.0,-2.9209518508305625,-2.8796656548030795,-2.9009803363255093,0.02131468152242988,False,0.15051101763097066
finetuned,finetuned:cake,FIXED,r16@mu_D,4.0,-2.9209518508305625,-2.8796656548030795,-2.950050263177781,0.07038460837470151,False,0.2006495339529855
finetuned,finetuned:cake,PROJ_matched,r16@mu_D,,-2.9209518508305625,-2.8796656548030795,-2.881650992802211,0.0019853379991316977,False,0.14034857281616755
finetuned,finetuned:cake,PROJ_meanclamp,r16@mu_D,,-2.9209518508305625,-2.8796656548030795,-2.881321263691736,0.0016556088886563458,False,0.14142028727228678
base,base,PROJ_meanclamp,r16@mu_D,,-2.9209518508305625,-2.8796656548030795,-2.922030554877387,0.0010787040468245301,False,0.0034207847553290546
finetuned,finetuned:cake,FIXED,r16@mu_D_par,-4.0,-2.9209518508305625,-2.8796656548030795,-2.903107650696285,0.023441995893205725,False,0.20105986888446506
finetuned,finetuned:cake,FIXED,r16@mu_D_par,-2.0,-2.9209518508305625,-2.8796656548030795,-2.8806937459915405,0.0010280911884610333,False,0.15538748412851303
finetuned,finetuned:cake,FIXED,r16@mu_D_par,-1.0,-2.9209518508305625,-2.8796656548030795,-2.877663430713472,-0.002002224089607374,False,0.14407849903144535
finetuned,finetuned:cake,FIXED,r16@mu_D_par,-0.5,-2.9209518508305625,-2.8796656548030795,-2.878182123577784,-0.0014835312252956534,False,0.1408809529883521
finetuned,finetuned:cake,FIXED,r16@mu_D_par,0.5,-2.9209518508305625,-2.8796656548030795,-2.8823087253267805,0.002643070523701052,False,0.13858498349076226
finetuned,finetuned:cake,FIXED,r16@mu_D_par,1.0,-2.9209518508305625,-2.8796656548030795,-2.885961199563647,0.006295544760567484,False,0.13977481306545317
finetuned,finetuned:cake,FIXED,r16@mu_D_par,2.0,-2.9209518508305625,-2.8796656548030795,-2.8962162714155895,0.016550616612510005,False,0.14635191100930411
finetuned,finetuned:cake,FIXED,r16@mu_D_par,4.0,-2.9209518508305625,-2.8796656548030795,-2.9303979343838162,0.05073227958073678,False,0.17927328083250257
finetuned,finetuned:cake,PROJ_matched,r16@mu_D_par,,-2.9209518508305625,-2.8796656548030795,-2.881707849956694,0.002042195153614479,False,0.1403465803180422
finetuned,finetuned:cake,PROJ_meanclamp,r16@mu_D_par,,-2.9209518508305625,-2.8796656548030795,-2.8811749352349176,0.001509280431838178,False,0.1414576250882376
base,base,PROJ_meanclamp,r16@mu_D_par,,-2.9209518508305625,-2.8796656548030795,-2.92197058692811,0.0010187360975475457,False,0.003416923340409994
finetuned,finetuned:cake,FIXED,r16@mu_D_perp_native,-4.0,-2.9209518508305625,-2.8796656548030795,-2.8845802110338967,0.0049145562308172686,False,0.16576659064444285
finetuned,finetuned:cake,FIXED,r16@mu_D_perp_native,-2.0,-2.9209518508305625,-2.8796656548030795,-2.878138194008479,-0.0015274607946005325,False,0.1469202907312484
finetuned,finetuned:cake,FIXED,r16@mu_D_perp_native,-1.0,-2.9209518508305625,-2.8796656548030795,-2.8777395505753773,-0.001926104227702119,False,0.14165081769701035
finetuned,finetuned:cake,FIXED,r16@mu_D_perp_native,-0.5,-2.9209518508305625,-2.8796656548030795,-2.8786084084283736,-0.0010572463747058336,False,0.13999041725718786
finetuned,finetuned:cake,FIXED,r16@mu_D_perp_native,0.5,-2.9209518508305625,-2.8796656548030795,-2.881040610964336,0.001374956161256602,False,0.1386499684008341
finetuned,finetuned:cake,FIXED,r16@mu_D_perp_native,1.0,-2.9209518508305625,-2.8796656548030795,-2.8831522653973294,0.003486610594249928,False,0.13882207752220213
finetuned,finetuned:cake,FIXED,r16@mu_D_perp_native,2.0,-2.9209518508305625,-2.8796656548030795,-2.888410310896616,0.008744656093536474,False,0.141165862244273
finetuned,finetuned:cake,FIXED,r16@mu_D_perp_native,4.0,-2.9209518508305625,-2.8796656548030795,-2.9045863151550293,0.02492066035194984,False,0.15347979939173137
finetuned,finetuned:cake,PROJ_matched,r16@mu_D_perp_native,,-2.9209518508305625,-2.8796656548030795,-2.8818117626129633,0.0021461078098838904,False,0.14032662600751908
finetuned,finetuned:cake,PROJ_meanclamp,r16@mu_D_perp_native,,-2.9209518508305625,-2.8796656548030795,-2.8812953706771607,0.0016297158740812279,False,0.14145626482509432
base,base,PROJ_meanclamp,r16@mu_D_perp_native,,-2.9209518508305625,-2.8796656548030795,-2.921915341937353,0.0009634911067903928,False,0.0034139048980755936
finetuned,finetuned:cake,FIXED,r17@mu_D,-4.0,-2.9209518508305625,-2.8796656548030795,-2.9826487889365545,0.10298313413347504,False,0.23392608241429405
finetuned,finetuned:cake,FIXED,r17@mu_D,-2.0,-2.9209518508305625,-2.8796656548030795,-2.9118118286132812,0.032146173810201795,False,0.16372015646525792
finetuned,finetuned:cake,FIXED,r17@mu_D,-1.0,-2.9209518508305625,-2.8796656548030795,-2.8919971405513705,0.012331485748291016,False,0.1462131372046849
finetuned,finetuned:cake,FIXED,r17@mu_D,-0.5,-2.9209518508305625,-2.8796656548030795,-2.8844760561746265,0.004810401371547091,False,0.14118510532000708
finetuned,finetuned:cake,FIXED,r17@mu_D,0.5,-2.9209518508305625,-2.8796656548030795,-2.8766722225007557,-0.0029934323023237397,False,0.1395226035799299
finetuned,finetuned:cake,FIXED,r17@mu_D,1.0,-2.9209518508305625,-2.8796656548030795,-2.876605821034265,-0.0030598337688143573,False,0.14297005794351064
finetuned,finetuned:cake,FIXED,r17@mu_D,2.0,-2.9209518508305625,-2.8796656548030795,-2.882763711232988,0.003098056429908347,False,0.15982504259972347
finetuned,finetuned:cake,FIXED,r17@mu_D,4.0,-2.9209518508305625,-2.8796656548030795,-2.932363222515772,0.05269756771269263,False,0.2389785675775437
finetuned,finetuned:cake,PROJ_matched,r17@mu_D,,-2.9209518508305625,-2.8796656548030795,-2.8813563074384416,0.0016906526353621665,False,0.14037460325256226
finetuned,finetuned:cake,PROJ_meanclamp,r17@mu_D,,-2.9209518508305625,-2.8796656548030795,-2.882023614550394,0.002357959747314453,False,0.1408250057508075
base,base,PROJ_meanclamp,r17@mu_D,,-2.9209518508305625,-2.8796656548030795,-2.922969485086108,0.002017634255545353,False,0.002141846643228616
finetuned,finetuned:cake,FIXED,r17@mu_D_par,-4.0,-2.9209518508305625,-2.8796656548030795,-2.954452181619311,0.07478652681623155,False,0.20507438315285575
finetuned,finetuned:cake,FIXED,r17@mu_D_par,-2.0,-2.9209518508305625,-2.8796656548030795,-2.9044719499254983,0.02480629512241883,False,0.15687178240882027
finetuned,finetuned:cake,FIXED,r17@mu_D_par,-1.0,-2.9209518508305625,-2.8796656548030795,-2.8893868279835533,0.00972117318047383,False,0.14435806397407774
finetuned,finetuned:cake,FIXED,r17@mu_D_par,-0.5,-2.9209518508305625,-2.8796656548030795,-2.8837720326014926,0.004106377798413163,False,0.14071820179621378
finetuned,finetuned:cake,FIXED,r17@mu_D_par,0.5,-2.9209518508305625,-2.8796656548030795,-2.8774142643762013,-0.0022513904268781637,False,0.13915183454278915
finetuned,finetuned:cake,FIXED,r17@mu_D_par,1.0,-2.9209518508305625,-2.8796656548030795,-2.876262142544701,-0.003403512258378427,False,0.14155865945513285
finetuned,finetuned:cake,FIXED,r17@mu_D_par,2.0,-2.9209518508305625,-2.8796656548030795,-2.879563535962786,-0.00010211884029365237,False,0.15291620649042584
finetuned,finetuned:cake,FIXED,r17@mu_D_par,4.0,-2.9209518508305625,-2.8796656548030795,-2.910360472542899,0.030694817739819413,False,0.20622161125379895
finetuned,finetuned:cake,PROJ_matched,r17@mu_D_par,,-2.9209518508305625,-2.8796656548030795,-2.8812280609494163,0.0015624061463368477,False,0.14031769193354107
finetuned,finetuned:cake,PROJ_meanclamp,r17@mu_D_par,,-2.9209518508305625,-2.8796656548030795,-2.881842635926746,0.0021769811236667103,False,0.1407808086701802
base,base,PROJ_meanclamp,r17@mu_D_par,,-2.9209518508305625,-2.8796656548030795,-2.9230645800393726,0.0021127292088101157,False,0.0021372431342209144
finetuned,finetuned:cake,FIXED,r17@mu_D_perp_native,-4.0,-2.9209518508305625,-2.8796656548030795,-2.9168251658242847,0.037159511021205294,False,0.16813115326185074
finetuned,finetuned:cake,FIXED,r17@mu_D_perp_native,-2.0,-2.9209518508305625,-2.8796656548030795,-2.89342619123913,0.013760536436050685,False,0.14740103412242161
finetuned,finetuned:cake,FIXED,r17@mu_D_perp_native,-1.0,-2.9209518508305625,-2.8796656548030795,-2.8853091815161327,0.005643526713053237,False,0.1416300350711459
finetuned,finetuned:cake,FIXED,r17@mu_D_perp_native,-0.5,-2.9209518508305625,-2.8796656548030795,-2.882516406831287,0.002850752028207726,False,0.1398946586109343
finetuned,finetuned:cake,FIXED,r17@mu_D_perp_native,0.5,-2.9209518508305625,-2.8796656548030795,-2.877716745649065,-0.0019489091540143555,False,0.13887364689319853
finetuned,finetuned:cake,FIXED,r17@mu_D_perp_native,1.0,-2.9209518508305625,-2.8796656548030795,-2.87675316371615,-0.0029124910869295917,False,0.13970152040322623
finetuned,finetuned:cake,FIXED,r17@mu_D_perp_native,2.0,-2.9209518508305625,-2.8796656548030795,-2.876458463214693,-0.003207191588386671,False,0.14408025949720352
finetuned,finetuned:cake,FIXED,r17@mu_D_perp_native,4.0,-2.9209518508305625,-2.8796656548030795,-2.885539175972106,0.005873521169026397,False,0.1646574182169778
finetuned,finetuned:cake,PROJ_matched,r17@mu_D_perp_native,,-2.9209518508305625,-2.8796656548030795,-2.881435303460984,0.0017696486579046322,False,0.14040212687991915
finetuned,finetuned:cake,PROJ_meanclamp,r17@mu_D_perp_native,,-2.9209518508305625,-2.8796656548030795,-2.881868453252883,0.0022027984498036446,False,0.1407915006081263
base,base,PROJ_meanclamp,r17@mu_D_perp_native,,-2.9209518508305625,-2.8796656548030795,-2.922872952052525,0.001921101221962651,False,0.002131551382176223
finetuned,finetuned:cake,FIXED,r18@mu_D,-4.0,-2.9209518508305625,-2.8796656548030795,-2.9281016455756292,0.048435990772549786,False,0.22589486979302906
finetuned,finetuned:cake,FIXED,r18@mu_D,-2.0,-2.9209518508305625,-2.8796656548030795,-2.8857888948349726,0.006123240031893129,False,0.15582136242162614
finetuned,finetuned:cake,FIXED,r18@mu_D,-1.0,-2.9209518508305625,-2.8796656548030795,-2.879383859180269,-0.00028179562281049897,False,0.1426345053173247
finetuned,finetuned:cake,FIXED,r18@mu_D,-0.5,-2.9209518508305625,-2.8796656548030795,-2.8788157796102856,-0.0008498751927938919,False,0.13971207657503704
finetuned,finetuned:cake,FIXED,r18@mu_D,0.5,-2.9209518508305625,-2.8796656548030795,-2.882436578235929,0.0027709234328496812,False,0.14039845220626346
finetuned,finetuned:cake,FIXED,r18@mu_D,1.0,-2.9209518508305625,-2.8796656548030795,-2.88610935968066,0.006443704877580725,False,0.1440163365905247
finetuned,finetuned:cake,FIXED,r18@mu_D,2.0,-2.9209518508305625,-2.8796656548030795,-2.897640281253391,0.017974626450311337,False,0.15693147196656182
finetuned,finetuned:cake,FIXED,r18@mu_D,4.0,-2.9209518508305625,-2.8796656548030795,-2.9409339163038464,0.06126826150076692,False,0.2099141421772185
finetuned,finetuned:cake,PROJ_matched,r18@mu_D,,-2.9209518508305625,-2.8796656548030795,-2.8807334445771717,0.001067789774092276,False,0.13991175473682463
finetuned,finetuned:cake,PROJ_meanclamp,r18@mu_D,,-2.9209518508305625,-2.8796656548030795,-2.8802502117459734,0.0005845569428939434,False,0.1411293520340844
base,base,PROJ_meanclamp,r18@mu_D,,-2.9209518508305625,-2.8796656548030795,-2.921363005562434,0.000411154731871477,False,0.00253844202407414
finetuned,finetuned:cake,FIXED,r18@mu_D_par,-4.0,-2.9209518508305625,-2.8796656548030795,-2.9080537690056696,0.02838811420259013,False,0.19459949079014005
finetuned,finetuned:cake,FIXED,r18@mu_D_par,-2.0,-2.9209518508305625,-2.8796656548030795,-2.8827220371791293,0.003056382376049882,False,0.1503459182050493
finetuned,finetuned:cake,FIXED,r18@mu_D_par,-1.0,-2.9209518508305625,-2.8796656548030795,-2.878790113661024,-0.0008755411420553472,False,0.1414087497525745
finetuned,finetuned:cake,FIXED,r18@mu_D_par,-0.5,-2.9209518508305625,-2.8796656548030795,-2.878879675789485,-0.0007859790135946731,False,0.13945341606934866
finetuned,finetuned:cake,FIXED,r18@mu_D_par,0.5,-2.9209518508305625,-2.8796656548030795,-2.881837481544131,0.0021718267410517633,False,0.14012771797558618
finetuned,finetuned:cake,FIXED,r18@mu_D_par,1.0,-2.9209518508305625,-2.8796656548030795,-2.8846533866155717,0.004987731812492235,False,0.1425444209386432
finetuned,finetuned:cake,FIXED,r18@mu_D_par,2.0,-2.9209518508305625,-2.8796656548030795,-2.893006438300723,0.01334078349764356,False,0.15178168080155813
finetuned,finetuned:cake,FIXED,r18@mu_D_par,4.0,-2.9209518508305625,-2.8796656548030795,-2.923457857162233,0.04379220235915371,False,0.1883343377756694
finetuned,finetuned:cake,PROJ_matched,r18@mu_D_par,,-2.9209518508305625,-2.8796656548030795,-2.880625876169356,0.0009602213662764925,False,0.13990637186973814
finetuned,finetuned:cake,PROJ_meanclamp,r18@mu_D_par,,-2.9209518508305625,-2.8796656548030795,-2.8803028833298456,0.0006372285267661759,False,0.14114024927691807
base,base,PROJ_meanclamp,r18@mu_D_par,,-2.9209518508305625,-2.8796656548030795,-2.9214611053466797,0.0005092545161171635,False,0.0025267875938129332
finetuned,finetuned:cake,FIXED,r18@mu_D_perp_native,-4.0,-2.9209518508305625,-2.8796656548030795,-2.8876592166840083,0.007993561880928812,False,0.15965810607350062
finetuned,finetuned:cake,FIXED,r18@mu_D_perp_native,-2.0,-2.9209518508305625,-2.8796656548030795,-2.8797516444372753,8.598963419581551e-05,False,0.1433854599793752
finetuned,finetuned:cake,FIXED,r18@mu_D_perp_native,-1.0,-2.9209518508305625,-2.8796656548030795,-2.8785345289442272,-0.0011311258588522222,False,0.13976525550796873
finetuned,finetuned:cake,FIXED,r18@mu_D_perp_native,-0.5,-2.9209518508305625,-2.8796656548030795,-2.8790610782683843,-0.0006045765346951448,False,0.13905298544300926
finetuned,finetuned:cake,FIXED,r18@mu_D_perp_native,0.5,-2.9209518508305625,-2.8796656548030795,-2.8811151035248286,0.0014494487217491248,False,0.1395025889551829
finetuned,finetuned:cake,FIXED,r18@mu_D_perp_native,1.0,-2.9209518508305625,-2.8796656548030795,-2.882680718860929,0.0030150640578496812,False,0.14073562172670212
finetuned,finetuned:cake,FIXED,r18@mu_D_perp_native,2.0,-2.9209518508305625,-2.8796656548030795,-2.8868858852083723,0.007220230405292849,False,0.14481243396562243
finetuned,finetuned:cake,FIXED,r18@mu_D_perp_native,4.0,-2.9209518508305625,-2.8796656548030795,-2.9004985340057856,0.020832879202706156,False,0.16028240890729994
finetuned,finetuned:cake,PROJ_matched,r18@mu_D_perp_native,,-2.9209518508305625,-2.8796656548030795,-2.880726602342394,0.0010609475393144052,False,0.1399526082807117
finetuned,finetuned:cake,PROJ_meanclamp,r18@mu_D_perp_native,,-2.9209518508305625,-2.8796656548030795,-2.8803301463051447,0.0006644915020652675,False,0.1411506604580652
base,base,PROJ_meanclamp,r18@mu_D_perp_native,,-2.9209518508305625,-2.8796656548030795,-2.92123015721639,0.00027830638582759804,False,0.0025358788210839505
finetuned,finetuned:cake,FIXED,r19@mu_D,-4.0,-2.9209518508305625,-2.8796656548030795,-2.975176735529824,0.09551108072674452,False,0.25047938123581903
finetuned,finetuned:cake,FIXED,r19@mu_D,-2.0,-2.9209518508305625,-2.8796656548030795,-2.9057503957597035,0.026084740956624053,False,0.16634136107232836
finetuned,finetuned:cake,FIXED,r19@mu_D,-1.0,-2.9209518508305625,-2.8796656548030795,-2.8889343927777005,0.009268737974621022,False,0.14728471258329967
finetuned,finetuned:cake,FIXED,r19@mu_D,-0.5,-2.9209518508305625,-2.8796656548030795,-2.88335166658674,0.003686011783660348,False,0.14192641893076519
finetuned,finetuned:cake,FIXED,r19@mu_D,0.5,-2.9209518508305625,-2.8796656548030795,-2.8780751076955644,-0.0015905471075150501,False,0.1384172642987872
finetuned,finetuned:cake,FIXED,r19@mu_D,1.0,-2.9209518508305625,-2.8796656548030795,-2.8777585180978926,-0.0019071367051868293,False,0.14005387893744878
finetuned,finetuned:cake,FIXED,r19@mu_D,2.0,-2.9209518508305625,-2.8796656548030795,-2.8822100124661882,0.002544357663108787,False,0.14979388174556552
finetuned,finetuned:cake,FIXED,r19@mu_D,4.0,-2.9209518508305625,-2.8796656548030795,-2.9125452420068165,0.03287958720373707,False,0.19988853117776295
finetuned,finetuned:cake,PROJ_matched,r19@mu_D,,-2.9209518508305625,-2.8796656548030795,-2.880979379018148,0.0013137242150684791,False,0.14030515177855415
finetuned,finetuned:cake,PROJ_meanclamp,r19@mu_D,,-2.9209518508305625,-2.8796656548030795,-2.8813613331507124,0.0016956783476329562,False,0.13993428150812784
base,base,PROJ_meanclamp,r19@mu_D,,-2.9209518508305625,-2.8796656548030795,-2.923503625960577,0.0025517751300143665,False,0.00206327020368051
finetuned,finetuned:cake,FIXED,r19@mu_D_par,-4.0,-2.9209518508305625,-2.8796656548030795,-2.94588655895657,0.06622090415349069,False,0.21416717341967992
finetuned,finetuned:cake,FIXED,r19@mu_D_par,-2.0,-2.9209518508305625,-2.8796656548030795,-2.8993405009072926,0.019674846104213106,False,0.15884744293159908
finetuned,finetuned:cake,FIXED,r19@mu_D_par,-1.0,-2.9209518508305625,-2.8796656548030795,-2.8867673949589805,0.007101740155901037,False,0.14521036025077577
finetuned,finetuned:cake,FIXED,r19@mu_D_par,-0.5,-2.9209518508305625,-2.8796656548030795,-2.882627903469025,0.0029622486659457437,False,0.14124678855850584
finetuned,finetuned:cake,FIXED,r19@mu_D_par,0.5,-2.9209518508305625,-2.8796656548030795,-2.8778420932709223,-0.0018235615321571252,False,0.13835027317206064
finetuned,finetuned:cake,FIXED,r19@mu_D_par,1.0,-2.9209518508305625,-2.8796656548030795,-2.877344252571227,-0.0023214022318525096,False,0.13929688764943016
finetuned,finetuned:cake,FIXED,r19@mu_D_par,2.0,-2.9209518508305625,-2.8796656548030795,-2.8797877856663296,0.00012213086325019162,False,0.14557441832527282
finetuned,finetuned:cake,FIXED,r19@mu_D_par,4.0,-2.9209518508305625,-2.8796656548030795,-2.8988925767323326,0.019226921929253127,False,0.17874099574391805
finetuned,finetuned:cake,PROJ_matched,r19@mu_D_par,,-2.9209518508305625,-2.8796656548030795,-2.8809633936200822,0.0012977388170027915,False,0.14029191694562398
finetuned,finetuned:cake,PROJ_meanclamp,r19@mu_D_par,,-2.9209518508305625,-2.8796656548030795,-2.88138084562998,0.0017151908269004146,False,0.1399492375434391
base,base,PROJ_meanclamp,r19@mu_D_par,,-2.9209518508305625,-2.8796656548030795,-2.9234651156834195,0.0025132648528569668,False,0.0020612718441361
finetuned,finetuned:cake,FIXED,r19@mu_D_perp_native,-4.0,-2.9209518508305625,-2.8796656548030795,-2.9096070092821877,0.029941354479108284,False,0.1713401878636981
finetuned,finetuned:cake,FIXED,r19@mu_D_perp_native,-2.0,-2.9209518508305625,-2.8796656548030795,-2.890004271552676,0.010338616749596685,False,0.14857201396472872
finetuned,finetuned:cake,FIXED,r19@mu_D_perp_native,-1.0,-2.9209518508305625,-2.8796656548030795,-2.883758438958062,0.004092784154982709,False,0.14230642408605607
finetuned,finetuned:cake,FIXED,r19@mu_D_perp_native,-0.5,-2.9209518508305625,-2.8796656548030795,-2.881628982604496,0.0019633278014166144,False,0.1402666831300372
finetuned,finetuned:cake,FIXED,r19@mu_D_perp_native,0.5,-2.9209518508305625,-2.8796656548030795,-2.878327278863816,-0.0013383759392633365,False,0.1382602947571921
finetuned,finetuned:cake,FIXED,r19@mu_D_perp_native,1.0,-2.9209518508305625,-2.8796656548030795,-2.877738400111123,-0.001927254691956648,False,0.1384142984946569
finetuned,finetuned:cake,FIXED,r19@mu_D_perp_native,2.0,-2.9209518508305625,-2.8796656548030795,-2.8776731869531056,-0.001992467849973867,False,0.14053920479047866
finetuned,finetuned:cake,FIXED,r19@mu_D_perp_native,4.0,-2.9209518508305625,-2.8796656548030795,-2.8831399281819663,0.0034742733788868385,False,0.15274177822801802
finetuned,finetuned:cake,PROJ_matched,r19@mu_D_perp_native,,-2.9209518508305625,-2.8796656548030795,-2.8811818380204457,0.0015161832173662404,False,0.14029755975518907
finetuned,finetuned:cake,PROJ_meanclamp,r19@mu_D_perp_native,,-2.9209518508305625,-2.8796656548030795,-2.881391199808272,0.001725545005192508,False,0.13993766620045617
base,base,PROJ_meanclamp,r19@mu_D_perp_native,,-2.9209518508305625,-2.8796656548030795,-2.9235460871741887,0.0025942363436262106,False,0.002053959952992579
finetuned,finetuned:cake,FIXED,r20@mu_D,-4.0,-2.9209518508305625,-2.8796656548030795,-2.9431880693587047,0.06352241455562524,False,0.20341524197941735
finetuned,finetuned:cake,FIXED,r20@mu_D,-2.0,-2.9209518508305625,-2.8796656548030795,-2.898938534751771,0.019272879948691646,False,0.1525728018983962
finetuned,finetuned:cake,FIXED,r20@mu_D,-1.0,-2.9209518508305625,-2.8796656548030795,-2.8869842044890874,0.00731854968600798,False,0.14165223709174565
finetuned,finetuned:cake,FIXED,r20@mu_D,-0.5,-2.9209518508305625,-2.8796656548030795,-2.8828202202206565,0.003154565417577082,False,0.139263165375543
finetuned,finetuned:cake,FIXED,r20@mu_D,0.5,-2.9209518508305625,-2.8796656548030795,-2.8780820558941556,-0.0015835989089239,False,0.14097705625352405
finetuned,finetuned:cake,FIXED,r20@mu_D,1.0,-2.9209518508305625,-2.8796656548030795,-2.877375504327199,-0.002290150475880548,False,0.1452836791674296
finetuned,finetuned:cake,FIXED,r20@mu_D,2.0,-2.9209518508305625,-2.8796656548030795,-2.881947214641268,0.0022815598381886737,False,0.16166709197892082
finetuned,finetuned:cake,FIXED,r20@mu_D,4.0,-2.9209518508305625,-2.8796656548030795,-2.9224292058793324,0.04276355107625296,False,0.24142312530487303
finetuned,finetuned:cake,PROJ_matched,r20@mu_D,,-2.9209518508305625,-2.8796656548030795,-2.880854220617385,0.0011885658143055977,False,0.1404394871658749
finetuned,finetuned:cake,PROJ_meanclamp,r20@mu_D,,-2.9209518508305625,-2.8796656548030795,-2.879899736434694,0.00023408163161464657,False,0.13995220997030772
base,base,PROJ_meanclamp,r20@mu_D,,-2.9209518508305625,-2.8796656548030795,-2.9200934985327343,-0.0008583522978282687,False,0.0014720958923654897
finetuned,finetuned:cake,FIXED,r20@mu_D_par,-4.0,-2.9209518508305625,-2.8796656548030795,-2.9251610967848034,0.04549544198172395,False,0.18203526593389965
finetuned,finetuned:cake,FIXED,r20@mu_D_par,-2.0,-2.9209518508305625,-2.8796656548030795,-2.894782225290934,0.015116570487854641,False,0.14802882382794033
finetuned,finetuned:cake,FIXED,r20@mu_D_par,-1.0,-2.9209518508305625,-2.8796656548030795,-2.885573909396217,0.005908254593137485,False,0.14055793389441476
finetuned,finetuned:cake,FIXED,r20@mu_D_par,-0.5,-2.9209518508305625,-2.8796656548030795,-2.8823817798069546,0.0027161250038751916,False,0.1391139586293508
finetuned,finetuned:cake,FIXED,r20@mu_D_par,0.5,-2.9209518508305625,-2.8796656548030795,-2.878198298196944,-0.001467356606135617,False,0.14045083404533446
finetuned,finetuned:cake,FIXED,r20@mu_D_par,1.0,-2.9209518508305625,-2.8796656548030795,-2.877740564800444,-0.001925090002635521,False,0.14360916969322024
finetuned,finetuned:cake,FIXED,r20@mu_D_par,2.0,-2.9209518508305625,-2.8796656548030795,-2.8795079428052146,-0.00015771199786485113,False,0.15517771149438525
finetuned,finetuned:cake,FIXED,r20@mu_D_par,4.0,-2.9209518508305625,-2.8796656548030795,-2.9024435679117837,0.02277791310870425,False,0.20649712142490206
finetuned,finetuned:cake,PROJ_matched,r20@mu_D_par,,-2.9209518508305625,-2.8796656548030795,-2.8808779262361073,0.0012122714330278228,False,0.1404328119187128
finetuned,finetuned:cake,PROJ_meanclamp,r20@mu_D_par,,-2.9209518508305625,-2.8796656548030795,-2.879898994688004,0.0002333398849243551,False,0.13987726753666288
base,base,PROJ_meanclamp,r20@mu_D_par,,-2.9209518508305625,-2.8796656548030795,-2.920132561335488,-0.0008192894950744822,False,0.0014752558070338434
finetuned,finetuned:cake,FIXED,r20@mu_D_perp_native,-4.0,-2.9209518508305625,-2.8796656548030795,-2.90246423842415,0.022798583621070456,False,0.15563805945335873
finetuned,finetuned:cake,FIXED,r20@mu_D_perp_native,-2.0,-2.9209518508305625,-2.8796656548030795,-2.8877363583398243,0.008070703536744883,False,0.14225156983685872
finetuned,finetuned:cake,FIXED,r20@mu_D_perp_native,-1.0,-2.9209518508305625,-2.8796656548030795,-2.883187452952067,0.003521798148987454,False,0.1393515524410066
finetuned,finetuned:cake,FIXED,r20@mu_D_perp_native,-0.5,-2.9209518508305625,-2.8796656548030795,-2.8815255165100098,0.0018598617069303103,False,0.1387686121558386
finetuned,finetuned:cake,FIXED,r20@mu_D_perp_native,0.5,-2.9209518508305625,-2.8796656548030795,-2.878380397009471,-0.0012852577936084408,False,0.13984875806740352
finetuned,finetuned:cake,FIXED,r20@mu_D_perp_native,1.0,-2.9209518508305625,-2.8796656548030795,-2.8777780759902227,-0.0018875788128567272,False,0.14132227452974472
finetuned,finetuned:cake,FIXED,r20@mu_D_perp_native,2.0,-2.9209518508305625,-2.8796656548030795,-2.877752319214836,-0.00191333558824347,False,0.14642829649032107
finetuned,finetuned:cake,FIXED,r20@mu_D_perp_native,4.0,-2.9209518508305625,-2.8796656548030795,-2.8834971851772733,0.0038315303741938145,False,0.16621528731452095
finetuned,finetuned:cake,PROJ_matched,r20@mu_D_perp_native,,-2.9209518508305625,-2.8796656548030795,-2.880971802605523,0.0013061478024436468,False,0.14043232491092075
finetuned,finetuned:cake,PROJ_meanclamp,r20@mu_D_perp_native,,-2.9209518508305625,-2.8796656548030795,-2.880031661381797,0.0003660065787176592,False,0.13994702389315952
base,base,PROJ_meanclamp,r20@mu_D_perp_native,,-2.9209518508305625,-2.8796656548030795,-2.92030730323186,-0.0006445475987026938,False,0.0014667563096043609
finetuned,finetuned:cake,FIXED,r21@mu_D,-4.0,-2.9209518508305625,-2.8796656548030795,-2.954145416380867,0.07447976157778768,False,0.24654266663960048
finetuned,finetuned:cake,FIXED,r21@mu_D,-2.0,-2.9209518508305625,-2.8796656548030795,-2.8979444957914806,0.018278840988401157,False,0.16773454348246256
finetuned,finetuned:cake,FIXED,r21@mu_D,-1.0,-2.9209518508305625,-2.8796656548030795,-2.8851100376674106,0.005444382864331132,False,0.14813149117288135
finetuned,finetuned:cake,FIXED,r21@mu_D,-0.5,-2.9209518508305625,-2.8796656548030795,-2.8813416920011004,0.0016760371980208966,False,0.14224823150369856
finetuned,finetuned:cake,FIXED,r21@mu_D,0.5,-2.9209518508305625,-2.8796656548030795,-2.879696838439457,3.118363637755195e-05,False,0.13814380812266516
finetuned,finetuned:cake,FIXED,r21@mu_D,1.0,-2.9209518508305625,-2.8796656548030795,-2.881266964806451,0.0016013100033713812,False,0.13954209240656051
finetuned,finetuned:cake,FIXED,r21@mu_D,2.0,-2.9209518508305625,-2.8796656548030795,-2.889031508612254,0.009365853809174762,False,0.1498614296553627
finetuned,finetuned:cake,FIXED,r21@mu_D,4.0,-2.9209518508305625,-2.8796656548030795,-2.929162615821475,0.04949696101839551,False,0.20496409279959543
finetuned,finetuned:cake,PROJ_matched,r21@mu_D,,-2.9209518508305625,-2.8796656548030795,-2.8820183239285906,0.002352669125511131,False,0.14128374816879394
finetuned,finetuned:cake,PROJ_meanclamp,r21@mu_D,,-2.9209518508305625,-2.8796656548030795,-2.879329461900015,-0.000336192903064525,False,0.1398315824686535
base,base,PROJ_meanclamp,r21@mu_D,,-2.9209518508305625,-2.8796656548030795,-2.921659719376337,0.0007078685457746481,False,0.0021235302297605407
finetuned,finetuned:cake,FIXED,r21@mu_D_par,-4.0,-2.9209518508305625,-2.8796656548030795,-2.9305356873406305,0.05087003253755107,False,0.21429517439433507
finetuned,finetuned:cake,FIXED,r21@mu_D_par,-2.0,-2.9209518508305625,-2.8796656548030795,-2.8930988084702265,0.013433153667147035,False,0.1602786784134214
finetuned,finetuned:cake,FIXED,r21@mu_D_par,-1.0,-2.9209518508305625,-2.8796656548030795,-2.883728640420096,0.004062985617016679,False,0.14593113178298586
finetuned,finetuned:cake,FIXED,r21@mu_D_par,-0.5,-2.9209518508305625,-2.8796656548030795,-2.881090905931261,0.0014252511281815927,False,0.14160844470773423
finetuned,finetuned:cake,FIXED,r21@mu_D_par,0.5,-2.9209518508305625,-2.8796656548030795,-2.879620559631832,-4.5095171247400145e-05,False,0.13811785739565652
finetuned,finetuned:cake,FIXED,r21@mu_D_par,1.0,-2.9209518508305625,-2.8796656548030795,-2.880286345406184,0.0006206906031045456,False,0.1388559920920266
finetuned,finetuned:cake,FIXED,r21@mu_D_par,2.0,-2.9209518508305625,-2.8796656548030795,-2.885813448164198,0.006147793361118481,False,0.14534250942487564
finetuned,finetuned:cake,FIXED,r21@mu_D_par,4.0,-2.9209518508305625,-2.8796656548030795,-2.9116670290629068,0.0320013742598273,False,0.18118169383397179
finetuned,finetuned:cake,PROJ_matched,r21@mu_D_par,,-2.9209518508305625,-2.8796656548030795,-2.8820016573345852,0.0023360025315057875,False,0.14121825283481962
finetuned,finetuned:cake,PROJ_meanclamp,r21@mu_D_par,,-2.9209518508305625,-2.8796656548030795,-2.87897517189147,-0.0006904829116094469,False,0.13975879100580063
base,base,PROJ_meanclamp,r21@mu_D_par,,-2.9209518508305625,-2.8796656548030795,-2.9214237606714644,0.00047190984090184074,False,0.0021283242164090986
finetuned,finetuned:cake,FIXED,r21@mu_D_perp_native,-4.0,-2.9209518508305625,-2.8796656548030795,-2.9012680129399375,0.02160235813685807,False,0.17284756946185278
finetuned,finetuned:cake,FIXED,r21@mu_D_perp_native,-2.0,-2.9209518508305625,-2.8796656548030795,-2.8856989618331665,0.006033307030087087,False,0.14957224613144285
finetuned,finetuned:cake,FIXED,r21@mu_D_perp_native,-1.0,-2.9209518508305625,-2.8796656548030795,-2.8818517790900335,0.002186124286954083,False,0.14277724519608512
finetuned,finetuned:cake,FIXED,r21@mu_D_perp_native,-0.5,-2.9209518508305625,-2.8796656548030795,-2.880675262875027,0.0010096080719477207,False,0.14051185169863323
finetuned,finetuned:cake,FIXED,r21@mu_D_perp_native,0.5,-2.9209518508305625,-2.8796656548030795,-2.8791038119603716,-0.0005618428427078825,False,0.13826694682477011
finetuned,finetuned:cake,FIXED,r21@mu_D_perp_native,1.0,-2.9209518508305625,-2.8796656548030795,-2.8798335923088922,0.00016793750581278744,False,0.1381665092139017
finetuned,finetuned:cake,FIXED,r21@mu_D_perp_native,2.0,-2.9209518508305625,-2.8796656548030795,-2.881605345105368,0.001939690302288355,False,0.14010374981259544
finetuned,finetuned:cake,FIXED,r21@mu_D_perp_native,4.0,-2.9209518508305625,-2.8796656548030795,-2.891124399881514,0.011458745078434696,False,0.15301754952423155
finetuned,finetuned:cake,PROJ_matched,r21@mu_D_perp_native,,-2.9209518508305625,-2.8796656548030795,-2.882013472299727,0.002347817496647586,False,0.14127947342774225
finetuned,finetuned:cake,PROJ_meanclamp,r21@mu_D_perp_native,,-2.9209518508305625,-2.8796656548030795,-2.8792749283805725,-0.00039072642250692624,False,0.13977848348163424
base,base,PROJ_meanclamp,r21@mu_D_perp_native,,-2.9209518508305625,-2.8796656548030795,-2.9215638978140697,0.0006120469835071418,False,0.0021250901137670826
finetuned,finetuned:cake,FIXED,r22@mu_D,-4.0,-2.9209518508305625,-2.8796656548030795,-2.998573568132189,0.11890791332910933,False,0.2849669437559824
finetuned,finetuned:cake,FIXED,r22@mu_D,-2.0,-2.9209518508305625,-2.8796656548030795,-2.9067122671339245,0.027046612330845043,False,0.17460140964341542
finetuned,finetuned:cake,FIXED,r22@mu_D,-1.0,-2.9209518508305625,-2.8796656548030795,-2.888257488371834,0.008591833568754481,False,0.1507876714070638
finetuned,finetuned:cake,FIXED,r22@mu_D,-0.5,-2.9209518508305625,-2.8796656548030795,-2.8829672147357273,0.003301559932647802,False,0.14362409095915538
finetuned,finetuned:cake,FIXED,r22@mu_D,0.5,-2.9209518508305625,-2.8796656548030795,-2.8784105437142506,-0.0012551110888288086,False,0.13681143522262573
finetuned,finetuned:cake,FIXED,r22@mu_D,1.0,-2.9209518508305625,-2.8796656548030795,-2.8791494142441523,-0.0005162405589271835,False,0.13702983350034745
finetuned,finetuned:cake,FIXED,r22@mu_D,2.0,-2.9209518508305625,-2.8796656548030795,-2.8863927371918208,0.006727082388741312,False,0.14413007833654917
finetuned,finetuned:cake,FIXED,r22@mu_D,4.0,-2.9209518508305625,-2.8796656548030795,-2.928961647881402,0.04929599307832255,False,0.1885080517284454
finetuned,finetuned:cake,PROJ_matched,r22@mu_D,,-2.9209518508305625,-2.8796656548030795,-2.8820882524762834,0.0024225976732039634,False,0.1413460016723663
finetuned,finetuned:cake,PROJ_meanclamp,r22@mu_D,,-2.9209518508305625,-2.8796656548030795,-2.8800019006880504,0.00033624588497094265,False,0.140217324571004
base,base,PROJ_meanclamp,r22@mu_D,,-2.9209518508305625,-2.8796656548030795,-2.9214689996507435,0.000517148820180946,False,0.002252386480067221
finetuned,finetuned:cake,FIXED,r22@mu_D_par,-4.0,-2.9209518508305625,-2.8796656548030795,-2.9564235399639798,0.07675788516090032,False,0.23563787719560048
finetuned,finetuned:cake,FIXED,r22@mu_D_par,-2.0,-2.9209518508305625,-2.8796656548030795,-2.8997182240561834,0.020052569253103947,False,0.16532508295679849
finetuned,finetuned:cake,FIXED,r22@mu_D_par,-1.0,-2.9209518508305625,-2.8796656548030795,-2.8864392023237926,0.00677354752071313,False,0.14803774820433724
finetuned,finetuned:cake,FIXED,r22@mu_D_par,-0.5,-2.9209518508305625,-2.8796656548030795,-2.881894944206117,0.002229289403037349,False,0.14258916463170732
finetuned,finetuned:cake,FIXED,r22@mu_D_par,0.5,-2.9209518508305625,-2.8796656548030795,-2.8783789362226213,-0.001286718580458146,False,0.13713278798829942
finetuned,finetuned:cake,FIXED,r22@mu_D_par,1.0,-2.9209518508305625,-2.8796656548030795,-2.879054167914012,-0.0006114868890674252,False,0.13673370225088938
finetuned,finetuned:cake,FIXED,r22@mu_D_par,2.0,-2.9209518508305625,-2.8796656548030795,-2.883181095123291,0.0035154403202115603,False,0.1408052955354963
finetuned,finetuned:cake,FIXED,r22@mu_D_par,4.0,-2.9209518508305625,-2.8796656548030795,-2.910490777757433,0.030825122954353468,False,0.16962238909706237
finetuned,finetuned:cake,PROJ_matched,r22@mu_D_par,,-2.9209518508305625,-2.8796656548030795,-2.8822640918550038,0.002598437051924307,False,0.14132454636551084
finetuned,finetuned:cake,PROJ_meanclamp,r22@mu_D_par,,-2.9209518508305625,-2.8796656548030795,-2.8800224349612282,0.00035678015814877284,False,0.14022587097826458
base,base,PROJ_meanclamp,r22@mu_D_par,,-2.9209518508305625,-2.8796656548030795,-2.921368031274705,0.00041618044414226674,False,0.002251868180575825
finetuned,finetuned:cake,FIXED,r22@mu_D_perp_native,-4.0,-2.9209518508305625,-2.8796656548030795,-2.9115460486639115,0.03188039386083208,False,0.18092096419561476
finetuned,finetuned:cake,FIXED,r22@mu_D_perp_native,-2.0,-2.9209518508305625,-2.8796656548030795,-2.889445516798231,0.009779861995151684,False,0.15251649088329738
finetuned,finetuned:cake,FIXED,r22@mu_D_perp_native,-1.0,-2.9209518508305625,-2.8796656548030795,-2.883192024533711,0.0035263697306313624,False,0.1440747110616593
finetuned,finetuned:cake,FIXED,r22@mu_D_perp_native,-0.5,-2.9209518508305625,-2.8796656548030795,-2.881255581265404,0.0015899264623246978,False,0.14122148591374595
finetuned,finetuned:cake,FIXED,r22@mu_D_perp_native,0.5,-2.9209518508305625,-2.8796656548030795,-2.879024770524767,-0.0006408842783125479,False,0.13753636772670444
finetuned,finetuned:cake,FIXED,r22@mu_D_perp_native,1.0,-2.9209518508305625,-2.8796656548030795,-2.8785532694014293,-0.001112385401650151,False,0.1367763089282172
finetuned,finetuned:cake,FIXED,r22@mu_D_perp_native,2.0,-2.9209518508305625,-2.8796656548030795,-2.8796702793666293,4.624563549882055e-06,False,0.13728577679111845
finetuned,finetuned:cake,FIXED,r22@mu_D_perp_native,4.0,-2.9209518508305625,-2.8796656548030795,-2.8890026107666986,0.009336955963619165,False,0.14672254617252048
finetuned,finetuned:cake,PROJ_matched,r22@mu_D_perp_native,,-2.9209518508305625,-2.8796656548030795,-2.8821974330478244,0.002531778244744931,False,0.14137044217851427
finetuned,finetuned:cake,PROJ_meanclamp,r22@mu_D_perp_native,,-2.9209518508305625,-2.8796656548030795,-2.879939139835418,0.000273485032338705,False,0.14021745442398012
base,base,PROJ_meanclamp,r22@mu_D_perp_native,,-2.9209518508305625,-2.8796656548030795,-2.9212432286095997,0.0002913777790372052,False,0.0022507078302580687
