arm,alpha,control_set,distance,V_effect,control_effect,contrast,ci_lo,ci_hi,label,n_V_questions,n_control_prefixes
dA_D,0.5,cookies,near,0.10721428319811821,0.262092262506485,-0.15487797930836678,-0.3533867113292217,0.013599701225757599,near_zero,4,2
dA_D,0.5,bread,near,0.10721428319811821,0.32286882400512695,-0.21565454080700874,-0.4307185113430023,-0.018843170907349657,nonzero,4,2
dA_D,0.5,roast_chicken,mid,0.10721428319811821,0.3755730390548706,-0.2683587558567524,-0.784865465015173,0.24814795330166817,inconclusive,4,2
dA_D,0.5,furnace,far,0.10721428319811821,0.031334877014160156,0.07587940618395805,-0.13097597286105156,0.2797107584774494,near_zero,4,2
dA_D,0.5,odometer,number_only,0.10721428319811821,-0.1414942741394043,0.2487085573375225,0.005620632320642471,0.49179648235440254,nonzero,4,2
dA_D,1.0,cookies,near,0.1644112467765808,0.5799447819590569,-0.41553353518247604,-0.866107601672411,0.05061051622033119,inconclusive,4,2
dA_D,1.0,bread,near,0.1644112467765808,0.6863210201263428,-0.521909773349762,-0.9399956353008747,-0.0752733089029789,nonzero,4,2
dA_D,1.0,roast_chicken,mid,0.1644112467765808,0.7031233310699463,-0.5387120842933655,-1.319139588624239,0.241715420037508,inconclusive,4,2
dA_D,1.0,furnace,far,0.1644112467765808,0.10169506072998047,0.06271618604660034,-0.3574129715561867,0.4995974078774452,near_zero,4,2
dA_D,1.0,odometer,number_only,0.1644112467765808,-0.06492805480957031,0.22933930158615112,-0.13634907081723213,0.666220523416996,inconclusive,4,2
dA_D,2.0,cookies,near,0.39145589992403984,1.4078011512756348,-1.016345251351595,-2.19316965341568,0.16601112857460976,inconclusive,4,2
dA_D,2.0,bread,near,0.39145589992403984,1.8366576433181763,-1.4452017433941364,-2.593942027539015,-0.29646145924925804,nonzero,4,2
dA_D,2.0,roast_chicken,mid,0.39145589992403984,1.29033762216568,-0.8988817222416401,-2.5709103159606457,0.7731468714773655,inconclusive,4,2
dA_D,2.0,furnace,far,0.39145589992403984,0.025729894638061523,0.3657260052859783,-0.28259914368391037,1.2736361511051655,inconclusive,4,2
dA_D,2.0,odometer,number_only,0.39145589992403984,-0.03882646560668945,0.4302823655307293,-0.4878086857497692,1.3483734168112278,inconclusive,4,2
dA_D,4.0,cookies,near,1.451893337070942,2.8493284434080124,-1.3974351063370705,-3.5636304691433907,0.9674251787364483,inconclusive,4,2
dA_D,4.0,bread,near,1.451893337070942,2.914369821548462,-1.46247648447752,-3.876128315925598,0.9511753469705582,inconclusive,4,2
dA_D,4.0,roast_chicken,mid,1.451893337070942,1.5037407875061035,-0.05184745043516159,-2.7534525394439697,2.6497576385736465,inconclusive,4,2
dA_D,4.0,furnace,far,1.451893337070942,0.2576732635498047,1.1942200735211372,-0.33304622396826744,3.5485799349844456,inconclusive,4,2
dA_D,4.0,odometer,number_only,1.451893337070942,0.06404352188110352,1.3878498151898384,-0.12835311889648438,3.7422096766531467,inconclusive,4,2
dA_D_matched_muD,0.5,cookies,near,0.07753081619739532,0.13444046676158905,-0.056909650564193726,-0.18984968215227127,0.07603038102388382,near_zero,4,2
dA_D_matched_muD,0.5,bread,near,0.07753081619739532,0.06024962663650513,0.017281189560890198,-0.09642783552408218,0.13099021464586258,near_zero,4,2
dA_D_matched_muD,0.5,roast_chicken,mid,0.07753081619739532,0.13740885257720947,-0.05987803637981415,-0.38411764055490494,0.26436156779527664,near_zero,4,2
dA_D_matched_muD,0.5,furnace,far,0.07753081619739532,-0.05414867401123047,0.1316794902086258,0.013760291039943695,0.2495986893773079,near_zero,4,2
dA_D_matched_muD,0.5,odometer,number_only,0.07753081619739532,-0.0749962329864502,0.15252704918384552,0.018140040338039398,0.28691405802965164,near_zero,4,2
dA_D_matched_muD,1.0,cookies,near,0.07548093050718307,0.2802630364894867,-0.20478210598230362,-0.337954293936491,-0.07853414118289948,nonzero,4,2
dA_D_matched_muD,1.0,bread,near,0.07548093050718307,0.2756776213645935,-0.20019669085741043,-0.3308575563132763,-0.07453864440321922,nonzero,4,2
dA_D_matched_muD,1.0,roast_chicken,mid,0.07548093050718307,0.33013713359832764,-0.25465620309114456,-0.6806586980819702,0.1713462918996811,inconclusive,4,2
dA_D_matched_muD,1.0,furnace,far,0.07548093050718307,0.105712890625,-0.030231960117816925,-0.35276486724615097,0.27727266401052475,near_zero,4,2
dA_D_matched_muD,1.0,odometer,number_only,0.07548093050718307,-0.13992047309875488,0.21540140360593796,0.046724677085876465,0.38407813012599945,nonzero,4,2
dA_D_matched_muD,2.0,cookies,near,0.14427221193909645,0.28721149265766144,-0.142939280718565,-0.40700575709342957,0.08309734985232353,near_zero,4,2
dA_D_matched_muD,2.0,bread,near,0.14427221193909645,0.49792933464050293,-0.3536571227014065,-0.5603092312812805,-0.16430913284420967,nonzero,4,2
dA_D_matched_muD,2.0,roast_chicken,mid,0.14427221193909645,0.4298095703125,-0.28553735837340355,-0.887051347643137,0.3159766308963299,inconclusive,4,2
dA_D_matched_muD,2.0,furnace,far,0.14427221193909645,0.011162757873535156,0.1331094540655613,-0.20750612020492554,0.43569518253207207,near_zero,4,2
dA_D_matched_muD,2.0,odometer,number_only,0.14427221193909645,-0.011456966400146484,0.15572917833924294,-0.07703280821442604,0.3884911648929119,near_zero,4,2
dA_D_matched_muD,4.0,cookies,near,0.2396063208580017,0.9088339582085609,-0.6692276373505592,-1.3987648077309132,0.06030953302979469,inconclusive,4,2
dA_D_matched_muD,4.0,bread,near,0.2396063208580017,1.2584741115570068,-1.0188677906990051,-1.7378490157425404,-0.2998865656554699,nonzero,4,2
dA_D_matched_muD,4.0,roast_chicken,mid,0.2396063208580017,0.9216493368148804,-0.6820430159568787,-2.0308047719299793,0.666718740016222,inconclusive,4,2
dA_D_matched_muD,4.0,furnace,far,0.2396063208580017,0.17544794082641602,0.0641583800315857,-0.5032319016754627,0.7458506412804127,inconclusive,4,2
dA_D_matched_muD,4.0,odometer,number_only,0.2396063208580017,0.034712791442871094,0.20489352941513062,-0.2926243729889393,0.857764407992363,inconclusive,4,2
muD_D,0.5,cookies,near,-0.04650916904211044,-0.1794753447175026,0.13296617567539215,0.07002166658639908,0.1958777979016304,near_zero,4,2
muD_D,0.5,bread,near,-0.04650916904211044,0.03980201482772827,-0.08631118386983871,-0.19916095584630966,0.02650570124387741,near_zero,4,2
muD_D,0.5,roast_chicken,mid,-0.04650916904211044,0.0377964973449707,-0.08430566638708115,-0.19829705357551575,0.029685720801353455,near_zero,4,2
muD_D,0.5,furnace,far,-0.04650916904211044,-0.07646846771240234,0.0299592986702919,-0.05914214253425598,0.11906073987483978,near_zero,4,2
muD_D,0.5,odometer,number_only,-0.04650916904211044,-0.07489585876464844,0.028386689722537994,-0.06731751561164856,0.12409089505672455,near_zero,4,2
muD_D,1.0,cookies,near,-0.031229227781295776,-0.08122454583644867,0.04999531805515289,-0.024229340255260468,0.12421997636556625,near_zero,4,2
muD_D,1.0,bread,near,-0.031229227781295776,-0.0082627534866333,-0.022966474294662476,-0.20394506305456161,0.15801211446523666,near_zero,4,2
muD_D,1.0,roast_chicken,mid,-0.031229227781295776,0.05692589282989502,-0.0881551206111908,-0.27123501151800156,0.09492477029561996,near_zero,4,2
muD_D,1.0,furnace,far,-0.031229227781295776,-0.0728304386138916,0.041601210832595825,-0.0640425905585289,0.14724501222372055,near_zero,4,2
muD_D,1.0,odometer,number_only,-0.031229227781295776,-0.08692169189453125,0.055692464113235474,-0.012357734143733978,0.12374266237020493,near_zero,4,2
muD_D,2.0,cookies,near,0.0060257017612457275,-0.23541337996721268,0.2414390817284584,0.08076434209942818,0.3886491097509861,nonzero,4,2
muD_D,2.0,bread,near,0.0060257017612457275,0.04419928789138794,-0.03817358613014221,-0.21920359507203102,0.11158647015690804,near_zero,4,2
muD_D,2.0,roast_chicken,mid,0.0060257017612457275,0.2199772596359253,-0.21395155787467957,-0.5656590051949024,0.1377558894455433,inconclusive,4,2
muD_D,2.0,furnace,far,0.0060257017612457275,0.0008585453033447266,0.005167156457901001,-0.19142691418528557,0.19832803681492805,near_zero,4,2
muD_D,2.0,odometer,number_only,0.0060257017612457275,0.0455167293548584,-0.03949102759361267,-0.36273880675435066,0.2837567515671253,near_zero,4,2
muD_D,4.0,cookies,near,-0.4057406969368458,-0.525746263563633,0.12000556662678719,-0.08855115249752998,0.3361704349517822,near_zero,4,2
muD_D,4.0,bread,near,-0.4057406969368458,0.3488445281982422,-0.754585225135088,-1.0952857360243797,-0.4138847142457962,nonzero,4,2
muD_D,4.0,roast_chicken,mid,-0.4057406969368458,0.5337808728218079,-0.9395215697586536,-1.775496207177639,-0.10354693233966827,nonzero,4,2
muD_D,4.0,furnace,far,-0.4057406969368458,-0.11133527755737305,-0.29440541937947273,-0.6025175675749779,0.01370672881603241,inconclusive,4,2
muD_D,4.0,odometer,number_only,-0.4057406969368458,0.19788265228271484,-0.6036233492195606,-0.8933959156274796,-0.33745332062244415,nonzero,4,2
muD_D_matched_dA,0.5,cookies,near,-0.04775722697377205,-0.12676728516817093,0.07901005819439888,0.0023752786219120026,0.16496075689792633,near_zero,4,2
muD_D_matched_dA,0.5,bread,near,-0.04775722697377205,0.08705854415893555,-0.1348157711327076,-0.25562024861574173,-0.014011293649673462,near_zero,4,2
muD_D_matched_dA,0.5,roast_chicken,mid,-0.04775722697377205,0.13327431678771973,-0.18103154376149178,-0.49203313142061234,0.12997004389762878,near_zero,4,2
muD_D_matched_dA,0.5,furnace,far,-0.04775722697377205,-0.08249926567077637,0.03474203869700432,-0.054687388241291046,0.12417146563529968,near_zero,4,2
muD_D_matched_dA,0.5,odometer,number_only,-0.04775722697377205,-0.029326200485229492,-0.018431026488542557,-0.10284746438264847,0.0675196722149849,near_zero,4,2
muD_D_matched_dA,1.0,cookies,near,-0.18810543790459633,-0.25381696224212646,0.06571152433753014,-0.14289791882038116,0.27432096749544144,near_zero,4,2
muD_D_matched_dA,1.0,bread,near,-0.18810543790459633,0.04116034507751465,-0.22926578298211098,-0.38798244297504425,-0.0705491229891777,nonzero,4,2
muD_D_matched_dA,1.0,roast_chicken,mid,-0.18810543790459633,0.311911940574646,-0.5000173784792423,-0.9098045378923416,-0.09023021906614304,nonzero,4,2
muD_D_matched_dA,1.0,furnace,far,-0.18810543790459633,-0.17476868629455566,-0.013336751610040665,-0.18753023445606232,0.160856731235981,near_zero,4,2
muD_D_matched_dA,1.0,odometer,number_only,-0.18810543790459633,-0.033804893493652344,-0.15430054441094398,-0.4083950072526932,0.0997939184308052,near_zero,4,2
muD_D_matched_dA,2.0,cookies,near,-0.5550258606672287,-0.6773408502340317,0.12231498956680298,-0.13097738102078438,0.408328153192997,near_zero,4,2
muD_D_matched_dA,2.0,bread,near,-0.5550258606672287,0.641971230506897,-1.1969970911741257,-1.644728623330593,-0.7413575761020184,nonzero,4,2
muD_D_matched_dA,2.0,roast_chicken,mid,-0.5550258606672287,0.8782882690429688,-1.4333141297101974,-2.811104141175747,-0.0476161353290081,nonzero,4,2
muD_D_matched_dA,2.0,furnace,far,-0.5550258606672287,-0.012753725051879883,-0.5422721356153488,-0.928507886826992,-0.14812840148806572,nonzero,4,2
muD_D_matched_dA,2.0,odometer,number_only,-0.5550258606672287,0.24178647994995117,-0.7968123406171799,-1.0957904681563377,-0.4899262301623821,nonzero,4,2
muD_D_matched_dA,4.0,cookies,near,-1.0886305086314678,-0.6822096034884453,-0.40642090514302254,-1.239992894232273,0.37425531446933746,inconclusive,4,2
muD_D_matched_dA,4.0,bread,near,-1.0886305086314678,0.8720624446868896,-1.9606929533183575,-3.2168752529658375,-0.6409144103527069,nonzero,4,2
muD_D_matched_dA,4.0,roast_chicken,mid,-1.0886305086314678,0.8722309470176697,-1.9608614556491375,-3.771275816205889,-0.0868508517742157,nonzero,4,2
muD_D_matched_dA,4.0,furnace,far,-1.0886305086314678,0.12420511245727539,-1.2128356210887432,-2.0464076101779938,-0.4265364110469818,nonzero,4,2
muD_D_matched_dA,4.0,odometer,number_only,-1.0886305086314678,0.5976059436798096,-1.6862364523112774,-2.610548496246338,-0.8767554499208927,nonzero,4,2
muD_P,0.5,cookies,near,0.020791903138160706,0.07667514681816101,-0.055883243680000305,-0.1324041560292244,0.025260742753744125,near_zero,4,2
muD_P,0.5,bread,near,0.020791903138160706,0.13680541515350342,-0.11601351201534271,-0.18841499835252762,-0.03486952558159828,near_zero,4,2
muD_P,0.5,roast_chicken,mid,0.020791903138160706,0.10295999050140381,-0.0821680873632431,-0.37782246619462967,0.21348629146814346,near_zero,4,2
muD_P,0.5,furnace,far,0.020791903138160706,-0.03679919242858887,0.05759109556674957,-0.06807548552751541,0.18325767666101456,near_zero,4,2
muD_P,0.5,odometer,number_only,0.020791903138160706,-0.05424189567565918,0.07503379881381989,-0.03354627639055252,0.1836138740181923,near_zero,4,2
muD_P,1.0,cookies,near,0.045367561280727386,0.08758395910263062,-0.04221639782190323,-0.2281087376177311,0.14090732950717172,near_zero,4,2
muD_P,1.0,bread,near,0.045367561280727386,0.15573561191558838,-0.11036805063486099,-0.1882781833410263,-0.045841868966817856,near_zero,4,2
muD_P,1.0,roast_chicken,mid,0.045367561280727386,0.08089840412139893,-0.03553084284067154,-0.22489819303154945,0.15106789488345346,near_zero,4,2
muD_P,1.0,furnace,far,0.045367561280727386,-0.15451550483703613,0.19988306611776352,0.02769484743475914,0.369302672334015,near_zero,4,2
muD_P,1.0,odometer,number_only,0.045367561280727386,-0.06039690971374512,0.1057644709944725,-0.03985867276787758,0.24861900229006967,near_zero,4,2
muD_P,2.0,cookies,near,0.1393350474536419,0.35776664316654205,-0.21843159571290016,-0.5106866285204887,0.07382343709468842,inconclusive,4,2
muD_P,2.0,bread,near,0.1393350474536419,0.24920505285263062,-0.10987000539898872,-0.20350081473588943,0.006823807954788208,near_zero,4,2
muD_P,2.0,roast_chicken,mid,0.1393350474536419,0.2849857211112976,-0.14565067365765572,-0.4880356416106224,0.19673429429531097,near_zero,4,2
muD_P,2.0,furnace,far,0.1393350474536419,-0.3089139461517334,0.4482489936053753,0.33653000742197037,0.5829118937253952,nonzero,4,2
muD_P,2.0,odometer,number_only,0.1393350474536419,0.0025131702423095703,0.13682187721133232,-0.04007741063833237,0.313721165060997,near_zero,4,2
muD_P,4.0,cookies,near,0.13115162029862404,0.801101878285408,-0.669950257986784,-1.2235270254313946,-0.11637349054217339,nonzero,4,2
muD_P,4.0,bread,near,0.13115162029862404,0.8089266419410706,-0.6777750216424465,-1.1567271761596203,-0.19882286712527275,nonzero,4,2
muD_P,4.0,roast_chicken,mid,0.13115162029862404,0.841044008731842,-0.709892388433218,-1.1260288767516613,-0.2937559001147747,nonzero,4,2
muD_P,4.0,furnace,far,0.13115162029862404,-0.32843756675720215,0.4595891870558262,0.38769975304603577,0.5248141065239906,nonzero,4,2
muD_P,4.0,odometer,number_only,0.13115162029862404,0.004336357116699219,0.12681526318192482,-0.035274844616651535,0.2889053709805012,near_zero,4,2
muD_P_plus_dA_D,0.5,cookies,near,0.14477723464369774,0.3574015572667122,-0.21262432262301445,-0.43168918043375015,0.019560731947422028,inconclusive,4,2
muD_P_plus_dA_D,0.5,bread,near,0.14477723464369774,0.3968864679336548,-0.25210923328995705,-0.5326445549726486,0.028426088392734528,inconclusive,4,2
muD_P_plus_dA_D,0.5,roast_chicken,mid,0.14477723464369774,0.38074231147766113,-0.2359650768339634,-0.7772751301527023,0.30534497648477554,inconclusive,4,2
muD_P_plus_dA_D,0.5,furnace,far,0.14477723464369774,-0.027949094772338867,0.1727263294160366,-0.08861736953258514,0.43407002836465836,near_zero,4,2
muD_P_plus_dA_D,0.5,odometer,number_only,0.14477723464369774,0.05678105354309082,0.08799618110060692,-0.26534371078014374,0.4413360729813576,near_zero,4,2
muD_P_plus_dA_D,1.0,cookies,near,0.19840243458747864,0.7542620152235031,-0.5558595806360245,-0.8929913863539696,-0.18498975411057472,nonzero,4,2
muD_P_plus_dA_D,1.0,bread,near,0.19840243458747864,0.7948572635650635,-0.5964548289775848,-1.1411632597446442,-0.05174639821052551,nonzero,4,2
muD_P_plus_dA_D,1.0,roast_chicken,mid,0.19840243458747864,0.6182554960250854,-0.4198530614376068,-1.3415831625461578,0.5018770396709442,inconclusive,4,2
muD_P_plus_dA_D,1.0,furnace,far,0.19840243458747864,-0.020699501037597656,0.2191019356250763,-0.13955815508961678,0.5983167141675949,inconclusive,4,2
muD_P_plus_dA_D,1.0,odometer,number_only,0.19840243458747864,0.021514177322387695,0.17688825726509094,-0.2282034456729889,0.5819799602031708,inconclusive,4,2
muD_P_plus_dA_D,2.0,cookies,near,0.5399811863899231,2.0262115746736526,-1.4862303882837296,-2.6554439291357994,-0.26813269406557083,nonzero,4,2
muD_P_plus_dA_D,2.0,bread,near,0.5399811863899231,2.210880219936371,-1.6708990335464478,-3.05682959407568,-0.28496847301721573,nonzero,4,2
muD_P_plus_dA_D,2.0,roast_chicken,mid,0.5399811863899231,1.626844048500061,-1.086862862110138,-2.6804462894797325,0.5067205652594566,inconclusive,4,2
muD_P_plus_dA_D,2.0,furnace,far,0.5399811863899231,0.07730412483215332,0.4626770615577698,-0.1914791502058506,1.363737765699625,inconclusive,4,2
muD_P_plus_dA_D,2.0,odometer,number_only,0.5399811863899231,0.09369730949401855,0.44628387689590454,-0.28518905490636826,1.3473445810377598,inconclusive,4,2
muD_P_plus_dA_D,4.0,cookies,near,2.632208574563265,4.365422084927559,-1.733213510364294,-3.3011582419276237,0.495634563267231,inconclusive,4,2
muD_P_plus_dA_D,4.0,bread,near,2.632208574563265,3.6747483015060425,-1.0425397269427776,-3.6992905661463737,1.6142111122608185,inconclusive,4,2
muD_P_plus_dA_D,4.0,roast_chicken,mid,2.632208574563265,2.4405370950698853,0.1916714794933796,-2.667401723563671,3.0507446825504303,inconclusive,4,2
muD_P_plus_dA_D,4.0,furnace,far,2.632208574563265,-0.028914928436279297,2.661123502999544,1.0817988589406013,4.827825598418713,nonzero,4,2
muD_P_plus_dA_D,4.0,odometer,number_only,2.632208574563265,-0.04507589340209961,2.6772844679653645,1.3969965353608131,4.843986563384533,nonzero,4,2
dConc_D_matched_dA,0.5,cookies,near,0.05450150743126869,0.00028695911169052124,0.05421454831957817,0.00035344064235687256,0.10807565599679947,near_zero,4,2
dConc_D_matched_dA,0.5,bread,near,0.05450150743126869,0.09086728096008301,-0.036365773528814316,-0.09340943768620491,0.03069913387298584,near_zero,4,2
dConc_D_matched_dA,0.5,roast_chicken,mid,0.05450150743126869,0.01980268955230713,0.03469881787896156,-0.22906209900975227,0.2984597347676754,near_zero,4,2
dConc_D_matched_dA,0.5,furnace,far,0.05450150743126869,-0.028634309768676758,0.08313581719994545,0.012078743427991867,0.15419289097189903,near_zero,4,2
dConc_D_matched_dA,0.5,odometer,number_only,0.05450150743126869,0.06057929992675781,-0.0060777924954891205,-0.10392333939671516,0.09176775440573692,near_zero,4,2
dConc_D_matched_dA,1.0,cookies,near,0.05556269735097885,-0.12310396134853363,0.17866665869951248,-0.01011066883802414,0.36745139677077526,near_zero,4,2
dConc_D_matched_dA,1.0,bread,near,0.05556269735097885,0.021604537963867188,0.033958159387111664,-0.22988248337060213,0.29808781296014786,near_zero,4,2
dConc_D_matched_dA,1.0,roast_chicken,mid,0.05556269735097885,-0.11584413051605225,0.1714068278670311,-0.41051865089684725,0.7536213174462318,inconclusive,4,2
dConc_D_matched_dA,1.0,furnace,far,0.05556269735097885,0.034566402435302734,0.020996294915676117,-0.1403311789035797,0.18838319182395935,near_zero,4,2
dConc_D_matched_dA,1.0,odometer,number_only,0.05556269735097885,-0.05040240287780762,0.10596510022878647,-0.05536237359046936,0.2687189057469368,near_zero,4,2
dConc_D_matched_dA,2.0,cookies,near,0.04343053326010704,-0.05878947675228119,0.10222001001238823,-0.20808690413832664,0.4125269241631031,near_zero,4,2
dConc_D_matched_dA,2.0,bread,near,0.04343053326010704,0.21995049715042114,-0.1765199638903141,-0.9460474513471127,0.5930075235664845,inconclusive,4,2
dConc_D_matched_dA,2.0,roast_chicken,mid,0.04343053326010704,0.0023163557052612305,0.04111417755484581,-0.9449312947690487,1.0271596498787403,inconclusive,4,2
dConc_D_matched_dA,2.0,furnace,far,0.04343053326010704,0.016185283660888672,0.02724524959921837,-0.26539140194654465,0.3064747750759125,near_zero,4,2
dConc_D_matched_dA,2.0,odometer,number_only,0.04343053326010704,0.19484615325927734,-0.1514156199991703,-0.5698671601712704,0.26703592017292976,inconclusive,4,2
dConc_D_matched_dA,4.0,cookies,near,0.35711249709129333,0.39850787818431854,-0.04139538109302521,-0.9632823541760445,0.880491591989994,inconclusive,4,2
dConc_D_matched_dA,4.0,bread,near,0.35711249709129333,1.1646563410758972,-0.8075438439846039,-2.332494832575321,0.7174071446061134,inconclusive,4,2
dConc_D_matched_dA,4.0,roast_chicken,mid,0.35711249709129333,0.4801368713378906,-0.12302437424659729,-0.8538982644677162,0.6078495159745216,inconclusive,4,2
dConc_D_matched_dA,4.0,furnace,far,0.35711249709129333,0.17838716506958008,0.17872533202171326,-0.48651494458317757,0.756702683866024,inconclusive,4,2
dConc_D_matched_dA,4.0,odometer,number_only,0.35711249709129333,0.34497714042663574,0.012135356664657593,-0.6679864749312401,0.5961253456771374,inconclusive,4,2
dConc_D_native,0.5,cookies,near,0.012738548219203949,0.018102258443832397,-0.0053637102246284485,-0.10368983075022697,0.08502848818898201,near_zero,4,2
dConc_D_native,0.5,bread,near,0.012738548219203949,0.060933053493499756,-0.04819450527429581,-0.24484995752573013,0.14846094697713852,near_zero,4,2
dConc_D_native,0.5,roast_chicken,mid,0.012738548219203949,-0.05469405651092529,0.06743260473012924,-0.40637949854135513,0.5412447080016136,inconclusive,4,2
dConc_D_native,0.5,furnace,far,0.012738548219203949,-0.1467423439025879,0.15948089212179184,0.04244939982891083,0.2635592796839773,near_zero,4,2
dConc_D_native,0.5,odometer,number_only,0.012738548219203949,-0.16288518905639648,0.17562373727560043,0.08099599555134773,0.2664259597659111,near_zero,4,2
dConc_D_native,1.0,cookies,near,0.019781317561864853,-0.12807881087064743,0.14786012843251228,-0.061539627611637115,0.3572598844766617,near_zero,4,2
dConc_D_native,1.0,bread,near,0.019781317561864853,0.12831544876098633,-0.10853413119912148,-0.5700234659016132,0.3529552035033703,inconclusive,4,2
dConc_D_native,1.0,roast_chicken,mid,0.019781317561864853,0.022954225540161133,-0.00317290797829628,-0.7046409137547016,0.698295097798109,inconclusive,4,2
dConc_D_native,1.0,furnace,far,0.019781317561864853,0.010308265686035156,0.009473051875829697,-0.1999267041683197,0.2188728079199791,near_zero,4,2
dConc_D_native,1.0,odometer,number_only,0.019781317561864853,0.1352229118347168,-0.11544159427285194,-0.37134652212262154,0.14046333357691765,near_zero,4,2
dConc_D_native,2.0,cookies,near,0.17493964359164238,0.13555249571800232,0.03938714787364006,-0.6953352056443691,0.7741095013916492,inconclusive,4,2
dConc_D_native,2.0,bread,near,0.17493964359164238,0.6443584561347961,-0.46941881254315376,-1.8123580180108547,0.8735203929245472,inconclusive,4,2
dConc_D_native,2.0,roast_chicken,mid,0.17493964359164238,0.2110058069229126,-0.03606616333127022,-1.0249652825295925,0.9528329558670521,inconclusive,4,2
dConc_D_native,2.0,furnace,far,0.17493964359164238,0.15523815155029297,0.01970149204134941,-0.5119590796530247,0.4496738165616989,inconclusive,4,2
dConc_D_native,2.0,odometer,number_only,0.17493964359164238,0.255709171295166,-0.08076952770352364,-0.5701105557382107,0.4085715003311634,inconclusive,4,2
dConc_D_native,4.0,cookies,near,0.7702368646860123,1.1949342638254166,-0.4246973991394043,-2.149427630007267,1.3000328317284584,inconclusive,4,2
dConc_D_native,4.0,bread,near,0.7702368646860123,1.6973596811294556,-0.9271228164434433,-2.6670920327305794,0.8128463998436928,inconclusive,4,2
dConc_D_native,4.0,roast_chicken,mid,0.7702368646860123,0.47783029079437256,0.2924065738916397,-0.992880392819643,1.4727103933691978,inconclusive,4,2
dConc_D_native,4.0,furnace,far,0.7702368646860123,0.4382762908935547,0.3319605737924576,-0.7460021898150444,1.4877776689827442,inconclusive,4,2
dConc_D_native,4.0,odometer,number_only,0.7702368646860123,-0.013573169708251953,0.7838100343942642,-0.27269554510712624,1.9396271295845509,inconclusive,4,2
muD_PD_F4S,0.5,cookies,near,0.016370534896850586,0.006058193743228912,0.010312341153621674,-0.005912397056818008,0.026537079364061356,near_zero,4,2
muD_PD_F4S,0.5,bread,near,0.016370534896850586,0.12453168630599976,-0.10816115140914917,-0.2128652222454548,-0.0037954002618789673,near_zero,4,2
muD_PD_F4S,0.5,roast_chicken,mid,0.016370534896850586,0.1446831226348877,-0.1283125877380371,-0.2170114405453205,-0.03961373493075371,near_zero,4,2
muD_PD_F4S,0.5,furnace,far,0.016370534896850586,-0.14822125434875488,0.16459178924560547,0.06720806285738945,0.2619755156338215,near_zero,4,2
muD_PD_F4S,0.5,odometer,number_only,0.016370534896850586,-0.009430646896362305,0.02580118179321289,-0.10875200107693672,0.1603543646633625,near_zero,4,2
muD_PD_F4S,1.0,cookies,near,0.027616240084171295,0.084250807762146,-0.0566345676779747,-0.14461060613393784,0.04240793362259865,near_zero,4,2
muD_PD_F4S,1.0,bread,near,0.027616240084171295,0.06529778242111206,-0.037681542336940765,-0.13017241284251213,0.061360958963632584,near_zero,4,2
muD_PD_F4S,1.0,roast_chicken,mid,0.027616240084171295,0.19654220342636108,-0.1689259633421898,-0.5824982337653637,0.24464630708098412,inconclusive,4,2
muD_PD_F4S,1.0,furnace,far,0.027616240084171295,-0.0840005874633789,0.1116168275475502,-0.05868593975901604,0.28191959485411644,near_zero,4,2
muD_PD_F4S,1.0,odometer,number_only,0.027616240084171295,-0.10034418106079102,0.1279604211449623,0.03806241229176521,0.22700292244553566,near_zero,4,2
muD_PD_F4S,2.0,cookies,near,0.06574101373553276,0.0802440345287323,-0.01450302079319954,-0.24739350005984306,0.21838745847344398,near_zero,4,2
muD_PD_F4S,2.0,bread,near,0.06574101373553276,0.2799266576766968,-0.21418564394116402,-0.34235353395342827,-0.08601775392889977,nonzero,4,2
muD_PD_F4S,2.0,roast_chicken,mid,0.06574101373553276,0.3702669143676758,-0.304525900632143,-0.5545742027461529,-0.05447759851813316,nonzero,4,2
muD_PD_F4S,2.0,furnace,far,0.06574101373553276,-0.15611004829406738,0.22185106202960014,0.11135654523968697,0.3263624757528305,nonzero,4,2
muD_PD_F4S,2.0,odometer,number_only,0.06574101373553276,0.10532665252685547,-0.03958563879132271,-0.13132352754473686,0.052152249962091446,near_zero,4,2
muD_PD_F4S,4.0,cookies,near,-0.12739338539540768,0.29628224670886993,-0.4236756321042776,-1.009535914286971,0.1680427249521017,inconclusive,4,2
muD_PD_F4S,4.0,bread,near,-0.12739338539540768,1.224638819694519,-1.3520322050899267,-2.1652739997953176,-0.53293233551085,nonzero,4,2
muD_PD_F4S,4.0,roast_chicken,mid,-0.12739338539540768,1.1142756342887878,-1.2416690196841955,-2.0053584333509207,-0.4721215311437845,nonzero,4,2
muD_PD_F4S,4.0,furnace,far,-0.12739338539540768,-0.18194961547851562,0.05455623008310795,-0.2871145959943533,0.40208513103425503,near_zero,4,2
muD_PD_F4S,4.0,odometer,number_only,-0.12739338539540768,0.22960638999938965,-0.3569997753947973,-0.6042437311261892,-0.10389774478971958,nonzero,4,2
r0_D_dA,0.5,cookies,near,-0.08224296197295189,-0.03387032449245453,-0.04837263748049736,-0.13840964436531067,0.04166436940431595,near_zero,4,2
r0_D_dA,0.5,bread,near,-0.08224296197295189,0.06937289237976074,-0.15161585435271263,-0.28650519251823425,-0.01672651618719101,near_zero,4,2
r0_D_dA,0.5,roast_chicken,mid,-0.08224296197295189,-0.03700721263885498,-0.04523574933409691,-0.24250563979148865,0.15203414112329483,near_zero,4,2
r0_D_dA,0.5,furnace,far,-0.08224296197295189,0.047869205474853516,-0.1301121674478054,-0.19335302710533142,-0.062014058232307434,near_zero,4,2
r0_D_dA,0.5,odometer,number_only,-0.08224296197295189,-0.15071868896484375,0.06847572699189186,-0.06682524085044861,0.20377669483423233,near_zero,4,2
r0_D_dA,1.0,cookies,near,-0.14924968034029007,0.09686874598264694,-0.246118426322937,-0.4046907313168049,-0.09980906918644905,nonzero,4,2
r0_D_dA,1.0,bread,near,-0.14924968034029007,0.09314680099487305,-0.24239648133516312,-0.5666049681603909,0.08181200549006462,inconclusive,4,2
r0_D_dA,1.0,roast_chicken,mid,-0.14924968034029007,-0.2271413803100586,0.07789169996976852,-0.3476557694375515,0.5034391693770885,inconclusive,4,2
r0_D_dA,1.0,furnace,far,-0.14924968034029007,0.14577817916870117,-0.29502785950899124,-0.5088818036019802,-0.08210671693086624,nonzero,4,2
r0_D_dA,1.0,odometer,number_only,-0.14924968034029007,-0.16963934898376465,0.02038966864347458,-0.12157159298658371,0.16328373178839684,near_zero,4,2
r0_D_dA,2.0,cookies,near,-0.251165684312582,0.05675211548805237,-0.3079177998006344,-0.53352927044034,-0.12119110673666,nonzero,4,2
r0_D_dA,2.0,bread,near,-0.251165684312582,0.12152969837188721,-0.3726953826844692,-1.0443978309631348,0.2990070655941963,inconclusive,4,2
r0_D_dA,2.0,roast_chicken,mid,-0.251165684312582,-0.8067045211791992,0.5555388368666172,-0.09517467021942139,1.2062523439526558,inconclusive,4,2
r0_D_dA,2.0,furnace,far,-0.251165684312582,0.3688645362854004,-0.6200302205979824,-0.8315893225371838,-0.4888458177447319,nonzero,4,2
r0_D_dA,2.0,odometer,number_only,-0.251165684312582,-0.049407958984375,-0.20175772532820702,-0.4514108896255493,0.047895438969135284,inconclusive,4,2
r0_D_dA,4.0,cookies,near,0.6410976275801659,1.159917488694191,-0.5188198611140251,-1.55351797118783,0.7534703314304352,inconclusive,4,2
r0_D_dA,4.0,bread,near,0.6410976275801659,1.420628845691681,-0.779531218111515,-3.504496458917856,2.0743519589304924,inconclusive,4,2
r0_D_dA,4.0,roast_chicken,mid,0.6410976275801659,-1.0367456674575806,1.6778432950377464,-0.7427487410604954,4.2273532673716545,inconclusive,4,2
r0_D_dA,4.0,furnace,far,0.6410976275801659,1.023479700088501,-0.3823820725083351,-1.5783062018454075,0.9424599930644035,inconclusive,4,2
r0_D_dA,4.0,odometer,number_only,0.6410976275801659,-1.1702821254730225,1.8113797530531883,0.9131321869790554,3.0836699455976486,nonzero,4,2
r0_D_muD,0.5,cookies,near,-0.06876610592007637,0.0648379698395729,-0.13360407575964928,-0.245638195425272,-0.0267912819981575,near_zero,4,2
r0_D_muD,0.5,bread,near,-0.06876610592007637,0.06997710466384888,-0.13874321058392525,-0.23453855514526367,-0.05093129351735115,near_zero,4,2
r0_D_muD,0.5,roast_chicken,mid,-0.06876610592007637,0.04254770278930664,-0.11131380870938301,-0.30195123329758644,0.07932361587882042,near_zero,4,2
r0_D_muD,0.5,furnace,far,-0.06876610592007637,-0.060343265533447266,-0.008422840386629105,-0.1094706691801548,0.09262498840689659,near_zero,4,2
r0_D_muD,0.5,odometer,number_only,-0.06876610592007637,-0.22656917572021484,0.15780306980013847,0.0574452243745327,0.25816091522574425,near_zero,4,2
r0_D_muD,1.0,cookies,near,-0.03742770850658417,0.026786155998706818,-0.06421386450529099,-0.19628021121025085,0.06785248219966888,near_zero,4,2
r0_D_muD,1.0,bread,near,-0.03742770850658417,0.06010270118713379,-0.09753040969371796,-0.17060960829257965,-0.024451211094856262,near_zero,4,2
r0_D_muD,1.0,roast_chicken,mid,-0.03742770850658417,-0.21895170211791992,0.18152399361133575,0.043526992201805115,0.3195209950208664,near_zero,4,2
r0_D_muD,1.0,furnace,far,-0.03742770850658417,0.030513763427734375,-0.06794147193431854,-0.17690695822238922,0.041024014353752136,near_zero,4,2
r0_D_muD,1.0,odometer,number_only,-0.03742770850658417,-0.1198265552520752,0.08239884674549103,0.009924039244651794,0.15487365424633026,near_zero,4,2
r0_D_muD,2.0,cookies,near,-0.12781139463186264,-0.0211101695895195,-0.10670122504234314,-0.26792386174201965,0.054521411657333374,near_zero,4,2
r0_D_muD,2.0,bread,near,-0.12781139463186264,0.15426641702651978,-0.2820778116583824,-0.5058311596512794,-0.05048733949661255,nonzero,4,2
r0_D_muD,2.0,roast_chicken,mid,-0.12781139463186264,-0.14683103561401367,0.01901964098215103,-0.26083294302225113,0.306709349155426,near_zero,4,2
r0_D_muD,2.0,furnace,far,-0.12781139463186264,0.06588220596313477,-0.1936936005949974,-0.5224070399999619,0.12574836239218712,inconclusive,4,2
r0_D_muD,2.0,odometer,number_only,-0.12781139463186264,-0.2203211784362793,0.09250978380441666,-0.1711360588669777,0.36399275064468384,near_zero,4,2
r0_D_muD,4.0,cookies,near,-0.22796262055635452,-0.051136381924152374,-0.17682623863220215,-0.4004224166274071,0.04676993936300278,near_zero,4,2
r0_D_muD,4.0,bread,near,-0.22796262055635452,0.2176695466041565,-0.445632167160511,-0.9051561094820499,0.021702997386455536,inconclusive,4,2
r0_D_muD,4.0,roast_chicken,mid,-0.22796262055635452,-0.522063136100769,0.2941005155444145,-0.36158153787255287,0.9575937911868095,inconclusive,4,2
r0_D_muD,4.0,furnace,far,-0.22796262055635452,0.225388765335083,-0.45335138589143753,-0.7317246273159981,-0.1827893666923046,nonzero,4,2
r0_D_muD,4.0,odometer,number_only,-0.22796262055635452,-0.0233612060546875,-0.20460141450166702,-0.39328087121248245,-0.02373318001627922,nonzero,4,2
r1_D_dA,0.5,cookies,near,0.07462251931428909,0.3006172850728035,-0.2259947657585144,-0.44340286031365395,-0.012400545179843903,nonzero,4,2
r1_D_dA,0.5,bread,near,0.07462251931428909,0.10420477390289307,-0.029582254588603973,-0.33098239451646805,0.2718178853392601,near_zero,4,2
r1_D_dA,0.5,roast_chicken,mid,0.07462251931428909,0.1333112120628357,-0.0586886927485466,-0.5001304820179939,0.3827530965209007,inconclusive,4,2
r1_D_dA,0.5,furnace,far,0.07462251931428909,-0.1895585060119629,0.264181025326252,0.04677293077111244,0.46328457444906235,nonzero,4,2
r1_D_dA,0.5,odometer,number_only,0.07462251931428909,0.04370403289794922,0.030918486416339874,-0.18648960813879967,0.22691305726766586,near_zero,4,2
r1_D_dA,1.0,cookies,near,-0.003092467784881592,0.62298683822155,-0.6260793060064316,-0.9697071649134159,-0.28245144709944725,nonzero,4,2
r1_D_dA,1.0,bread,near,-0.003092467784881592,0.13550561666488647,-0.13859808444976807,-0.41313615441322327,0.1061507873237133,near_zero,4,2
r1_D_dA,1.0,roast_chicken,mid,-0.003092467784881592,0.10017526149749756,-0.10326772928237915,-0.5879958905279636,0.38146043196320534,inconclusive,4,2
r1_D_dA,1.0,furnace,far,-0.003092467784881592,-0.13611221313476562,0.13301974534988403,-0.136122677475214,0.3577250838279724,near_zero,4,2
r1_D_dA,1.0,odometer,number_only,-0.003092467784881592,-0.05525040626525879,0.0521579384803772,-0.24976475825533268,0.30230245739221573,near_zero,4,2
r1_D_dA,2.0,cookies,near,0.04871883615851402,0.8137136548757553,-0.7649948187172413,-1.2499208934605122,-0.3565196916460991,nonzero,4,2
r1_D_dA,2.0,bread,near,0.04871883615851402,0.050585150718688965,-0.001866314560174942,-0.44353417679667473,0.3980278894305229,near_zero,4,2
r1_D_dA,2.0,roast_chicken,mid,0.04871883615851402,-0.057103753089904785,0.10582258924841881,-0.512938603758812,0.7245837822556496,inconclusive,4,2
r1_D_dA,2.0,furnace,far,0.04871883615851402,-0.1103508472442627,0.15906968340277672,-0.2631005123257637,0.5589638873934746,inconclusive,4,2
r1_D_dA,2.0,odometer,number_only,0.04871883615851402,0.0910482406616211,-0.04232940450310707,-0.46373117715120316,0.3575647994875908,near_zero,4,2
r1_D_dA,4.0,cookies,near,-0.21771708130836487,0.856205016374588,-1.0739220976829529,-1.7479343824088573,-0.29767338559031487,nonzero,4,2
r1_D_dA,4.0,bread,near,-0.21771708130836487,0.30338215827941895,-0.5210992395877838,-1.1639320030808449,0.18911952897906303,inconclusive,4,2
r1_D_dA,4.0,roast_chicken,mid,-0.21771708130836487,-0.4686157703399658,0.25089868903160095,-1.118236642330885,1.6200340203940868,inconclusive,4,2
r1_D_dA,4.0,furnace,far,-0.21771708130836487,0.028509855270385742,-0.2462269365787506,-0.8890597000718117,0.4191240109503269,inconclusive,4,2
r1_D_dA,4.0,odometer,number_only,-0.21771708130836487,-0.03681540489196777,-0.1809016764163971,-0.8237344399094582,0.46193108707666397,inconclusive,4,2
r1_D_muD,0.5,cookies,near,0.012019101530313492,0.1273748055100441,-0.1153557039797306,-0.249428428709507,-0.007979847490787506,near_zero,4,2
r1_D_muD,0.5,bread,near,0.012019101530313492,0.07521748542785645,-0.06319838389754295,-0.2090655267238617,0.06839052960276604,near_zero,4,2
r1_D_muD,0.5,roast_chicken,mid,0.012019101530313492,0.10504257678985596,-0.09302347525954247,-0.29677358642220497,0.11072663590312004,near_zero,4,2
r1_D_muD,0.5,furnace,far,0.012019101530313492,-0.18530488014221191,0.1973239816725254,0.0560283437371254,0.3060973770916462,near_zero,4,2
r1_D_muD,0.5,odometer,number_only,0.012019101530313492,0.02250194549560547,-0.010482843965291977,-0.14264091849327087,0.09175511449575424,near_zero,4,2
r1_D_muD,1.0,cookies,near,-0.008153226226568222,0.25571809709072113,-0.26387132331728935,-0.4884811267256737,-0.03926151990890503,nonzero,4,2
r1_D_muD,1.0,bread,near,-0.008153226226568222,0.19501268863677979,-0.203165914863348,-0.4800303503870964,0.07369852066040039,inconclusive,4,2
r1_D_muD,1.0,roast_chicken,mid,-0.008153226226568222,0.05527353286743164,-0.06342675909399986,-0.34424465149641037,0.21739113330841064,near_zero,4,2
r1_D_muD,1.0,furnace,far,-0.008153226226568222,-0.09633493423461914,0.08818170800805092,-0.05341009050607681,0.19735563173890114,near_zero,4,2
r1_D_muD,1.0,odometer,number_only,-0.008153226226568222,0.03053426742553711,-0.03868749365210533,-0.18027929216623306,0.07048643007874489,near_zero,4,2
r1_D_muD,2.0,cookies,near,0.08356887474656105,0.3987882360816002,-0.31521936133503914,-0.5955109894275665,-0.03492773324251175,nonzero,4,2
r1_D_muD,2.0,bread,near,0.08356887474656105,0.07608991861343384,0.0074789561331272125,-0.3348323553800583,0.3497902676463127,near_zero,4,2
r1_D_muD,2.0,roast_chicken,mid,0.08356887474656105,0.13847720623016357,-0.054908331483602524,-0.5155761688947678,0.4057595059275627,inconclusive,4,2
r1_D_muD,2.0,furnace,far,0.08356887474656105,-0.12383151054382324,0.2074003852903843,-0.04745272919535637,0.3841661736369133,inconclusive,4,2
r1_D_muD,2.0,odometer,number_only,0.08356887474656105,-0.025644779205322266,0.10921365395188332,-0.1508837454020977,0.2723831459879875,near_zero,4,2
r1_D_muD,4.0,cookies,near,0.052409134805202484,0.6577807739377022,-0.6053716391324997,-1.044263418763876,-0.2018440105021,nonzero,4,2
r1_D_muD,4.0,bread,near,0.052409134805202484,0.08437395095825195,-0.03196481615304947,-0.42997654527425766,0.28285958245396614,near_zero,4,2
r1_D_muD,4.0,roast_chicken,mid,0.052409134805202484,0.08375722169876099,-0.0313480868935585,-0.5965359918773174,0.5338398180902004,inconclusive,4,2
r1_D_muD,4.0,furnace,far,0.052409134805202484,-0.23490619659423828,0.28731533139944077,-0.11171839898452157,0.6196267567574978,inconclusive,4,2
r1_D_muD,4.0,odometer,number_only,0.052409134805202484,0.12054562568664551,-0.06813649088144302,-0.4661482200026512,0.24668790772557259,near_zero,4,2
r2_D_dA,0.5,cookies,near,-0.04850274324417114,-0.09547825902700424,0.0469755157828331,-0.04041276481002568,0.1259453147649765,near_zero,4,2
r2_D_dA,0.5,bread,near,-0.04850274324417114,0.13625454902648926,-0.1847572922706604,-0.36827291548252106,0.0063643679022789,near_zero,4,2
r2_D_dA,0.5,roast_chicken,mid,-0.04850274324417114,0.10644721984863281,-0.15494996309280396,-0.2463601192459464,-0.07598016411066055,near_zero,4,2
r2_D_dA,0.5,furnace,far,-0.04850274324417114,-0.010884761810302734,-0.03761798143386841,-0.2836029753088951,0.20076097548007965,near_zero,4,2
r2_D_dA,0.5,odometer,number_only,-0.04850274324417114,-0.15717244148254395,0.1086696982383728,-0.08675409853458405,0.3116995319724083,near_zero,4,2
r2_D_dA,1.0,cookies,near,-0.018750376999378204,-0.2706744372844696,0.2519240602850914,0.14982470870018005,0.3552888110280037,nonzero,4,2
r2_D_dA,1.0,bread,near,-0.018750376999378204,0.2689247131347656,-0.28767509013414383,-0.5020750463008881,-0.07200973480939865,nonzero,4,2
r2_D_dA,1.0,roast_chicken,mid,-0.018750376999378204,-0.009930908679962158,-0.008819468319416046,-0.2549886405467987,0.23861510306596756,near_zero,4,2
r2_D_dA,1.0,furnace,far,-0.018750376999378204,-0.056394100189208984,0.03764372318983078,-0.12367924302816391,0.19896668940782547,near_zero,4,2
r2_D_dA,1.0,odometer,number_only,-0.018750376999378204,-0.11168789863586426,0.09293752163648605,-0.06134435534477234,0.2484847977757454,near_zero,4,2
r2_D_dA,2.0,cookies,near,-0.1876145713031292,-0.19913271814584732,0.011518146842718124,-0.4249667339026928,0.44800302758812904,near_zero,4,2
r2_D_dA,2.0,bread,near,-0.1876145713031292,0.8935916423797607,-1.08120621368289,-1.5085060857236385,-0.6539063416421413,nonzero,4,2
r2_D_dA,2.0,roast_chicken,mid,-0.1876145713031292,-0.36131155490875244,0.17369698360562325,-0.3158288262784481,0.6632227934896946,inconclusive,4,2
r2_D_dA,2.0,furnace,far,-0.1876145713031292,0.011689186096191406,-0.1993037573993206,-0.4342503808438778,0.03564286604523659,near_zero,4,2
r2_D_dA,2.0,odometer,number_only,-0.1876145713031292,-0.1577458381652832,-0.029868733137845993,-0.26740410551428795,0.20766663923859596,near_zero,4,2
r2_D_dA,4.0,cookies,near,0.3891778960824013,1.7260596305131912,-1.33688173443079,-2.5441979728639126,-0.1295654959976673,nonzero,4,2
r2_D_dA,4.0,bread,near,0.3891778960824013,1.6266491413116455,-1.2374712452292442,-3.1830761693418026,0.7081336788833141,inconclusive,4,2
r2_D_dA,4.0,roast_chicken,mid,0.3891778960824013,-0.17147254943847656,0.5606504455208778,-0.43321433290839195,1.5545152239501476,inconclusive,4,2
r2_D_dA,4.0,furnace,far,0.3891778960824013,-0.24254131317138672,0.631719209253788,-0.2299114465713501,1.4149767458438869,inconclusive,4,2
r2_D_dA,4.0,odometer,number_only,0.3891778960824013,-0.5755159854888916,0.9646938815712929,0.08021735399961472,1.7929321639239788,nonzero,4,2
r2_D_muD,0.5,cookies,near,0.015368089079856873,-0.005358211696147919,0.02072630077600479,-0.021759524941444397,0.058922603726387024,near_zero,4,2
r2_D_muD,0.5,bread,near,0.015368089079856873,-0.022335946559906006,0.03770403563976288,-0.010981347411870956,0.08167003225535088,near_zero,4,2
r2_D_muD,0.5,roast_chicken,mid,0.015368089079856873,0.12550973892211914,-0.11014164984226227,-0.14887868613004684,-0.07194534689188004,near_zero,4,2
r2_D_muD,0.5,furnace,far,0.015368089079856873,-0.0973048210144043,0.11267291009426117,0.06439480558037758,0.15127777680754662,near_zero,4,2
r2_D_muD,0.5,odometer,number_only,0.015368089079856873,0.0037894248962402344,0.011578664183616638,-0.10665133222937584,0.12980866059660912,near_zero,4,2
r2_D_muD,1.0,cookies,near,-0.06709548085927963,-0.05264190584421158,-0.014453575015068054,-0.1208762601017952,0.09037097916007042,near_zero,4,2
r2_D_muD,1.0,bread,near,-0.06709548085927963,0.039526283740997314,-0.10662176460027695,-0.21109669702127576,-0.016961969435214996,near_zero,4,2
r2_D_muD,1.0,roast_chicken,mid,-0.06709548085927963,-0.00426793098449707,-0.06282754987478256,-0.16469389544799923,0.02415677160024643,near_zero,4,2
r2_D_muD,1.0,furnace,far,-0.06709548085927963,-0.0287020206451416,-0.03839346021413803,-0.14421085640788078,0.06622501462697983,near_zero,4,2
r2_D_muD,1.0,odometer,number_only,-0.06709548085927963,-0.09874725341796875,0.03165177255868912,-0.1750551424920559,0.2399568185210228,near_zero,4,2
r2_D_muD,2.0,cookies,near,-0.04624570533633232,-0.23598390817642212,0.1897382028400898,0.0623958483338356,0.3120269402861595,near_zero,4,2
r2_D_muD,2.0,bread,near,-0.04624570533633232,0.2309892177581787,-0.27723492309451103,-0.4542222172021866,-0.0985611341893673,nonzero,4,2
r2_D_muD,2.0,roast_chicken,mid,-0.04624570533633232,0.056151628494262695,-0.10239733383059502,-0.31519319117069244,0.1120850183069706,near_zero,4,2
r2_D_muD,2.0,furnace,far,-0.04624570533633232,0.05723404884338379,-0.10347975417971611,-0.27913254126906395,0.07217303290963173,near_zero,4,2
r2_D_muD,2.0,odometer,number_only,-0.04624570533633232,-0.19368720054626465,0.14744149520993233,-0.16418148577213287,0.4607509709894657,near_zero,4,2
r2_D_muD,4.0,cookies,near,-0.1676637940108776,-0.3704344481229782,0.2027706541121006,0.08854588866233826,0.31699541956186295,nonzero,4,2
r2_D_muD,4.0,bread,near,-0.1676637940108776,0.38638514280319214,-0.5540489368140697,-0.7541060745716095,-0.35399179905653,nonzero,4,2
r2_D_muD,4.0,roast_chicken,mid,-0.1676637940108776,-0.07865399122238159,-0.08900980278849602,-0.2306821644306183,0.05266255885362625,near_zero,4,2
r2_D_muD,4.0,furnace,far,-0.1676637940108776,0.018517494201660156,-0.18618128821253777,-0.4011850655078888,0.028822489082813263,near_zero,4,2
r2_D_muD,4.0,odometer,number_only,-0.1676637940108776,-0.23311114311218262,0.06544734910130501,-0.09039834141731262,0.22129303961992264,near_zero,4,2
r3_D_dA,0.5,cookies,near,-0.0816415436565876,-0.0789707824587822,-0.0026707611978054047,-0.11852073296904564,0.11317921057343483,near_zero,4,2
r3_D_dA,0.5,bread,near,-0.0816415436565876,0.056166112422943115,-0.13780765607953072,-0.2593509964644909,-0.017940182238817215,near_zero,4,2
r3_D_dA,0.5,roast_chicken,mid,-0.0816415436565876,0.3257160186767578,-0.4073575623333454,-0.6687414459884167,-0.14597367867827415,nonzero,4,2
r3_D_dA,0.5,furnace,far,-0.0816415436565876,-0.041394710540771484,-0.040246833115816116,-0.15527627989649773,0.07310674712061882,near_zero,4,2
r3_D_dA,0.5,odometer,number_only,-0.0816415436565876,-0.14232301712036133,0.06068147346377373,-0.03235705941915512,0.14604461938142776,near_zero,4,2
r3_D_dA,1.0,cookies,near,-0.1649923212826252,-0.14895713329315186,-0.016035187989473343,-0.18538536131381989,0.11674080416560173,near_zero,4,2
r3_D_dA,1.0,bread,near,-0.1649923212826252,0.086761474609375,-0.2517537958920002,-0.4888882599771023,-0.04511920362710953,nonzero,4,2
r3_D_dA,1.0,roast_chicken,mid,-0.1649923212826252,0.5350661277770996,-0.7000584490597248,-0.9572138488292694,-0.44172750040888786,nonzero,4,2
r3_D_dA,1.0,furnace,far,-0.1649923212826252,-0.025687456130981445,-0.13930486515164375,-0.3086550384759903,-0.00652887299656868,near_zero,4,2
r3_D_dA,1.0,odometer,number_only,-0.1649923212826252,0.01709461212158203,-0.18208693340420723,-0.3866916857659817,-0.007982052862644196,near_zero,4,2
r3_D_dA,2.0,cookies,near,-0.33033647760748863,-0.21091052144765854,-0.1194259561598301,-0.2937246486544609,0.10866017639636993,near_zero,4,2
r3_D_dA,2.0,bread,near,-0.33033647760748863,-0.32182765007019043,-0.008508827537298203,-0.40394269675016403,0.3736800216138363,near_zero,4,2
r3_D_dA,2.0,roast_chicken,mid,-0.33033647760748863,0.9207452535629272,-1.2510817311704159,-1.699732057750225,-0.815676424652338,nonzero,4,2
r3_D_dA,2.0,furnace,far,-0.33033647760748863,0.13213539123535156,-0.4624718688428402,-0.6439142487943172,-0.23527158051729202,nonzero,4,2
r3_D_dA,2.0,odometer,number_only,-0.33033647760748863,-0.0253145694732666,-0.30502190813422203,-0.5530610010027885,-0.05698281526565552,nonzero,4,2
r3_D_dA,4.0,cookies,near,0.7341141626238823,3.3092512637376785,-2.5751371011137962,-3.684228576719761,-1.5140944719314575,nonzero,4,2
r3_D_dA,4.0,bread,near,0.7341141626238823,-0.7508969306945801,1.4850110933184624,0.5680516585707664,2.3539216816425323,nonzero,4,2
r3_D_dA,4.0,roast_chicken,mid,0.7341141626238823,-0.9299132823944092,1.6640274450182915,0.5799462422728539,2.700059801340103,nonzero,4,2
r3_D_dA,4.0,furnace,far,0.7341141626238823,0.6449642181396484,0.08914994448423386,-0.6201458869501948,0.7733675464987755,inconclusive,4,2
r3_D_dA,4.0,odometer,number_only,0.7341141626238823,-0.31119537353515625,1.0453095361590385,0.2797860207036138,1.7307266076095338,nonzero,4,2
r3_D_muD,0.5,cookies,near,-0.01791296899318695,-0.011662647128105164,-0.006250321865081787,-0.07364410012960435,0.04781028628349304,near_zero,4,2
r3_D_muD,0.5,bread,near,-0.01791296899318695,0.14743572473526,-0.16534869372844696,-0.2746261954307556,-0.06489811837673187,near_zero,4,2
r3_D_muD,0.5,roast_chicken,mid,-0.01791296899318695,0.11653411388397217,-0.13444708287715912,-0.30611276626586914,0.03786405920982361,near_zero,4,2
r3_D_muD,0.5,furnace,far,-0.01791296899318695,-0.13765501976013184,0.11974205076694489,0.03380340337753296,0.19685377180576324,near_zero,4,2
r3_D_muD,0.5,odometer,number_only,-0.01791296899318695,0.0018470287322998047,-0.019759997725486755,-0.11889654397964478,0.0705496221780777,near_zero,4,2
r3_D_muD,1.0,cookies,near,-0.11008956655859947,0.10188982635736465,-0.21197939291596413,-0.31090202927589417,-0.07390008121728897,nonzero,4,2
r3_D_muD,1.0,bread,near,-0.11008956655859947,0.08059310913085938,-0.19068267568945885,-0.32500099390745163,-0.05260336399078369,near_zero,4,2
r3_D_muD,1.0,roast_chicken,mid,-0.11008956655859947,0.2394779920578003,-0.34956755861639977,-0.5478191301226616,-0.15131598711013794,nonzero,4,2
r3_D_muD,1.0,furnace,far,-0.11008956655859947,0.08483242988586426,-0.19492199644446373,-0.29900671914219856,-0.056842684745788574,near_zero,4,2
r3_D_muD,1.0,odometer,number_only,-0.11008956655859947,-0.09218549728393555,-0.017904069274663925,-0.1172681637108326,0.12017524242401123,near_zero,4,2
r3_D_muD,2.0,cookies,near,-0.10461060330271721,-0.09447554498910904,-0.01013505831360817,-0.12453692778944969,0.12164108827710152,near_zero,4,2
r3_D_muD,2.0,bread,near,-0.10461060330271721,0.0772709846496582,-0.1818815879523754,-0.29917624220252037,-0.050105441361665726,near_zero,4,2
r3_D_muD,2.0,roast_chicken,mid,-0.10461060330271721,0.4349125623703003,-0.5395231656730175,-0.9357943423092365,-0.14313453063368797,nonzero,4,2
r3_D_muD,2.0,furnace,far,-0.10461060330271721,0.11195755004882812,-0.21656815335154533,-0.3562754653394222,-0.07686084136366844,nonzero,4,2
r3_D_muD,2.0,odometer,number_only,-0.10461060330271721,-0.07167506217956543,-0.03293554112315178,-0.13299890607595444,0.08281434699892998,near_zero,4,2
r3_D_muD,4.0,cookies,near,-0.21121369674801826,-0.22688189893960953,0.015668202191591263,-0.19441946130245924,0.19604399055242538,near_zero,4,2
r3_D_muD,4.0,bread,near,-0.21121369674801826,-0.1159815788269043,-0.09523211792111397,-0.3351227641105652,0.13121478259563446,near_zero,4,2
r3_D_muD,4.0,roast_chicken,mid,-0.21121369674801826,0.6917473077774048,-0.902961004525423,-1.112941075116396,-0.7605316042900085,nonzero,4,2
r3_D_muD,4.0,furnace,far,-0.21121369674801826,0.08043098449707031,-0.2916446812450886,-0.5059284679591656,-0.09465236961841583,nonzero,4,2
r3_D_muD,4.0,odometer,number_only,-0.21121369674801826,-0.08526396751403809,-0.12594972923398018,-0.3359297998249531,0.026667892932891846,near_zero,4,2
r4_D_dA,0.5,cookies,near,0.07794389501214027,0.11862856894731522,-0.04068467393517494,-0.13845626264810562,0.06099655479192734,near_zero,4,2
r4_D_dA,0.5,bread,near,0.07794389501214027,0.13336914777755737,-0.0554252527654171,-0.1779332384467125,0.0791853554546833,near_zero,4,2
r4_D_dA,0.5,roast_chicken,mid,0.07794389501214027,0.2631111145019531,-0.18516721948981285,-0.440973661839962,0.0706392228603363,near_zero,4,2
r4_D_dA,0.5,furnace,far,0.07794389501214027,-0.22738003730773926,0.30532393231987953,0.17925844341516495,0.44160638749599457,nonzero,4,2
r4_D_dA,0.5,odometer,number_only,0.07794389501214027,-0.0005517005920410156,0.07849559560418129,-0.025347746908664703,0.18654341623187065,near_zero,4,2
r4_D_dA,1.0,cookies,near,0.1157427430152893,0.3076382428407669,-0.1918954998254776,-0.3119259737432003,-0.09029033947736048,near_zero,4,2
r4_D_dA,1.0,bread,near,0.1157427430152893,0.27643638849258423,-0.16069364547729492,-0.3179553300142288,-0.003431960940361023,near_zero,4,2
r4_D_dA,1.0,roast_chicken,mid,0.1157427430152893,0.46074604988098145,-0.34500330686569214,-0.660601332783699,-0.02940528094768524,nonzero,4,2
r4_D_dA,1.0,furnace,far,0.1157427430152893,-0.05694127082824707,0.17268401384353638,-0.05070718377828598,0.3904725983738899,near_zero,4,2
r4_D_dA,1.0,odometer,number_only,0.1157427430152893,0.10882139205932617,0.006921350955963135,-0.2283390387892723,0.23657912760972977,near_zero,4,2
r4_D_dA,2.0,cookies,near,0.2603956200182438,0.8967352509498596,-0.6363396309316158,-1.0240860916674137,-0.3405264914035797,nonzero,4,2
r4_D_dA,2.0,bread,near,0.2603956200182438,0.4480213522911072,-0.1876257322728634,-0.750652514398098,0.3754010498523712,inconclusive,4,2
r4_D_dA,2.0,roast_chicken,mid,0.2603956200182438,0.7524807453155518,-0.49208512529730797,-0.8798315860331059,-0.12381383776664734,nonzero,4,2
r4_D_dA,2.0,furnace,far,0.2603956200182438,-0.06044578552246094,0.3208414055407047,-0.10154837369918823,0.5849477611482143,inconclusive,4,2
r4_D_dA,2.0,odometer,number_only,0.2603956200182438,0.1919248104095459,0.06847080960869789,-0.35822805017232895,0.4946957603096962,near_zero,4,2
r4_D_dA,4.0,cookies,near,0.679603211581707,0.985135868191719,-0.30553265661001205,-1.2235848680138588,0.5002507045865059,inconclusive,4,2
r4_D_dA,4.0,bread,near,0.679603211581707,0.41263747215270996,0.26696573942899704,-0.72164636105299,1.255577839910984,inconclusive,4,2
r4_D_dA,4.0,roast_chicken,mid,0.679603211581707,1.462111234664917,-0.78250802308321,-1.6438067927956581,-0.03347810357809067,nonzero,4,2
r4_D_dA,4.0,furnace,far,0.679603211581707,-0.17928385734558105,0.858887068927288,0.08987727016210556,1.563595924526453,nonzero,4,2
r4_D_dA,4.0,odometer,number_only,0.679603211581707,0.0712285041809082,0.6083747074007988,-0.18736837431788445,1.3249770030379295,inconclusive,4,2
r4_D_muD,0.5,cookies,near,0.012871846556663513,0.1602397859096527,-0.1473679393529892,-0.2321491502225399,-0.062310270965099335,near_zero,4,2
r4_D_muD,0.5,bread,near,0.012871846556663513,0.023293733596801758,-0.010421887040138245,-0.040518250316381454,0.019950933754444122,near_zero,4,2
r4_D_muD,0.5,roast_chicken,mid,0.012871846556663513,0.1539686918258667,-0.14109684526920319,-0.2864813469350338,0.004564113914966583,near_zero,4,2
r4_D_muD,0.5,furnace,far,0.012871846556663513,-0.16509032249450684,0.17796216905117035,0.08834436908364296,0.2678564265370369,near_zero,4,2
r4_D_muD,0.5,odometer,number_only,0.012871846556663513,0.08953142166137695,-0.07665957510471344,-0.11586198955774307,-0.037726706732064526,near_zero,4,2
r4_D_muD,1.0,cookies,near,0.032743312418460846,0.18154306709766388,-0.14879975467920303,-0.2718595340847969,-0.03112277388572693,near_zero,4,2
r4_D_muD,1.0,bread,near,0.032743312418460846,0.0394781231880188,-0.006734810769557953,-0.10443909466266632,0.09096947312355042,near_zero,4,2
r4_D_muD,1.0,roast_chicken,mid,0.032743312418460846,0.15112531185150146,-0.11838199943304062,-0.312163308262825,0.07539930939674377,near_zero,4,2
r4_D_muD,1.0,furnace,far,0.032743312418460846,-0.10395312309265137,0.1366964355111122,0.03943634778261185,0.22508399188518524,near_zero,4,2
r4_D_muD,1.0,odometer,number_only,0.032743312418460846,-0.02570199966430664,0.05844531208276749,-0.03881477564573288,0.14683286845684052,near_zero,4,2
r4_D_muD,2.0,cookies,near,0.11926525831222534,0.2922440618276596,-0.17297880351543427,-0.29236889630556107,-0.08358677104115486,near_zero,4,2
r4_D_muD,2.0,bread,near,0.11926525831222534,0.19063174724578857,-0.07136648893356323,-0.1869710423052311,0.01030484214425087,near_zero,4,2
r4_D_muD,2.0,roast_chicken,mid,0.11926525831222534,0.3587620258331299,-0.23949676752090454,-0.48669154569506645,0.00769801065325737,inconclusive,4,2
r4_D_muD,2.0,furnace,far,0.11926525831222534,-0.1501021385192871,0.26936739683151245,0.10739605501294136,0.43133873865008354,nonzero,4,2
r4_D_muD,2.0,odometer,number_only,0.11926525831222534,-0.03608870506286621,0.15535396337509155,-0.08833987638354301,0.3990478031337261,near_zero,4,2
r4_D_muD,4.0,cookies,near,0.18815962597727776,0.63971047103405,-0.45155084505677223,-0.7416931018233299,-0.16140858829021454,nonzero,4,2
r4_D_muD,4.0,bread,near,0.18815962597727776,0.33684515953063965,-0.1486855335533619,-0.3893975280225277,0.05034492909908295,near_zero,4,2
r4_D_muD,4.0,roast_chicken,mid,0.18815962597727776,0.6523730754852295,-0.46421344950795174,-0.7529974207282066,-0.17542947828769684,nonzero,4,2
r4_D_muD,4.0,furnace,far,0.18815962597727776,-0.06403017044067383,0.2521897964179516,0.0014715492725372314,0.3928135484457016,nonzero,4,2
r4_D_muD,4.0,odometer,number_only,0.18815962597727776,-0.009592294692993164,0.19775192067027092,-0.05618288367986679,0.4511994644999504,near_zero,4,2
r5_D_dA,0.5,cookies,near,-0.005667615681886673,0.04634024202823639,-0.05200785771012306,-0.14328017085790634,0.03969679772853851,near_zero,4,2
r5_D_dA,0.5,bread,near,-0.005667615681886673,-0.1254696249961853,0.11980200931429863,-0.013367734849452972,0.25253941118717194,near_zero,4,2
r5_D_dA,0.5,roast_chicken,mid,-0.005667615681886673,0.11763966083526611,-0.12330727651715279,-0.13703560084104538,-0.1091466099023819,near_zero,4,2
r5_D_dA,0.5,furnace,far,-0.005667615681886673,0.015057802200317383,-0.020725417882204056,-0.17689403146505356,0.13501085340976715,near_zero,4,2
r5_D_dA,0.5,odometer,number_only,-0.005667615681886673,-0.05915570259094238,0.05348808690905571,-0.03677748888731003,0.14418600499629974,near_zero,4,2
r5_D_dA,1.0,cookies,near,0.05338459089398384,0.08867979049682617,-0.03529519960284233,-0.20036864280700684,0.12977824360132217,near_zero,4,2
r5_D_dA,1.0,bread,near,0.05338459089398384,-0.2352278232574463,0.28861241415143013,0.13258832693099976,0.4446365013718605,nonzero,4,2
r5_D_dA,1.0,roast_chicken,mid,0.05338459089398384,0.06824791431427002,-0.014863323420286179,-0.14095276594161987,0.11122611910104752,near_zero,4,2
r5_D_dA,1.0,furnace,far,0.05338459089398384,-0.01751399040222168,0.07089858129620552,-0.05533403158187866,0.1971311941742897,near_zero,4,2
r5_D_dA,1.0,odometer,number_only,0.05338459089398384,0.15982723236083984,-0.106442641466856,-0.30071157217025757,0.08782628923654556,near_zero,4,2
r5_D_dA,2.0,cookies,near,0.06588892266154289,0.3009987622499466,-0.2351098395884037,-0.5094021633267403,0.03918248414993286,inconclusive,4,2
r5_D_dA,2.0,bread,near,0.06588892266154289,-0.40416204929351807,0.47005097195506096,0.3105282336473465,0.6319563500583172,nonzero,4,2
r5_D_dA,2.0,roast_chicken,mid,0.06588892266154289,0.3418722152709961,-0.2759832926094532,-0.4182136803865433,-0.12835439294576645,nonzero,4,2
r5_D_dA,2.0,furnace,far,0.06588892266154289,0.012538909912109375,0.05335001274943352,-0.09755615144968033,0.2114205052144811,near_zero,4,2
r5_D_dA,2.0,odometer,number_only,0.06588892266154289,0.17409348487854004,-0.10820456221699715,-0.48773086816072464,0.27132174372673035,near_zero,4,2
r5_D_dA,4.0,cookies,near,0.3893129453063011,0.8266243860125542,-0.43731144070625305,-0.8009493872523308,-0.030766814947128296,nonzero,4,2
r5_D_dA,4.0,bread,near,0.3893129453063011,-0.8231332302093506,1.2124461755156517,0.6714691556990147,1.7534231953322887,nonzero,4,2
r5_D_dA,4.0,roast_chicken,mid,0.3893129453063011,-0.22162944078445435,0.6109423860907555,-0.09091144427657127,1.3127962164580822,inconclusive,4,2
r5_D_dA,4.0,furnace,far,0.3893129453063011,0.17780351638793945,0.21150942891836166,-0.1330890767276287,0.60804383456707,inconclusive,4,2
r5_D_dA,4.0,odometer,number_only,0.3893129453063011,0.12682056427001953,0.2624923810362816,-0.1272449605166912,0.6817994527518749,inconclusive,4,2
r5_D_muD,0.5,cookies,near,-0.009404730051755905,0.038316160440444946,-0.04772089049220085,-0.10552721843123436,0.004582222551107407,near_zero,4,2
r5_D_muD,0.5,bread,near,-0.009404730051755905,-0.004088044166564941,-0.005316685885190964,-0.07495510205626488,0.0588185153901577,near_zero,4,2
r5_D_muD,0.5,roast_chicken,mid,-0.009404730051755905,0.05007326602935791,-0.059477996081113815,-0.15362154692411423,0.034683797508478165,near_zero,4,2
r5_D_muD,0.5,furnace,far,-0.009404730051755905,-0.0005571842193603516,-0.008847545832395554,-0.17698979005217552,0.15379148349165916,near_zero,4,2
r5_D_muD,0.5,odometer,number_only,-0.009404730051755905,-0.05496549606323242,0.04556076601147652,-0.008887402713298798,0.1000271774828434,near_zero,4,2
r5_D_muD,1.0,cookies,near,-0.01747335121035576,0.0464039146900177,-0.06387726590037346,-0.24938822910189629,0.12163369730114937,near_zero,4,2
r5_D_muD,1.0,bread,near,-0.01747335121035576,-0.014742791652679443,-0.0027305595576763153,-0.12902526184916496,0.12356414273381233,near_zero,4,2
r5_D_muD,1.0,roast_chicken,mid,-0.01747335121035576,0.04336512088775635,-0.060838472098112106,-0.25738195702433586,0.13570501282811165,near_zero,4,2
r5_D_muD,1.0,furnace,far,-0.01747335121035576,-0.08618593215942383,0.06871258094906807,-0.023255150765180588,0.16068031266331673,near_zero,4,2
r5_D_muD,1.0,odometer,number_only,-0.01747335121035576,-0.07927870750427246,0.0618053562939167,0.0029866285622119904,0.12062408402562141,near_zero,4,2
r5_D_muD,2.0,cookies,near,0.0344918929040432,-0.0158650204539299,0.0503569133579731,-0.11076263338327408,0.21147646009922028,near_zero,4,2
r5_D_muD,2.0,bread,near,0.0344918929040432,-0.158369243144989,0.1928611360490322,0.013427235186100006,0.3722950369119644,near_zero,4,2
r5_D_muD,2.0,roast_chicken,mid,0.0344918929040432,0.04863607883453369,-0.014144185930490494,-0.10692133754491806,0.07863296568393707,near_zero,4,2
r5_D_muD,2.0,furnace,far,0.0344918929040432,0.01191401481628418,0.022577878087759018,-0.12607493251562119,0.17123068869113922,near_zero,4,2
r5_D_muD,2.0,odometer,number_only,0.0344918929040432,0.008991003036499023,0.025500889867544174,-0.14630045741796494,0.19730223715305328,near_zero,4,2
r5_D_muD,4.0,cookies,near,-0.006531529128551483,0.2553590312600136,-0.26189056038856506,-0.5664747171103954,0.042693596333265305,inconclusive,4,2
r5_D_muD,4.0,bread,near,-0.006531529128551483,-0.3217254877090454,0.3151939585804939,0.06100032106041908,0.5693875961005688,nonzero,4,2
r5_D_muD,4.0,roast_chicken,mid,-0.006531529128551483,0.1922093629837036,-0.1987408921122551,-0.4713781140744686,0.07389632984995842,near_zero,4,2
r5_D_muD,4.0,furnace,far,-0.006531529128551483,0.050058603286743164,-0.05659013241529465,-0.19522526487708092,0.08204500004649162,near_zero,4,2
r5_D_muD,4.0,odometer,number_only,-0.006531529128551483,0.09588932991027832,-0.1024208590388298,-0.4064770005643368,0.20163528248667717,near_zero,4,2
r6_D_dA,0.5,cookies,near,-0.007174771279096603,0.20118748396635056,-0.20836225524544716,-0.3724925145506859,-0.044231995940208435,nonzero,4,2
r6_D_dA,0.5,bread,near,-0.007174771279096603,0.17577069997787476,-0.18294547125697136,-0.5098736025393009,0.12736834585666656,inconclusive,4,2
r6_D_dA,0.5,roast_chicken,mid,-0.007174771279096603,0.39044082164764404,-0.39761559292674065,-0.6658019796013832,-0.12942920625209808,nonzero,4,2
r6_D_dA,0.5,furnace,far,-0.007174771279096603,-0.14934372901916504,0.14216895774006844,-0.004402853548526764,0.28874076902866364,near_zero,4,2
r6_D_dA,0.5,odometer,number_only,-0.007174771279096603,0.07513046264648438,-0.08230523392558098,-0.25842831283807755,0.09381784498691559,near_zero,4,2
r6_D_dA,1.0,cookies,near,-0.008031271398067474,0.40105460584163666,-0.40908587723970413,-0.5905380137264729,-0.2163536138832569,nonzero,4,2
r6_D_dA,1.0,bread,near,-0.008031271398067474,0.17807281017303467,-0.18610408157110214,-0.5513306446373463,0.17912248149514198,inconclusive,4,2
r6_D_dA,1.0,roast_chicken,mid,-0.008031271398067474,0.27814602851867676,-0.28617729991674423,-0.6592452116310596,0.08689061179757118,inconclusive,4,2
r6_D_dA,1.0,furnace,far,-0.008031271398067474,-0.07848978042602539,0.07045850902795792,-0.13842978328466415,0.27214035764336586,near_zero,4,2
r6_D_dA,1.0,odometer,number_only,-0.008031271398067474,-0.10797572135925293,0.09994444996118546,-0.14457936957478523,0.34446826949715614,near_zero,4,2
r6_D_dA,2.0,cookies,near,0.009834188967943192,0.5749595761299133,-0.5651253871619701,-0.940144594758749,-0.19010617956519127,nonzero,4,2
r6_D_dA,2.0,bread,near,0.009834188967943192,0.08026283979415894,-0.07042865082621574,-0.5620338283479214,0.4211765266954899,inconclusive,4,2
r6_D_dA,2.0,roast_chicken,mid,0.009834188967943192,0.4449913501739502,-0.435157161206007,-0.9101100526750088,0.039795730262994766,inconclusive,4,2
r6_D_dA,2.0,furnace,far,0.009834188967943192,-0.08427596092224121,0.0941101498901844,-0.2078290544450283,0.40354785323143005,near_zero,4,2
r6_D_dA,2.0,odometer,number_only,0.009834188967943192,0.05164480209350586,-0.04181061312556267,-0.29433685168623924,0.22859179973602295,near_zero,4,2
r6_D_dA,4.0,cookies,near,0.9991594813764095,2.5847102254629135,-1.585550744086504,-2.4859758131206036,-0.6978982761502266,nonzero,4,2
r6_D_dA,4.0,bread,near,0.9991594813764095,0.5960009098052979,0.4031585715711117,-0.1703837886452675,0.8467591628432274,inconclusive,4,2
r6_D_dA,4.0,roast_chicken,mid,0.9991594813764095,0.3968617916107178,0.6022976897656918,0.02875532954931259,1.058273795992136,nonzero,4,2
r6_D_dA,4.0,furnace,far,0.9991594813764095,0.8100810050964355,0.18907847627997398,-0.3844638839364052,0.7030041255056858,inconclusive,4,2
r6_D_dA,4.0,odometer,number_only,0.9991594813764095,0.09451866149902344,0.9046408198773861,0.3310984596610069,1.2711808234453201,nonzero,4,2
r6_D_muD,0.5,cookies,near,-0.006749991327524185,0.06926527619361877,-0.07601526752114296,-0.2107960507273674,0.05876551568508148,near_zero,4,2
r6_D_muD,0.5,bread,near,-0.006749991327524185,0.057779788970947266,-0.06452978029847145,-0.26961062476038933,0.11579714715480804,near_zero,4,2
r6_D_muD,0.5,roast_chicken,mid,-0.006749991327524185,0.007954597473144531,-0.014704588800668716,-0.24779128283262253,0.2183821052312851,near_zero,4,2
r6_D_muD,0.5,furnace,far,-0.006749991327524185,-0.0526888370513916,0.045938845723867416,-0.17138753458857536,0.23851130902767181,near_zero,4,2
r6_D_muD,0.5,odometer,number_only,-0.006749991327524185,-0.14992427825927734,0.14317428693175316,-0.018634311854839325,0.30498288571834564,near_zero,4,2
r6_D_muD,1.0,cookies,near,-0.021202009171247482,0.1170068308711052,-0.13820884004235268,-0.2482004500925541,-0.03149564191699028,near_zero,4,2
r6_D_muD,1.0,bread,near,-0.021202009171247482,0.0938100814819336,-0.11501209065318108,-0.42096375301480293,0.17455485835671425,near_zero,4,2
r6_D_muD,1.0,roast_chicken,mid,-0.021202009171247482,0.15179061889648438,-0.17299262806773186,-0.4516066834330559,0.10562142729759216,near_zero,4,2
r6_D_muD,1.0,furnace,far,-0.021202009171247482,-0.08033943176269531,0.05913742259144783,-0.05998723953962326,0.17826208472251892,near_zero,4,2
r6_D_muD,1.0,odometer,number_only,-0.021202009171247482,-0.026233673095703125,0.005031663924455643,-0.3279701992869377,0.338033527135849,near_zero,4,2
r6_D_muD,2.0,cookies,near,-0.014006357640028,0.24690336734056473,-0.2609097249805927,-0.4282383434474468,-0.09042112156748772,nonzero,4,2
r6_D_muD,2.0,bread,near,-0.014006357640028,0.20926153659820557,-0.22326789423823357,-0.506709024310112,0.021601412445306778,inconclusive,4,2
r6_D_muD,2.0,roast_chicken,mid,-0.014006357640028,0.3240240812301636,-0.3380304388701916,-0.6991639696061611,0.02310309186577797,inconclusive,4,2
r6_D_muD,2.0,furnace,far,-0.014006357640028,-0.044841766357421875,0.030835408717393875,-0.13794736564159393,0.19608031958341599,near_zero,4,2
r6_D_muD,2.0,odometer,number_only,-0.014006357640028,0.043369293212890625,-0.057375650852918625,-0.22355814650654793,0.11260969890281551,near_zero,4,2
r6_D_muD,4.0,cookies,near,0.02259530872106552,0.4776199907064438,-0.45502468198537827,-0.7868271358311176,-0.1232222281396389,nonzero,4,2
r6_D_muD,4.0,bread,near,0.02259530872106552,0.16694873571395874,-0.14435342699289322,-0.6274944134056568,0.3387875594198704,inconclusive,4,2
r6_D_muD,4.0,roast_chicken,mid,0.02259530872106552,0.3475898504257202,-0.3249945417046547,-0.8439683504402637,0.19397926703095436,inconclusive,4,2
r6_D_muD,4.0,furnace,far,0.02259530872106552,-0.22136664390563965,0.24396195262670517,-0.004732090979814529,0.5169682949781418,inconclusive,4,2
r6_D_muD,4.0,odometer,number_only,0.02259530872106552,-0.026224136352539062,0.048819445073604584,-0.18174101784825325,0.3218257874250412,near_zero,4,2
r7_D_dA,0.5,cookies,near,0.05626789480447769,0.17748720943927765,-0.12121931463479996,-0.2306484468281269,-0.011790182441473007,near_zero,4,2
r7_D_dA,0.5,bread,near,0.05626789480447769,0.17920184135437012,-0.12293394654989243,-0.1770777590572834,-0.0547296479344368,near_zero,4,2
r7_D_dA,0.5,roast_chicken,mid,0.05626789480447769,0.5973962545394897,-0.541128359735012,-0.5916826501488686,-0.4740498326718807,nonzero,4,2
r7_D_dA,0.5,furnace,far,0.05626789480447769,-0.029618263244628906,0.0858861580491066,-0.023685801774263382,0.19545811787247658,near_zero,4,2
r7_D_dA,0.5,odometer,number_only,0.05626789480447769,-0.0891273021697998,0.1453951969742775,0.06669820472598076,0.22409218922257423,near_zero,4,2
r7_D_dA,1.0,cookies,near,0.13503051921725273,-0.014659538865089417,0.14969005808234215,-0.20860206335783005,0.5180862732231617,inconclusive,4,2
r7_D_dA,1.0,bread,near,0.13503051921725273,0.2904297113418579,-0.15539919212460518,-0.5070313736796379,0.2063370831310749,inconclusive,4,2
r7_D_dA,1.0,roast_chicken,mid,0.13503051921725273,0.9167311191558838,-0.7817005999386311,-0.9914487265050411,-0.5675128363072872,nonzero,4,2
r7_D_dA,1.0,furnace,far,0.13503051921725273,0.14436030387878418,-0.009329784661531448,-0.23438899964094162,0.22583352401852608,near_zero,4,2
r7_D_dA,1.0,odometer,number_only,0.13503051921725273,-0.12914085388183594,0.26417137309908867,0.09338317438960075,0.44669193774461746,nonzero,4,2
r7_D_dA,2.0,cookies,near,0.021788280457258224,0.17653830349445343,-0.1547500230371952,-0.7022625915706158,0.39276254549622536,inconclusive,4,2
r7_D_dA,2.0,bread,near,0.021788280457258224,0.4934990406036377,-0.47171076014637947,-1.1457939371466637,0.2684265412390232,inconclusive,4,2
r7_D_dA,2.0,roast_chicken,mid,0.021788280457258224,1.6452534198760986,-1.6234651394188404,-2.3007837012410164,-1.03495716676116,nonzero,4,2
r7_D_dA,2.0,furnace,far,0.021788280457258224,0.44524097442626953,-0.4234526939690113,-0.9205238856375217,0.08173776045441628,inconclusive,4,2
r7_D_dA,2.0,odometer,number_only,0.021788280457258224,-0.14416122436523438,0.1659495048224926,-0.42805153876543045,0.7872052229940891,inconclusive,4,2
r7_D_dA,4.0,cookies,near,0.21436192840337753,0.7588021755218506,-0.544440247118473,-1.5594167485833168,0.2564871050417423,inconclusive,4,2
r7_D_dA,4.0,bread,near,0.21436192840337753,0.516269862651825,-0.3019079342484474,-1.490338034927845,0.8865221664309502,inconclusive,4,2
r7_D_dA,4.0,roast_chicken,mid,0.21436192840337753,1.7526766061782837,-1.5383146777749062,-2.5949358716607094,-0.6973145082592964,nonzero,4,2
r7_D_dA,4.0,furnace,far,0.21436192840337753,1.0071423053741455,-0.792780376970768,-1.7617325261235237,0.17617177218198776,inconclusive,4,2
r7_D_dA,4.0,odometer,number_only,0.21436192840337753,-0.04425621032714844,0.25861813873052597,-0.6012486889958382,1.11848496645689,inconclusive,4,2
r7_D_muD,0.5,cookies,near,0.01973455399274826,-0.007043160498142242,0.026777714490890503,0.0038997046649456024,0.06417499110102654,near_zero,4,2
r7_D_muD,0.5,bread,near,0.01973455399274826,0.15112358331680298,-0.13138902932405472,-0.22170166671276093,-0.04185838624835014,near_zero,4,2
r7_D_muD,0.5,roast_chicken,mid,0.01973455399274826,0.11811351776123047,-0.09837896376848221,-0.22401029244065285,0.028034359216690063,near_zero,4,2
r7_D_muD,0.5,furnace,far,0.01973455399274826,-0.04487180709838867,0.06460636109113693,-0.03808526694774628,0.1665159948170185,near_zero,4,2
r7_D_muD,0.5,odometer,number_only,0.01973455399274826,-0.12656688690185547,0.14630144089460373,0.06137150153517723,0.23201337456703186,near_zero,4,2
r7_D_muD,1.0,cookies,near,0.07785515114665031,0.06044928729534149,0.017405863851308823,-0.09871955960988998,0.13353128731250763,near_zero,4,2
r7_D_muD,1.0,bread,near,0.07785515114665031,0.14524626731872559,-0.06739111617207527,-0.17440494149923325,0.03689868748188019,near_zero,4,2
r7_D_muD,1.0,roast_chicken,mid,0.07785515114665031,0.4499918222427368,-0.3721366710960865,-0.4902803525328636,-0.2539929896593094,nonzero,4,2
r7_D_muD,1.0,furnace,far,0.07785515114665031,-0.07480788230895996,0.15266303345561028,0.09771808609366417,0.20327238738536835,near_zero,4,2
r7_D_muD,1.0,odometer,number_only,0.07785515114665031,-0.09299850463867188,0.1708536557853222,0.06531862169504166,0.2763886898756027,near_zero,4,2
r7_D_muD,2.0,cookies,near,0.1436089389026165,-0.01960691064596176,0.16321584954857826,-0.06824777275323868,0.40474290028214455,near_zero,4,2
r7_D_muD,2.0,bread,near,0.1436089389026165,0.2294345498085022,-0.0858256109058857,-0.3431025370955467,0.18151474371552467,near_zero,4,2
r7_D_muD,2.0,roast_chicken,mid,0.1436089389026165,0.7134088277816772,-0.5697998888790607,-0.7297384366393089,-0.3897344842553139,nonzero,4,2
r7_D_muD,2.0,furnace,far,0.1436089389026165,0.05838346481323242,0.08522547408938408,-0.14212771505117416,0.32264209166169167,near_zero,4,2
r7_D_muD,2.0,odometer,number_only,0.1436089389026165,0.008087158203125,0.1355217806994915,-0.10044070333242416,0.3815476931631565,near_zero,4,2
r7_D_muD,4.0,cookies,near,0.1336747519671917,0.0019411444664001465,0.13173360750079155,-0.2961212992668152,0.5793304555118084,inconclusive,4,2
r7_D_muD,4.0,bread,near,0.1336747519671917,0.379824697971344,-0.2461499460041523,-0.745904803276062,0.2733468525111675,inconclusive,4,2
r7_D_muD,4.0,roast_chicken,mid,0.1336747519671917,1.2313801050186157,-1.097705353051424,-1.432668536901474,-0.7593928654678189,nonzero,4,2
r7_D_muD,4.0,furnace,far,0.1336747519671917,0.20958399772644043,-0.07590924575924873,-0.37418215349316597,0.27879587933421135,near_zero,4,2
r7_D_muD,4.0,odometer,number_only,0.1336747519671917,-0.15177655220031738,0.2854513041675091,-0.1292591094970703,0.7199036590754986,inconclusive,4,2
r8_D_dA,0.5,cookies,near,0.08874021470546722,0.2113988995552063,-0.12265868484973907,-0.24442187696695328,-0.0007445216178894043,near_zero,4,2
r8_D_dA,0.5,bread,near,0.08874021470546722,0.09977364540100098,-0.011033430695533752,-0.06813305616378784,0.04606619477272034,near_zero,4,2
r8_D_dA,0.5,roast_chicken,mid,0.08874021470546722,0.05381011962890625,0.034930095076560974,-0.06441915780305862,0.13443031907081604,near_zero,4,2
r8_D_dA,0.5,furnace,far,0.08874021470546722,-0.2840235233306885,0.3727637380361557,0.2216702103614807,0.5238572657108307,nonzero,4,2
r8_D_dA,0.5,odometer,number_only,0.08874021470546722,-0.032909393310546875,0.1216496080160141,-0.028497345745563507,0.2719475328922272,near_zero,4,2
r8_D_dA,1.0,cookies,near,0.07399004325270653,0.4062114655971527,-0.3322214223444462,-0.3785654902458191,-0.2858773544430733,nonzero,4,2
r8_D_dA,1.0,bread,near,0.07399004325270653,0.06418120861053467,0.00980883464217186,-0.09909150004386902,0.11870916932821274,near_zero,4,2
r8_D_dA,1.0,roast_chicken,mid,0.07399004325270653,0.0970618724822998,-0.023071829229593277,-0.11794611811637878,0.07180245965719223,near_zero,4,2
r8_D_dA,1.0,furnace,far,0.07399004325270653,-0.20072484016418457,0.2747148834168911,0.20102742314338684,0.34840234369039536,nonzero,4,2
r8_D_dA,1.0,odometer,number_only,0.07399004325270653,0.0741109848022461,-0.00012094154953956604,-0.030036896467208862,0.03954413905739784,near_zero,4,2
r8_D_dA,2.0,cookies,near,0.08107771724462509,0.6658298820257187,-0.5847521647810936,-0.8685786128044128,-0.30092571675777435,nonzero,4,2
r8_D_dA,2.0,bread,near,0.08107771724462509,0.041168928146362305,0.03990878909826279,-0.2727293074131012,0.35254688560962677,near_zero,4,2
r8_D_dA,2.0,roast_chicken,mid,0.08107771724462509,-0.05806398391723633,0.13914170116186142,-0.06464436650276184,0.3429277688264847,near_zero,4,2
r8_D_dA,2.0,furnace,far,0.08107771724462509,-0.34644150733947754,0.42751922458410263,0.21472331881523132,0.6403151303529739,nonzero,4,2
r8_D_dA,2.0,odometer,number_only,0.08107771724462509,0.06261253356933594,0.018465183675289154,-0.16121787950396538,0.1347900666296482,near_zero,4,2
r8_D_dA,4.0,cookies,near,0.16296394169330597,1.886713370680809,-1.723749428987503,-2.389892965555191,-1.057605892419815,nonzero,4,2
r8_D_dA,4.0,bread,near,0.16296394169330597,0.5990090370178223,-0.4360450953245163,-1.4468525052070618,0.5747623145580292,inconclusive,4,2
r8_D_dA,4.0,roast_chicken,mid,0.16296394169330597,-1.216171681880951,1.379135623574257,0.6810428500175476,2.077228397130966,nonzero,4,2
r8_D_dA,4.0,furnace,far,0.16296394169330597,-0.14911484718322754,0.3120787888765335,-0.14651530981063843,0.9034623838961124,inconclusive,4,2
r8_D_dA,4.0,odometer,number_only,0.16296394169330597,0.1706860065460205,-0.007722064852714539,-0.5821087285876274,0.5845109634101391,inconclusive,4,2
r8_D_muD,0.5,cookies,near,0.05981097370386124,0.06980389356613159,-0.009992919862270355,-0.13164935261011124,0.11512168869376183,near_zero,4,2
r8_D_muD,0.5,bread,near,0.05981097370386124,0.08451128005981445,-0.024700306355953217,-0.07312799617648125,0.027185559272766113,near_zero,4,2
r8_D_muD,0.5,roast_chicken,mid,0.05981097370386124,0.2294154167175293,-0.16960444301366806,-0.3297087922692299,-0.006041917949914932,near_zero,4,2
r8_D_muD,0.5,furnace,far,0.05981097370386124,-0.166273832321167,0.22608480602502823,0.1714806502684951,0.2875549793243408,nonzero,4,2
r8_D_muD,0.5,odometer,number_only,0.05981097370386124,-0.06007194519042969,0.11988291889429092,0.07527166977524757,0.17332231625914574,near_zero,4,2
r8_D_muD,1.0,cookies,near,0.06211405619978905,0.14004381000995636,-0.07792975381016731,-0.249527458101511,0.09366795048117638,near_zero,4,2
r8_D_muD,1.0,bread,near,0.06211405619978905,0.054101407527923584,0.008012648671865463,-0.11206624284386635,0.12809154018759727,near_zero,4,2
r8_D_muD,1.0,roast_chicken,mid,0.06211405619978905,0.06818151473999023,-0.006067458540201187,-0.10677454248070717,0.0946396254003048,near_zero,4,2
r8_D_muD,1.0,furnace,far,0.06211405619978905,-0.08019566535949707,0.14230972155928612,0.07601200053468346,0.20758991315960884,near_zero,4,2
r8_D_muD,1.0,odometer,number_only,0.06211405619978905,-0.21557331085205078,0.27768736705183983,0.14231612905859947,0.4130586050450802,nonzero,4,2
r8_D_muD,2.0,cookies,near,0.14404761791229248,0.30319447070360184,-0.15914685279130936,-0.4225126728415489,0.10848081111907959,near_zero,4,2
r8_D_muD,2.0,bread,near,0.14404761791229248,0.05488210916519165,0.08916550874710083,0.012025300413370132,0.1704242341220379,near_zero,4,2
r8_D_muD,2.0,roast_chicken,mid,0.14404761791229248,0.04960453510284424,0.09444308280944824,-0.1310470774769783,0.32419508695602417,near_zero,4,2
r8_D_muD,2.0,furnace,far,0.14404761791229248,-0.03978133201599121,0.1838289499282837,0.10453158617019653,0.26508767530322075,near_zero,4,2
r8_D_muD,2.0,odometer,number_only,0.14404761791229248,0.08417439460754395,0.059873223304748535,-0.08791381865739822,0.21192210912704468,near_zero,4,2
r8_D_muD,4.0,cookies,near,0.14332209527492523,0.5328194946050644,-0.38949739933013916,-0.6162019297480583,-0.16279286891222,nonzero,4,2
r8_D_muD,4.0,bread,near,0.14332209527492523,-0.0014624595642089844,0.14478455483913422,-0.08175190538167953,0.37132101505994797,near_zero,4,2
r8_D_muD,4.0,roast_chicken,mid,0.14332209527492523,-0.005123615264892578,0.1484457105398178,-0.04124637693166733,0.33813779801130295,near_zero,4,2
r8_D_muD,4.0,furnace,far,0.14332209527492523,-0.0823066234588623,0.22562871873378754,0.03832963854074478,0.4129277989268303,nonzero,4,2
r8_D_muD,4.0,odometer,number_only,0.14332209527492523,0.045830726623535156,0.09749136865139008,-0.12031837552785873,0.3153011128306389,near_zero,4,2
r9_D_dA,0.5,cookies,near,-0.09705549851059914,-0.056930460035800934,-0.0401250384747982,-0.14454025402665138,0.06429515406489372,near_zero,4,2
r9_D_dA,0.5,bread,near,-0.09705549851059914,-0.16922450065612793,0.0721690021455288,-0.017134595662355423,0.16147757694125175,near_zero,4,2
r9_D_dA,0.5,roast_chicken,mid,-0.09705549851059914,-0.0992668867111206,0.002211388200521469,-0.06603306159377098,0.0676880029030142,near_zero,4,2
r9_D_dA,0.5,furnace,far,-0.09705549851059914,-0.09452939033508301,-0.0025261081755161285,-0.25466685369610786,0.24961961433291435,near_zero,4,2
r9_D_dA,0.5,odometer,number_only,-0.09705549851059914,-0.23317885398864746,0.13612335547804832,-0.032296229153871536,0.30454791709780693,near_zero,4,2
r9_D_dA,1.0,cookies,near,-0.22477758303284645,-0.21355827897787094,-0.01121930405497551,-0.2240455008111894,0.17602255940437317,near_zero,4,2
r9_D_dA,1.0,bread,near,-0.22477758303284645,-0.24363940954208374,0.01886182650923729,-0.22362232580780983,0.23665468394756317,near_zero,4,2
r9_D_dA,1.0,roast_chicken,mid,-0.22477758303284645,-0.19579392671585083,-0.02898365631699562,-0.24034731462597847,0.1569376215338707,near_zero,4,2
r9_D_dA,1.0,furnace,far,-0.22477758303284645,0.08029460906982422,-0.30507219210267067,-0.5369935489259661,-0.09873516857624054,nonzero,4,2
r9_D_dA,1.0,odometer,number_only,-0.22477758303284645,0.12803077697753906,-0.3528083600103855,-0.5952925123274326,-0.13576658815145493,nonzero,4,2
r9_D_dA,2.0,cookies,near,-0.27587585896253586,-0.09775514155626297,-0.1781207174062729,-0.4910361245274544,0.06596437469124794,near_zero,4,2
r9_D_dA,2.0,bread,near,-0.27587585896253586,-0.5839939117431641,0.3081180527806282,-0.20269909873604774,0.8189352042973042,inconclusive,4,2
r9_D_dA,2.0,roast_chicken,mid,-0.27587585896253586,-0.7785426378250122,0.5026667788624763,-0.1133144237101078,1.1186479814350605,inconclusive,4,2
r9_D_dA,2.0,furnace,far,-0.27587585896253586,0.07497859001159668,-0.35085444897413254,-0.663769856095314,-0.11698419973254204,nonzero,4,2
r9_D_dA,2.0,odometer,number_only,-0.27587585896253586,0.06894230842590332,-0.3448181673884392,-0.6585818119347095,-0.14756542816758156,nonzero,4,2
r9_D_dA,4.0,cookies,near,-0.36350733786821365,1.6990403905510902,-2.062547728419304,-3.452839430421591,-0.672256026417017,nonzero,4,2
r9_D_dA,4.0,bread,near,-0.36350733786821365,-0.600001335144043,0.23649399727582932,-0.857785027474165,1.3307730220258236,inconclusive,4,2
r9_D_dA,4.0,roast_chicken,mid,-0.36350733786821365,-1.2014797925949097,0.837972454726696,-0.08802668377757072,1.7639715932309628,inconclusive,4,2
r9_D_dA,4.0,furnace,far,-0.36350733786821365,0.049796104431152344,-0.413303442299366,-1.5805448703467846,0.7539379857480526,inconclusive,4,2
r9_D_dA,4.0,odometer,number_only,-0.36350733786821365,-0.4471147060394287,0.08360736817121506,-0.7131628207862377,0.8803775571286678,inconclusive,4,2
r9_D_muD,0.5,cookies,near,0.01985032483935356,-0.06989570707082748,0.08974603191018105,-0.016437665000557898,0.1972121074795723,near_zero,4,2
r9_D_muD,0.5,bread,near,0.01985032483935356,0.015697956085205078,0.004152368754148483,-0.07545039802789688,0.08039290830492973,near_zero,4,2
r9_D_muD,0.5,roast_chicken,mid,0.01985032483935356,0.04569447040557861,-0.025844145566225052,-0.15642720498144627,0.10521198064088821,near_zero,4,2
r9_D_muD,0.5,furnace,far,0.01985032483935356,-0.17500543594360352,0.19485576078295708,0.07828368246555328,0.31142783910036087,near_zero,4,2
r9_D_muD,0.5,odometer,number_only,0.01985032483935356,-0.12654685974121094,0.1463971845805645,-0.050433695688843726,0.3437011316418648,near_zero,4,2
r9_D_muD,1.0,cookies,near,-0.07062649354338646,-0.1831938922405243,0.11256739869713783,0.02206547185778618,0.20030238023027738,near_zero,4,2
r9_D_muD,1.0,bread,near,-0.07062649354338646,-0.1184002161026001,0.04777372255921364,-0.021609462797641754,0.10389313101768494,near_zero,4,2
r9_D_muD,1.0,roast_chicken,mid,-0.07062649354338646,0.02887272834777832,-0.09949922189116478,-0.21877138689160347,0.017005997803061813,near_zero,4,2
r9_D_muD,1.0,furnace,far,-0.07062649354338646,-0.05012392997741699,-0.020502563565969467,-0.1282624490559101,0.08449037661775909,near_zero,4,2
r9_D_muD,1.0,odometer,number_only,-0.07062649354338646,-0.0886850357055664,0.018058542162179947,-0.05147358030080795,0.08077090606093407,near_zero,4,2
r9_D_muD,2.0,cookies,near,-0.08955495432019234,-0.07268938422203064,-0.016865570098161697,-0.1922510378062725,0.15347278863191605,near_zero,4,2
r9_D_muD,2.0,bread,near,-0.08955495432019234,-0.2410578727722168,0.15150291845202446,-0.03215120732784271,0.33515704423189163,near_zero,4,2
r9_D_muD,2.0,roast_chicken,mid,-0.08955495432019234,-0.24686264991760254,0.1573076955974102,-0.010827206075191498,0.30472589284181595,near_zero,4,2
r9_D_muD,2.0,furnace,far,-0.08955495432019234,0.0578465461730957,-0.14740150049328804,-0.3455192893743515,0.05071628838777542,near_zero,4,2
r9_D_muD,2.0,odometer,number_only,-0.08955495432019234,-0.10014915466308594,0.0105942003428936,-0.25376151502132416,0.27494991570711136,near_zero,4,2
r9_D_muD,4.0,cookies,near,-0.21625598147511482,-0.1333743780851364,-0.08288160338997841,-0.3999439850449562,0.18921224027872086,near_zero,4,2
r9_D_muD,4.0,bread,near,-0.21625598147511482,-0.3649519085884094,0.1486959271132946,-0.16884227469563484,0.3932778984308243,near_zero,4,2
r9_D_muD,4.0,roast_chicken,mid,-0.21625598147511482,-0.4791409969329834,0.2628850154578686,-0.05465318635106087,0.49867118895053864,inconclusive,4,2
r9_D_muD,4.0,furnace,far,-0.21625598147511482,0.18042778968811035,-0.3966837711632252,-0.7142219729721546,-0.08848915994167328,nonzero,4,2
r9_D_muD,4.0,odometer,number_only,-0.21625598147511482,-0.0032215118408203125,-0.2130344696342945,-0.5260915532708168,0.05505407601594925,inconclusive,4,2
r10_D_dA,0.5,cookies,near,0.07719304412603378,0.19841526448726654,-0.12122222036123276,-0.2368909940123558,-0.0021493472158908844,near_zero,4,2
r10_D_dA,0.5,bread,near,0.07719304412603378,0.22598862648010254,-0.14879558235406876,-0.3106209859251976,0.013029821217060089,near_zero,4,2
r10_D_dA,0.5,roast_chicken,mid,0.07719304412603378,0.029396653175354004,0.04779639095067978,-0.16785570234060287,0.26344848424196243,near_zero,4,2
r10_D_dA,0.5,furnace,far,0.07719304412603378,-0.0646216869354248,0.1418147310614586,-0.097165547311306,0.3807950094342232,near_zero,4,2
r10_D_dA,0.5,odometer,number_only,0.07719304412603378,0.0016398429870605469,0.07555320113897324,-0.0036973580718040466,0.1946260742843151,near_zero,4,2
r10_D_dA,1.0,cookies,near,0.17318901792168617,0.28143274039030075,-0.10824372246861458,-0.2914128676056862,0.08831307664513588,near_zero,4,2
r10_D_dA,1.0,bread,near,0.17318901792168617,0.31647586822509766,-0.14328685030341148,-0.3653862550854683,0.07881255447864532,near_zero,4,2
r10_D_dA,1.0,roast_chicken,mid,0.17318901792168617,-0.12626004219055176,0.29944906011223793,0.03278413414955139,0.5758581906557083,nonzero,4,2
r10_D_dA,1.0,furnace,far,0.17318901792168617,-0.03641366958618164,0.2096026875078678,0.02162773907184601,0.4146990589797497,nonzero,4,2
r10_D_dA,1.0,odometer,number_only,0.17318901792168617,0.02933669090270996,0.1438523270189762,-0.0393168181180954,0.3288431353867054,near_zero,4,2
r10_D_dA,2.0,cookies,near,0.5117692016065121,0.4378530755639076,0.07391612604260445,-0.2971249781548977,0.3678425960242748,near_zero,4,2
r10_D_dA,2.0,bread,near,0.5117692016065121,0.4282587766647339,0.08351042494177818,-0.35189609974622726,0.5189169496297836,inconclusive,4,2
r10_D_dA,2.0,roast_chicken,mid,0.5117692016065121,-0.3267991542816162,0.8385683558881283,0.45660071074962616,1.170262560248375,nonzero,4,2
r10_D_dA,2.0,furnace,far,0.5117692016065121,0.2282419204711914,0.28352728113532066,-0.09844036400318146,0.5920471996068954,inconclusive,4,2
r10_D_dA,2.0,odometer,number_only,0.5117692016065121,0.15483808517456055,0.3569311164319515,0.01696963980793953,0.6508575864136219,nonzero,4,2
r10_D_dA,4.0,cookies,near,2.1299598664045334,1.8203685730695724,0.30959129333496094,-1.633774545043707,2.2529571317136288,inconclusive,4,2
r10_D_dA,4.0,bread,near,2.1299598664045334,2.2023019194602966,-0.07234205305576324,-1.2077076062560081,1.122824802994728,inconclusive,4,2
r10_D_dA,4.0,roast_chicken,mid,2.1299598664045334,-0.008857965469360352,2.1388178318738937,0.9688107521273198,3.4947177581489086,nonzero,4,2
r10_D_dA,4.0,furnace,far,2.1299598664045334,0.964447021484375,1.1655128449201584,-0.024211332201957703,2.3147370032966137,inconclusive,4,2
r10_D_dA,4.0,odometer,number_only,2.1299598664045334,0.0006725788116455078,2.129287287592888,0.9107594564557076,3.367948692291975,nonzero,4,2
r10_D_muD,0.5,cookies,near,0.003329657018184662,0.06350968778133392,-0.06018003076314926,-0.12381095178425312,0.003584451973438263,near_zero,4,2
r10_D_muD,0.5,bread,near,0.003329657018184662,0.1110919713973999,-0.10776231437921524,-0.22125213593244553,0.005727507174015045,near_zero,4,2
r10_D_muD,0.5,roast_chicken,mid,0.003329657018184662,0.11695325374603271,-0.11362359672784805,-0.3294032860547304,0.10228965431451797,near_zero,4,2
r10_D_muD,0.5,furnace,far,0.003329657018184662,-0.1325242519378662,0.13585390895605087,0.09149820357561111,0.18020961433649063,near_zero,4,2
r10_D_muD,0.5,odometer,number_only,0.003329657018184662,-0.08312845230102539,0.08645810931921005,0.04095589630305767,0.1320938840508461,near_zero,4,2
r10_D_muD,1.0,cookies,near,0.02433057501912117,0.13587185740470886,-0.11154128238558769,-0.29588643088936806,0.07280386611819267,near_zero,4,2
r10_D_muD,1.0,bread,near,0.02433057501912117,0.1818404197692871,-0.15750984475016594,-0.22886642813682556,-0.08841272816061974,near_zero,4,2
r10_D_muD,1.0,roast_chicken,mid,0.02433057501912117,-0.03506135940551758,0.05939193442463875,-0.20966828241944313,0.3284521512687206,near_zero,4,2
r10_D_muD,1.0,furnace,far,0.02433057501912117,-0.11370301246643066,0.13803358748555183,0.031921979039907455,0.2441451959311962,near_zero,4,2
r10_D_muD,1.0,odometer,number_only,0.02433057501912117,-0.04400062561035156,0.06833120062947273,-0.032702330499887466,0.16936473175883293,near_zero,4,2
r10_D_muD,2.0,cookies,near,0.09187501668930054,0.17972254008054733,-0.0878475233912468,-0.23244772106409073,0.06092657148838043,near_zero,4,2
r10_D_muD,2.0,bread,near,0.09187501668930054,0.22385871410369873,-0.1319836974143982,-0.24526789039373398,-0.014525607228279114,near_zero,4,2
r10_D_muD,2.0,roast_chicken,mid,0.09187501668930054,-0.06785356998443604,0.15972858667373657,-0.08839883655309677,0.4120299071073532,near_zero,4,2
r10_D_muD,2.0,furnace,far,0.09187501668930054,-0.024953842163085938,0.11682885885238647,0.01525435596704483,0.22690294682979584,near_zero,4,2
r10_D_muD,2.0,odometer,number_only,0.09187501668930054,0.07060670852661133,0.02126830816268921,-0.1003352627158165,0.1470457762479782,near_zero,4,2
r10_D_muD,4.0,cookies,near,0.2461368814110756,0.3460014835000038,-0.09986460208892822,-0.3867250978946686,0.1665048934519291,near_zero,4,2
r10_D_muD,4.0,bread,near,0.2461368814110756,0.32167577743530273,-0.07553889602422714,-0.38238926604390144,0.23131147399544716,near_zero,4,2
r10_D_muD,4.0,roast_chicken,mid,0.2461368814110756,-0.04461467266082764,0.29075155407190323,0.0623144656419754,0.5162438154220581,nonzero,4,2
r10_D_muD,4.0,furnace,far,0.2461368814110756,0.06744647026062012,0.17869041115045547,-0.07587103545665741,0.41118844598531723,near_zero,4,2
r10_D_muD,4.0,odometer,number_only,0.2461368814110756,0.11231231689453125,0.13382456451654434,-0.15303593128919601,0.3780982829630375,near_zero,4,2
r11_D_dA,0.5,cookies,near,0.00467323511838913,0.05210273712873459,-0.04742950201034546,-0.23230189830064774,0.1299477331340313,near_zero,4,2
r11_D_dA,0.5,bread,near,0.00467323511838913,-0.02043163776397705,0.02510487288236618,-0.22407301887869835,0.2742827646434307,near_zero,4,2
r11_D_dA,0.5,roast_chicken,mid,0.00467323511838913,0.046611905097961426,-0.041938669979572296,-0.22086356207728386,0.12273906171321869,near_zero,4,2
r11_D_dA,0.5,furnace,far,0.00467323511838913,-0.12447285652160645,0.12914609163999557,-0.0557263046503067,0.2944706194102764,near_zero,4,2
r11_D_dA,0.5,odometer,number_only,0.00467323511838913,-0.026278972625732422,0.03095220774412155,-0.11911521553993223,0.18142448365688324,near_zero,4,2
r11_D_dA,1.0,cookies,near,-0.013388291001319885,-0.08285103738307953,0.06946274638175964,-0.241062942892313,0.3799884356558323,near_zero,4,2
r11_D_dA,1.0,bread,near,-0.013388291001319885,-0.04497528076171875,0.031586989760398865,-0.2522147037088871,0.3140975683927536,near_zero,4,2
r11_D_dA,1.0,roast_chicken,mid,-0.013388291001319885,0.06120884418487549,-0.07459713518619537,-0.2837798222899437,0.0438627153635025,near_zero,4,2
r11_D_dA,1.0,furnace,far,-0.013388291001319885,-0.01395726203918457,0.0005689710378646851,-0.2073250524699688,0.165506049990654,near_zero,4,2
r11_D_dA,1.0,odometer,number_only,-0.013388291001319885,0.05364680290222168,-0.06703509390354156,-0.27492911741137505,0.08769910037517548,near_zero,4,2
r11_D_dA,2.0,cookies,near,-0.02320348471403122,-0.03131857514381409,0.008115090429782867,-0.4710536152124405,0.4872837960720062,near_zero,4,2
r11_D_dA,2.0,bread,near,-0.02320348471403122,-0.04363292455673218,0.020429439842700958,-0.38424477726221085,0.3304155170917511,near_zero,4,2
r11_D_dA,2.0,roast_chicken,mid,-0.02320348471403122,0.15928292274475098,-0.1824864074587822,-0.5792804509401321,0.1296093761920929,inconclusive,4,2
r11_D_dA,2.0,furnace,far,-0.02320348471403122,0.08574509620666504,-0.10894858092069626,-0.558574415743351,0.3309681713581085,inconclusive,4,2
r11_D_dA,2.0,odometer,number_only,-0.02320348471403122,-0.009388446807861328,-0.013815037906169891,-0.4634408727288246,0.3635289967060089,near_zero,4,2
r11_D_dA,4.0,cookies,near,-0.019460763782262802,0.5199241042137146,-0.5393848679959774,-1.09488370642066,0.01547098159790039,inconclusive,4,2
r11_D_dA,4.0,bread,near,-0.019460763782262802,0.21275100111961365,-0.23221176490187645,-0.7877106033265591,0.32264408469200134,inconclusive,4,2
r11_D_dA,4.0,roast_chicken,mid,-0.019460763782262802,-0.056337714195251465,0.03687695041298866,-0.518621888011694,0.6291874721646309,inconclusive,4,2
r11_D_dA,4.0,furnace,far,-0.019460763782262802,0.3471193313598633,-0.3665800951421261,-1.1682043448090553,0.43504415452480316,inconclusive,4,2
r11_D_dA,4.0,odometer,number_only,-0.019460763782262802,0.05565690994262695,-0.07511767372488976,-0.6306165121495724,0.562982089817524,inconclusive,4,2
r11_D_muD,0.5,cookies,near,-0.00986957922577858,0.11067839711904526,-0.12054797634482384,-0.2514602839946747,-0.016995985060930252,near_zero,4,2
r11_D_muD,0.5,bread,near,-0.00986957922577858,0.1510152816772461,-0.16088486090302467,-0.31287897005677223,-0.017978183925151825,near_zero,4,2
r11_D_muD,0.5,roast_chicken,mid,-0.00986957922577858,0.008385777473449707,-0.018255356699228287,-0.14916766434907913,0.0852966345846653,near_zero,4,2
r11_D_muD,0.5,furnace,far,-0.00986957922577858,-0.12416410446166992,0.11429452523589134,-0.0941619910299778,0.3136636093258858,near_zero,4,2
r11_D_muD,0.5,odometer,number_only,-0.00986957922577858,-0.14010858535766602,0.13023900613188744,-0.0220031775534153,0.28248118981719017,near_zero,4,2
r11_D_muD,1.0,cookies,near,-0.0373641774058342,-0.04878455400466919,0.011420376598834991,-0.11066753789782524,0.13030696660280228,near_zero,4,2
r11_D_muD,1.0,bread,near,-0.0373641774058342,0.002160191535949707,-0.039524368941783905,-0.23087842389941216,0.1486283615231514,near_zero,4,2
r11_D_muD,1.0,roast_chicken,mid,-0.0373641774058342,0.16299641132354736,-0.20036058872938156,-0.45729393884539604,0.05657276138663292,inconclusive,4,2
r11_D_muD,1.0,furnace,far,-0.0373641774058342,-0.04308009147644043,0.005715914070606232,-0.14308733865618706,0.15131784230470657,near_zero,4,2
r11_D_muD,1.0,odometer,number_only,-0.0373641774058342,-0.0217592716217041,-0.015604905784130096,-0.2032756321132183,0.17206582054495811,near_zero,4,2
r11_D_muD,2.0,cookies,near,-0.04966023191809654,-0.005505122244358063,-0.04415510967373848,-0.2986122786067426,0.20816363766789436,near_zero,4,2
r11_D_muD,2.0,bread,near,-0.04966023191809654,0.01737433671951294,-0.06703456863760948,-0.3214818313717842,0.16600318998098373,near_zero,4,2
r11_D_muD,2.0,roast_chicken,mid,-0.04966023191809654,0.23419666290283203,-0.2838568948209286,-0.5383140637539328,-0.0506729893386364,nonzero,4,2
r11_D_muD,2.0,furnace,far,-0.04966023191809654,-0.030773401260375977,-0.018886830657720566,-0.2733340933918953,0.1732768639922142,near_zero,4,2
r11_D_muD,2.0,odometer,number_only,-0.04966023191809654,-0.04406905174255371,-0.005591180175542831,-0.26003844290971756,0.14074165746569633,near_zero,4,2
r11_D_muD,4.0,cookies,near,-0.07479088008403778,-0.03410115838050842,-0.04068972170352936,-0.30855393782258034,0.22717449441552162,near_zero,4,2
r11_D_muD,4.0,bread,near,-0.07479088008403778,-0.07479274272918701,1.862645149230957e-06,-0.2683870531618595,0.268390778452158,near_zero,4,2
r11_D_muD,4.0,roast_chicken,mid,-0.07479088008403778,0.10030949115753174,-0.17510037124156952,-0.41412745583802457,0.04264450445771217,near_zero,4,2
r11_D_muD,4.0,furnace,far,-0.07479088008403778,0.11592364311218262,-0.1907145231962204,-0.4252512864768505,0.009960893541574478,near_zero,4,2
r11_D_muD,4.0,odometer,number_only,-0.07479088008403778,-0.044297218322753906,-0.030493661761283875,-0.3082176186144352,0.24723029509186745,near_zero,4,2
r12_D_dA,0.5,cookies,near,0.1469220295548439,0.2027496173977852,-0.055827587842941284,-0.19656306132674217,0.09352138265967369,near_zero,4,2
r12_D_dA,0.5,bread,near,0.1469220295548439,0.2010859251022339,-0.054163895547389984,-0.17286167666316032,0.06453388556838036,near_zero,4,2
r12_D_dA,0.5,roast_chicken,mid,0.1469220295548439,-0.0029675960540771484,0.14988962560892105,-0.13972551748156548,0.44811826571822166,near_zero,4,2
r12_D_dA,0.5,furnace,far,0.1469220295548439,-0.016250133514404297,0.1631721630692482,0.07515599206089973,0.26547395810484886,near_zero,4,2
r12_D_dA,0.5,odometer,number_only,0.1469220295548439,-0.014977693557739258,0.16189972311258316,-0.002265762537717819,0.3346787057816982,near_zero,4,2
r12_D_dA,1.0,cookies,near,0.06979339197278023,0.5654435157775879,-0.49565012380480766,-0.7007014751434326,-0.2905987724661827,nonzero,4,2
r12_D_dA,1.0,bread,near,0.06979339197278023,0.36397677659988403,-0.2941833846271038,-0.50736403465271,-0.08100273460149765,nonzero,4,2
r12_D_dA,1.0,roast_chicken,mid,0.06979339197278023,-0.09177005290985107,0.1615634448826313,-0.2045755386352539,0.5277024284005165,inconclusive,4,2
r12_D_dA,1.0,furnace,far,0.06979339197278023,0.013333320617675781,0.056460071355104446,-0.12145546078681946,0.23437560349702835,near_zero,4,2
r12_D_dA,1.0,odometer,number_only,0.06979339197278023,-0.0727996826171875,0.14259307458996773,-0.05981278419494629,0.34499893337488174,near_zero,4,2
r12_D_dA,2.0,cookies,near,0.15079117193818092,1.00875224173069,-0.8579610697925091,-1.1889237314462662,-0.5083020254969597,nonzero,4,2
r12_D_dA,2.0,bread,near,0.15079117193818092,0.4382893443107605,-0.2874981723725796,-0.5717768520116806,0.015476889908313751,inconclusive,4,2
r12_D_dA,2.0,roast_chicken,mid,0.15079117193818092,-0.3159453868865967,0.4667365588247776,0.27610766142606735,0.7054573185741901,nonzero,4,2
r12_D_dA,2.0,furnace,far,0.15079117193818092,0.047649383544921875,0.10314178839325905,-0.09086824953556061,0.3418625481426716,near_zero,4,2
r12_D_dA,2.0,odometer,number_only,0.15079117193818092,0.030250072479248047,0.12054109945893288,-0.2330552190542221,0.49283380061388016,near_zero,4,2
r12_D_dA,4.0,cookies,near,0.6016064137220383,1.6998903304338455,-1.0982839167118073,-1.627182248979807,-0.5674498192965984,nonzero,4,2
r12_D_dA,4.0,bread,near,0.6016064137220383,0.8095476031303406,-0.2079411894083023,-0.7650997564196587,0.34921737760305405,inconclusive,4,2
r12_D_dA,4.0,roast_chicken,mid,0.6016064137220383,-0.6031547784805298,1.204761192202568,0.6758628599345684,1.7355952896177769,nonzero,4,2
r12_D_dA,4.0,furnace,far,0.6016064137220383,0.25244665145874023,0.34915976226329803,-0.12078224867582321,0.8191017732024193,inconclusive,4,2
r12_D_dA,4.0,odometer,number_only,0.6016064137220383,-0.016368389129638672,0.6179748028516769,0.1480327919125557,1.0889239944517612,nonzero,4,2
r12_D_muD,0.5,cookies,near,0.05365947261452675,0.17087656259536743,-0.11721708998084068,-0.21951571479439735,-0.014918465167284012,near_zero,4,2
r12_D_muD,0.5,bread,near,0.05365947261452675,0.10105270147323608,-0.047393228858709335,-0.13599961251020432,0.0288584865629673,near_zero,4,2
r12_D_muD,0.5,roast_chicken,mid,0.05365947261452675,0.057157039642333984,-0.0034975670278072357,-0.21729597821831703,0.21030084416270256,near_zero,4,2
r12_D_muD,0.5,furnace,far,0.05365947261452675,-0.05848264694213867,0.11214211955666542,-0.0191708542406559,0.24345509335398674,near_zero,4,2
r12_D_muD,0.5,odometer,number_only,0.05365947261452675,0.023257017135620117,0.03040245547890663,-0.06530008092522621,0.12610499188303947,near_zero,4,2
r12_D_muD,1.0,cookies,near,0.02861969545483589,0.3214196190237999,-0.292799923568964,-0.40780384093523026,-0.17779600620269775,nonzero,4,2
r12_D_muD,1.0,bread,near,0.02861969545483589,0.08382415771484375,-0.05520446226000786,-0.13935422152280807,0.0372748039662838,near_zero,4,2
r12_D_muD,1.0,roast_chicken,mid,0.02861969545483589,0.05585837364196777,-0.02723867818713188,-0.24666475504636765,0.19218739867210388,near_zero,4,2
r12_D_muD,1.0,furnace,far,0.02861969545483589,0.02491927146911621,0.003700423985719681,-0.07177447527647018,0.08790411427617073,near_zero,4,2
r12_D_muD,1.0,odometer,number_only,0.02861969545483589,0.08032560348510742,-0.05170590803027153,-0.23280524462461472,0.12939342856407166,near_zero,4,2
r12_D_muD,2.0,cookies,near,0.02990192547440529,0.40631361305713654,-0.37641168758273125,-0.5643728747963905,-0.18845050036907196,nonzero,4,2
r12_D_muD,2.0,bread,near,0.02990192547440529,0.26634061336517334,-0.23643868789076805,-0.33427388202399017,-0.1386088952422142,nonzero,4,2
r12_D_muD,2.0,roast_chicken,mid,0.02990192547440529,-0.05656695365905762,0.0864688791334629,-0.1445658579468727,0.3175036162137985,near_zero,4,2
r12_D_muD,2.0,furnace,far,0.02990192547440529,-0.1217963695526123,0.1516982950270176,0.0441720113158226,0.2592245787382126,near_zero,4,2
r12_D_muD,2.0,odometer,number_only,0.02990192547440529,0.1094825267791748,-0.07958060130476952,-0.17741039395332336,0.018249191343784332,near_zero,4,2
r12_D_muD,4.0,cookies,near,0.10094074159860611,0.7881061881780624,-0.6871654465794563,-0.9459969773888588,-0.42285827547311783,nonzero,4,2
r12_D_muD,4.0,bread,near,0.10094074159860611,0.3951992988586426,-0.29425855726003647,-0.5133584812283516,-0.06968299299478531,nonzero,4,2
r12_D_muD,4.0,roast_chicken,mid,0.10094074159860611,-0.2264317274093628,0.3273724690079689,0.027153722941875458,0.6330668553709984,nonzero,4,2
r12_D_muD,4.0,furnace,far,0.10094074159860611,0.09966516494750977,0.001275576651096344,-0.10730881616473198,0.12503999844193459,near_zero,4,2
r12_D_muD,4.0,odometer,number_only,0.10094074159860611,0.10512757301330566,-0.0041868314146995544,-0.11064780503511429,0.11461460590362549,near_zero,4,2
r13_D_dA,0.5,cookies,near,-0.03859136253595352,-0.062014952301979065,0.023423589766025543,-0.2054869905114174,0.2523341700434685,near_zero,4,2
r13_D_dA,0.5,bread,near,-0.03859136253595352,-0.12405121326446533,0.08545985072851181,-0.02205871418118477,0.16087951511144638,near_zero,4,2
r13_D_dA,0.5,roast_chicken,mid,-0.03859136253595352,-0.08836901187896729,0.04977764934301376,-0.11203191429376602,0.21158721297979355,near_zero,4,2
r13_D_dA,0.5,furnace,far,-0.03859136253595352,-0.09534573554992676,0.056754373013973236,-0.12173769623041153,0.23103723675012589,near_zero,4,2
r13_D_dA,0.5,odometer,number_only,-0.03859136253595352,-0.05119895935058594,0.012607596814632416,-0.09491096809506416,0.0867750309407711,near_zero,4,2
r13_D_dA,1.0,cookies,near,-0.10146638005971909,-0.24601373076438904,0.14454735070466995,-0.04994629751890897,0.3389291614294052,near_zero,4,2
r13_D_dA,1.0,bread,near,-0.10146638005971909,-0.33451712131500244,0.23305074125528336,0.06974438577890396,0.39188359677791595,nonzero,4,2
r13_D_dA,1.0,roast_chicken,mid,-0.10146638005971909,-0.3495199680328369,0.24805358797311783,-0.16127472054213285,0.6572700589895248,inconclusive,4,2
r13_D_dA,1.0,furnace,far,-0.10146638005971909,-0.07888507843017578,-0.022581301629543304,-0.14783863723278046,0.10613758862018585,near_zero,4,2
r13_D_dA,1.0,odometer,number_only,-0.10146638005971909,-0.044391632080078125,-0.05707474797964096,-0.22371177803725004,0.10945044457912445,near_zero,4,2
r13_D_dA,2.0,cookies,near,-0.04114069044589996,-0.25293736159801483,0.21179667115211487,-0.08944733440876007,0.5130406767129898,inconclusive,4,2
r13_D_dA,2.0,bread,near,-0.04114069044589996,-0.7126819491386414,0.6715412586927414,0.3992031502537429,0.9855885729193687,nonzero,4,2
r13_D_dA,2.0,roast_chicken,mid,-0.04114069044589996,-0.7320208549499512,0.6908801645040512,-0.34926189482212067,1.731022223830223,inconclusive,4,2
r13_D_dA,2.0,furnace,far,-0.04114069044589996,0.21923494338989258,-0.26037563383579254,-0.48631875962018967,-0.01798837259411812,nonzero,4,2
r13_D_dA,2.0,odometer,number_only,-0.04114069044589996,0.2217099666595459,-0.26285065710544586,-0.4987083822488785,-0.0010718591511249542,nonzero,4,2
r13_D_dA,4.0,cookies,near,0.9948536083102226,3.3602253943681717,-2.365371786057949,-2.6034686528146267,-2.1460250690579414,nonzero,4,2
r13_D_dA,4.0,bread,near,0.9948536083102226,0.5344865322113037,0.4603670760989189,0.24113250151276588,0.660851500928402,nonzero,4,2
r13_D_dA,4.0,roast_chicken,mid,0.9948536083102226,-1.4860891103744507,2.4809427186846733,0.7464860714972019,4.196649216115475,nonzero,4,2
r13_D_dA,4.0,furnace,far,0.9948536083102226,0.18798255920410156,0.8068710491061211,0.511816322337836,1.1202071718871593,nonzero,4,2
r13_D_dA,4.0,odometer,number_only,0.9948536083102226,0.22280645370483398,0.7720471546053886,0.38887107744812965,1.1364730820059776,nonzero,4,2
r13_D_muD,0.5,cookies,near,-0.016592733561992645,0.011323399841785431,-0.027916133403778076,-0.05138497054576874,-0.004970621317625046,near_zero,4,2
r13_D_muD,0.5,bread,near,-0.016592733561992645,-0.025507032871246338,0.008914299309253693,-0.027615923434495926,0.04544452205300331,near_zero,4,2
r13_D_muD,0.5,roast_chicken,mid,-0.016592733561992645,-0.05520820617675781,0.03861547261476517,-0.03529467061161995,0.11252561584115028,near_zero,4,2
r13_D_muD,0.5,furnace,far,-0.016592733561992645,0.02365565299987793,-0.040248386561870575,-0.11792053654789925,0.037423763424158096,near_zero,4,2
r13_D_muD,0.5,odometer,number_only,-0.016592733561992645,-0.14614033699035645,0.1295476034283638,0.004464965313673019,0.2546302415430546,near_zero,4,2
r13_D_muD,1.0,cookies,near,0.008781157433986664,-0.13191666454076767,0.14069782197475433,0.1110055185854435,0.1733294203877449,near_zero,4,2
r13_D_muD,1.0,bread,near,0.008781157433986664,-0.08538627624511719,0.09416743367910385,0.037336915731430054,0.1551356129348278,near_zero,4,2
r13_D_muD,1.0,roast_chicken,mid,0.008781157433986664,-0.023285984992980957,0.03206714242696762,-0.04411822184920311,0.10825250670313835,near_zero,4,2
r13_D_muD,1.0,furnace,far,0.008781157433986664,-0.0352935791015625,0.044074736535549164,-0.014511164277791977,0.1026606373488903,near_zero,4,2
r13_D_muD,1.0,odometer,number_only,0.008781157433986664,-0.03446555137634277,0.04324670881032944,-0.06147804856300354,0.15210912749171257,near_zero,4,2
r13_D_muD,2.0,cookies,near,-0.07684825360774994,-0.13339141011238098,0.05654315650463104,-0.06545212119817734,0.17853843420743942,near_zero,4,2
r13_D_muD,2.0,bread,near,-0.07684825360774994,-0.22046637535095215,0.1436181217432022,-0.0011405088007450104,0.28837675228714943,near_zero,4,2
r13_D_muD,2.0,roast_chicken,mid,-0.07684825360774994,-0.22070562839508057,0.14385737478733063,-0.0589011050760746,0.34661585465073586,near_zero,4,2
r13_D_muD,2.0,furnace,far,-0.07684825360774994,-0.06410503387451172,-0.01274321973323822,-0.1347384974360466,0.10925205796957016,near_zero,4,2
r13_D_muD,2.0,odometer,number_only,-0.07684825360774994,-0.0064945220947265625,-0.07035373151302338,-0.19529851898550987,0.051641546189785004,near_zero,4,2
r13_D_muD,4.0,cookies,near,-0.056292593479156494,-0.17601555585861206,0.11972296237945557,-0.17499713972210884,0.4037851579487324,near_zero,4,2
r13_D_muD,4.0,bread,near,-0.056292593479156494,-0.6212875843048096,0.5649949908256531,0.3680197708308697,0.7877421751618385,nonzero,4,2
r13_D_muD,4.0,roast_chicken,mid,-0.056292593479156494,-0.49847567081451416,0.44218307733535767,-0.29091887548565865,1.1646271236240864,inconclusive,4,2
r13_D_muD,4.0,furnace,far,-0.056292593479156494,0.12071943283081055,-0.17701202630996704,-0.35493652895092964,0.045735158026218414,near_zero,4,2
r13_D_muD,4.0,odometer,number_only,-0.056292593479156494,0.11605453491210938,-0.17234712839126587,-0.29985445737838745,0.03968169912695885,near_zero,4,2
r14_D_dA,0.5,cookies,near,0.008152410387992859,-0.1975088194012642,0.20566122978925705,0.048017457127571106,0.363305002450943,nonzero,4,2
r14_D_dA,0.5,bread,near,0.008152410387992859,0.08189213275909424,-0.07373972237110138,-0.21669603139162064,0.05130091309547424,near_zero,4,2
r14_D_dA,0.5,roast_chicken,mid,0.008152410387992859,0.0844343900680542,-0.07628197968006134,-0.23560172319412231,0.08303776383399963,near_zero,4,2
r14_D_dA,0.5,furnace,far,0.008152410387992859,-0.008356809616088867,0.016509220004081726,-0.12644708901643753,0.12354972213506699,near_zero,4,2
r14_D_dA,0.5,odometer,number_only,0.008152410387992859,-0.19667744636535645,0.2048298567533493,-0.0006673932075500488,0.41032710671424866,inconclusive,4,2
r14_D_dA,1.0,cookies,near,-0.06737435981631279,-0.31993865966796875,0.25256429985165596,0.11510376632213593,0.390024833381176,nonzero,4,2
r14_D_dA,1.0,bread,near,-0.06737435981631279,-0.060890913009643555,-0.006483446806669235,-0.2007511705160141,0.18778427690267563,near_zero,4,2
r14_D_dA,1.0,roast_chicken,mid,-0.06737435981631279,0.12489211559295654,-0.19226647540926933,-0.5466773360967636,0.16214438527822495,inconclusive,4,2
r14_D_dA,1.0,furnace,far,-0.06737435981631279,0.053379058837890625,-0.12075341865420341,-0.25598863139748573,-0.019080564379692078,near_zero,4,2
r14_D_dA,1.0,odometer,number_only,-0.06737435981631279,-0.3804025650024414,0.3130282051861286,0.09739233553409576,0.5286640748381615,nonzero,4,2
r14_D_dA,2.0,cookies,near,-0.12509559094905853,-0.2648141533136368,0.13971856236457825,-0.009072836488485336,0.28850996121764183,near_zero,4,2
r14_D_dA,2.0,bread,near,-0.12509559094905853,0.035483717918395996,-0.16057930886745453,-0.30561965331435204,-0.015538964420557022,near_zero,4,2
r14_D_dA,2.0,roast_chicken,mid,-0.12509559094905853,0.06195175647735596,-0.1870473474264145,-0.8552812896668911,0.4796874760650096,inconclusive,4,2
r14_D_dA,2.0,furnace,far,-0.12509559094905853,0.1111292839050293,-0.23622487485408783,-0.33809055387973785,-0.13436153903603554,nonzero,4,2
r14_D_dA,2.0,odometer,number_only,-0.12509559094905853,-0.2533295154571533,0.1282339245080948,0.024506893008947372,0.2259838655591011,near_zero,4,2
r14_D_dA,4.0,cookies,near,0.3371211215853691,0.7656188830733299,-0.4284977614879608,-0.7127672769129276,-0.144228246062994,nonzero,4,2
r14_D_dA,4.0,bread,near,0.3371211215853691,0.6781525015830994,-0.34103137999773026,-0.5361726735718548,-0.1457122378051281,nonzero,4,2
r14_D_dA,4.0,roast_chicken,mid,0.3371211215853691,-0.8497952222824097,1.1869163438677788,0.6093651913106441,1.7644674964249134,nonzero,4,2
r14_D_dA,4.0,furnace,far,0.3371211215853691,0.45766687393188477,-0.12054575234651566,-0.2073729489929974,-0.024274680763483047,near_zero,4,2
r14_D_dA,4.0,odometer,number_only,0.3371211215853691,0.00487518310546875,0.33224593847990036,0.14017459377646446,0.5243172831833363,nonzero,4,2
r14_D_muD,0.5,cookies,near,-0.022976208478212357,-0.011294439435005188,-0.011681769043207169,-0.0527670755982399,0.03253955394029617,near_zero,4,2
r14_D_muD,0.5,bread,near,-0.022976208478212357,0.10399776697158813,-0.1269739754498005,-0.2156863883137703,-0.03826156258583069,near_zero,4,2
r14_D_muD,0.5,roast_chicken,mid,-0.022976208478212357,0.04415023326873779,-0.06712644174695015,-0.2322889044880867,0.0980360209941864,near_zero,4,2
r14_D_muD,0.5,furnace,far,-0.022976208478212357,0.08843564987182617,-0.11141185835003853,-0.2013610079884529,-0.021462708711624146,near_zero,4,2
r14_D_muD,0.5,odometer,number_only,-0.022976208478212357,-0.1805880069732666,0.15761179849505424,-0.06319362670183182,0.3784172236919403,near_zero,4,2
r14_D_muD,1.0,cookies,near,0.0006523653864860535,-0.19732950627803802,0.19798187166452408,0.10177665203809738,0.29592791199684143,near_zero,4,2
r14_D_muD,1.0,bread,near,0.0006523653864860535,0.08293825387954712,-0.08228588849306107,-0.14816273003816605,-0.016409046947956085,near_zero,4,2
r14_D_muD,1.0,roast_chicken,mid,0.0006523653864860535,0.10971462726593018,-0.10906226187944412,-0.23012281209230423,0.01373910903930664,near_zero,4,2
r14_D_muD,1.0,furnace,far,0.0006523653864860535,-0.06252622604370117,0.06317859143018723,-0.01374245434999466,0.1400996372103691,near_zero,4,2
r14_D_muD,1.0,odometer,number_only,0.0006523653864860535,-0.23197245597839355,0.2326248213648796,0.13448332995176315,0.3325071334838867,nonzero,4,2
r14_D_muD,2.0,cookies,near,-0.014480173587799072,-0.20332329720258713,0.18884312361478806,-0.045359767973423004,0.4287881851196289,near_zero,4,2
r14_D_muD,2.0,bread,near,-0.014480173587799072,0.1237221360206604,-0.13820230960845947,-0.23784585297107697,-0.04046092927455902,near_zero,4,2
r14_D_muD,2.0,roast_chicken,mid,-0.014480173587799072,0.0556105375289917,-0.07009071111679077,-0.21340741962194443,0.07322599738836288,near_zero,4,2
r14_D_muD,2.0,furnace,far,-0.014480173587799072,0.08481335639953613,-0.0992935299873352,-0.24218787997961044,0.04360082000494003,near_zero,4,2
r14_D_muD,2.0,odometer,number_only,-0.014480173587799072,-0.24582386016845703,0.23134368658065796,0.02535543590784073,0.443074107170105,nonzero,4,2
r14_D_muD,4.0,cookies,near,-0.04647986963391304,-0.26926495879888535,0.2227850891649723,-0.004953080881386974,0.46473320946097374,inconclusive,4,2
r14_D_muD,4.0,bread,near,-0.04647986963391304,0.03789258003234863,-0.08437244966626167,-0.23264341056346893,0.08214876055717468,near_zero,4,2
r14_D_muD,4.0,roast_chicken,mid,-0.04647986963391304,0.13461709022521973,-0.18109695985913277,-0.7702348326332867,0.4222508631646633,inconclusive,4,2
r14_D_muD,4.0,furnace,far,-0.04647986963391304,0.13428664207458496,-0.180766511708498,-0.35353419557213783,0.0015707872807979584,near_zero,4,2
r14_D_muD,4.0,odometer,number_only,-0.04647986963391304,-0.3484807014465332,0.30200083181262016,-0.015547046530991772,0.6337586604058743,inconclusive,4,2
r15_D_dA,0.5,cookies,near,-0.023081034421920776,0.18002986907958984,-0.20311090350151062,-0.395473413169384,-0.010748393833637238,nonzero,4,2
r15_D_dA,0.5,bread,near,-0.023081034421920776,0.0811426043510437,-0.10422363877296448,-0.2936735451221466,0.051829561591148376,near_zero,4,2
r15_D_dA,0.5,roast_chicken,mid,-0.023081034421920776,-0.003502368927001953,-0.019578665494918823,-0.24900945276021957,0.20985212177038193,near_zero,4,2
r15_D_dA,0.5,furnace,far,-0.023081034421920776,-0.031618356704711914,0.008537322282791138,-0.14751587808132172,0.164590522646904,near_zero,4,2
r15_D_dA,0.5,odometer,number_only,-0.023081034421920776,-0.0657796859741211,0.04269865155220032,-0.12548642605543137,0.19875185191631317,near_zero,4,2
r15_D_dA,1.0,cookies,near,-0.0027802251279354095,0.37510332465171814,-0.37788354977965355,-0.6934696659445763,-0.062297433614730835,nonzero,4,2
r15_D_dA,1.0,bread,near,-0.0027802251279354095,-0.059986233711242676,0.057206008583307266,-0.2555747516453266,0.2948875278234482,near_zero,4,2
r15_D_dA,1.0,roast_chicken,mid,-0.0027802251279354095,0.21528089046478271,-0.21806111559271812,-0.5289468206465244,0.08355781435966492,inconclusive,4,2
r15_D_dA,1.0,furnace,far,-0.0027802251279354095,-0.16344380378723145,0.16066357865929604,-0.15022212639451027,0.38023999333381653,near_zero,4,2
r15_D_dA,1.0,odometer,number_only,-0.0027802251279354095,0.06810975074768066,-0.07088997587561607,-0.3895636424422264,0.21440312266349792,near_zero,4,2
r15_D_dA,2.0,cookies,near,-0.047627050429582596,0.4821107015013695,-0.5297377519309521,-0.9389292672276497,-0.2000560201704502,nonzero,4,2
r15_D_dA,2.0,bread,near,-0.047627050429582596,-0.1655181646347046,0.117891114205122,-0.3252524696290493,0.4364033304154873,near_zero,4,2
r15_D_dA,2.0,roast_chicken,mid,-0.047627050429582596,0.4538081884384155,-0.5014352388679981,-1.0647548362612724,0.0672507390379886,inconclusive,4,2
r15_D_dA,2.0,furnace,far,-0.047627050429582596,-0.062386274337768555,0.014759223908185959,-0.42838435992598534,0.34529322013258934,near_zero,4,2
r15_D_dA,2.0,odometer,number_only,-0.047627050429582596,0.056813716888427734,-0.10444076731801033,-0.5475843511521816,0.17779827862977982,inconclusive,4,2
r15_D_dA,4.0,cookies,near,0.23232217133045197,1.1734969168901443,-0.9411747455596924,-1.7227397561073303,-0.19246307760477066,nonzero,4,2
r15_D_dA,4.0,bread,near,0.23232217133045197,0.41416293382644653,-0.18184076249599457,-0.6616823971271515,0.29800087213516235,inconclusive,4,2
r15_D_dA,4.0,roast_chicken,mid,0.23232217133045197,0.13127374649047852,0.10104842483997345,-1.0577504932880402,1.259847342967987,inconclusive,4,2
r15_D_dA,4.0,furnace,far,0.23232217133045197,0.05838823318481445,0.1739339381456375,-0.2430395521223545,0.5282302238047123,inconclusive,4,2
r15_D_dA,4.0,odometer,number_only,0.23232217133045197,0.19979405403137207,0.032528117299079895,-0.4438542537391186,0.45850104484706666,near_zero,4,2
r15_D_muD,0.5,cookies,near,-0.028671424835920334,0.11990775167942047,-0.1485791765153408,-0.173652783036232,-0.12123369798064232,near_zero,4,2
r15_D_muD,0.5,bread,near,-0.028671424835920334,0.11148524284362793,-0.14015666767954826,-0.267502311617136,-0.013237640261650085,near_zero,4,2
r15_D_muD,0.5,roast_chicken,mid,-0.028671424835920334,0.1268460750579834,-0.15551749989390373,-0.18059110641479492,-0.13044389337301254,near_zero,4,2
r15_D_muD,0.5,furnace,far,-0.028671424835920334,0.053852081298828125,-0.08252350613474846,-0.10989657789468765,-0.054589081555604935,near_zero,4,2
r15_D_muD,0.5,odometer,number_only,-0.028671424835920334,-0.07411861419677734,0.04544718936085701,0.0009634457528591156,0.08950431644916534,near_zero,4,2
r15_D_muD,1.0,cookies,near,-0.02423802763223648,0.11999396979808807,-0.14423199743032455,-0.196530032902956,-0.06288331374526024,near_zero,4,2
r15_D_muD,1.0,bread,near,-0.02423802763223648,0.020623743534088135,-0.044861771166324615,-0.11099081858992577,0.040038101375103,near_zero,4,2
r15_D_muD,1.0,roast_chicken,mid,-0.02423802763223648,0.11490988731384277,-0.13914791494607925,-0.29904716461896896,0.023765545338392258,near_zero,4,2
r15_D_muD,1.0,furnace,far,-0.02423802763223648,-0.07285761833190918,0.0486195906996727,-0.14235788211226463,0.23959706351161003,near_zero,4,2
r15_D_muD,1.0,odometer,number_only,-0.02423802763223648,-0.1290266513824463,0.10478862375020981,-0.06449835747480392,0.27708981558680534,near_zero,4,2
r15_D_muD,2.0,cookies,near,-0.07838095352053642,0.24750123172998428,-0.3258821852505207,-0.5791979804635048,-0.07219924973324142,nonzero,4,2
r15_D_muD,2.0,bread,near,-0.07838095352053642,-0.013521969318389893,-0.06485898420214653,-0.26298049837350845,0.11850235983729362,near_zero,4,2
r15_D_muD,2.0,roast_chicken,mid,-0.07838095352053642,0.20463097095489502,-0.28301192447543144,-0.5327730402350426,-0.03288366841152511,nonzero,4,2
r15_D_muD,2.0,furnace,far,-0.07838095352053642,-0.010706186294555664,-0.06767476722598076,-0.2963867150247097,0.13518355414271355,near_zero,4,2
r15_D_muD,2.0,odometer,number_only,-0.07838095352053642,-0.06686735153198242,-0.011513601988554,-0.26255419105291367,0.23989412738010088,near_zero,4,2
r15_D_muD,4.0,cookies,near,-0.004714116454124451,0.42655663192272186,-0.4312707483768463,-0.7500361576676369,-0.14199013262987137,nonzero,4,2
r15_D_muD,4.0,bread,near,-0.004714116454124451,-0.15367555618286133,0.14896143972873688,-0.16980396956205368,0.43096428364515305,near_zero,4,2
r15_D_muD,4.0,roast_chicken,mid,-0.004714116454124451,0.2879287004470825,-0.29264281690120697,-0.7778837829828262,0.19306014794856058,inconclusive,4,2
r15_D_muD,4.0,furnace,far,-0.004714116454124451,-0.17064523696899414,0.1659311205148697,-0.19614621251821518,0.43731123208999634,near_zero,4,2
r15_D_muD,4.0,odometer,number_only,-0.004714116454124451,-0.004728078842163086,1.3962388038635254e-05,-0.3187514469027519,0.2745155617594719,near_zero,4,2
r16_D_dA,0.5,cookies,near,-0.009470365941524506,-0.05374994874000549,0.04427958279848099,-0.07537722587585449,0.16393639147281647,near_zero,4,2
r16_D_dA,0.5,bread,near,-0.009470365941524506,0.11411845684051514,-0.12358882278203964,-0.22688144445419312,-0.02029620110988617,near_zero,4,2
r16_D_dA,0.5,roast_chicken,mid,-0.009470365941524506,-0.1785449981689453,0.1690746322274208,0.04786890745162964,0.290280357003212,near_zero,4,2
r16_D_dA,0.5,furnace,far,-0.009470365941524506,-0.02135181427001953,0.011881448328495026,-0.10991483926773071,0.13367773592472076,near_zero,4,2
r16_D_dA,0.5,odometer,number_only,-0.009470365941524506,-0.008509635925292969,-0.0009607300162315369,-0.08182501206174493,0.06794901937246323,near_zero,4,2
r16_D_dA,1.0,cookies,near,-0.10554506257176399,-0.06604723632335663,-0.039497826248407364,-0.19128729403018951,0.1216556467115879,near_zero,4,2
r16_D_dA,1.0,bread,near,-0.10554506257176399,0.21379965543746948,-0.3193447180092335,-0.5498219579458237,-0.08886747807264328,nonzero,4,2
r16_D_dA,1.0,roast_chicken,mid,-0.10554506257176399,-0.19891703128814697,0.09337196871638298,-0.05350743234157562,0.2496153749525547,near_zero,4,2
r16_D_dA,1.0,furnace,far,-0.10554506257176399,0.18451976776123047,-0.29006483033299446,-0.4871011823415756,-0.0930284783244133,nonzero,4,2
r16_D_dA,1.0,odometer,number_only,-0.10554506257176399,0.09901213645935059,-0.20455719903111458,-0.33484040200710297,-0.06490999087691307,nonzero,4,2
r16_D_dA,2.0,cookies,near,-0.26865704730153084,-0.1665017381310463,-0.10215530917048454,-0.35918305441737175,0.1751040294766426,near_zero,4,2
r16_D_dA,2.0,bread,near,-0.26865704730153084,0.08625829219818115,-0.354915339499712,-0.8092844534665345,0.12642230093479156,inconclusive,4,2
r16_D_dA,2.0,roast_chicken,mid,-0.26865704730153084,-0.32511448860168457,0.05645744130015373,-0.5106051489710808,0.6235200315713882,inconclusive,4,2
r16_D_dA,2.0,furnace,far,-0.26865704730153084,0.274397611618042,-0.5430546589195728,-0.8315020762383938,-0.2616764158010483,nonzero,4,2
r16_D_dA,2.0,odometer,number_only,-0.26865704730153084,0.12402009963989258,-0.3926771469414234,-0.6626695357263088,-0.11541780829429626,nonzero,4,2
r16_D_dA,4.0,cookies,near,-0.8419516012072563,-0.19936935603618622,-0.6425822451710701,-1.1167240664362907,-0.15249937400221825,nonzero,4,2
r16_D_dA,4.0,bread,near,-0.8419516012072563,0.3054354190826416,-1.147387020289898,-1.63546447083354,-0.6094193607568741,nonzero,4,2
r16_D_dA,4.0,roast_chicken,mid,-0.8419516012072563,-0.4883333444595337,-0.3536182567477226,-1.7157942578196526,1.0219531916081905,inconclusive,4,2
r16_D_dA,4.0,furnace,far,-0.8419516012072563,0.46347951889038086,-1.3054311200976372,-1.7795729413628578,-0.8173939250409603,nonzero,4,2
r16_D_dA,4.0,odometer,number_only,-0.8419516012072563,-0.05689406394958496,-0.7850575372576714,-1.284577064216137,-0.1931220442056656,nonzero,4,2
r16_D_muD,0.5,cookies,near,-0.014728870242834091,0.009982272982597351,-0.024711143225431442,-0.07187018496915698,0.011332567781209946,near_zero,4,2
r16_D_muD,0.5,bread,near,-0.014728870242834091,0.06496471166610718,-0.07969358190894127,-0.16992073133587837,0.006007131189107895,near_zero,4,2
r16_D_muD,0.5,roast_chicken,mid,-0.014728870242834091,-0.0019006729125976562,-0.012828197330236435,-0.14584247022867203,0.12083470448851585,near_zero,4,2
r16_D_muD,0.5,furnace,far,-0.014728870242834091,0.02856612205505371,-0.0432949922978878,-0.12585584074258804,0.039914485067129135,near_zero,4,2
r16_D_muD,0.5,odometer,number_only,-0.014728870242834091,-0.038347721099853516,0.023618850857019424,-0.03996281698346138,0.08720051869750023,near_zero,4,2
r16_D_muD,1.0,cookies,near,-0.09072403982281685,-0.007269769906997681,-0.08345426991581917,-0.13408709317445755,-0.032821446657180786,near_zero,4,2
r16_D_muD,1.0,bread,near,-0.09072403982281685,0.13255518674850464,-0.2232792265713215,-0.28168920427560806,-0.1648692488670349,nonzero,4,2
r16_D_muD,1.0,roast_chicken,mid,-0.09072403982281685,-0.10563170909881592,0.01490766927599907,-0.09779932722449303,0.12077063322067261,near_zero,4,2
r16_D_muD,1.0,furnace,far,-0.09072403982281685,-0.07928657531738281,-0.011437464505434036,-0.053901080042123795,0.025376640260219574,near_zero,4,2
r16_D_muD,1.0,odometer,number_only,-0.09072403982281685,-0.13519668579101562,0.044472645968198776,-0.08509758859872818,0.17404288053512573,near_zero,4,2
r16_D_muD,2.0,cookies,near,-0.048567626625299454,-0.06735779345035553,0.018790166825056076,-0.12555384263396263,0.16313417628407478,near_zero,4,2
r16_D_muD,2.0,bread,near,-0.048567626625299454,0.05420738458633423,-0.10277501121163368,-0.16571757197380066,-0.04495612531900406,near_zero,4,2
r16_D_muD,2.0,roast_chicken,mid,-0.048567626625299454,-0.3234391212463379,0.27487149462103844,0.18115607276558876,0.3685869164764881,nonzero,4,2
r16_D_muD,2.0,furnace,far,-0.048567626625299454,-0.00602412223815918,-0.042543504387140274,-0.32167061790823936,0.23658360913395882,near_zero,4,2
r16_D_muD,2.0,odometer,number_only,-0.048567626625299454,0.042406320571899414,-0.09097394719719887,-0.2679220102727413,0.08597411587834358,near_zero,4,2
r16_D_muD,4.0,cookies,near,-0.17059184983372688,-0.16427069157361984,-0.00632115826010704,-0.1930406615138054,0.18969491124153137,near_zero,4,2
r16_D_muD,4.0,bread,near,-0.17059184983372688,0.2197778820991516,-0.3903697319328785,-0.7261791601777077,-0.054560303688049316,nonzero,4,2
r16_D_muD,4.0,roast_chicken,mid,-0.17059184983372688,-0.4871969223022461,0.3166050724685192,0.06039818376302719,0.5728119611740112,nonzero,4,2
r16_D_muD,4.0,furnace,far,-0.17059184983372688,0.1100606918334961,-0.280652541667223,-0.44603946059942245,-0.11021304875612259,nonzero,4,2
r16_D_muD,4.0,odometer,number_only,-0.17059184983372688,0.011452198028564453,-0.18204404786229134,-0.4675270691514015,0.10343897342681885,near_zero,4,2
r17_D_dA,0.5,cookies,near,0.00022261962294578552,-0.0007809251546859741,0.0010035447776317596,-0.09014520049095154,0.09215229004621506,near_zero,4,2
r17_D_dA,0.5,bread,near,0.00022261962294578552,0.08560848236083984,-0.08538586273789406,-0.23370562121272087,0.06293389573693275,near_zero,4,2
r17_D_dA,0.5,roast_chicken,mid,0.00022261962294578552,-0.08023214340209961,0.0804547630250454,-0.35019801184535027,0.511107537895441,inconclusive,4,2
r17_D_dA,0.5,furnace,far,0.00022261962294578552,-0.1530003547668457,0.1532229743897915,0.006429214030504227,0.30001673474907875,near_zero,4,2
r17_D_dA,0.5,odometer,number_only,0.00022261962294578552,-0.03273892402648926,0.03296154364943504,-0.10638568922877312,0.1723087765276432,near_zero,4,2
r17_D_dA,1.0,cookies,near,0.027479730546474457,0.042878083884716034,-0.015398353338241577,-0.21328434348106384,0.1820656731724739,near_zero,4,2
r17_D_dA,1.0,bread,near,0.027479730546474457,0.012171149253845215,0.015308581292629242,-0.24552898108959198,0.27745242416858673,near_zero,4,2
r17_D_dA,1.0,roast_chicken,mid,0.027479730546474457,-0.12184560298919678,0.14932533353567123,-0.5311660021543503,0.831122949719429,inconclusive,4,2
r17_D_dA,1.0,furnace,far,0.027479730546474457,-0.13628005981445312,0.16375979036092758,-0.08985845744609833,0.41868431866168976,near_zero,4,2
r17_D_dA,1.0,odometer,number_only,0.027479730546474457,0.13866543769836426,-0.1111857071518898,-0.30891065299510956,0.1075892299413681,near_zero,4,2
r17_D_dA,2.0,cookies,near,0.12212833389639854,0.2723032832145691,-0.15017494931817055,-0.620993934571743,0.27576546370983124,inconclusive,4,2
r17_D_dA,2.0,bread,near,0.12212833389639854,-0.1522415280342102,0.27436986193060875,-0.2137840799987316,0.7625238038599491,inconclusive,4,2
r17_D_dA,2.0,roast_chicken,mid,0.12212833389639854,0.17087244987487793,-0.048744115978479385,-0.8947358652949333,0.8308600522577763,inconclusive,4,2
r17_D_dA,2.0,furnace,far,0.12212833389639854,-0.10032939910888672,0.22245773300528526,-0.2581880912184715,0.6582249850034714,inconclusive,4,2
r17_D_dA,2.0,odometer,number_only,0.12212833389639854,-0.024162769317626953,0.1462911032140255,-0.312020156532526,0.580919124186039,inconclusive,4,2
r17_D_dA,4.0,cookies,near,0.38182374462485313,1.0706620067358017,-0.6888382621109486,-1.7187369763851166,0.2081161104142666,inconclusive,4,2
r17_D_dA,4.0,bread,near,0.38182374462485313,0.3302421569824219,0.05158158764243126,-0.9420139566063881,1.0205737873911858,inconclusive,4,2
r17_D_dA,4.0,roast_chicken,mid,0.38182374462485313,-0.5452480912208557,0.9270718358457088,-1.0152228884398937,2.959513835608959,inconclusive,4,2
r17_D_dA,4.0,furnace,far,0.38182374462485313,-0.20057344436645508,0.5823971889913082,-0.41119835525751114,1.4210746511816978,inconclusive,4,2
r17_D_dA,4.0,odometer,number_only,0.38182374462485313,-0.21623015403747559,0.5980538986623287,-0.39554164558649063,1.404860995709896,inconclusive,4,2
r17_D_muD,0.5,cookies,near,-0.037717998027801514,0.003397345542907715,-0.04111534357070923,-0.10190461948513985,0.018907181918621063,near_zero,4,2
r17_D_muD,0.5,bread,near,-0.037717998027801514,0.03926724195480347,-0.07698523998260498,-0.15564285218715668,0.0016723722219467163,near_zero,4,2
r17_D_muD,0.5,roast_chicken,mid,-0.037717998027801514,-0.027640461921691895,-0.01007753610610962,-0.26317213848233223,0.24476288259029388,near_zero,4,2
r17_D_muD,0.5,furnace,far,-0.037717998027801514,-0.09224748611450195,0.05452948808670044,-0.09175668656826019,0.19190187379717827,near_zero,4,2
r17_D_muD,0.5,odometer,number_only,-0.037717998027801514,-0.14493393898010254,0.10721594095230103,-0.07969449833035469,0.29587219655513763,near_zero,4,2
r17_D_muD,1.0,cookies,near,0.048127029091119766,0.030300110578536987,0.01782691851258278,-0.09607601165771484,0.1317298486828804,near_zero,4,2
r17_D_muD,1.0,bread,near,0.048127029091119766,0.03825986385345459,0.009867165237665176,-0.10403576493263245,0.12797031924128532,near_zero,4,2
r17_D_muD,1.0,roast_chicken,mid,0.048127029091119766,-0.08342349529266357,0.13155052438378334,-0.32941238582134247,0.5925134345889091,inconclusive,4,2
r17_D_muD,1.0,furnace,far,0.048127029091119766,-0.0782468318939209,0.12637386098504066,-0.026710912585258484,0.28197162970900536,near_zero,4,2
r17_D_muD,1.0,odometer,number_only,0.048127029091119766,-0.08033108711242676,0.12845811620354652,0.014555186033248901,0.24236104637384415,near_zero,4,2
r17_D_muD,2.0,cookies,near,-0.02131752297282219,0.02493496984243393,-0.04625249281525612,-0.28192003816366196,0.1557224988937378,near_zero,4,2
r17_D_muD,2.0,bread,near,-0.02131752297282219,0.07644987106323242,-0.09776739403605461,-0.26791227608919144,0.07237748801708221,near_zero,4,2
r17_D_muD,2.0,roast_chicken,mid,-0.02131752297282219,-0.1050642728805542,0.08374674990773201,-0.47170568257570267,0.6391991823911667,inconclusive,4,2
r17_D_muD,2.0,furnace,far,-0.02131752297282219,-0.10770940780639648,0.0863918848335743,-0.10927125066518784,0.2483624666929245,near_zero,4,2
r17_D_muD,2.0,odometer,number_only,-0.02131752297282219,0.0909416675567627,-0.11225919052958488,-0.29370566457509995,0.03549472987651825,near_zero,4,2
r17_D_muD,4.0,cookies,near,0.037075091153383255,0.11103043705224991,-0.07395534589886665,-0.388339638710022,0.2803610973060131,near_zero,4,2
r17_D_muD,4.0,bread,near,0.037075091153383255,-0.09465092420578003,0.13172601535916328,-0.23724099975079294,0.5353461354970932,inconclusive,4,2
r17_D_muD,4.0,roast_chicken,mid,0.037075091153383255,0.1389235258102417,-0.10184843465685844,-0.8235889373347163,0.6545451730489731,inconclusive,4,2
r17_D_muD,4.0,furnace,far,0.037075091153383255,-0.14713239669799805,0.1842074878513813,-0.11880677938461304,0.48722175508737564,near_zero,4,2
r17_D_muD,4.0,odometer,number_only,0.037075091153383255,0.020438432693481445,0.01663665845990181,-0.32204834558069706,0.39512472227215767,near_zero,4,2
r18_D_dA,0.5,cookies,near,0.09804536402225494,0.26201407611370087,-0.16396871209144592,-0.34607382863759995,0.017377786338329315,near_zero,4,2
r18_D_dA,0.5,bread,near,0.09804536402225494,0.06527590751647949,0.03276945650577545,-0.07402419298887253,0.13956310600042343,near_zero,4,2
r18_D_dA,0.5,roast_chicken,mid,0.09804536402225494,-0.03196442127227783,0.13000978529453278,-0.012257657945156097,0.27151861041784286,near_zero,4,2
r18_D_dA,0.5,furnace,far,0.09804536402225494,-0.07320713996887207,0.17125250399112701,0.07794766128063202,0.2645674685016274,near_zero,4,2
r18_D_dA,0.5,odometer,number_only,0.09804536402225494,0.02384042739868164,0.0742049366235733,-0.019099906086921692,0.1675097793340683,near_zero,4,2
r18_D_dA,1.0,cookies,near,0.05136486142873764,0.3854547590017319,-0.33408989757299423,-0.7049792520701885,0.048041727393865585,inconclusive,4,2
r18_D_dA,1.0,bread,near,0.05136486142873764,0.07747024297714233,-0.026105381548404694,-0.19691457971930504,0.09426452219486237,near_zero,4,2
r18_D_dA,1.0,roast_chicken,mid,0.05136486142873764,-0.0002351999282836914,0.05160006135702133,-0.2400921694934368,0.354534562677145,near_zero,4,2
r18_D_dA,1.0,furnace,far,0.05136486142873764,-0.24283814430236816,0.2942030057311058,0.11970617882907392,0.4564170204102993,nonzero,4,2
r18_D_dA,1.0,odometer,number_only,0.05136486142873764,0.1755819320678711,-0.12421707063913345,-0.41347361728549004,0.1537972055375576,near_zero,4,2
r18_D_dA,2.0,cookies,near,0.026938926428556442,0.8611290901899338,-0.8341901637613773,-1.5484386645257473,-0.11994166299700737,nonzero,4,2
r18_D_dA,2.0,bread,near,0.026938926428556442,-0.22795701026916504,0.2548959366977215,-0.026647385209798813,0.5537766590714455,inconclusive,4,2
r18_D_dA,2.0,roast_chicken,mid,0.026938926428556442,-0.18597161769866943,0.21291054412722588,-0.1338549219071865,0.5596760101616383,inconclusive,4,2
r18_D_dA,2.0,furnace,far,0.026938926428556442,-0.1405196189880371,0.16745854541659355,-0.03949671611189842,0.45278025791049004,near_zero,4,2
r18_D_dA,2.0,odometer,number_only,0.026938926428556442,0.2142322063446045,-0.18729327991604805,-0.4776785932481289,0.11158744245767593,near_zero,4,2
r18_D_dA,4.0,cookies,near,0.12017321214079857,1.6295547783374786,-1.50938156619668,-2.1275309287011623,-0.8619930855929852,nonzero,4,2
r18_D_dA,4.0,bread,near,0.12017321214079857,-0.5782723426818848,0.6984455548226833,0.04149455204606056,1.3846356756985188,nonzero,4,2
r18_D_dA,4.0,roast_chicken,mid,0.12017321214079857,-0.2581291198730469,0.37830233201384544,-0.007605548948049545,0.9305213615298271,inconclusive,4,2
r18_D_dA,4.0,furnace,far,0.12017321214079857,0.07585453987121582,0.04431867226958275,-0.4187198244035244,0.6067271716892719,inconclusive,4,2
r18_D_dA,4.0,odometer,number_only,0.12017321214079857,0.022310495376586914,0.09786271676421165,-0.2881583459675312,0.6501949280500412,inconclusive,4,2
r18_D_muD,0.5,cookies,near,0.06045060232281685,0.07363070547580719,-0.013180103152990341,-0.13431665301322937,0.12048069387674332,near_zero,4,2
r18_D_muD,0.5,bread,near,0.06045060232281685,0.02077770233154297,0.03967289999127388,-0.028637409210205078,0.1212904118001461,near_zero,4,2
r18_D_muD,0.5,roast_chicken,mid,0.06045060232281685,0.14936339855194092,-0.08891279622912407,-0.31915104389190674,0.15384969860315323,near_zero,4,2
r18_D_muD,0.5,furnace,far,0.06045060232281685,-0.07854819297790527,0.13899879530072212,0.0018731355667114258,0.28864870220422745,near_zero,4,2
r18_D_muD,0.5,odometer,number_only,0.06045060232281685,0.06926202774047852,-0.008811425417661667,-0.0847710371017456,0.0796724334359169,near_zero,4,2
r18_D_muD,1.0,cookies,near,0.03572841361165047,0.13565917313098907,-0.09993075951933861,-0.2862789183855057,0.08641739934682846,near_zero,4,2
r18_D_muD,1.0,bread,near,0.03572841361165047,0.0421711802482605,-0.006442766636610031,-0.176748588681221,0.16386305540800095,near_zero,4,2
r18_D_muD,1.0,roast_chicken,mid,0.03572841361165047,0.12439322471618652,-0.08866481110453606,-0.17993338406085968,0.002603761851787567,near_zero,4,2
r18_D_muD,1.0,furnace,far,0.03572841361165047,-0.09317970275878906,0.12890811637043953,0.016918107867240906,0.24089812487363815,near_zero,4,2
r18_D_muD,1.0,odometer,number_only,0.03572841361165047,-0.04816603660583496,0.08389445021748543,0.003863964229822159,0.15634535998106003,near_zero,4,2
r18_D_muD,2.0,cookies,near,0.07546548545360565,0.1917622685432434,-0.11629678308963776,-0.47507385164499283,0.24957402795553207,near_zero,4,2
r18_D_muD,2.0,bread,near,0.07546548545360565,0.04239964485168457,0.03306584060192108,-0.15483128279447556,0.21386922150850296,near_zero,4,2
r18_D_muD,2.0,roast_chicken,mid,0.07546548545360565,-0.10631847381591797,0.18178395926952362,0.051618656888604175,0.2983386144042015,near_zero,4,2
r18_D_muD,2.0,furnace,far,0.07546548545360565,-0.1436445713043213,0.21911005675792694,0.046235211193561554,0.38489115983247757,nonzero,4,2
r18_D_muD,2.0,odometer,number_only,0.07546548545360565,0.015223503112792969,0.06024198234081268,-0.08506428450345993,0.19845450669527054,near_zero,4,2
r18_D_muD,4.0,cookies,near,0.11511651054024696,0.5205724611878395,-0.40545595064759254,-0.9968920461833477,0.18426701212301827,inconclusive,4,2
r18_D_muD,4.0,bread,near,0.11511651054024696,-0.13853836059570312,0.2536548711359501,0.07617169991135597,0.4311380423605442,nonzero,4,2
r18_D_muD,4.0,roast_chicken,mid,0.11511651054024696,-0.06387096643447876,0.17898747697472572,0.021539591252803802,0.3303746432065964,near_zero,4,2
r18_D_muD,4.0,furnace,far,0.11511651054024696,-0.21996641159057617,0.33508292213082314,0.17763503640890121,0.4907737486064434,nonzero,4,2
r18_D_muD,4.0,odometer,number_only,0.11511651054024696,0.14539241790771484,-0.03027590736746788,-0.32049184665083885,0.25822689915075875,near_zero,4,2
r19_D_dA,0.5,cookies,near,0.11519535630941391,0.03665412962436676,0.07854122668504715,-0.04777561500668526,0.20802413299679756,near_zero,4,2
r19_D_dA,0.5,bread,near,0.11519535630941391,-0.02846395969390869,0.1436593160033226,0.037331100553274155,0.24682146683335304,near_zero,4,2
r19_D_dA,0.5,roast_chicken,mid,0.11519535630941391,0.25929903984069824,-0.14410368353128433,-0.4330381341278553,0.14799683168530464,near_zero,4,2
r19_D_dA,0.5,furnace,far,0.11519535630941391,-0.030547618865966797,0.1457429751753807,0.05122600123286247,0.24342601373791695,near_zero,4,2
r19_D_dA,0.5,odometer,number_only,0.11519535630941391,-0.033245086669921875,0.14844044297933578,0.013241153210401535,0.28680579736828804,near_zero,4,2
r19_D_dA,1.0,cookies,near,0.03164638951420784,0.12968970090150833,-0.09804331138730049,-0.189886424690485,-0.018353551626205444,near_zero,4,2
r19_D_dA,1.0,bread,near,0.03164638951420784,-0.1647573709487915,0.19640376046299934,-0.07333074882626534,0.46572728743776676,near_zero,4,2
r19_D_dA,1.0,roast_chicken,mid,0.03164638951420784,0.432503342628479,-0.40085695311427116,-0.5591230280697346,-0.24259087815880775,nonzero,4,2
r19_D_dA,1.0,furnace,far,0.03164638951420784,-0.023541688919067383,0.05518807843327522,-0.09625052288174629,0.20662667974829674,near_zero,4,2
r19_D_dA,1.0,odometer,number_only,0.03164638951420784,-0.034615278244018555,0.0662616677582264,-0.029392708092927933,0.14595142751932144,near_zero,4,2
r19_D_dA,2.0,cookies,near,-0.046290867030620575,0.15942330658435822,-0.2057141736149788,-0.3943219780921936,-0.039794377982616425,nonzero,4,2
r19_D_dA,2.0,bread,near,-0.046290867030620575,-0.056498825550079346,0.01020795851945877,-0.30816155672073364,0.31787870079278946,near_zero,4,2
r19_D_dA,2.0,roast_chicken,mid,-0.046290867030620575,0.7511260509490967,-0.7974169179797173,-0.9816931113600731,-0.6131407245993614,nonzero,4,2
r19_D_dA,2.0,furnace,far,-0.046290867030620575,0.15900278091430664,-0.20529364794492722,-0.3942621350288391,-0.027023933827877045,nonzero,4,2
r19_D_dA,2.0,odometer,number_only,-0.046290867030620575,0.20383119583129883,-0.2501220628619194,-0.4649961590766907,-0.04594673961400986,nonzero,4,2
r19_D_dA,4.0,cookies,near,0.2101852484047413,1.0426329970359802,-0.8324477486312389,-1.4103562906384468,-0.35169946402311325,nonzero,4,2
r19_D_dA,4.0,bread,near,0.2101852484047413,0.3131416440010071,-0.10295639559626579,-0.7989160530269146,0.5429087206721306,inconclusive,4,2
r19_D_dA,4.0,roast_chicken,mid,0.2101852484047413,1.4294980764389038,-1.2193128280341625,-1.8326170593500137,-0.6060085967183113,nonzero,4,2
r19_D_dA,4.0,furnace,far,0.2101852484047413,0.7131578922271729,-0.5029726438224316,-0.9821901097893715,-0.02641025185585022,nonzero,4,2
r19_D_dA,4.0,odometer,number_only,0.2101852484047413,0.31857967376708984,-0.10839442536234856,-0.6764511838555336,0.3625020757317543,inconclusive,4,2
r19_D_muD,0.5,cookies,near,-0.020831827074289322,0.11455295979976654,-0.13538478687405586,-0.2721673771739006,-0.0332256555557251,near_zero,4,2
r19_D_muD,0.5,bread,near,-0.020831827074289322,0.08461135625839233,-0.10544318333268166,-0.3272485099732876,0.11636214330792427,near_zero,4,2
r19_D_muD,0.5,roast_chicken,mid,-0.020831827074289322,-0.017903685569763184,-0.0029281415045261383,-0.19102054461836815,0.18516426160931587,near_zero,4,2
r19_D_muD,0.5,furnace,far,-0.020831827074289322,0.01584029197692871,-0.03667211905121803,-0.17345470935106277,0.07743774726986885,near_zero,4,2
r19_D_muD,0.5,odometer,number_only,-0.020831827074289322,-0.06735634803771973,0.046524520963430405,-0.09999018535017967,0.19303922727704048,near_zero,4,2
r19_D_muD,1.0,cookies,near,-0.031220782548189163,0.044347263872623444,-0.0755680464208126,-0.14171933755278587,-0.00941675528883934,near_zero,4,2
r19_D_muD,1.0,bread,near,-0.031220782548189163,-0.10406851768493652,0.07284773513674736,-0.09481319412589073,0.24050866439938545,near_zero,4,2
r19_D_muD,1.0,roast_chicken,mid,-0.031220782548189163,0.14879274368286133,-0.1800135262310505,-0.23619326576590538,-0.1238337866961956,near_zero,4,2
r19_D_muD,1.0,furnace,far,-0.031220782548189163,-0.15638160705566406,0.1251608245074749,0.08479354530572891,0.15986603870987892,near_zero,4,2
r19_D_muD,1.0,odometer,number_only,-0.031220782548189163,0.01528024673461914,-0.046501029282808304,-0.08797655254602432,-0.0070299021899700165,near_zero,4,2
r19_D_muD,2.0,cookies,near,0.10378550365567207,0.056078992784023285,0.04770651087164879,-0.06086605414748192,0.15965497866272926,near_zero,4,2
r19_D_muD,2.0,bread,near,0.10378550365567207,-0.00873267650604248,0.11251818016171455,-0.09950944408774376,0.3212542992085214,near_zero,4,2
r19_D_muD,2.0,roast_chicken,mid,0.10378550365567207,0.42635464668273926,-0.3225691430270672,-0.3798935227096081,-0.25556110963225365,nonzero,4,2
r19_D_muD,2.0,furnace,far,0.10378550365567207,-0.04603099822998047,0.14981650188565254,0.015903044492006302,0.28710586205124855,near_zero,4,2
r19_D_muD,2.0,odometer,number_only,0.10378550365567207,0.11863160133361816,-0.01484609767794609,-0.12044091150164604,0.09412461891770363,near_zero,4,2
r19_D_muD,4.0,cookies,near,-0.008007552474737167,0.13668224960565567,-0.14468980208039284,-0.2804093360900879,-0.004180312156677246,near_zero,4,2
r19_D_muD,4.0,bread,near,-0.008007552474737167,-0.06922125816345215,0.06121370568871498,-0.253972802311182,0.3666892275214195,near_zero,4,2
r19_D_muD,4.0,roast_chicken,mid,-0.008007552474737167,0.44209182262420654,-0.4500993750989437,-0.7564961053431034,-0.143702644854784,nonzero,4,2
r19_D_muD,4.0,furnace,far,-0.008007552474737167,0.1096653938293457,-0.11767294630408287,-0.24400875717401505,0.008662864565849304,near_zero,4,2
r19_D_muD,4.0,odometer,number_only,-0.008007552474737167,0.13858342170715332,-0.1465909741818905,-0.28462301939725876,-0.006081484258174896,near_zero,4,2
r20_D_dA,0.5,cookies,near,0.05773230269551277,0.03981830179691315,0.017914000898599625,-0.206025630235672,0.2429204396903515,near_zero,4,2
r20_D_dA,0.5,bread,near,0.05773230269551277,-0.05562251806259155,0.11335482075810432,-0.009820137172937393,0.2330559566617012,near_zero,4,2
r20_D_dA,0.5,roast_chicken,mid,0.05773230269551277,-0.17961788177490234,0.23735018447041512,-0.14137044548988342,0.6171376220881939,inconclusive,4,2
r20_D_dA,0.5,furnace,far,0.05773230269551277,-0.19180965423583984,0.24954195693135262,0.1868593692779541,0.3087507225573063,nonzero,4,2
r20_D_dA,0.5,odometer,number_only,0.05773230269551277,-0.08255481719970703,0.1402871198952198,-0.04951921105384827,0.3311602585017681,near_zero,4,2
r20_D_dA,1.0,cookies,near,0.03674747422337532,0.03722859174013138,-0.00048111751675605774,-0.2306794451549649,0.2460634857416153,near_zero,4,2
r20_D_dA,1.0,bread,near,0.03674747422337532,-0.006778895854949951,0.04352637007832527,-0.1454624906182289,0.23251523077487946,near_zero,4,2
r20_D_dA,1.0,roast_chicken,mid,0.03674747422337532,-0.3292730450630188,0.3660205192863941,0.1320168597623706,0.6163704544305801,nonzero,4,2
r20_D_dA,1.0,furnace,far,0.03674747422337532,-0.10679340362548828,0.1435408778488636,-0.021494902856647954,0.32492293417453766,near_zero,4,2
r20_D_dA,1.0,odometer,number_only,0.03674747422337532,0.02098870277404785,0.01575877144932747,-0.2286715881898999,0.27653540670871735,near_zero,4,2
r20_D_dA,2.0,cookies,near,-0.07986744120717049,0.30329298228025436,-0.38316042348742485,-0.852543581277132,0.06368575990200043,inconclusive,4,2
r20_D_dA,2.0,bread,near,-0.07986744120717049,-0.2468794584274292,0.1670120172202587,-0.4521679952740669,0.7412437051534653,inconclusive,4,2
r20_D_dA,2.0,roast_chicken,mid,-0.07986744120717049,-0.8944852352142334,0.8146177940070629,-0.12183967977762222,1.7930683940649033,inconclusive,4,2
r20_D_dA,2.0,furnace,far,-0.07986744120717049,-0.29654383659362793,0.21667639538645744,-0.219522126019001,0.6079265922307968,inconclusive,4,2
r20_D_dA,2.0,odometer,number_only,-0.07986744120717049,-0.03170514106750488,-0.048162300139665604,-0.5175454579293728,0.29155275225639343,inconclusive,4,2
r20_D_dA,4.0,cookies,near,1.5367588251829147,1.335007630288601,0.2017511948943138,-0.7392103411257267,1.1427127309143543,inconclusive,4,2
r20_D_dA,4.0,bread,near,1.5367588251829147,0.3130209445953369,1.2237378805875778,0.7230285853147507,1.7704355269670486,nonzero,4,2
r20_D_dA,4.0,roast_chicken,mid,1.5367588251829147,-1.5977989435195923,3.134557768702507,2.286450907588005,3.9876210130751133,nonzero,4,2
r20_D_dA,4.0,furnace,far,1.5367588251829147,0.2632865905761719,1.2734722346067429,0.8520749062299728,1.8201698809862137,nonzero,4,2
r20_D_dA,4.0,odometer,number_only,1.5367588251829147,0.004735708236694336,1.5320231169462204,1.113082554191351,2.069739665836096,nonzero,4,2
r20_D_muD,0.5,cookies,near,0.002209324389696121,0.04323309659957886,-0.041023772209882736,-0.16312225908041,0.08495071902871132,near_zero,4,2
r20_D_muD,0.5,bread,near,0.002209324389696121,0.039474308490753174,-0.03726498410105705,-0.15074418485164642,0.0743144154548645,near_zero,4,2
r20_D_muD,0.5,roast_chicken,mid,0.002209324389696121,-0.12822365760803223,0.13043298199772835,-0.01999487727880478,0.28473684564232826,near_zero,4,2
r20_D_muD,0.5,furnace,far,0.002209324389696121,0.08374929428100586,-0.08153996989130974,-0.15209053456783295,-0.012889206409454346,near_zero,4,2
r20_D_muD,0.5,odometer,number_only,0.002209324389696121,-0.2095181941986084,0.21172751858830452,0.06577644497156143,0.3615545965731144,nonzero,4,2
r20_D_muD,1.0,cookies,near,0.04062896594405174,0.004658393561840057,0.035970572382211685,-0.14520767331123352,0.2171488180756569,near_zero,4,2
r20_D_muD,1.0,bread,near,0.04062896594405174,-0.00446242094039917,0.04509138688445091,-0.1728590726852417,0.24232078343629837,near_zero,4,2
r20_D_muD,1.0,roast_chicken,mid,0.04062896594405174,-0.020609617233276367,0.06123858317732811,-0.1482023149728775,0.2706794813275337,near_zero,4,2
r20_D_muD,1.0,furnace,far,0.04062896594405174,-0.1680455207824707,0.20867448672652245,0.06822286546230316,0.34912610799074173,nonzero,4,2
r20_D_muD,1.0,odometer,number_only,0.04062896594405174,-0.13923120498657227,0.179860170930624,-0.03797067701816559,0.3976910188794136,near_zero,4,2
r20_D_muD,2.0,cookies,near,-0.031126312911510468,0.09745744615793228,-0.12858375906944275,-0.273129690438509,0.019434292614459725,near_zero,4,2
r20_D_muD,2.0,bread,near,-0.031126312911510468,-0.013751804828643799,-0.01737450808286667,-0.22841042652726173,0.18976320698857307,near_zero,4,2
r20_D_muD,2.0,roast_chicken,mid,-0.031126312911510468,-0.14163720607757568,0.11051089316606522,-0.25192326679825783,0.4764171734452245,near_zero,4,2
r20_D_muD,2.0,furnace,far,-0.031126312911510468,-0.22950530052185059,0.19837898761034012,0.011151369661092758,0.3890787258744237,near_zero,4,2
r20_D_muD,2.0,odometer,number_only,-0.031126312911510468,0.03617405891418457,-0.06730037182569504,-0.19522089138627052,0.06409226804971668,near_zero,4,2
r20_D_muD,4.0,cookies,near,-0.08181573823094368,0.08939291536808014,-0.17120865359902382,-0.5924944803118706,0.2593189515173435,inconclusive,4,2
r20_D_muD,4.0,bread,near,-0.08181573823094368,-0.12376266717910767,0.041946928948163986,-0.39960724115371704,0.4299747385084629,near_zero,4,2
r20_D_muD,4.0,roast_chicken,mid,-0.08181573823094368,-0.4673718810081482,0.3855561427772045,-0.25791003555059433,1.038264099508524,inconclusive,4,2
r20_D_muD,4.0,furnace,far,-0.08181573823094368,-0.18322443962097168,0.101408701390028,-0.25882818922400475,0.3664375767111778,near_zero,4,2
r20_D_muD,4.0,odometer,number_only,-0.08181573823094368,0.07673048973083496,-0.15854622796177864,-0.5187831185758114,0.18866056576371193,inconclusive,4,2
r21_D_dA,0.5,cookies,near,-0.028593923896551132,-0.057951368391513824,0.029357444494962692,-0.06253251433372498,0.12124740332365036,near_zero,4,2
r21_D_dA,0.5,bread,near,-0.028593923896551132,0.009837567806243896,-0.03843149170279503,-0.08816042169928551,0.0094960518181324,near_zero,4,2
r21_D_dA,0.5,roast_chicken,mid,-0.028593923896551132,-0.0029648542404174805,-0.02562906965613365,-0.07575926966965198,0.022298473864793777,near_zero,4,2
r21_D_dA,0.5,furnace,far,-0.028593923896551132,-0.09635424613952637,0.06776032224297523,-0.059059396386146545,0.19458004087209702,near_zero,4,2
r21_D_dA,0.5,odometer,number_only,-0.028593923896551132,-0.07444882392883301,0.045854900032281876,-0.040022626519203186,0.13173242658376694,near_zero,4,2
r21_D_dA,1.0,cookies,near,-0.15975213423371315,-0.13097146898508072,-0.02878066524863243,-0.2584044188261032,0.20104083847254406,near_zero,4,2
r21_D_dA,1.0,bread,near,-0.15975213423371315,0.013423144817352295,-0.17317527905106544,-0.33211619406938553,-0.023863449692726135,near_zero,4,2
r21_D_dA,1.0,roast_chicken,mid,-0.15975213423371315,-0.10796892642974854,-0.051783207803964615,-0.31554220616817474,0.19615577906370163,near_zero,4,2
r21_D_dA,1.0,furnace,far,-0.15975213423371315,-0.10169506072998047,-0.05805707350373268,-0.260162353515625,0.14424595665186535,near_zero,4,2
r21_D_dA,1.0,odometer,number_only,-0.15975213423371315,-0.008119821548461914,-0.15163231268525124,-0.29303085803985596,-0.014562521129846573,near_zero,4,2
r21_D_dA,2.0,cookies,near,-0.5450908169150352,-0.2640389949083328,-0.2810518220067024,-0.7719992846250534,0.20989564061164856,inconclusive,4,2
r21_D_dA,2.0,bread,near,-0.5450908169150352,-0.2246483564376831,-0.32044246047735214,-0.7925296053290367,0.10541970925405347,inconclusive,4,2
r21_D_dA,2.0,roast_chicken,mid,-0.5450908169150352,-0.25479722023010254,-0.2902935966849327,-1.1565672382712364,0.48252370208501816,inconclusive,4,2
r21_D_dA,2.0,furnace,far,-0.5450908169150352,-0.07638144493103027,-0.468709371984005,-0.9148530848324299,-0.06995071843266487,nonzero,4,2
r21_D_dA,2.0,odometer,number_only,-0.5450908169150352,-0.0015418529510498047,-0.5435489639639854,-0.9680674336850643,-0.13125719875097275,nonzero,4,2
r21_D_dA,4.0,cookies,near,-0.9797087386250496,-0.03817635774612427,-0.9415323808789253,-1.6485448107123375,-0.23451995104551315,nonzero,4,2
r21_D_dA,4.0,bread,near,-0.9797087386250496,-0.6457492411136627,-0.33395949751138687,-1.1599716879427433,0.4728221371769905,inconclusive,4,2
r21_D_dA,4.0,roast_chicken,mid,-0.9797087386250496,-0.5690608620643616,-0.410647876560688,-1.1641571260988712,0.32363081723451614,inconclusive,4,2
r21_D_dA,4.0,furnace,far,-0.9797087386250496,0.3197164535522461,-1.2994251921772957,-1.994279906153679,-0.6874467131681766,nonzero,4,2
r21_D_dA,4.0,odometer,number_only,-0.9797087386250496,0.046891212463378906,-1.0265999510884285,-1.7022241093218327,-0.4909357689321041,nonzero,4,2
r21_D_muD,0.5,cookies,near,0.0038498565554618835,0.008062370121479034,-0.004212513566017151,-0.06306498497724533,0.07498454675078392,near_zero,4,2
r21_D_muD,0.5,bread,near,0.0038498565554618835,-0.06248593330383301,0.06633578985929489,-0.04365018261596561,0.17637183889746666,near_zero,4,2
r21_D_muD,0.5,roast_chicken,mid,0.0038498565554618835,-0.014485836029052734,0.018335692584514618,-0.14933506771922112,0.18600645288825035,near_zero,4,2
r21_D_muD,0.5,furnace,far,0.0038498565554618835,-0.0939784049987793,0.09782826155424118,-0.06456986321136356,0.2602764628827572,near_zero,4,2
r21_D_muD,0.5,odometer,number_only,0.0038498565554618835,-0.04784679412841797,0.05169665068387985,-0.15245000645518303,0.25584330782294273,near_zero,4,2
r21_D_muD,1.0,cookies,near,-0.027951791882514954,-0.07012144476175308,0.04216965287923813,-0.05202279984951019,0.13636210560798645,near_zero,4,2
r21_D_muD,1.0,bread,near,-0.027951791882514954,0.03759765625,-0.06554944813251495,-0.17317384481430054,0.04162559285759926,near_zero,4,2
r21_D_muD,1.0,roast_chicken,mid,-0.027951791882514954,-0.06034862995147705,0.0323968380689621,-0.04299551248550415,0.10733983293175697,near_zero,4,2
r21_D_muD,1.0,furnace,far,-0.027951791882514954,-0.2803020477294922,0.25235025584697723,0.20010584592819214,0.30459466576576233,nonzero,4,2
r21_D_muD,1.0,odometer,number_only,-0.027951791882514954,-0.14334654808044434,0.11539475619792938,0.03597992658615112,0.19480958580970764,near_zero,4,2
r21_D_muD,2.0,cookies,near,-0.1746097356081009,-0.11918853968381882,-0.055421195924282074,-0.20079359412193298,0.05555000156164169,near_zero,4,2
r21_D_muD,2.0,bread,near,-0.1746097356081009,0.05264371633529663,-0.22725345194339752,-0.4320075884461403,-0.038023948669433594,nonzero,4,2
r21_D_muD,2.0,roast_chicken,mid,-0.1746097356081009,-0.11260807514190674,-0.06200166046619415,-0.28766433149576187,0.14813637733459473,near_zero,4,2
r21_D_muD,2.0,furnace,far,-0.1746097356081009,-0.02882862091064453,-0.14578111469745636,-0.29447678104043007,-0.003936050739140277,near_zero,4,2
r21_D_muD,2.0,odometer,number_only,-0.1746097356081009,-0.0752408504486084,-0.09936888515949249,-0.27507534623146057,0.07653163382783426,near_zero,4,2
r21_D_muD,4.0,cookies,near,-0.3087046593427658,-0.2915310189127922,-0.017173640429973602,-0.3997008092701435,0.38647982850670815,near_zero,4,2
r21_D_muD,4.0,bread,near,-0.3087046593427658,-0.11450338363647461,-0.1942012757062912,-0.5463311448693275,0.06532128527760506,inconclusive,4,2
r21_D_muD,4.0,roast_chicken,mid,-0.3087046593427658,-0.23883521556854248,-0.06986944377422333,-0.6261550858616829,0.4560188986361027,inconclusive,4,2
r21_D_muD,4.0,furnace,far,-0.3087046593427658,0.06206917762756348,-0.3707738369703293,-0.7007475905120373,-0.11125127598643303,nonzero,4,2
r21_D_muD,4.0,odometer,number_only,-0.3087046593427658,0.04578709602355957,-0.3544917553663254,-0.6856933645904064,-0.09496919438242912,nonzero,4,2
r22_D_dA,0.5,cookies,near,0.029647402465343475,-0.09542103111743927,0.12506843358278275,0.023645758628845215,0.22649110853672028,near_zero,4,2
r22_D_dA,0.5,bread,near,0.029647402465343475,-0.053607940673828125,0.0832553431391716,0.039703547954559326,0.12680713832378387,near_zero,4,2
r22_D_dA,0.5,roast_chicken,mid,0.029647402465343475,0.09745824337005615,-0.06781084090471268,-0.11563271284103394,-0.01998896896839142,near_zero,4,2
r22_D_dA,0.5,furnace,far,0.029647402465343475,0.0695950984954834,-0.03994769603013992,-0.08096975088119507,0.0010743588209152222,near_zero,4,2
r22_D_dA,0.5,odometer,number_only,0.029647402465343475,0.0028972625732421875,0.026750139892101288,-0.14695686101913452,0.2004571408033371,near_zero,4,2
r22_D_dA,1.0,cookies,near,-0.09465284273028374,-0.13668428361415863,0.04203144088387489,-0.13481438905000687,0.22900624200701714,near_zero,4,2
r22_D_dA,1.0,bread,near,-0.09465284273028374,-0.07435870170593262,-0.02029414102435112,-0.2402687668800354,0.21704958006739616,near_zero,4,2
r22_D_dA,1.0,roast_chicken,mid,-0.09465284273028374,-0.054265499114990234,-0.0403873436152935,-0.2859838828444481,0.22387443110346794,near_zero,4,2
r22_D_dA,1.0,furnace,far,-0.09465284273028374,0.027170896530151367,-0.1218237392604351,-0.36574769392609596,0.1034349799156189,near_zero,4,2
r22_D_dA,1.0,odometer,number_only,-0.09465284273028374,-0.09030866622924805,-0.00434417650103569,-0.1864636018872261,0.1879042200744152,near_zero,4,2
r22_D_dA,2.0,cookies,near,-0.3923100531101227,-0.008375868201255798,-0.3839341849088669,-0.6608271300792694,-0.10704123973846436,nonzero,4,2
r22_D_dA,2.0,bread,near,-0.3923100531101227,-0.24209284782409668,-0.150217205286026,-0.4572235643863678,0.1567891538143158,near_zero,4,2
r22_D_dA,2.0,roast_chicken,mid,-0.3923100531101227,-0.2977355718612671,-0.09457448124885559,-0.4674595892429352,0.278310626745224,near_zero,4,2
r22_D_dA,2.0,furnace,far,-0.3923100531101227,0.2597188949584961,-0.6520289480686188,-0.9262758791446686,-0.3618747889995575,nonzero,4,2
r22_D_dA,2.0,odometer,number_only,-0.3923100531101227,-0.20307326316833496,-0.18923678994178772,-0.5652295649051666,0.1867559850215912,inconclusive,4,2
r22_D_dA,4.0,cookies,near,-0.43934309110045433,0.12303977459669113,-0.5623828656971455,-0.9464834332466125,-0.17828229814767838,nonzero,4,2
r22_D_dA,4.0,bread,near,-0.43934309110045433,-0.9310253262519836,0.4916822351515293,0.06079251691699028,0.9305701181292534,nonzero,4,2
r22_D_dA,4.0,roast_chicken,mid,-0.43934309110045433,-0.8824107646942139,0.44306767359375954,-0.12355264276266098,1.00968798995018,inconclusive,4,2
r22_D_dA,4.0,furnace,far,-0.43934309110045433,0.5253884792327881,-0.9647315703332424,-1.3488321378827095,-0.5806310027837753,nonzero,4,2
r22_D_dA,4.0,odometer,number_only,-0.43934309110045433,-0.13964247703552246,-0.29970061406493187,-0.8697596415877342,0.2703584134578705,inconclusive,4,2
r22_D_muD,0.5,cookies,near,0.024370942264795303,-0.023806490004062653,0.048177432268857956,-0.13206766918301582,0.22842253372073174,near_zero,4,2
r22_D_muD,0.5,bread,near,0.024370942264795303,0.041568756103515625,-0.01719781383872032,-0.19133279100060463,0.156937163323164,near_zero,4,2
r22_D_muD,0.5,roast_chicken,mid,0.024370942264795303,0.15692532062530518,-0.13255437836050987,-0.21356544271111488,-0.05154331400990486,near_zero,4,2
r22_D_muD,0.5,furnace,far,0.024370942264795303,-0.06296420097351074,0.08733514323830605,0.014154814183712006,0.16051547229290009,near_zero,4,2
r22_D_muD,0.5,odometer,number_only,0.024370942264795303,-0.0023887157440185547,0.026759658008813858,-0.11836013570427895,0.17187945172190666,near_zero,4,2
r22_D_muD,1.0,cookies,near,-0.09053810313344002,-0.0892406702041626,-0.00129743292927742,-0.09649990126490593,0.10475078597664833,near_zero,4,2
r22_D_muD,1.0,bread,near,-0.09053810313344002,0.07802945375442505,-0.16856755688786507,-0.25683362409472466,-0.06457900628447533,near_zero,4,2
r22_D_muD,1.0,roast_chicken,mid,-0.09053810313344002,0.04621255397796631,-0.13675065711140633,-0.261221956461668,-0.0014336071908473969,near_zero,4,2
r22_D_muD,1.0,furnace,far,-0.09053810313344002,0.0588679313659668,-0.14940603449940681,-0.22965943813323975,-0.045417483896017075,near_zero,4,2
r22_D_muD,1.0,odometer,number_only,-0.09053810313344002,-0.07582569122314453,-0.014712411910295486,-0.16933472082018852,0.1507556475698948,near_zero,4,2
r22_D_muD,2.0,cookies,near,-0.10071052983403206,-0.020332016050815582,-0.08037851378321648,-0.2630474418401718,0.11095822229981422,near_zero,4,2
r22_D_muD,2.0,bread,near,-0.10071052983403206,-0.04688239097595215,-0.05382813885807991,-0.12797844409942627,0.05840739235281944,near_zero,4,2
r22_D_muD,2.0,roast_chicken,mid,-0.10071052983403206,0.18145251274108887,-0.2821630425751209,-0.4808516502380371,-0.07480662688612938,nonzero,4,2
r22_D_muD,2.0,furnace,far,-0.10071052983403206,-0.027707815170288086,-0.07300271466374397,-0.17457280680537224,0.037220485508441925,near_zero,4,2
r22_D_muD,2.0,odometer,number_only,-0.10071052983403206,-0.17865538597106934,0.07794485613703728,-0.14168024063110352,0.30623776093125343,near_zero,4,2
r22_D_muD,4.0,cookies,near,-0.20457108691334724,-0.1850777044892311,-0.019493382424116135,-0.3342524729669094,0.29526570811867714,near_zero,4,2
r22_D_muD,4.0,bread,near,-0.20457108691334724,-0.1752321720123291,-0.029338914901018143,-0.23892148584127426,0.19158880412578583,near_zero,4,2
r22_D_muD,4.0,roast_chicken,mid,-0.20457108691334724,-0.08598136901855469,-0.11858971789479256,-0.5206221453845501,0.283442709594965,inconclusive,4,2
r22_D_muD,4.0,furnace,far,-0.20457108691334724,0.20769166946411133,-0.4122627563774586,-0.6595600955188274,-0.1598423570394516,nonzero,4,2
r22_D_muD,4.0,odometer,number_only,-0.20457108691334724,-0.07062196731567383,-0.13394911959767342,-0.34353169053792953,0.09202568233013153,near_zero,4,2
