set,arm,alpha,n_items,n_questions,point,ci_lo,ci_hi,label,sign,mean_B,mean_B_base
V,dA_D,0.0,5,4,0.0,0.0,0.0,near_zero,0,-5.346599154174328,-5.346599154174328
V,dA_D,0.5,5,4,0.10721428319811821,-0.0996410958468914,0.2756919637322426,near_zero,+,-5.23938487097621,-5.346599154174328
V,dA_D,1.0,5,4,0.1644112467765808,-0.24391937255859375,0.6012924686074257,inconclusive,+,-5.182187907397747,-5.346599154174328
V,dA_D,2.0,5,4,0.39145589992403984,-0.34752223640680313,1.299366045743227,inconclusive,+,-4.955143254250288,-5.346599154174328
V,dA_D,4.0,5,4,1.451893337070942,-0.17530181631445885,3.8062531985342503,inconclusive,+,-3.894705817103386,-5.346599154174328
V,dA_D_matched_muD,0.0,5,4,0.0,0.0,0.0,near_zero,0,-5.346599154174328,-5.346599154174328
V,dA_D_matched_muD,0.5,5,4,0.07753081619739532,0.007903702557086945,0.16757651045918465,near_zero,+,-5.2690683379769325,-5.346599154174328
V,dA_D_matched_muD,1.0,5,4,0.07548093050718307,-0.05769125744700432,0.20113897696137428,near_zero,+,-5.271118223667145,-5.346599154174328
V,dA_D_matched_muD,2.0,5,4,0.14427221193909645,-0.07186807319521904,0.3258296921849251,near_zero,+,-5.202326942235231,-5.346599154174328
V,dA_D_matched_muD,4.0,5,4,0.2396063208580017,-0.29578153043985367,0.8924771994352341,inconclusive,+,-5.106992833316326,-5.346599154174328
V,muD_D,0.0,5,4,0.0,0.0,0.0,near_zero,0,-5.346599154174328,-5.346599154174328
V,muD_D,0.5,5,4,-0.04650916904211044,-0.08392826467752457,-0.00909007340669632,near_zero,-,-5.393108323216438,-5.346599154174328
V,muD_D,1.0,5,4,-0.031229227781295776,-0.05078587308526039,-0.007662829011678696,near_zero,-,-5.377828381955624,-5.346599154174328
V,muD_D,2.0,5,4,0.0060257017612457275,-0.1334075853228569,0.14545898884534836,near_zero,+,-5.340573452413082,-5.346599154174328
V,muD_D,4.0,5,4,-0.4057406969368458,-0.6106100901961327,-0.2008713036775589,nonzero,-,-5.752339851111174,-5.346599154174328
V,muD_D_matched_dA,0.0,5,4,0.0,0.0,0.0,near_zero,0,-5.346599154174328,-5.346599154174328
V,muD_D_matched_dA,0.5,5,4,-0.04775722697377205,-0.12421148270368576,0.0381934717297554,near_zero,-,-5.3943563811481,-5.346599154174328
V,muD_D_matched_dA,1.0,5,4,-0.18810543790459633,-0.2773040309548378,-0.09890684485435486,near_zero,-,-5.534704592078924,-5.346599154174328
V,muD_D_matched_dA,2.0,5,4,-0.5550258606672287,-0.794818390160799,-0.2769206799566746,nonzero,-,-5.9016250148415565,-5.346599154174328
V,muD_D_matched_dA,4.0,5,4,-1.0886305086314678,-1.7549182921648026,-0.4223427250981331,nonzero,-,-6.435229662805796,-5.346599154174328
V,muD_P,0.0,5,4,0.0,0.0,0.0,near_zero,0,-5.346599154174328,-5.346599154174328
V,muD_P,0.5,5,4,0.020791903138160706,-0.0441041998565197,0.09684399887919426,near_zero,+,-5.325807251036167,-5.346599154174328
V,muD_P,1.0,5,4,0.045367561280727386,-0.03254257142543793,0.10606968402862549,near_zero,+,-5.3012315928936005,-5.346599154174328
V,muD_P,2.0,5,4,0.1393350474536419,0.04570423811674118,0.24919438362121582,near_zero,+,-5.207264106720686,-5.346599154174328
V,muD_P,4.0,5,4,0.13115162029862404,0.0659267008304596,0.19637653976678848,near_zero,+,-5.215447533875704,-5.346599154174328
V,muD_P_plus_dA_D,0.0,5,4,0.0,0.0,0.0,near_zero,0,-5.346599154174328,-5.346599154174328
V,muD_P_plus_dA_D,0.5,5,4,0.14477723464369774,-0.09562043473124504,0.3769622892141342,near_zero,+,-5.20182191953063,-5.346599154174328
V,muD_P_plus_dA_D,1.0,5,4,0.19840243458747864,-0.14797672256827354,0.5692722611129284,inconclusive,+,-5.148196719586849,-5.346599154174328
V,muD_P_plus_dA_D,2.0,5,4,0.5399811863899231,-0.1312202848494053,1.4410418905317783,inconclusive,+,-4.806617967784405,-5.346599154174328
V,muD_P_plus_dA_D,4.0,5,4,2.632208574563265,1.3986383266746998,4.798910669982433,nonzero,+,-2.714390579611063,-5.346599154174328
V,dConc_D_matched_dA,0.0,5,4,0.0,0.0,0.0,near_zero,0,-5.346599154174328,-5.346599154174328
V,dConc_D_matched_dA,0.5,5,4,0.05450150743126869,0.0006403997540473938,0.10836261510848999,near_zero,+,-5.292097646743059,-5.346599154174328
V,dConc_D_matched_dA,1.0,5,4,0.05556269735097885,-0.10576477646827698,0.21689017117023468,near_zero,+,-5.291036456823349,-5.346599154174328
V,dConc_D_matched_dA,2.0,5,4,0.04343053326010704,-0.26083283871412277,0.32266005873680115,near_zero,+,-5.303168620914221,-5.346599154174328
V,dConc_D_matched_dA,4.0,5,4,0.35711249709129333,-0.31025495007634163,0.9350898489356041,inconclusive,+,-4.9894866570830345,-5.346599154174328
V,dConc_D_native,0.0,5,4,0.0,0.0,0.0,near_zero,0,-5.346599154174328,-5.346599154174328
V,dConc_D_native,0.5,5,4,0.012738548219203949,-0.09006361290812492,0.10313074663281441,near_zero,+,-5.333860605955124,-5.346599154174328
V,dConc_D_native,1.0,5,4,0.019781317561864853,-0.18961843848228455,0.22918107360601425,near_zero,+,-5.326817836612463,-5.346599154174328
V,dConc_D_native,2.0,5,4,0.17493964359164238,-0.25475725531578064,0.6046365424990654,inconclusive,+,-5.1716595105826855,-5.346599154174328
V,dConc_D_native,4.0,5,4,0.7702368646860123,-0.35230160132050514,1.926053959876299,inconclusive,+,-4.576362289488316,-5.346599154174328
V,muD_PD_F4S,0.0,5,4,0.0,0.0,0.0,near_zero,0,-5.346599154174328,-5.346599154174328
V,muD_PD_F4S,0.5,5,4,0.016370534896850586,0.00721827894449234,0.0276566743850708,near_zero,+,-5.330228619277477,-5.346599154174328
V,muD_PD_F4S,1.0,5,4,0.027616240084171295,-0.06035979837179184,0.11559227854013443,near_zero,+,-5.3189829140901566,-5.346599154174328
V,muD_PD_F4S,2.0,5,4,0.06574101373553276,0.01730557531118393,0.10547484457492828,near_zero,+,-5.280858140438795,-5.346599154174328
V,muD_PD_F4S,4.0,5,4,-0.12739338539540768,-0.18726453185081482,-0.08032258599996567,near_zero,-,-5.4739925395697355,-5.346599154174328
V,r0_D_dA,0.0,5,4,0.0,0.0,0.0,near_zero,0,-5.346599154174328,-5.346599154174328
V,r0_D_dA,0.5,5,4,-0.08224296197295189,-0.1324554607272148,-0.029244638979434967,near_zero,-,-5.42884211614728,-5.346599154174328
V,r0_D_dA,1.0,5,4,-0.14924968034029007,-0.29121094197034836,-0.007288418710231781,near_zero,-,-5.495848834514618,-5.346599154174328
V,r0_D_dA,2.0,5,4,-0.251165684312582,-0.46272478625178337,-0.12428857386112213,nonzero,-,-5.59776483848691,-5.346599154174328
V,r0_D_dA,4.0,5,4,0.6410976275801659,-0.20841432362794876,1.9133878201246262,inconclusive,+,-4.705501526594162,-5.346599154174328
V,r0_D_muD,0.0,5,4,0.0,0.0,0.0,near_zero,0,-5.346599154174328,-5.346599154174328
V,r0_D_muD,0.5,5,4,-0.06876610592007637,-0.15135669708251953,0.01382448524236679,near_zero,-,-5.415365260094404,-5.346599154174328
V,r0_D_muD,1.0,5,4,-0.03742770850658417,-0.059780318289995193,-0.012062322348356247,near_zero,-,-5.384026862680912,-5.346599154174328
V,r0_D_muD,2.0,5,4,-0.12781139463186264,-0.27510978654026985,-0.024580735713243484,near_zero,-,-5.4744105488061905,-5.346599154174328
V,r0_D_muD,4.0,5,4,-0.22796262055635452,-0.3933715559542179,-0.11978472024202347,nonzero,-,-5.574561774730682,-5.346599154174328
V,r1_D_dA,0.0,5,4,0.0,0.0,0.0,near_zero,0,-5.346599154174328,-5.346599154174328
V,r1_D_dA,0.5,5,4,0.07462251931428909,-0.11913673207163811,0.2171136811375618,near_zero,+,-5.271976634860039,-5.346599154174328
V,r1_D_dA,1.0,5,4,-0.003092467784881592,-0.27223489060997963,0.2216128706932068,near_zero,-,-5.349691621959209,-5.346599154174328
V,r1_D_dA,2.0,5,4,0.04871883615851402,-0.3362163379788399,0.4336540102958679,near_zero,+,-5.297880318015814,-5.346599154174328
V,r1_D_dA,4.0,5,4,-0.21771708130836487,-0.8605498448014259,0.4251156821846962,inconclusive,-,-5.564316235482693,-5.346599154174328
V,r1_D_muD,0.0,5,4,0.0,0.0,0.0,near_zero,0,-5.346599154174328,-5.346599154174328
V,r1_D_muD,0.5,5,4,0.012019101530313492,-0.11360353603959084,0.11039561778306961,near_zero,+,-5.334580052644014,-5.346599154174328
V,r1_D_muD,1.0,5,4,-0.008153226226568222,-0.14974502474069595,0.101020697504282,near_zero,-,-5.354752380400896,-5.346599154174328
V,r1_D_muD,2.0,5,4,0.08356887474656105,-0.1712842397391796,0.2414940819144249,near_zero,+,-5.263030279427767,-5.346599154174328
V,r1_D_muD,4.0,5,4,0.052409134805202484,-0.3456025943160057,0.33090122789144516,near_zero,+,-5.294190019369125,-5.346599154174328
V,r2_D_dA,0.0,5,4,0.0,0.0,0.0,near_zero,0,-5.346599154174328,-5.346599154174328
V,r2_D_dA,0.5,5,4,-0.04850274324417114,-0.13206611573696136,0.022861018776893616,near_zero,-,-5.395101897418499,-5.346599154174328
V,r2_D_dA,1.0,5,4,-0.018750376999378204,-0.07596446573734283,0.08254507929086685,near_zero,-,-5.365349531173706,-5.346599154174328
V,r2_D_dA,2.0,5,4,-0.1876145713031292,-0.3281691372394562,-0.024882428348064423,near_zero,-,-5.534213725477457,-5.346599154174328
V,r2_D_dA,4.0,5,4,0.3891778960824013,-0.4724527597427368,1.1723501980304718,inconclusive,+,-4.957421258091927,-5.346599154174328
V,r2_D_muD,0.0,5,4,0.0,0.0,0.0,near_zero,0,-5.346599154174328,-5.346599154174328
V,r2_D_muD,0.5,5,4,0.015368089079856873,-0.02282821387052536,0.053564392030239105,near_zero,+,-5.331231065094471,-5.346599154174328
V,r2_D_muD,1.0,5,4,-0.06709548085927963,-0.1581321619451046,0.0013929978013038635,near_zero,-,-5.4136946350336075,-5.346599154174328
V,r2_D_muD,2.0,5,4,-0.04624570533633232,-0.17358805984258652,0.08278314396739006,near_zero,-,-5.39284485951066,-5.346599154174328
V,r2_D_muD,4.0,5,4,-0.1676637940108776,-0.23628567159175873,-0.09904191642999649,near_zero,-,-5.5142629481852055,-5.346599154174328
V,r3_D_dA,0.0,5,4,0.0,0.0,0.0,near_zero,0,-5.346599154174328,-5.346599154174328
V,r3_D_dA,0.5,5,4,-0.0816415436565876,-0.16532882302999496,0.002045735716819763,near_zero,-,-5.4282406978309155,-5.346599154174328
V,r3_D_dA,1.0,5,4,-0.1649923212826252,-0.33434249460697174,-0.032216329127550125,near_zero,-,-5.511591475456953,-5.346599154174328
V,r3_D_dA,2.0,5,4,-0.33033647760748863,-0.49853383749723434,-0.1022503450512886,nonzero,-,-5.6769356317818165,-5.346599154174328
V,r3_D_dA,4.0,5,4,0.7341141626238823,0.04989656060934067,1.418331764638424,nonzero,+,-4.612484991550446,-5.346599154174328
V,r3_D_muD,0.0,5,4,0.0,0.0,0.0,near_zero,0,-5.346599154174328,-5.346599154174328
V,r3_D_muD,0.5,5,4,-0.01791296899318695,-0.08529061079025269,0.030307158827781677,near_zero,-,-5.364512123167515,-5.346599154174328
V,r3_D_muD,1.0,5,4,-0.11008956655859947,-0.2090122029185295,0.027989745140075684,near_zero,-,-5.456688720732927,-5.346599154174328
V,r3_D_muD,2.0,5,4,-0.10461060330271721,-0.20455650985240936,-0.004664696753025055,near_zero,-,-5.451209757477045,-5.346599154174328
V,r3_D_muD,4.0,5,4,-0.21121369674801826,-0.42119376733899117,-0.07745061069726944,nonzero,-,-5.557812850922346,-5.346599154174328
V,r4_D_dA,0.0,5,4,0.0,0.0,0.0,near_zero,0,-5.346599154174328,-5.346599154174328
V,r4_D_dA,0.5,5,4,0.07794389501214027,-0.017665579915046692,0.17355336993932724,near_zero,+,-5.268655259162188,-5.346599154174328
V,r4_D_dA,1.0,5,4,0.1157427430152893,-0.004287730902433395,0.20059123262763023,near_zero,+,-5.2308564111590385,-5.346599154174328
V,r4_D_dA,2.0,5,4,0.2603956200182438,-0.1623489260673523,0.5245019756257534,inconclusive,+,-5.086203534156084,-5.346599154174328
V,r4_D_dA,4.0,5,4,0.679603211581707,-0.16816804930567741,1.376478899270296,inconclusive,+,-4.666995942592621,-5.346599154174328
V,r4_D_muD,0.0,5,4,0.0,0.0,0.0,near_zero,0,-5.346599154174328,-5.346599154174328
V,r4_D_muD,0.5,5,4,0.012871846556663513,-0.004786111414432526,0.030529804527759552,near_zero,+,-5.333727307617664,-5.346599154174328
V,r4_D_muD,1.0,5,4,0.032743312418460846,-0.06451677531003952,0.12042555212974548,near_zero,+,-5.313855841755867,-5.346599154174328
V,r4_D_muD,2.0,5,4,0.11926525831222534,-0.00012483447790145874,0.1973991021513939,near_zero,+,-5.2273338958621025,-5.346599154174328
V,r4_D_muD,4.0,5,4,0.18815962597727776,-0.0625586211681366,0.32877175882458687,near_zero,+,-5.15843952819705,-5.346599154174328
V,r5_D_dA,0.0,5,4,0.0,0.0,0.0,near_zero,0,-5.346599154174328,-5.346599154174328
V,r5_D_dA,0.5,5,4,-0.005667615681886673,-0.01476382091641426,0.004483126103878021,near_zero,-,-5.3522667698562145,-5.346599154174328
V,r5_D_dA,1.0,5,4,0.05338459089398384,0.0006923377513885498,0.10607684403657913,near_zero,+,-5.293214563280344,-5.346599154174328
V,r5_D_dA,2.0,5,4,0.06588892266154289,-0.07634146511554718,0.21050195023417473,near_zero,+,-5.280710231512785,-5.346599154174328
V,r5_D_dA,4.0,5,4,0.3893129453063011,0.02567499876022339,0.7858473509550095,nonzero,+,-4.957286208868027,-5.346599154174328
V,r5_D_muD,0.0,5,4,0.0,0.0,0.0,near_zero,0,-5.346599154174328,-5.346599154174328
V,r5_D_muD,0.5,5,4,-0.009404730051755905,-0.04478275403380394,0.016575589776039124,near_zero,-,-5.356003884226084,-5.346599154174328
V,r5_D_muD,1.0,5,4,-0.01747335121035576,-0.038815245032310486,0.0038685426115989685,near_zero,-,-5.364072505384684,-5.346599154174328
V,r5_D_muD,2.0,5,4,0.0344918929040432,0.0029071643948554993,0.0660766214132309,near_zero,+,-5.312107261270285,-5.346599154174328
V,r5_D_muD,4.0,5,4,-0.006531529128551483,-0.11424937844276428,0.10118632018566132,near_zero,-,-5.353130683302879,-5.346599154174328
V,r6_D_dA,0.0,5,4,0.0,0.0,0.0,near_zero,0,-5.346599154174328,-5.346599154174328
V,r6_D_dA,0.5,5,4,-0.007174771279096603,-0.12410580366849899,0.09975782781839371,near_zero,-,-5.3537739254534245,-5.346599154174328
V,r6_D_dA,1.0,5,4,-0.008031271398067474,-0.19057763740420341,0.18470099195837975,near_zero,-,-5.354630425572395,-5.346599154174328
V,r6_D_dA,2.0,5,4,0.009834188967943192,-0.2530697248876095,0.2802366018295288,near_zero,+,-5.336764965206385,-5.346599154174328
V,r6_D_dA,4.0,5,4,0.9991594813764095,0.42561712116003036,1.3529268838465214,nonzero,+,-4.347439672797918,-5.346599154174328
V,r6_D_muD,0.0,5,4,0.0,0.0,0.0,near_zero,0,-5.346599154174328,-5.346599154174328
V,r6_D_muD,0.5,5,4,-0.006749991327524185,-0.12535685300827026,0.1118568703532219,near_zero,-,-5.353349145501852,-5.346599154174328
V,r6_D_muD,1.0,5,4,-0.021202009171247482,-0.13610756397247314,0.08551118895411491,near_zero,-,-5.367801163345575,-5.346599154174328
V,r6_D_muD,2.0,5,4,-0.014006357640028,-0.1792512685060501,0.1512385532259941,near_zero,-,-5.360605511814356,-5.346599154174328
V,r6_D_muD,4.0,5,4,0.02259530872106552,-0.23959660530090332,0.29560165107250214,near_zero,+,-5.324003845453262,-5.346599154174328
V,r7_D_dA,0.0,5,4,0.0,0.0,0.0,near_zero,0,-5.346599154174328,-5.346599154174328
V,r7_D_dA,0.5,5,4,0.05626789480447769,0.005713604390621185,0.11466608196496964,near_zero,+,-5.29033125936985,-5.346599154174328
V,r7_D_dA,1.0,5,4,0.13503051921725273,-0.035757679492235184,0.315922811627388,near_zero,+,-5.211568634957075,-5.346599154174328
V,r7_D_dA,2.0,5,4,0.021788280457258224,-0.4752829112112522,0.4528053477406502,near_zero,+,-5.32481087371707,-5.346599154174328
V,r7_D_dA,4.0,5,4,0.21436192840337753,-0.5966560207307339,0.9672980532050133,inconclusive,+,-5.13223722577095,-5.346599154174328
V,r7_D_muD,0.0,5,4,0.0,0.0,0.0,near_zero,0,-5.346599154174328,-5.346599154174328
V,r7_D_muD,0.5,5,4,0.01973455399274826,-0.0008186176419258118,0.05713183060288429,near_zero,+,-5.32686460018158,-5.346599154174328
V,r7_D_muD,1.0,5,4,0.07785515114665031,0.02291020378470421,0.12247205525636673,near_zero,+,-5.2687440030276775,-5.346599154174328
V,r7_D_muD,2.0,5,4,0.1436089389026165,0.030405286699533463,0.31744440644979477,near_zero,+,-5.202990215271711,-5.346599154174328
V,r7_D_muD,4.0,5,4,0.1336747519671917,-0.14787423610687256,0.41522374004125595,near_zero,+,-5.212924402207136,-5.346599154174328
V,r8_D_dA,0.0,5,4,0.0,0.0,0.0,near_zero,0,-5.346599154174328,-5.346599154174328
V,r8_D_dA,0.5,5,4,0.08874021470546722,0.04082133620977402,0.1251586526632309,near_zero,+,-5.257858939468861,-5.346599154174328
V,r8_D_dA,1.0,5,4,0.07399004325270653,0.04651340842247009,0.11365512385964394,near_zero,+,-5.272609110921621,-5.346599154174328
V,r8_D_dA,2.0,5,4,0.08107771724462509,-0.10599632188677788,0.19740260019898415,near_zero,+,-5.265521436929703,-5.346599154174328
V,r8_D_dA,4.0,5,4,0.16296394169330597,-0.37530768290162086,0.7543475367128849,inconclusive,+,-5.183635212481022,-5.346599154174328
V,r8_D_muD,0.0,5,4,0.0,0.0,0.0,near_zero,0,-5.346599154174328,-5.346599154174328
V,r8_D_muD,0.5,5,4,0.05981097370386124,0.015199724584817886,0.12008201703429222,near_zero,+,-5.286788180470467,-5.346599154174328
V,r8_D_muD,1.0,5,4,0.06211405619978905,-0.00297701358795166,0.12720512598752975,near_zero,+,-5.284485097974539,-5.346599154174328
V,r8_D_muD,2.0,5,4,0.14404761791229248,0.06690740957856178,0.22530634328722954,near_zero,+,-5.202551536262035,-5.346599154174328
V,r8_D_muD,4.0,5,4,0.14332209527492523,0.02933044731616974,0.2562158554792404,near_zero,+,-5.203277058899403,-5.346599154174328
V,r9_D_dA,0.0,5,4,0.0,0.0,0.0,near_zero,0,-5.346599154174328,-5.346599154174328
V,r9_D_dA,0.5,5,4,-0.09705549851059914,-0.1510923132300377,-0.04302366077899933,near_zero,-,-5.443654652684927,-5.346599154174328
V,r9_D_dA,1.0,5,4,-0.22477758303284645,-0.4361412413418293,-0.03885630518198013,nonzero,-,-5.571376737207174,-5.346599154174328
V,r9_D_dA,2.0,5,4,-0.27587585896253586,-0.5887912660837173,-0.07947135716676712,nonzero,-,-5.622475013136864,-5.346599154174328
V,r9_D_dA,4.0,5,4,-0.36350733786821365,-0.9228902533650398,0.26212748885154724,inconclusive,-,-5.7101064920425415,-5.346599154174328
V,r9_D_muD,0.0,5,4,0.0,0.0,0.0,near_zero,0,-5.346599154174328,-5.346599154174328
V,r9_D_muD,0.5,5,4,0.01985032483935356,-0.056043460965156555,0.09574411064386368,near_zero,+,-5.326748829334974,-5.346599154174328
V,r9_D_muD,1.0,5,4,-0.07062649354338646,-0.14000967890024185,-0.018038544803857803,near_zero,-,-5.417225647717714,-5.346599154174328
V,r9_D_muD,2.0,5,4,-0.08955495432019234,-0.24326420202851295,0.05786324292421341,near_zero,-,-5.43615410849452,-5.346599154174328
V,r9_D_muD,4.0,5,4,-0.21625598147511482,-0.5084746815264225,-0.02234286069869995,nonzero,-,-5.562855135649443,-5.346599154174328
V,r10_D_dA,0.0,5,4,0.0,0.0,0.0,near_zero,0,-5.346599154174328,-5.346599154174328
V,r10_D_dA,0.5,5,4,0.07719304412603378,0.0107865110039711,0.19069401547312737,near_zero,+,-5.269406110048294,-5.346599154174328
V,r10_D_dA,1.0,5,4,0.17318901792168617,-0.009980127215385437,0.37828538939356804,near_zero,+,-5.173410136252642,-5.346599154174328
V,r10_D_dA,2.0,5,4,0.5117692016065121,0.21659650653600693,0.7949305400252342,nonzero,+,-4.834829952567816,-5.346599154174328
V,r10_D_dA,4.0,5,4,2.1299598664045334,0.9961276799440384,3.2637920528650284,nonzero,+,-3.2166392877697945,-5.346599154174328
V,r10_D_muD,0.0,5,4,0.0,0.0,0.0,near_zero,0,-5.346599154174328,-5.346599154174328
V,r10_D_muD,0.5,5,4,0.003329657018184662,0.00038751959800720215,0.007965505123138428,near_zero,+,-5.343269497156143,-5.346599154174328
V,r10_D_muD,1.0,5,4,0.02433057501912117,-0.044724225997924805,0.09338537603616714,near_zero,+,-5.322268579155207,-5.346599154174328
V,r10_D_muD,2.0,5,4,0.09187501668930054,0.023993246257305145,0.19781411439180374,near_zero,+,-5.254724137485027,-5.346599154174328
V,r10_D_muD,4.0,5,4,0.2461368814110756,0.020644620060920715,0.47162914276123047,nonzero,+,-5.100462272763252,-5.346599154174328
V,r11_D_dA,0.0,5,4,0.0,0.0,0.0,near_zero,0,-5.346599154174328,-5.346599154174328
V,r11_D_dA,0.5,5,4,0.00467323511838913,-0.14503905177116394,0.1543855220079422,near_zero,+,-5.341925919055939,-5.346599154174328
V,r11_D_dA,1.0,5,4,-0.013388291001319885,-0.22128231450915337,0.1025993563234806,near_zero,-,-5.359987445175648,-5.346599154174328
V,r11_D_dA,2.0,5,4,-0.02320348471403122,-0.3881310597062111,0.2867825925350189,near_zero,-,-5.369802638888359,-5.346599154174328
V,r11_D_dA,4.0,5,4,-0.019460763782262802,-0.5743166133761406,0.535395085811615,inconclusive,-,-5.366059917956591,-5.346599154174328
V,r11_D_muD,0.0,5,4,0.0,0.0,0.0,near_zero,0,-5.346599154174328,-5.346599154174328
V,r11_D_muD,0.5,5,4,-0.00986957922577858,-0.14078188687562943,0.093682412058115,near_zero,-,-5.356468733400106,-5.346599154174328
V,r11_D_muD,1.0,5,4,-0.0373641774058342,-0.14914452657103539,0.04100571200251579,near_zero,-,-5.383963331580162,-5.346599154174328
V,r11_D_muD,2.0,5,4,-0.04966023191809654,-0.30410749465227127,0.09667260572314262,near_zero,-,-5.396259386092424,-5.346599154174328
V,r11_D_muD,4.0,5,4,-0.07479088008403778,-0.3093276433646679,0.07418783009052277,near_zero,-,-5.421390034258366,-5.346599154174328
V,r12_D_dA,0.0,5,4,0.0,0.0,0.0,near_zero,0,-5.346599154174328,-5.346599154174328
V,r12_D_dA,0.5,5,4,0.1469220295548439,0.07239580154418945,0.25783732160925865,near_zero,+,-5.199677124619484,-5.346599154174328
V,r12_D_dA,1.0,5,4,0.06979339197278023,-0.10812214016914368,0.24770892411470413,near_zero,+,-5.276805762201548,-5.346599154174328
V,r12_D_dA,2.0,5,4,0.15079117193818092,-0.04442466050386429,0.38951193168759346,near_zero,+,-5.195807982236147,-5.346599154174328
V,r12_D_dA,4.0,5,4,0.6016064137220383,0.13166440278291702,1.0715484246611595,nonzero,+,-4.74499274045229,-5.346599154174328
V,r12_D_muD,0.0,5,4,0.0,0.0,0.0,near_zero,0,-5.346599154174328,-5.346599154174328
V,r12_D_muD,0.5,5,4,0.05365947261452675,-0.020692676305770874,0.12801162153482437,near_zero,+,-5.292939681559801,-5.346599154174328
V,r12_D_muD,1.0,5,4,0.02861969545483589,-0.03921325504779816,0.09645264595746994,near_zero,+,-5.317979458719492,-5.346599154174328
V,r12_D_muD,2.0,5,4,0.02990192547440529,-0.06792786717414856,0.12773171812295914,near_zero,+,-5.316697228699923,-5.346599154174328
V,r12_D_muD,4.0,5,4,0.10094074159860611,-0.010483216494321823,0.22470516338944435,near_zero,+,-5.245658412575722,-5.346599154174328
V,r13_D_dA,0.0,5,4,0.0,0.0,0.0,near_zero,0,-5.346599154174328,-5.346599154174328
V,r13_D_dA,0.5,5,4,-0.03859136253595352,-0.1461099274456501,0.03948613628745079,near_zero,-,-5.385190516710281,-5.346599154174328
V,r13_D_dA,1.0,5,4,-0.10146638005971909,-0.22672371566295624,0.04282047599554062,near_zero,-,-5.448065534234047,-5.346599154174328
V,r13_D_dA,2.0,5,4,-0.04114069044589996,-0.25304139778018,0.22063810750842094,near_zero,-,-5.387739844620228,-5.346599154174328
V,r13_D_dA,4.0,5,4,0.9948536083102226,0.8303581215441227,1.1363590769469738,nonzero,+,-4.351745545864105,-5.346599154174328
V,r13_D_muD,0.0,5,4,0.0,0.0,0.0,near_zero,0,-5.346599154174328,-5.346599154174328
V,r13_D_muD,0.5,5,4,-0.016592733561992645,-0.034688904881477356,0.0015034377574920654,near_zero,-,-5.3631918877363205,-5.346599154174328
V,r13_D_muD,1.0,5,4,0.008781157433986664,-0.016129717230796814,0.041412755846977234,near_zero,+,-5.337817996740341,-5.346599154174328
V,r13_D_muD,2.0,5,4,-0.07684825360774994,-0.19884353131055832,0.04514702409505844,near_zero,-,-5.423447407782078,-5.346599154174328
V,r13_D_muD,4.0,5,4,-0.056292593479156494,-0.18371349573135376,0.15573623403906822,near_zero,-,-5.402891747653484,-5.346599154174328
V,r14_D_dA,0.0,5,4,0.0,0.0,0.0,near_zero,0,-5.346599154174328,-5.346599154174328
V,r14_D_dA,0.5,5,4,0.008152410387992859,-0.1348038986325264,0.11519291251897812,near_zero,+,-5.338446743786335,-5.346599154174328
V,r14_D_dA,1.0,5,4,-0.06737435981631279,-0.2026095725595951,0.03429849445819855,near_zero,-,-5.413973513990641,-5.346599154174328
V,r14_D_dA,2.0,5,4,-0.12509559094905853,-0.21004991233348846,-0.0401412695646286,near_zero,-,-5.471694745123386,-5.346599154174328
V,r14_D_dA,4.0,5,4,0.3371211215853691,0.26303624361753464,0.4112059995532036,nonzero,+,-5.009478032588959,-5.346599154174328
V,r14_D_muD,0.0,5,4,0.0,0.0,0.0,near_zero,0,-5.346599154174328,-5.346599154174328
V,r14_D_muD,0.5,5,4,-0.022976208478212357,-0.06406151503324509,0.018109098076820374,near_zero,-,-5.36957536265254,-5.346599154174328
V,r14_D_muD,1.0,5,4,0.0006523653864860535,-0.03404191508889198,0.041808050125837326,near_zero,+,-5.345946788787842,-5.346599154174328
V,r14_D_muD,2.0,5,4,-0.014480173587799072,-0.11222155392169952,0.08326120674610138,near_zero,-,-5.361079327762127,-5.346599154174328
V,r14_D_muD,4.0,5,4,-0.04647986963391304,-0.1984267719089985,0.12004134058952332,near_zero,-,-5.393079023808241,-5.346599154174328
V,r15_D_dA,0.0,5,4,0.0,0.0,0.0,near_zero,0,-5.346599154174328,-5.346599154174328
V,r15_D_dA,0.5,5,4,-0.023081034421920776,-0.17913423478603363,0.13297216594219208,near_zero,-,-5.369680188596249,-5.346599154174328
V,r15_D_dA,1.0,5,4,-0.0027802251279354095,-0.3136659301817417,0.21546414494514465,near_zero,-,-5.349379379302263,-5.346599154174328
V,r15_D_dA,2.0,5,4,-0.047627050429582596,-0.4907706342637539,0.23461199551820755,near_zero,-,-5.3942262046039104,-5.346599154174328
V,r15_D_dA,4.0,5,4,0.23232217133045197,-0.2112068571150303,0.5866184569895267,inconclusive,+,-5.114276982843876,-5.346599154174328
V,r15_D_muD,0.0,5,4,0.0,0.0,0.0,near_zero,0,-5.346599154174328,-5.346599154174328
V,r15_D_muD,0.5,5,4,-0.028671424835920334,-0.05374503135681152,-0.0035978183150291443,near_zero,-,-5.375270579010248,-5.346599154174328
V,r15_D_muD,1.0,5,4,-0.02423802763223648,-0.07653606310486794,0.057110656052827835,near_zero,-,-5.370837181806564,-5.346599154174328
V,r15_D_muD,2.0,5,4,-0.07838095352053642,-0.30709290131926537,0.08920347690582275,near_zero,-,-5.424980107694864,-5.346599154174328
V,r15_D_muD,4.0,5,4,-0.004714116454124451,-0.3667914494872093,0.2505324110388756,near_zero,-,-5.351313270628452,-5.346599154174328
V,r16_D_dA,0.0,5,4,0.0,0.0,0.0,near_zero,0,-5.346599154174328,-5.346599154174328
V,r16_D_dA,0.5,5,4,-0.009470365941524506,-0.08463951572775841,0.05943938344717026,near_zero,-,-5.356069520115852,-5.346599154174328
V,r16_D_dA,1.0,5,4,-0.10554506257176399,-0.21633345633745193,0.00524333119392395,near_zero,-,-5.452144216746092,-5.346599154174328
V,r16_D_dA,2.0,5,4,-0.26865704730153084,-0.5571044646203518,0.008602291345596313,inconclusive,-,-5.615256201475859,-5.346599154174328
V,r16_D_dA,4.0,5,4,-0.8419516012072563,-1.316093422472477,-0.3678097799420357,nonzero,-,-6.188550755381584,-5.346599154174328
V,r16_D_muD,0.0,5,4,0.0,0.0,0.0,near_zero,0,-5.346599154174328,-5.346599154174328
V,r16_D_muD,0.5,5,4,-0.014728870242834091,-0.06187169626355171,0.01692945510149002,near_zero,-,-5.361328024417162,-5.346599154174328
V,r16_D_muD,1.0,5,4,-0.09072403982281685,-0.12477859109640121,-0.05666948854923248,near_zero,-,-5.437323193997145,-5.346599154174328
V,r16_D_muD,2.0,5,4,-0.048567626625299454,-0.10638651251792908,0.00925125926733017,near_zero,-,-5.395166780799627,-5.346599154174328
V,r16_D_muD,4.0,5,4,-0.17059184983372688,-0.33597876876592636,-0.005204930901527405,near_zero,-,-5.517191004008055,-5.346599154174328
V,r17_D_dA,0.0,5,4,0.0,0.0,0.0,near_zero,0,-5.346599154174328,-5.346599154174328
V,r17_D_dA,0.5,5,4,0.00022261962294578552,-0.09092612564563751,0.09137136489152908,near_zero,+,-5.346376534551382,-5.346599154174328
V,r17_D_dA,1.0,5,4,0.027479730546474457,-0.1702452152967453,0.22389839589595795,near_zero,+,-5.319119423627853,-5.346599154174328
V,r17_D_dA,2.0,5,4,0.12212833389639854,-0.33618292585015297,0.5468271747231483,inconclusive,+,-5.224470820277929,-5.346599154174328
V,r17_D_dA,4.0,5,4,0.38182374462485313,-0.6117717996239662,1.1886308416724205,inconclusive,+,-4.964775409549475,-5.346599154174328
V,r17_D_muD,0.0,5,4,0.0,0.0,0.0,near_zero,0,-5.346599154174328,-5.346599154174328
V,r17_D_muD,0.5,5,4,-0.037717998027801514,-0.09850727394223213,0.02132546156644821,near_zero,-,-5.384317152202129,-5.346599154174328
V,r17_D_muD,1.0,5,4,0.048127029091119766,-0.06577590107917786,0.1620299592614174,near_zero,+,-5.298472125083208,-5.346599154174328
V,r17_D_muD,2.0,5,4,-0.02131752297282219,-0.16324074938893318,0.10584795475006104,near_zero,-,-5.36791667714715,-5.346599154174328
V,r17_D_muD,4.0,5,4,0.037075091153383255,-0.2659391760826111,0.3400893583893776,near_zero,+,-5.309524063020945,-5.346599154174328
V,r18_D_dA,0.0,5,4,0.0,0.0,0.0,near_zero,0,-5.346599154174328,-5.346599154174328
V,r18_D_dA,0.5,5,4,0.09804536402225494,0.004740521311759949,0.19135020673274994,near_zero,+,-5.248553790152073,-5.346599154174328
V,r18_D_dA,1.0,5,4,0.05136486142873764,-0.1194443367421627,0.16049249470233917,near_zero,+,-5.29523429274559,-5.346599154174328
V,r18_D_dA,2.0,5,4,0.026938926428556442,-0.1361055001616478,0.3122606389224529,near_zero,+,-5.319660227745771,-5.346599154174328
V,r18_D_dA,4.0,5,4,0.12017321214079857,-0.2759241387248039,0.6825817115604877,inconclusive,+,-5.226425942033529,-5.346599154174328
V,r18_D_muD,0.0,5,4,0.0,0.0,0.0,near_zero,0,-5.346599154174328,-5.346599154174328
V,r18_D_muD,0.5,5,4,0.06045060232281685,0.00022363662719726562,0.1426999531686306,near_zero,+,-5.286148551851511,-5.346599154174328
V,r18_D_muD,1.0,5,4,0.03572841361165047,-0.038930729031562805,0.10280798003077507,near_zero,+,-5.310870740562677,-5.346599154174328
V,r18_D_muD,2.0,5,4,0.07546548545360565,-0.054522473365068436,0.15714522078633308,near_zero,+,-5.271133668720722,-5.346599154174328
V,r18_D_muD,4.0,5,4,0.11511651054024696,-0.04233137518167496,0.27080733701586723,near_zero,+,-5.231482643634081,-5.346599154174328
V,r19_D_dA,0.0,5,4,0.0,0.0,0.0,near_zero,0,-5.346599154174328,-5.346599154174328
V,r19_D_dA,0.5,5,4,0.11519535630941391,0.0672171413898468,0.17330092564225197,near_zero,+,-5.231403797864914,-5.346599154174328
V,r19_D_dA,1.0,5,4,0.03164638951420784,-0.04804337024688721,0.11133614927530289,near_zero,+,-5.31495276466012,-5.346599154174328
V,r19_D_dA,2.0,5,4,-0.046290867030620575,-0.20719656348228455,0.1146148294210434,near_zero,-,-5.392890021204948,-5.346599154174328
V,r19_D_dA,4.0,5,4,0.2101852484047413,-0.2812999375164509,0.6542309671640396,inconclusive,+,-5.136413905769587,-5.346599154174328
V,r19_D_muD,0.0,5,4,0.0,0.0,0.0,near_zero,0,-5.346599154174328,-5.346599154174328
V,r19_D_muD,0.5,5,4,-0.020831827074289322,-0.15761441737413406,0.09327803924679756,near_zero,-,-5.367430981248617,-5.346599154174328
V,r19_D_muD,1.0,5,4,-0.031220782548189163,-0.06329794228076935,0.0008563771843910217,near_zero,-,-5.377819936722517,-5.346599154174328
V,r19_D_muD,2.0,5,4,0.10378550365567207,0.047201007604599,0.16815751791000366,near_zero,+,-5.242813650518656,-5.346599154174328
V,r19_D_muD,4.0,5,4,-0.008007552474737167,-0.1300799623131752,0.11406485736370087,near_zero,-,-5.354606706649065,-5.346599154174328
V,r20_D_dA,0.0,5,4,0.0,0.0,0.0,near_zero,0,-5.346599154174328,-5.346599154174328
V,r20_D_dA,0.5,5,4,0.05773230269551277,-0.004950284957885742,0.11694106832146645,near_zero,+,-5.288866851478815,-5.346599154174328
V,r20_D_dA,1.0,5,4,0.03674747422337532,-0.08624939620494843,0.18420017138123512,near_zero,+,-5.3098516799509525,-5.346599154174328
V,r20_D_dA,2.0,5,4,-0.07986744120717049,-0.5492505989968777,0.24324318766593933,inconclusive,-,-5.426466595381498,-5.346599154174328
V,r20_D_dA,4.0,5,4,1.5367588251829147,1.247460164129734,2.0834564715623856,nonzero,+,-3.809840328991413,-5.346599154174328
V,r20_D_muD,0.0,5,4,0.0,0.0,0.0,near_zero,0,-5.346599154174328,-5.346599154174328
V,r20_D_muD,0.5,5,4,0.002209324389696121,-0.02965943142771721,0.044514209032058716,near_zero,+,-5.344389829784632,-5.346599154174328
V,r20_D_muD,1.0,5,4,0.04062896594405174,-0.06396327912807465,0.12513243407011032,near_zero,+,-5.305970188230276,-5.346599154174328
V,r20_D_muD,2.0,5,4,-0.031126312911510468,-0.09128016978502274,0.02707844227552414,near_zero,-,-5.377725467085838,-5.346599154174328
V,r20_D_muD,4.0,5,4,-0.08181573823094368,-0.4420526288449764,0.18321313709020615,near_zero,-,-5.4284148924052715,-5.346599154174328
V,r21_D_dA,0.0,5,4,0.0,0.0,0.0,near_zero,0,-5.346599154174328,-5.346599154174328
V,r21_D_dA,0.5,5,4,-0.028593923896551132,-0.07367435097694397,0.016486503183841705,near_zero,-,-5.375193078070879,-5.346599154174328
V,r21_D_dA,1.0,5,4,-0.15975213423371315,-0.31869304925203323,-0.022682342678308487,near_zero,-,-5.506351288408041,-5.346599154174328
V,r21_D_dA,2.0,5,4,-0.5450908169150352,-0.9912345297634602,-0.14633216336369514,nonzero,-,-5.891689971089363,-5.346599154174328
V,r21_D_dA,4.0,5,4,-0.9797087386250496,-1.6553328968584538,-0.4440445564687252,nonzero,-,-6.326307892799377,-5.346599154174328
V,r21_D_muD,0.0,5,4,0.0,0.0,0.0,near_zero,0,-5.346599154174328,-5.346599154174328
V,r21_D_muD,0.5,5,4,0.0038498565554618835,-0.055002614855766296,0.08304691687226295,near_zero,+,-5.342749297618866,-5.346599154174328
V,r21_D_muD,1.0,5,4,-0.027951791882514954,-0.06534913927316666,0.00944555550813675,near_zero,-,-5.374550946056843,-5.346599154174328
V,r21_D_muD,2.0,5,4,-0.1746097356081009,-0.3199821338057518,-0.06363853812217712,near_zero,-,-5.521208889782429,-5.346599154174328
V,r21_D_muD,4.0,5,4,-0.3087046593427658,-0.6608345285058022,-0.07442321628332138,nonzero,-,-5.655303813517094,-5.346599154174328
V,r22_D_dA,0.0,5,4,0.0,0.0,0.0,near_zero,0,-5.346599154174328,-5.346599154174328
V,r22_D_dA,0.5,5,4,0.029647402465343475,-0.005202874541282654,0.0644976794719696,near_zero,+,-5.316951751708984,-5.346599154174328
V,r22_D_dA,1.0,5,4,-0.09465284273028374,-0.25283343717455864,0.07365672290325165,near_zero,-,-5.441251996904612,-5.346599154174328
V,r22_D_dA,2.0,5,4,-0.3923100531101227,-0.6088491529226303,-0.17577095329761505,nonzero,-,-5.7389092072844505,-5.346599154174328
V,r22_D_dA,4.0,5,4,-0.43934309110045433,-0.8234436586499214,-0.055242523550987244,nonzero,-,-5.785942245274782,-5.346599154174328
V,r22_D_muD,0.0,5,4,0.0,0.0,0.0,near_zero,0,-5.346599154174328,-5.346599154174328
V,r22_D_muD,0.5,5,4,0.024370942264795303,-0.043092891573905945,0.09255025163292885,near_zero,+,-5.3222282119095325,-5.346599154174328
V,r22_D_muD,1.0,5,4,-0.09053810313344002,-0.15937338024377823,0.013450447469949722,near_zero,-,-5.437137257307768,-5.346599154174328
V,r22_D_muD,2.0,5,4,-0.10071052983403206,-0.17284850403666496,0.009512670338153839,near_zero,-,-5.44730968400836,-5.346599154174328
V,r22_D_muD,4.0,5,4,-0.20457108691334724,-0.41415365785360336,0.0050114840269088745,inconclusive,-,-5.551170241087675,-5.346599154174328
E_in_sample,dA_D,0.0,4,3,0.0,0.0,0.0,near_zero,0,-5.3817194898923235,-5.3817194898923235
E_in_sample,dA_D,0.5,4,3,0.11990697681903839,0.08438257873058319,0.14624541997909546,near_zero,+,-5.261812513073285,-5.3817194898923235
E_in_sample,dA_D,1.0,4,3,0.3380547861258189,0.2659517526626587,0.393762469291687,nonzero,+,-5.043664703766505,-5.3817194898923235
E_in_sample,dA_D,2.0,4,3,0.7464913974205653,0.25961238145828247,1.1305303573608398,nonzero,+,-4.635228092471759,-5.3817194898923235
E_in_sample,dA_D,4.0,4,3,2.484571228424708,1.4148271679878235,3.9588778018951416,nonzero,+,-2.8971482614676156,-5.3817194898923235
E_in_sample,dA_D_matched_muD,0.0,4,3,0.0,0.0,0.0,near_zero,0,-5.3817194898923235,-5.3817194898923235
E_in_sample,dA_D_matched_muD,0.5,4,3,0.01816763977209727,-0.12608718872070312,0.1119651347398758,near_zero,+,-5.363551850120227,-5.3817194898923235
E_in_sample,dA_D_matched_muD,1.0,4,3,0.05299369990825653,0.015203416347503662,0.079007089138031,near_zero,+,-5.328725789984067,-5.3817194898923235
E_in_sample,dA_D_matched_muD,2.0,4,3,0.1791740357875824,0.16525214910507202,0.20585066080093384,near_zero,+,-5.202545454104741,-5.3817194898923235
E_in_sample,dA_D_matched_muD,4.0,4,3,0.4451242784659068,0.21427947282791138,0.6576926708221436,nonzero,+,-4.936595211426417,-5.3817194898923235
E_in_sample,muD_D,0.0,4,3,0.0,0.0,0.0,near_zero,0,-5.3817194898923235,-5.3817194898923235
E_in_sample,muD_D,0.5,4,3,-0.09106585383415222,-0.21945354342460632,0.002664804458618164,near_zero,-,-5.472785343726476,-5.3817194898923235
E_in_sample,muD_D,1.0,4,3,-0.110918328166008,-0.2525135278701782,-0.03510947525501251,near_zero,-,-5.4926378180583315,-5.3817194898923235
E_in_sample,muD_D,2.0,4,3,-0.07958594461282094,-0.23297715187072754,0.02844482660293579,near_zero,-,-5.461305434505145,-5.3817194898923235
E_in_sample,muD_D,4.0,4,3,-0.36659354468186695,-0.612193375825882,-0.15540659427642822,nonzero,-,-5.748313034574191,-5.3817194898923235
E_in_sample,muD_D_matched_dA,0.0,4,3,0.0,0.0,0.0,near_zero,0,-5.3817194898923235,-5.3817194898923235
E_in_sample,muD_D_matched_dA,0.5,4,3,-0.1475743701060613,-0.35723382234573364,-0.03824819624423981,near_zero,-,-5.529293859998385,-5.3817194898923235
E_in_sample,muD_D_matched_dA,1.0,4,3,-0.18339126060406366,-0.42862796783447266,-0.006635308265686035,near_zero,-,-5.5651107504963875,-5.3817194898923235
E_in_sample,muD_D_matched_dA,2.0,4,3,-0.5846338892976443,-0.7624494135379791,-0.3699962794780731,nonzero,-,-5.966353379189968,-5.3817194898923235
E_in_sample,muD_D_matched_dA,4.0,4,3,-0.46253489702939987,-1.085328072309494,0.3525136709213257,inconclusive,-,-5.844254386921723,-5.3817194898923235
E_in_sample,muD_P,0.0,4,3,0.0,0.0,0.0,near_zero,0,-5.3817194898923235,-5.3817194898923235
E_in_sample,muD_P,0.5,4,3,-0.03395715852578481,-0.12381955981254578,0.03225517272949219,near_zero,-,-5.415676648418109,-5.3817194898923235
E_in_sample,muD_P,1.0,4,3,-0.041177687545617424,-0.14719849824905396,0.07951724529266357,near_zero,-,-5.4228971774379415,-5.3817194898923235
E_in_sample,muD_P,2.0,4,3,-0.038281187415122986,-0.20150071382522583,0.12880027294158936,near_zero,-,-5.4200006773074465,-5.3817194898923235
E_in_sample,muD_P,4.0,4,3,-0.05691658705472946,-0.46836286783218384,0.47359228134155273,near_zero,-,-5.438636076947053,-5.3817194898923235
E_in_sample,muD_P_plus_dA_D,0.0,4,3,0.0,0.0,0.0,near_zero,0,-5.3817194898923235,-5.3817194898923235
E_in_sample,muD_P_plus_dA_D,0.5,4,3,0.11936793973048528,0.0873405933380127,0.1516728401184082,near_zero,+,-5.2623515501618385,-5.3817194898923235
E_in_sample,muD_P_plus_dA_D,1.0,4,3,0.2828146293759346,0.16641604900360107,0.3537377342581749,nonzero,+,-5.098904860516389,-5.3817194898923235
E_in_sample,muD_P_plus_dA_D,2.0,4,3,0.8254618123173714,0.3434203267097473,1.3263450860977173,nonzero,+,-4.556257677574952,-5.3817194898923235
E_in_sample,muD_P_plus_dA_D,4.0,4,3,3.4278869281212487,2.4501992017030716,4.843177497386932,nonzero,+,-1.953832561771075,-5.3817194898923235
E_in_sample,dConc_D_matched_dA,0.0,4,3,0.0,0.0,0.0,near_zero,0,-5.3817194898923235,-5.3817194898923235
E_in_sample,dConc_D_matched_dA,0.5,4,3,-0.031770279010136925,-0.07089149951934814,0.020224720239639282,near_zero,-,-5.413489768902461,-5.3817194898923235
E_in_sample,dConc_D_matched_dA,1.0,4,3,0.025119756658871967,-0.0877000093460083,0.20262914896011353,near_zero,+,-5.356599733233452,-5.3817194898923235
E_in_sample,dConc_D_matched_dA,2.0,4,3,0.18674999475479126,0.1601564884185791,0.20436644554138184,near_zero,+,-5.194969495137532,-5.3817194898923235
E_in_sample,dConc_D_matched_dA,4.0,4,3,0.8551139086484909,0.6238420158624649,1.2862225770950317,nonzero,+,-4.526605581243833,-5.3817194898923235
E_in_sample,dConc_D_native,0.0,4,3,0.0,0.0,0.0,near_zero,0,-5.3817194898923235,-5.3817194898923235
E_in_sample,dConc_D_native,0.5,4,3,0.009132762749989828,-0.08833789825439453,0.09841257333755493,near_zero,+,-5.372586727142334,-5.3817194898923235
E_in_sample,dConc_D_native,1.0,4,3,0.10351098080476125,0.025766491889953613,0.18636251986026764,near_zero,+,-5.278208509087563,-5.3817194898923235
E_in_sample,dConc_D_native,2.0,4,3,0.5169622699419657,0.33776748180389404,0.6638758182525635,nonzero,+,-4.864757219950358,-5.3817194898923235
E_in_sample,dConc_D_native,4.0,4,3,1.8226147542397182,0.6902414709329605,2.642068862915039,nonzero,+,-3.5591047356526055,-5.3817194898923235
E_in_sample,muD_PD_F4S,0.0,4,3,0.0,0.0,0.0,near_zero,0,-5.3817194898923235,-5.3817194898923235
E_in_sample,muD_PD_F4S,0.5,4,3,-0.017804155747095745,-0.15508249402046204,0.08090311288833618,near_zero,-,-5.3995236456394196,-5.3817194898923235
E_in_sample,muD_PD_F4S,1.0,4,3,-0.08090732494990031,-0.22449928522109985,0.07967609167098999,near_zero,-,-5.462626814842224,-5.3817194898923235
E_in_sample,muD_PD_F4S,2.0,4,3,-0.15246371428171793,-0.22933697700500488,-0.05049395561218262,near_zero,-,-5.534183204174042,-5.3817194898923235
E_in_sample,muD_PD_F4S,4.0,4,3,-0.31672871857881546,-0.6381788477301598,0.1979752779006958,inconclusive,-,-5.698448208471139,-5.3817194898923235
E_in_sample,r0_D_dA,0.0,4,3,0.0,0.0,0.0,near_zero,0,-5.3817194898923235,-5.3817194898923235
E_in_sample,r0_D_dA,0.5,4,3,-0.15671643118063608,-0.28638261556625366,-0.0035462528467178345,near_zero,-,-5.53843592107296,-5.3817194898923235
E_in_sample,r0_D_dA,1.0,4,3,-0.2554546644290288,-0.4708307683467865,0.014202013611793518,inconclusive,-,-5.637174154321353,-5.3817194898923235
E_in_sample,r0_D_dA,2.0,4,3,-0.4916137059529622,-1.0331666767597198,-0.16954436898231506,nonzero,-,-5.873333195845286,-5.3817194898923235
E_in_sample,r0_D_dA,4.0,4,3,-0.9755007351438204,-2.0676770210266113,-0.4061665013432503,nonzero,-,-6.357220225036144,-5.3817194898923235
E_in_sample,r0_D_muD,0.0,4,3,0.0,0.0,0.0,near_zero,0,-5.3817194898923235,-5.3817194898923235
E_in_sample,r0_D_muD,0.5,4,3,-0.08563460409641266,-0.20690882205963135,0.0014107823371887207,near_zero,-,-5.467354093988736,-5.3817194898923235
E_in_sample,r0_D_muD,1.0,4,3,-0.09061545133590698,-0.16065284609794617,-0.05329671502113342,near_zero,-,-5.4723349412282305,-5.3817194898923235
E_in_sample,r0_D_muD,2.0,4,3,-0.22172718246777853,-0.5337537825107574,-0.005569100379943848,nonzero,-,-5.603446672360103,-5.3817194898923235
E_in_sample,r0_D_muD,4.0,4,3,-0.36389945447444916,-0.7002577483654022,-0.1220645159482956,nonzero,-,-5.745618944366773,-5.3817194898923235
E_in_sample,r1_D_dA,0.0,4,3,0.0,0.0,0.0,near_zero,0,-5.3817194898923235,-5.3817194898923235
E_in_sample,r1_D_dA,0.5,4,3,0.08118206759293874,-0.17712682485580444,0.23212487995624542,near_zero,+,-5.300537422299385,-5.3817194898923235
E_in_sample,r1_D_dA,1.0,4,3,0.15946484605471292,-0.2626436948776245,0.39127621054649353,near_zero,+,-5.222254643837611,-5.3817194898923235
E_in_sample,r1_D_dA,2.0,4,3,0.2655636966228485,-0.5603458881378174,0.692347913980484,inconclusive,+,-5.116155793269475,-5.3817194898923235
E_in_sample,r1_D_dA,4.0,4,3,0.15510996182759604,-0.9006403386592865,0.8917961716651917,inconclusive,+,-5.226609528064728,-5.3817194898923235
E_in_sample,r1_D_muD,0.0,4,3,0.0,0.0,0.0,near_zero,0,-5.3817194898923235,-5.3817194898923235
E_in_sample,r1_D_muD,0.5,4,3,0.053456525007883705,-0.01589047908782959,0.1223529577255249,near_zero,+,-5.32826296488444,-5.3817194898923235
E_in_sample,r1_D_muD,1.0,4,3,0.1382761945327123,-0.037309110164642334,0.2793578505516052,near_zero,+,-5.2434432953596115,-5.3817194898923235
E_in_sample,r1_D_muD,2.0,4,3,0.12413577238718669,-0.09973561763763428,0.24590277671813965,near_zero,+,-5.257583717505137,-5.3817194898923235
E_in_sample,r1_D_muD,4.0,4,3,0.14524011810620627,-0.4416791498661041,0.46153151988983154,near_zero,+,-5.2364793717861176,-5.3817194898923235
E_in_sample,r2_D_dA,0.0,4,3,0.0,0.0,0.0,near_zero,0,-5.3817194898923235,-5.3817194898923235
E_in_sample,r2_D_dA,0.5,4,3,-0.10242806871732076,-0.3590747117996216,0.10887560248374939,near_zero,-,-5.484147558609645,-5.3817194898923235
E_in_sample,r2_D_dA,1.0,4,3,-0.18790437777837118,-0.4804456830024719,0.005705356597900391,near_zero,-,-5.569623867670695,-5.3817194898923235
E_in_sample,r2_D_dA,2.0,4,3,-0.2866695125897725,-0.9905272722244263,0.09558308124542236,inconclusive,-,-5.668389002482097,-5.3817194898923235
E_in_sample,r2_D_dA,4.0,4,3,0.3348939021428426,-0.28840649127960205,0.9415997266769409,inconclusive,+,-5.046825587749481,-5.3817194898923235
E_in_sample,r2_D_muD,0.0,4,3,0.0,0.0,0.0,near_zero,0,-5.3817194898923235,-5.3817194898923235
E_in_sample,r2_D_muD,0.5,4,3,-0.03201448420683543,-0.1259647011756897,0.06770128011703491,near_zero,-,-5.413733974099159,-5.3817194898923235
E_in_sample,r2_D_muD,1.0,4,3,-0.12696191171805063,-0.3235872685909271,0.0012992620468139648,near_zero,-,-5.5086814016103745,-5.3817194898923235
E_in_sample,r2_D_muD,2.0,4,3,-0.15380261341730753,-0.3923799991607666,-0.009566962718963623,near_zero,-,-5.535522103309631,-5.3817194898923235
E_in_sample,r2_D_muD,4.0,4,3,-0.2607053220272064,-0.6527869701385498,-0.03974470496177673,nonzero,-,-5.64242481191953,-5.3817194898923235
E_in_sample,r3_D_dA,0.0,4,3,0.0,0.0,0.0,near_zero,0,-5.3817194898923235,-5.3817194898923235
E_in_sample,r3_D_dA,0.5,4,3,-0.053510005275408425,-0.12627273797988892,0.03214383125305176,near_zero,-,-5.435229495167732,-5.3817194898923235
E_in_sample,r3_D_dA,1.0,4,3,-0.04481349388758341,-0.08018994331359863,-0.0065261125564575195,near_zero,-,-5.426532983779907,-5.3817194898923235
E_in_sample,r3_D_dA,2.0,4,3,-0.13997109979391098,-0.1910693645477295,-0.04203176498413086,near_zero,-,-5.5216905896862345,-5.3817194898923235
E_in_sample,r3_D_dA,4.0,4,3,0.9707643389701843,0.38896381855010986,1.9077619910240173,nonzero,+,-4.410955150922139,-5.3817194898923235
E_in_sample,r3_D_muD,0.0,4,3,0.0,0.0,0.0,near_zero,0,-5.3817194898923235,-5.3817194898923235
E_in_sample,r3_D_muD,0.5,4,3,0.007229765256245931,-0.1261635422706604,0.15456503629684448,near_zero,+,-5.374489724636078,-5.3817194898923235
E_in_sample,r3_D_muD,1.0,4,3,-0.06074330707391103,-0.12787556648254395,0.00036519765853881836,near_zero,-,-5.442462796966235,-5.3817194898923235
E_in_sample,r3_D_muD,2.0,4,3,-0.014293039838473002,-0.05796867609024048,0.016144439578056335,near_zero,-,-5.396012529730797,-5.3817194898923235
E_in_sample,r3_D_muD,4.0,4,3,-0.07855668912331264,-0.11463052779436111,-0.007172822952270508,near_zero,-,-5.4602761790156364,-5.3817194898923235
E_in_sample,r4_D_dA,0.0,4,3,0.0,0.0,0.0,near_zero,0,-5.3817194898923235,-5.3817194898923235
E_in_sample,r4_D_dA,0.5,4,3,-0.020356302460034687,-0.20966428518295288,0.08363769948482513,near_zero,-,-5.402075792352359,-5.3817194898923235
E_in_sample,r4_D_dA,1.0,4,3,0.052353148659070335,-0.2597501277923584,0.22760935127735138,near_zero,+,-5.3293663412332535,-5.3817194898923235
E_in_sample,r4_D_dA,2.0,4,3,0.25971637666225433,-0.27547669410705566,0.5797303318977356,inconclusive,+,-5.122003113230069,-5.3817194898923235
E_in_sample,r4_D_dA,4.0,4,3,0.449054757754008,-0.2730945348739624,1.004787266254425,inconclusive,+,-4.932664732138316,-5.3817194898923235
E_in_sample,r4_D_muD,0.0,4,3,0.0,0.0,0.0,near_zero,0,-5.3817194898923235,-5.3817194898923235
E_in_sample,r4_D_muD,0.5,4,3,0.06749366720517476,-0.023425191640853882,0.15540826320648193,near_zero,+,-5.314225822687149,-5.3817194898923235
E_in_sample,r4_D_muD,1.0,4,3,-0.009311834971110025,-0.07532703876495361,0.058089375495910645,near_zero,-,-5.391031324863434,-5.3817194898923235
E_in_sample,r4_D_muD,2.0,4,3,0.007467985153198242,-0.2058371901512146,0.18960922956466675,near_zero,+,-5.374251504739125,-5.3817194898923235
E_in_sample,r4_D_muD,4.0,4,3,0.10595755279064178,-0.19564437866210938,0.29943060874938965,near_zero,+,-5.275761937101682,-5.3817194898923235
E_in_sample,r5_D_dA,0.0,4,3,0.0,0.0,0.0,near_zero,0,-5.3817194898923235,-5.3817194898923235
E_in_sample,r5_D_dA,0.5,4,3,0.07213783760865529,-0.002493619918823242,0.14640265703201294,near_zero,+,-5.3095816522836685,-5.3817194898923235
E_in_sample,r5_D_dA,1.0,4,3,0.025356387098630268,-0.1671762764453888,0.1732676774263382,near_zero,+,-5.3563631027936935,-5.3817194898923235
E_in_sample,r5_D_dA,2.0,4,3,0.058612907926241554,-0.41096752882003784,0.31537526845932007,near_zero,+,-5.3231065819660826,-5.3817194898923235
E_in_sample,r5_D_dA,4.0,4,3,0.26309556762377423,-0.28708332777023315,0.8346613049507141,inconclusive,+,-5.11862392226855,-5.3817194898923235
E_in_sample,r5_D_muD,0.0,4,3,0.0,0.0,0.0,near_zero,0,-5.3817194898923235,-5.3817194898923235
E_in_sample,r5_D_muD,0.5,4,3,0.012722179293632507,-0.059537291526794434,0.09890200197696686,near_zero,+,-5.368997310598691,-5.3817194898923235
E_in_sample,r5_D_muD,1.0,4,3,-0.007675836483637492,-0.07946604490280151,0.07028597593307495,near_zero,-,-5.389395326375961,-5.3817194898923235
E_in_sample,r5_D_muD,2.0,4,3,0.05237288773059845,-0.07872483134269714,0.1206187754869461,near_zero,+,-5.329346602161725,-5.3817194898923235
E_in_sample,r5_D_muD,4.0,4,3,0.03974114855130514,-0.238814115524292,0.19145524501800537,near_zero,+,-5.341978341341019,-5.3817194898923235
E_in_sample,r6_D_dA,0.0,4,3,0.0,0.0,0.0,near_zero,0,-5.3817194898923235,-5.3817194898923235
E_in_sample,r6_D_dA,0.5,4,3,0.044646695256233215,-0.12525832653045654,0.14883577823638916,near_zero,+,-5.33707279463609,-5.3817194898923235
E_in_sample,r6_D_dA,1.0,4,3,0.12445032844940822,-0.0020742416381835938,0.22622913867235184,near_zero,+,-5.257269161442916,-5.3817194898923235
E_in_sample,r6_D_dA,2.0,4,3,0.3057107652227084,0.016158878803253174,0.5080171823501587,nonzero,+,-5.076008724669616,-5.3817194898923235
E_in_sample,r6_D_dA,4.0,4,3,0.842098685602347,0.5145532265305519,1.1503627300262451,nonzero,+,-4.539620804289977,-5.3817194898923235
E_in_sample,r6_D_muD,0.0,4,3,0.0,0.0,0.0,near_zero,0,-5.3817194898923235,-5.3817194898923235
E_in_sample,r6_D_muD,0.5,4,3,0.06570520500342052,-0.0016257166862487793,0.1529606580734253,near_zero,+,-5.316014284888904,-5.3817194898923235
E_in_sample,r6_D_muD,1.0,4,3,0.0775968333085378,-0.005108505487442017,0.15975946187973022,near_zero,+,-5.304122656583786,-5.3817194898923235
E_in_sample,r6_D_muD,2.0,4,3,0.13095565140247345,0.005872488021850586,0.23639880120754242,near_zero,+,-5.25076383848985,-5.3817194898923235
E_in_sample,r6_D_muD,4.0,4,3,0.17058167854944864,-0.06606477499008179,0.3534400463104248,near_zero,+,-5.2111378113428755,-5.3817194898923235
E_in_sample,r7_D_dA,0.0,4,3,0.0,0.0,0.0,near_zero,0,-5.3817194898923235,-5.3817194898923235
E_in_sample,r7_D_dA,0.5,4,3,0.01871068278948466,-0.040633559226989746,0.06185600161552429,near_zero,+,-5.3630088071028394,-5.3817194898923235
E_in_sample,r7_D_dA,1.0,4,3,0.09713705380757649,-0.03948569297790527,0.1733781099319458,near_zero,+,-5.284582436084747,-5.3817194898923235
E_in_sample,r7_D_dA,2.0,4,3,0.3000977784395218,0.18049590289592743,0.4664308428764343,nonzero,+,-5.081621711452802,-5.3817194898923235
E_in_sample,r7_D_dA,4.0,4,3,1.056837983429432,0.608815036714077,1.6112656593322754,nonzero,+,-4.324881506462892,-5.3817194898923235
E_in_sample,r7_D_muD,0.0,4,3,0.0,0.0,0.0,near_zero,0,-5.3817194898923235,-5.3817194898923235
E_in_sample,r7_D_muD,0.5,4,3,0.002522622545560201,-0.05538374185562134,0.06457875669002533,near_zero,+,-5.379196867346764,-5.3817194898923235
E_in_sample,r7_D_muD,1.0,4,3,0.06205918391545614,-0.0015263557434082031,0.125951886177063,near_zero,+,-5.319660305976868,-5.3817194898923235
E_in_sample,r7_D_muD,2.0,4,3,0.09381135801474254,0.04757191240787506,0.11840933561325073,near_zero,+,-5.287908131877582,-5.3817194898923235
E_in_sample,r7_D_muD,4.0,4,3,0.19491749505201975,0.06532661616802216,0.3240593671798706,near_zero,+,-5.186801994840304,-5.3817194898923235
E_in_sample,r8_D_dA,0.0,4,3,0.0,0.0,0.0,near_zero,0,-5.3817194898923235,-5.3817194898923235
E_in_sample,r8_D_dA,0.5,4,3,0.06206617752710978,-0.17315447330474854,0.19889241456985474,near_zero,+,-5.319653312365214,-5.3817194898923235
E_in_sample,r8_D_dA,1.0,4,3,0.06932492554187775,-0.218228280544281,0.2817898839712143,near_zero,+,-5.312394564350446,-5.3817194898923235
E_in_sample,r8_D_dA,2.0,4,3,0.23862559099992117,-0.3557182550430298,0.5387540012598038,inconclusive,+,-5.143093898892403,-5.3817194898923235
E_in_sample,r8_D_dA,4.0,4,3,0.30000123381614685,-0.9658918380737305,1.071954607963562,inconclusive,+,-5.081718256076177,-5.3817194898923235
E_in_sample,r8_D_muD,0.0,4,3,0.0,0.0,0.0,near_zero,0,-5.3817194898923235,-5.3817194898923235
E_in_sample,r8_D_muD,0.5,4,3,-0.08176034192244212,-0.21405816078186035,0.025641992688179016,near_zero,-,-5.463479831814766,-5.3817194898923235
E_in_sample,r8_D_muD,1.0,4,3,0.01768126090367635,-0.14117354154586792,0.12019145488739014,near_zero,+,-5.3640382289886475,-5.3817194898923235
E_in_sample,r8_D_muD,2.0,4,3,0.050668880343437195,-0.1752031445503235,0.18272854387760162,near_zero,+,-5.331050609548886,-5.3817194898923235
E_in_sample,r8_D_muD,4.0,4,3,0.14358167350292206,-0.19553053379058838,0.44372500479221344,near_zero,+,-5.2381378163894015,-5.3817194898923235
E_in_sample,r9_D_dA,0.0,4,3,0.0,0.0,0.0,near_zero,0,-5.3817194898923235,-5.3817194898923235
E_in_sample,r9_D_dA,0.5,4,3,-0.14440353711446127,-0.3294694423675537,-0.00496906042098999,near_zero,-,-5.526123027006785,-5.3817194898923235
E_in_sample,r9_D_dA,1.0,4,3,-0.19692638516426086,-0.3639160990715027,-0.10513344407081604,near_zero,-,-5.578645875056584,-5.3817194898923235
E_in_sample,r9_D_dA,2.0,4,3,-0.5664559602737427,-1.148331880569458,-0.12019461393356323,nonzero,-,-5.948175450166066,-5.3817194898923235
E_in_sample,r9_D_dA,4.0,4,3,-1.1948155487577121,-2.7389097213745117,-0.3998059406876564,nonzero,-,-6.576535038650036,-5.3817194898923235
E_in_sample,r9_D_muD,0.0,4,3,0.0,0.0,0.0,near_zero,0,-5.3817194898923235,-5.3817194898923235
E_in_sample,r9_D_muD,0.5,4,3,-0.03730585674444834,-0.11164525151252747,0.0002916008234024048,near_zero,-,-5.419025346636772,-5.3817194898923235
E_in_sample,r9_D_muD,1.0,4,3,-0.12540475030740103,-0.13497769832611084,-0.10790203511714935,near_zero,-,-5.507124240199725,-5.3817194898923235
E_in_sample,r9_D_muD,2.0,4,3,-0.15130206445852915,-0.3283568322658539,-0.03649912774562836,near_zero,-,-5.533021554350853,-5.3817194898923235
E_in_sample,r9_D_muD,4.0,4,3,-0.34301120539506275,-0.6787079274654388,-0.10342441499233246,nonzero,-,-5.724730695287387,-5.3817194898923235
E_in_sample,r10_D_dA,0.0,4,3,0.0,0.0,0.0,near_zero,0,-5.3817194898923235,-5.3817194898923235
E_in_sample,r10_D_dA,0.5,4,3,0.07943586508433025,-0.056089818477630615,0.15188103914260864,near_zero,+,-5.302283624807994,-5.3817194898923235
E_in_sample,r10_D_dA,1.0,4,3,0.1781221479177475,0.0962146520614624,0.3413262516260147,near_zero,+,-5.203597341974576,-5.3817194898923235
E_in_sample,r10_D_dA,2.0,4,3,0.36686013142267865,0.1322152018547058,0.5920782089233398,nonzero,+,-5.0148593584696455,-5.3817194898923235
E_in_sample,r10_D_dA,4.0,4,3,1.5687926361958187,1.26803457736969,2.1157644242048264,nonzero,+,-3.812926853696505,-5.3817194898923235
E_in_sample,r10_D_muD,0.0,4,3,0.0,0.0,0.0,near_zero,0,-5.3817194898923235,-5.3817194898923235
E_in_sample,r10_D_muD,0.5,4,3,0.0673873374859492,-0.00021022558212280273,0.1566597819328308,near_zero,+,-5.314332152406375,-5.3817194898923235
E_in_sample,r10_D_muD,1.0,4,3,0.0364766518274943,0.021869778633117676,0.06397801637649536,near_zero,+,-5.34524283806483,-5.3817194898923235
E_in_sample,r10_D_muD,2.0,4,3,0.12816698352495828,0.06666344404220581,0.1684398353099823,near_zero,+,-5.253552506367366,-5.3817194898923235
E_in_sample,r10_D_muD,4.0,4,3,0.2543279230594635,0.059197425842285156,0.3653559684753418,nonzero,+,-5.12739156683286,-5.3817194898923235
E_in_sample,r11_D_dA,0.0,4,3,0.0,0.0,0.0,near_zero,0,-5.3817194898923235,-5.3817194898923235
E_in_sample,r11_D_dA,0.5,4,3,-0.08808962504069011,-0.18303626775741577,-0.008735895156860352,near_zero,-,-5.469809114933014,-5.3817194898923235
E_in_sample,r11_D_dA,1.0,4,3,-0.07777885595957439,-0.1282975673675537,-0.01698523759841919,near_zero,-,-5.459498345851898,-5.3817194898923235
E_in_sample,r11_D_dA,2.0,4,3,0.007889126737912497,-0.13764742016792297,0.22073209285736084,near_zero,+,-5.373830363154411,-5.3817194898923235
E_in_sample,r11_D_dA,4.0,4,3,0.21111380060513815,0.15186619758605957,0.24248215556144714,nonzero,+,-5.170605689287186,-5.3817194898923235
E_in_sample,r11_D_muD,0.0,4,3,0.0,0.0,0.0,near_zero,0,-5.3817194898923235,-5.3817194898923235
E_in_sample,r11_D_muD,0.5,4,3,-0.0700337787469228,-0.16083389520645142,-0.006205141544342041,near_zero,-,-5.451753268639247,-5.3817194898923235
E_in_sample,r11_D_muD,1.0,4,3,-0.05924524863560995,-0.12912940979003906,0.030325770378112793,near_zero,-,-5.440964738527934,-5.3817194898923235
E_in_sample,r11_D_muD,2.0,4,3,0.003879288832346598,-0.13373851776123047,0.14210349321365356,near_zero,+,-5.3778402010599775,-5.3817194898923235
E_in_sample,r11_D_muD,4.0,4,3,-0.017860114574432373,-0.13145136833190918,0.10176116228103638,near_zero,-,-5.399579604466756,-5.3817194898923235
E_in_sample,r12_D_dA,0.0,4,3,0.0,0.0,0.0,near_zero,0,-5.3817194898923235,-5.3817194898923235
E_in_sample,r12_D_dA,0.5,4,3,-0.06884086628754933,-0.3295082747936249,0.07491147518157959,near_zero,-,-5.4505603561798734,-5.3817194898923235
E_in_sample,r12_D_dA,1.0,4,3,0.011085028449694315,-0.24534392356872559,0.1979442685842514,near_zero,+,-5.37063446144263,-5.3817194898923235
E_in_sample,r12_D_dA,2.0,4,3,0.12269262969493866,-0.4812028706073761,0.44702814519405365,near_zero,+,-5.259026860197385,-5.3817194898923235
E_in_sample,r12_D_dA,4.0,4,3,0.8460809489091238,0.47955000400543213,1.2860864996910095,nonzero,+,-4.5356385409832,-5.3817194898923235
E_in_sample,r12_D_muD,0.0,4,3,0.0,0.0,0.0,near_zero,0,-5.3817194898923235,-5.3817194898923235
E_in_sample,r12_D_muD,0.5,4,3,-0.024976074695587158,-0.19748732447624207,0.07637232542037964,near_zero,-,-5.406695564587911,-5.3817194898923235
E_in_sample,r12_D_muD,1.0,4,3,-0.010744060079256693,-0.32799404859542847,0.1692475527524948,near_zero,-,-5.3924635499715805,-5.3817194898923235
E_in_sample,r12_D_muD,2.0,4,3,0.030200446645418804,-0.11725080013275146,0.13543911278247833,near_zero,+,-5.351519043246905,-5.3817194898923235
E_in_sample,r12_D_muD,4.0,4,3,0.08366430302460988,-0.26316821575164795,0.27458371222019196,near_zero,+,-5.298055186867714,-5.3817194898923235
E_in_sample,r13_D_dA,0.0,4,3,0.0,0.0,0.0,near_zero,0,-5.3817194898923235,-5.3817194898923235
E_in_sample,r13_D_dA,0.5,4,3,-0.12248870233694713,-0.20411300659179688,0.01681654155254364,near_zero,-,-5.504208192229271,-5.3817194898923235
E_in_sample,r13_D_dA,1.0,4,3,-0.03072803219159444,-0.12945765256881714,0.10984694957733154,near_zero,-,-5.4124475220839185,-5.3817194898923235
E_in_sample,r13_D_dA,2.0,4,3,-0.0885457992553711,-0.22470539808273315,0.05238616466522217,near_zero,-,-5.470265289147695,-5.3817194898923235
E_in_sample,r13_D_dA,4.0,4,3,0.22511539856592813,-0.4905130863189697,0.6154152154922485,inconclusive,+,-5.156604091326396,-5.3817194898923235
E_in_sample,r13_D_muD,0.0,4,3,0.0,0.0,0.0,near_zero,0,-5.3817194898923235,-5.3817194898923235
E_in_sample,r13_D_muD,0.5,4,3,-0.030042285720507305,-0.08786022663116455,-0.0004766136407852173,near_zero,-,-5.411761775612831,-5.3817194898923235
E_in_sample,r13_D_muD,1.0,4,3,-0.007009456555048625,-0.055496037006378174,0.03447809815406799,near_zero,-,-5.388728946447372,-5.3817194898923235
E_in_sample,r13_D_muD,2.0,4,3,-0.022148266434669495,-0.05579853057861328,0.013228967785835266,near_zero,-,-5.403867756326993,-5.3817194898923235
E_in_sample,r13_D_muD,4.0,4,3,-0.09996732572714488,-0.22137874364852905,-0.010351672768592834,near_zero,-,-5.481686815619469,-5.3817194898923235
E_in_sample,r14_D_dA,0.0,4,3,0.0,0.0,0.0,near_zero,0,-5.3817194898923235,-5.3817194898923235
E_in_sample,r14_D_dA,0.5,4,3,-0.022296488285064697,-0.07037174701690674,0.002739548683166504,near_zero,-,-5.404015978177388,-5.3817194898923235
E_in_sample,r14_D_dA,1.0,4,3,0.00410190224647522,-0.05659487843513489,0.11984109878540039,near_zero,+,-5.377617587645848,-5.3817194898923235
E_in_sample,r14_D_dA,2.0,4,3,0.09200649460156758,0.07021883130073547,0.12617450952529907,near_zero,+,-5.289712995290756,-5.3817194898923235
E_in_sample,r14_D_dA,4.0,4,3,0.6984845946232477,0.1455569714307785,1.294581413269043,nonzero,+,-4.683234895269076,-5.3817194898923235
E_in_sample,r14_D_muD,0.0,4,3,0.0,0.0,0.0,near_zero,0,-5.3817194898923235,-5.3817194898923235
E_in_sample,r14_D_muD,0.5,4,3,-0.022759358088175457,-0.19713157415390015,0.1284017562866211,near_zero,-,-5.404478847980499,-5.3817194898923235
E_in_sample,r14_D_muD,1.0,4,3,-0.03315386176109314,-0.11916518211364746,0.01682838797569275,near_zero,-,-5.414873351653417,-5.3817194898923235
E_in_sample,r14_D_muD,2.0,4,3,0.00037449101607004803,-0.07693636417388916,0.06896620988845825,near_zero,+,-5.381344998876254,-5.3817194898923235
E_in_sample,r14_D_muD,4.0,4,3,0.04097891350587209,0.002965867519378662,0.07311409711837769,near_zero,+,-5.340740576386452,-5.3817194898923235
E_in_sample,r15_D_dA,0.0,4,3,0.0,0.0,0.0,near_zero,0,-5.3817194898923235,-5.3817194898923235
E_in_sample,r15_D_dA,0.5,4,3,0.09268330534299214,-0.007831275463104248,0.15485316514968872,near_zero,+,-5.289036184549332,-5.3817194898923235
E_in_sample,r15_D_dA,1.0,4,3,0.20170487960179648,0.1409757137298584,0.2360566258430481,nonzero,+,-5.180014610290527,-5.3817194898923235
E_in_sample,r15_D_dA,2.0,4,3,0.4122451494137446,0.16832059621810913,0.5604594796895981,nonzero,+,-4.9694743404785795,-5.3817194898923235
E_in_sample,r15_D_dA,4.0,4,3,0.731198251247406,0.6668738722801208,0.8302305936813354,nonzero,+,-4.6505212386449175,-5.3817194898923235
E_in_sample,r15_D_muD,0.0,4,3,0.0,0.0,0.0,near_zero,0,-5.3817194898923235,-5.3817194898923235
E_in_sample,r15_D_muD,0.5,4,3,0.005897646148999532,-0.03574572503566742,0.06938385963439941,near_zero,+,-5.375821843743324,-5.3817194898923235
E_in_sample,r15_D_muD,1.0,4,3,0.0839923769235611,0.0061269402503967285,0.15708214044570923,near_zero,+,-5.297727112968762,-5.3817194898923235
E_in_sample,r15_D_muD,2.0,4,3,0.1762503832578659,0.016660690307617188,0.2816589027643204,near_zero,+,-5.205469106634458,-5.3817194898923235
E_in_sample,r15_D_muD,4.0,4,3,0.25664396584033966,0.09831953048706055,0.3495667576789856,nonzero,+,-5.125075524051984,-5.3817194898923235
E_in_sample,r16_D_dA,0.0,4,3,0.0,0.0,0.0,near_zero,0,-5.3817194898923235,-5.3817194898923235
E_in_sample,r16_D_dA,0.5,4,3,-0.04744825263818105,-0.16925185918807983,0.03210748732089996,near_zero,-,-5.429167742530505,-5.3817194898923235
E_in_sample,r16_D_dA,1.0,4,3,-0.23085658252239227,-0.2842523455619812,-0.13711579144001007,nonzero,-,-5.612576072414716,-5.3817194898923235
E_in_sample,r16_D_dA,2.0,4,3,-0.4297117193539937,-0.7216478586196899,-0.07990121841430664,nonzero,-,-5.811431209246318,-5.3817194898923235
E_in_sample,r16_D_dA,4.0,4,3,-0.9656615952650706,-1.5648275017738342,-0.6153758466243744,nonzero,-,-6.347381085157394,-5.3817194898923235
E_in_sample,r16_D_muD,0.0,4,3,0.0,0.0,0.0,near_zero,0,-5.3817194898923235,-5.3817194898923235
E_in_sample,r16_D_muD,0.5,4,3,0.046116337180137634,-0.062270089983940125,0.20249438285827637,near_zero,+,-5.335603152712186,-5.3817194898923235
E_in_sample,r16_D_muD,1.0,4,3,-0.08811001976331075,-0.12682786583900452,-0.05980253219604492,near_zero,-,-5.469829509655635,-5.3817194898923235
E_in_sample,r16_D_muD,2.0,4,3,-0.142430971066157,-0.18992161750793457,-0.09608927369117737,near_zero,-,-5.524150460958481,-5.3817194898923235
E_in_sample,r16_D_muD,4.0,4,3,-0.2825547804435094,-0.45437586307525635,-0.12820254266262054,nonzero,-,-5.6642742703358335,-5.3817194898923235
E_in_sample,r17_D_dA,0.0,4,3,0.0,0.0,0.0,near_zero,0,-5.3817194898923235,-5.3817194898923235
E_in_sample,r17_D_dA,0.5,4,3,-0.04206856588522593,-0.10870204865932465,0.07669180631637573,near_zero,-,-5.42378805577755,-5.3817194898923235
E_in_sample,r17_D_dA,1.0,4,3,-0.11259930332501729,-0.12590187788009644,-0.10339343547821045,near_zero,-,-5.494318793217341,-5.3817194898923235
E_in_sample,r17_D_dA,2.0,4,3,0.07318654159704845,-0.09395633637905121,0.2844899892807007,near_zero,+,-5.308532948295276,-5.3817194898923235
E_in_sample,r17_D_dA,4.0,4,3,0.48325345665216446,-0.17476677894592285,1.2264659404754639,inconclusive,+,-4.898466033240159,-5.3817194898923235
E_in_sample,r17_D_muD,0.0,4,3,0.0,0.0,0.0,near_zero,0,-5.3817194898923235,-5.3817194898923235
E_in_sample,r17_D_muD,0.5,4,3,-0.01719081401824951,-0.05734109878540039,0.008170723915100098,near_zero,-,-5.398910303910573,-5.3817194898923235
E_in_sample,r17_D_muD,1.0,4,3,-0.05266081293423971,-0.13839757442474365,0.03692087531089783,near_zero,-,-5.434380302826564,-5.3817194898923235
E_in_sample,r17_D_muD,2.0,4,3,-0.018758128086725872,-0.16920477151870728,0.163183331489563,near_zero,-,-5.40047761797905,-5.3817194898923235
E_in_sample,r17_D_muD,4.0,4,3,0.005584508180618286,-0.15403464436531067,0.20536160469055176,near_zero,+,-5.376134981711705,-5.3817194898923235
E_in_sample,r18_D_dA,0.0,4,3,0.0,0.0,0.0,near_zero,0,-5.3817194898923235,-5.3817194898923235
E_in_sample,r18_D_dA,0.5,4,3,-0.029619072874387104,-0.2031872272491455,0.07900369167327881,near_zero,-,-5.411338562766711,-5.3817194898923235
E_in_sample,r18_D_dA,1.0,4,3,-0.07069667677084605,-0.5346546769142151,0.3255411982536316,inconclusive,-,-5.45241616666317,-5.3817194898923235
E_in_sample,r18_D_dA,2.0,4,3,0.08367057641347249,-0.6215892732143402,0.8318089246749878,inconclusive,+,-5.298048913478851,-5.3817194898923235
E_in_sample,r18_D_dA,4.0,4,3,0.27883323033650714,-0.5511959791183472,1.2817363739013672,inconclusive,+,-5.102886259555817,-5.3817194898923235
E_in_sample,r18_D_muD,0.0,4,3,0.0,0.0,0.0,near_zero,0,-5.3817194898923235,-5.3817194898923235
E_in_sample,r18_D_muD,0.5,4,3,0.02243662377198537,-0.12880945205688477,0.12356042861938477,near_zero,+,-5.359282866120338,-5.3817194898923235
E_in_sample,r18_D_muD,1.0,4,3,0.02077321211496989,-0.12691551446914673,0.1559494137763977,near_zero,+,-5.360946277777354,-5.3817194898923235
E_in_sample,r18_D_muD,2.0,4,3,0.03202086687088013,-0.23369693756103516,0.20113879442214966,near_zero,+,-5.349698623021443,-5.3817194898923235
E_in_sample,r18_D_muD,4.0,4,3,0.09309260547161102,-0.43652796745300293,0.6650540828704834,inconclusive,+,-5.2886268844207125,-5.3817194898923235
E_in_sample,r19_D_dA,0.0,4,3,0.0,0.0,0.0,near_zero,0,-5.3817194898923235,-5.3817194898923235
E_in_sample,r19_D_dA,0.5,4,3,0.13285645842552185,0.027381032705307007,0.24582725763320923,near_zero,+,-5.248863031466802,-5.3817194898923235
E_in_sample,r19_D_dA,1.0,4,3,0.2882969578107198,0.06371915340423584,0.4273794889450073,nonzero,+,-5.093422532081604,-5.3817194898923235
E_in_sample,r19_D_dA,2.0,4,3,0.4022635544339816,0.12725207954645157,0.5799559950828552,nonzero,+,-4.9794559354583425,-5.3817194898923235
E_in_sample,r19_D_dA,4.0,4,3,0.7279591262340546,0.39987900853157043,0.9482526779174805,nonzero,+,-4.653760363658269,-5.3817194898923235
E_in_sample,r19_D_muD,0.0,4,3,0.0,0.0,0.0,near_zero,0,-5.3817194898923235,-5.3817194898923235
E_in_sample,r19_D_muD,0.5,4,3,0.10912046829859416,0.07321029901504517,0.12757551670074463,near_zero,+,-5.27259902159373,-5.3817194898923235
E_in_sample,r19_D_muD,1.0,4,3,0.08204333484172821,-0.0004377216100692749,0.12681519985198975,near_zero,+,-5.299676155050595,-5.3817194898923235
E_in_sample,r19_D_muD,2.0,4,3,0.18611534436543783,0.007658660411834717,0.300298273563385,near_zero,+,-5.195604145526886,-5.3817194898923235
E_in_sample,r19_D_muD,4.0,4,3,0.3237667332092921,0.10288305580615997,0.49286532402038574,nonzero,+,-5.057952756683032,-5.3817194898923235
E_in_sample,r20_D_dA,0.0,4,3,0.0,0.0,0.0,near_zero,0,-5.3817194898923235,-5.3817194898923235
E_in_sample,r20_D_dA,0.5,4,3,-0.023431971669197083,-0.12450772523880005,0.07379353046417236,near_zero,-,-5.405151461561521,-5.3817194898923235
E_in_sample,r20_D_dA,1.0,4,3,0.04628080129623413,-0.1869746446609497,0.19619232416152954,near_zero,+,-5.335438688596089,-5.3817194898923235
E_in_sample,r20_D_dA,2.0,4,3,0.24772320687770844,-0.019761323928833008,0.47671252489089966,inconclusive,+,-5.133996283014615,-5.3817194898923235
E_in_sample,r20_D_dA,4.0,4,3,0.5176546474297842,0.03777626156806946,1.1706730723381042,nonzero,+,-4.86406484246254,-5.3817194898923235
E_in_sample,r20_D_muD,0.0,4,3,0.0,0.0,0.0,near_zero,0,-5.3817194898923235,-5.3817194898923235
E_in_sample,r20_D_muD,0.5,4,3,0.04018351435661316,-0.0033825039863586426,0.075328528881073,near_zero,+,-5.34153597553571,-5.3817194898923235
E_in_sample,r20_D_muD,1.0,4,3,-0.02603354553381602,-0.2025313675403595,0.07687151432037354,near_zero,-,-5.40775303542614,-5.3817194898923235
E_in_sample,r20_D_muD,2.0,4,3,-0.017493779460589092,-0.18566042184829712,0.07021476328372955,near_zero,-,-5.399213269352913,-5.3817194898923235
E_in_sample,r20_D_muD,4.0,4,3,0.040426055590311684,-0.33638015389442444,0.326202392578125,near_zero,+,-5.341293434302012,-5.3817194898923235
E_in_sample,r21_D_dA,0.0,4,3,0.0,0.0,0.0,near_zero,0,-5.3817194898923235,-5.3817194898923235
E_in_sample,r21_D_dA,0.5,4,3,-0.11777254939079285,-0.20257306098937988,0.004512488842010498,near_zero,-,-5.499492039283116,-5.3817194898923235
E_in_sample,r21_D_dA,1.0,4,3,-0.18861818810304007,-0.35560089349746704,0.050660133361816406,near_zero,-,-5.570337677995364,-5.3817194898923235
E_in_sample,r21_D_dA,2.0,4,3,-0.3322849248846372,-0.7486214637756348,0.16643458604812622,inconclusive,-,-5.714004414776961,-5.3817194898923235
E_in_sample,r21_D_dA,4.0,4,3,-0.6705891713500023,-1.5461222231388092,0.2693500518798828,inconclusive,-,-6.052308661242326,-5.3817194898923235
E_in_sample,r21_D_muD,0.0,4,3,0.0,0.0,0.0,near_zero,0,-5.3817194898923235,-5.3817194898923235
E_in_sample,r21_D_muD,0.5,4,3,-0.06848591566085815,-0.07559442520141602,-0.0552830696105957,near_zero,-,-5.450205405553182,-5.3817194898923235
E_in_sample,r21_D_muD,1.0,4,3,-0.11614413062731425,-0.16964510083198547,-0.05224800109863281,near_zero,-,-5.497863620519638,-5.3817194898923235
E_in_sample,r21_D_muD,2.0,4,3,-0.1341526210308075,-0.2805597484111786,0.08121776580810547,near_zero,-,-5.515872110923131,-5.3817194898923235
E_in_sample,r21_D_muD,4.0,4,3,-0.26578452934821445,-0.47663915157318115,0.002211928367614746,inconclusive,-,-5.647504019240539,-5.3817194898923235
E_in_sample,r22_D_dA,0.0,4,3,0.0,0.0,0.0,near_zero,0,-5.3817194898923235,-5.3817194898923235
E_in_sample,r22_D_dA,0.5,4,3,-0.0552988996108373,-0.13466858863830566,0.01439577341079712,near_zero,-,-5.437018389503161,-5.3817194898923235
E_in_sample,r22_D_dA,1.0,4,3,-0.11471959948539734,-0.215312659740448,-0.028403043746948242,near_zero,-,-5.496439089377721,-5.3817194898923235
E_in_sample,r22_D_dA,2.0,4,3,-0.23471237222353616,-0.46047869324684143,0.059341251850128174,inconclusive,-,-5.61643186211586,-5.3817194898923235
E_in_sample,r22_D_dA,4.0,4,3,-0.19179822007815042,-0.5861489176750183,0.06710082292556763,inconclusive,-,-5.573517709970474,-5.3817194898923235
E_in_sample,r22_D_muD,0.0,4,3,0.0,0.0,0.0,near_zero,0,-5.3817194898923235,-5.3817194898923235
E_in_sample,r22_D_muD,0.5,4,3,-0.01305703322092692,-0.056258976459503174,0.013728439807891846,near_zero,-,-5.394776523113251,-5.3817194898923235
E_in_sample,r22_D_muD,1.0,4,3,-0.002674261728922526,-0.043514370918273926,0.03078627586364746,near_zero,-,-5.384393751621246,-5.3817194898923235
E_in_sample,r22_D_muD,2.0,4,3,0.02276410162448883,-0.04216361045837402,0.0753728598356247,near_zero,+,-5.358955388267835,-5.3817194898923235
E_in_sample,r22_D_muD,4.0,4,3,-0.13913553953170776,-0.2287861704826355,0.02987825870513916,near_zero,-,-5.520855029424031,-5.3817194898923235
other_factual_propositions,dA_D,0.0,3,3,0.0,0.0,0.0,near_zero,0,-5.769508679707845,-5.769508679707845
other_factual_propositions,dA_D,0.5,3,3,0.02565606435139974,-0.10742950439453125,0.125,near_zero,+,-5.743852615356445,-5.769508679707845
other_factual_propositions,dA_D,1.0,3,3,0.20289087295532227,-0.23371124267578125,0.46738338470458984,inconclusive,+,-5.5666178067525225,-5.769508679707845
other_factual_propositions,dA_D,2.0,3,3,0.4378245671590169,-0.4845905303955078,1.1730637550354004,inconclusive,+,-5.331684112548828,-5.769508679707845
other_factual_propositions,dA_D,4.0,3,3,0.9809738000233968,-0.24057960510253906,2.2460012435913086,inconclusive,+,-4.788534879684448,-5.769508679707845
other_factual_propositions,dA_D_matched_muD,0.0,3,3,0.0,0.0,0.0,near_zero,0,-5.769508679707845,-5.769508679707845
other_factual_propositions,dA_D_matched_muD,0.5,3,3,0.06255054473876953,-0.13679742813110352,0.1994495391845703,near_zero,+,-5.706958134969075,-5.769508679707845
other_factual_propositions,dA_D_matched_muD,1.0,3,3,0.055830796559651695,-0.03568840026855469,0.1250004768371582,near_zero,+,-5.713677883148193,-5.769508679707845
other_factual_propositions,dA_D_matched_muD,2.0,3,3,0.1583996613820394,-0.11903762817382812,0.3125002384185791,near_zero,+,-5.611109018325806,-5.769508679707845
other_factual_propositions,dA_D_matched_muD,4.0,3,3,0.2818458875020345,-0.181671142578125,0.5897088050842285,inconclusive,+,-5.4876627922058105,-5.769508679707845
other_factual_propositions,muD_D,0.0,3,3,0.0,0.0,0.0,near_zero,0,-5.769508679707845,-5.769508679707845
other_factual_propositions,muD_D,0.5,3,3,-0.038683414459228516,-0.1249995231628418,0.0708770751953125,near_zero,-,-5.808192094167073,-5.769508679707845
other_factual_propositions,muD_D,1.0,3,3,-0.01409165064493815,-0.25,0.1361074447631836,near_zero,-,-5.783600330352783,-5.769508679707845
other_factual_propositions,muD_D,2.0,3,3,-0.22822276751200357,-0.5624997615814209,0.0446319580078125,inconclusive,-,-5.997731447219849,-5.769508679707845
other_factual_propositions,muD_D,4.0,3,3,-0.060053110122680664,-0.9375002384185791,0.5122284889221191,inconclusive,-,-5.829561789830525,-5.769508679707845
other_factual_propositions,muD_D_matched_dA,0.0,3,3,0.0,0.0,0.0,near_zero,0,-5.769508679707845,-5.769508679707845
other_factual_propositions,muD_D_matched_dA,0.5,3,3,-0.04363910357157389,-0.3124997615814209,0.17477035522460938,near_zero,-,-5.813147783279419,-5.769508679707845
other_factual_propositions,muD_D_matched_dA,1.0,3,3,-0.12363847096761067,-0.6874995231628418,0.1939864158630371,inconclusive,-,-5.893147150675456,-5.769508679707845
other_factual_propositions,muD_D_matched_dA,2.0,3,3,-0.020044962565104168,-0.7500004768371582,0.43957996368408203,inconclusive,-,-5.789553642272949,-5.769508679707845
other_factual_propositions,muD_D_matched_dA,4.0,3,3,0.22906827926635742,-0.4375,0.764894962310791,inconclusive,+,-5.540440400441487,-5.769508679707845
other_factual_propositions,muD_P,0.0,3,3,0.0,0.0,0.0,near_zero,0,-5.769508679707845,-5.769508679707845
other_factual_propositions,muD_P,0.5,3,3,0.1149746576944987,-0.0625,0.22459888458251953,near_zero,+,-5.654534022013347,-5.769508679707845
other_factual_propositions,muD_P,1.0,3,3,0.0005018711090087891,-0.2500002384185791,0.2559213638305664,near_zero,+,-5.769006808598836,-5.769508679707845
other_factual_propositions,muD_P,2.0,3,3,0.20687230428059897,-0.2500004768371582,0.9545817375183105,inconclusive,+,-5.562636375427246,-5.769508679707845
other_factual_propositions,muD_P,4.0,3,3,0.9343795776367188,-0.1329517364501953,2.3110899925231934,inconclusive,+,-4.835129102071126,-5.769508679707845
other_factual_propositions,muD_P_plus_dA_D,0.0,3,3,0.0,0.0,0.0,near_zero,0,-5.769508679707845,-5.769508679707845
other_factual_propositions,muD_P_plus_dA_D,0.5,3,3,0.1821756362915039,-0.060051918029785156,0.4190788269042969,near_zero,+,-5.587333043416341,-5.769508679707845
other_factual_propositions,muD_P_plus_dA_D,1.0,3,3,0.36182371775309247,-0.1804037094116211,1.0158748626708984,inconclusive,+,-5.407684961954753,-5.769508679707845
other_factual_propositions,muD_P_plus_dA_D,2.0,3,3,1.0058212280273438,-0.39266300201416016,2.2226266860961914,inconclusive,+,-4.763687451680501,-5.769508679707845
other_factual_propositions,muD_P_plus_dA_D,4.0,3,3,2.2275390625,-0.5960111618041992,4.591128349304199,inconclusive,+,-3.541969617207845,-5.769508679707845
other_factual_propositions,dConc_D_matched_dA,0.0,3,3,0.0,0.0,0.0,near_zero,0,-5.769508679707845,-5.769508679707845
other_factual_propositions,dConc_D_matched_dA,0.5,3,3,-0.10136143366495769,-0.375,0.1741628646850586,near_zero,-,-5.870870113372803,-5.769508679707845
other_factual_propositions,dConc_D_matched_dA,1.0,3,3,-0.21647930145263672,-0.6875,0.16541004180908203,inconclusive,-,-5.9859879811604815,-5.769508679707845
other_factual_propositions,dConc_D_matched_dA,2.0,3,3,-0.19393118222554526,-1.374999761581421,0.8731613159179688,inconclusive,-,-5.963439861933391,-5.769508679707845
other_factual_propositions,dConc_D_matched_dA,4.0,3,3,-0.24091609319051108,-2.937500476837158,2.613170623779297,inconclusive,-,-6.010424772898356,-5.769508679707845
other_factual_propositions,dConc_D_native,0.0,3,3,0.0,0.0,0.0,near_zero,0,-5.769508679707845,-5.769508679707845
other_factual_propositions,dConc_D_native,0.5,3,3,-0.10887400309244792,-0.5,0.12345314025878906,near_zero,-,-5.878382682800293,-5.769508679707845
other_factual_propositions,dConc_D_native,1.0,3,3,-0.20555957158406576,-1.0625004768371582,0.5232133865356445,inconclusive,-,-5.975068251291911,-5.769508679707845
other_factual_propositions,dConc_D_native,2.0,3,3,-0.15601110458374023,-2.124999523162842,1.8189334869384766,inconclusive,-,-5.925519784291585,-5.769508679707845
other_factual_propositions,dConc_D_native,4.0,3,3,-0.29619836807250977,-3.437500476837158,3.058016777038574,inconclusive,-,-6.0657070477803545,-5.769508679707845
other_factual_propositions,muD_PD_F4S,0.0,3,3,0.0,0.0,0.0,near_zero,0,-5.769508679707845,-5.769508679707845
other_factual_propositions,muD_PD_F4S,0.5,3,3,0.05417219797770182,-0.0625,0.22459888458251953,near_zero,+,-5.7153364817301435,-5.769508679707845
other_factual_propositions,muD_PD_F4S,1.0,3,3,0.04292066891988119,-0.2500002384185791,0.2559213638305664,near_zero,+,-5.726588010787964,-5.769508679707845
other_factual_propositions,muD_PD_F4S,2.0,3,3,0.24235661824544272,-0.2500004768371582,0.9545817375183105,inconclusive,+,-5.527152061462402,-5.769508679707845
other_factual_propositions,muD_PD_F4S,4.0,3,3,0.9240338007609049,-0.16398906707763672,2.3110899925231934,inconclusive,+,-4.84547487894694,-5.769508679707845
other_factual_propositions,r0_D_dA,0.0,3,3,0.0,0.0,0.0,near_zero,0,-5.769508679707845,-5.769508679707845
other_factual_propositions,r0_D_dA,0.5,3,3,0.08571322758992513,-0.1250004768371582,0.26151180267333984,near_zero,+,-5.68379545211792,-5.769508679707845
other_factual_propositions,r0_D_dA,1.0,3,3,0.062062581380208336,-0.4375,0.3647603988647461,near_zero,+,-5.707446098327637,-5.769508679707845
other_factual_propositions,r0_D_dA,2.0,3,3,-0.07888356844584148,-1.500000238418579,0.7027320861816406,inconclusive,-,-5.8483922481536865,-5.769508679707845
other_factual_propositions,r0_D_dA,4.0,3,3,-0.5058539708455404,-2.21816349029541,0.625,inconclusive,-,-6.275362650553386,-5.769508679707845
other_factual_propositions,r0_D_muD,0.0,3,3,0.0,0.0,0.0,near_zero,0,-5.769508679707845,-5.769508679707845
other_factual_propositions,r0_D_muD,0.5,3,3,-0.01531521479288737,-0.1250004768371582,0.1288766860961914,near_zero,-,-5.784823894500732,-5.769508679707845
other_factual_propositions,r0_D_muD,1.0,3,3,-0.03730169932047526,-0.12246465682983398,0.0730600357055664,near_zero,-,-5.80681037902832,-5.769508679707845
other_factual_propositions,r0_D_muD,2.0,3,3,-0.03291074434916178,-0.3124997615814209,0.21134185791015625,near_zero,-,-5.802419424057007,-5.769508679707845
other_factual_propositions,r0_D_muD,4.0,3,3,-0.015544414520263672,-0.9999995231628418,0.6319675445556641,inconclusive,-,-5.785053094228108,-5.769508679707845
other_factual_propositions,r1_D_dA,0.0,3,3,0.0,0.0,0.0,near_zero,0,-5.769508679707845,-5.769508679707845
other_factual_propositions,r1_D_dA,0.5,3,3,0.08989540735880534,-0.0624995231628418,0.24383831024169922,near_zero,+,-5.67961327234904,-5.769508679707845
other_factual_propositions,r1_D_dA,1.0,3,3,0.0338444709777832,-0.2499995231628418,0.4315509796142578,near_zero,+,-5.7356642087300616,-5.769508679707845
other_factual_propositions,r1_D_dA,2.0,3,3,-0.29720250765482586,-0.9999997615814209,0.4877901077270508,inconclusive,-,-6.066711187362671,-5.769508679707845
other_factual_propositions,r1_D_dA,4.0,3,3,-0.6865621010462443,-2.4375001192092896,0.3293900489807129,inconclusive,-,-6.456070780754089,-5.769508679707845
other_factual_propositions,r1_D_muD,0.0,3,3,0.0,0.0,0.0,near_zero,0,-5.769508679707845,-5.769508679707845
other_factual_propositions,r1_D_muD,0.5,3,3,0.020728667577107746,-0.13419723510742188,0.19638347625732422,near_zero,+,-5.748780012130737,-5.769508679707845
other_factual_propositions,r1_D_muD,1.0,3,3,0.07125139236450195,4.76837158203125e-07,0.20294189453125,near_zero,+,-5.698257287343343,-5.769508679707845
other_factual_propositions,r1_D_muD,2.0,3,3,0.13864056269327799,4.76837158203125e-07,0.3085641860961914,near_zero,+,-5.630868117014567,-5.769508679707845
other_factual_propositions,r1_D_muD,4.0,3,3,-0.14086071650187174,-0.4374995231628418,0.3068695068359375,near_zero,-,-5.910369396209717,-5.769508679707845
other_factual_propositions,r2_D_dA,0.0,3,3,0.0,0.0,0.0,near_zero,0,-5.769508679707845,-5.769508679707845
other_factual_propositions,r2_D_dA,0.5,3,3,0.0007817745208740234,-0.12473440170288086,0.12707996368408203,near_zero,+,-5.768726905186971,-5.769508679707845
other_factual_propositions,r2_D_dA,1.0,3,3,-0.13919520378112793,-0.3628349304199219,0.07024955749511719,near_zero,-,-5.908703883488973,-5.769508679707845
other_factual_propositions,r2_D_dA,2.0,3,3,-0.14572660128275552,-0.5502901077270508,0.3749997615814209,inconclusive,-,-5.915235280990601,-5.769508679707845
other_factual_propositions,r2_D_dA,4.0,3,3,1.0929608345031738,-0.0075702667236328125,3.25,inconclusive,+,-4.676547845204671,-5.769508679707845
other_factual_propositions,r2_D_muD,0.0,3,3,0.0,0.0,0.0,near_zero,0,-5.769508679707845,-5.769508679707845
other_factual_propositions,r2_D_muD,0.5,3,3,0.026916106541951496,-0.1182088851928711,0.1364574432373047,near_zero,+,-5.7425925731658936,-5.769508679707845
other_factual_propositions,r2_D_muD,1.0,3,3,0.030777851740519207,-0.14673900604248047,0.1249997615814209,near_zero,+,-5.738730827967326,-5.769508679707845
other_factual_propositions,r2_D_muD,2.0,3,3,0.012934605280558268,-0.0625002384185791,0.1175079345703125,near_zero,+,-5.756574074427287,-5.769508679707845
other_factual_propositions,r2_D_muD,4.0,3,3,-0.2028509775797526,-0.41505861282348633,-0.0059947967529296875,nonzero,-,-5.972359657287598,-5.769508679707845
other_factual_propositions,r3_D_dA,0.0,3,3,0.0,0.0,0.0,near_zero,0,-5.769508679707845,-5.769508679707845
other_factual_propositions,r3_D_dA,0.5,3,3,-0.04485893249511719,-0.1875,0.1850414276123047,near_zero,-,-5.814367612202962,-5.769508679707845
other_factual_propositions,r3_D_dA,1.0,3,3,-0.1939371426900228,-0.5625,0.10310173034667969,inconclusive,-,-5.963445822397868,-5.769508679707845
other_factual_propositions,r3_D_dA,2.0,3,3,-0.4889844258626302,-1.4375,0.0809011459350586,inconclusive,-,-6.258493105570476,-5.769508679707845
other_factual_propositions,r3_D_dA,4.0,3,3,-0.7923988898595175,-2.1874998807907104,0.5112462043762207,inconclusive,-,-6.561907569567363,-5.769508679707845
other_factual_propositions,r3_D_muD,0.0,3,3,0.0,0.0,0.0,near_zero,0,-5.769508679707845,-5.769508679707845
other_factual_propositions,r3_D_muD,0.5,3,3,-0.039037227630615234,-0.125,0.05888175964355469,near_zero,-,-5.80854590733846,-5.769508679707845
other_factual_propositions,r3_D_muD,1.0,3,3,-0.06170352300008138,-0.18039751052856445,0.12028694152832031,near_zero,-,-5.831212202707927,-5.769508679707845
other_factual_propositions,r3_D_muD,2.0,3,3,-0.16009259223937988,-0.3124997615814209,0.07029533386230469,near_zero,-,-5.929601271947225,-5.769508679707845
other_factual_propositions,r3_D_muD,4.0,3,3,-0.26277915636698407,-0.8750002384185791,0.1513214111328125,inconclusive,-,-6.032287836074829,-5.769508679707845
other_factual_propositions,r4_D_dA,0.0,3,3,0.0,0.0,0.0,near_zero,0,-5.769508679707845,-5.769508679707845
other_factual_propositions,r4_D_dA,0.5,3,3,0.05830279986063639,-0.0624997615814209,0.12575912475585938,near_zero,+,-5.711205879847209,-5.769508679707845
other_factual_propositions,r4_D_dA,1.0,3,3,-0.1772294044494629,-0.5,0.03169584274291992,near_zero,-,-5.946738084157308,-5.769508679707845
other_factual_propositions,r4_D_dA,2.0,3,3,-0.43041324615478516,-1.625,0.4635143280029297,inconclusive,-,-6.19992192586263,-5.769508679707845
other_factual_propositions,r4_D_dA,4.0,3,3,-0.4522581895192464,-2.812499761581421,0.8084526062011719,inconclusive,-,-6.221766869227092,-5.769508679707845
other_factual_propositions,r4_D_muD,0.0,3,3,0.0,0.0,0.0,near_zero,0,-5.769508679707845,-5.769508679707845
other_factual_propositions,r4_D_muD,0.5,3,3,0.030125220616658527,-0.0624997615814209,0.13959980010986328,near_zero,+,-5.7393834590911865,-5.769508679707845
other_factual_propositions,r4_D_muD,1.0,3,3,-0.018400828043619793,-0.125,0.13816261291503906,near_zero,-,-5.787909507751465,-5.769508679707845
other_factual_propositions,r4_D_muD,2.0,3,3,-0.07181596755981445,-0.25,0.06049919128417969,near_zero,-,-5.841324647267659,-5.769508679707845
other_factual_propositions,r4_D_muD,4.0,3,3,-0.11401899655659993,-0.8749997615814209,0.47664546966552734,inconclusive,-,-5.883527676264445,-5.769508679707845
other_factual_propositions,r5_D_dA,0.0,3,3,0.0,0.0,0.0,near_zero,0,-5.769508679707845,-5.769508679707845
other_factual_propositions,r5_D_dA,0.5,3,3,0.050600290298461914,-0.0625002384185791,0.1945362091064453,near_zero,+,-5.718908389409383,-5.769508679707845
other_factual_propositions,r5_D_dA,1.0,3,3,-0.06258130073547363,-0.2499997615814209,0.23923492431640625,near_zero,-,-5.832089980443318,-5.769508679707845
other_factual_propositions,r5_D_dA,2.0,3,3,-0.2843208312988281,-0.8125004768371582,0.27466487884521484,inconclusive,-,-6.053829511006673,-5.769508679707845
other_factual_propositions,r5_D_dA,4.0,3,3,-0.6051458915074667,-2.1874998807907104,0.2600531578063965,inconclusive,-,-6.374654571215312,-5.769508679707845
other_factual_propositions,r5_D_muD,0.0,3,3,0.0,0.0,0.0,near_zero,0,-5.769508679707845,-5.769508679707845
other_factual_propositions,r5_D_muD,0.5,3,3,-0.024151404698689777,-0.1421680450439453,0.19471359252929688,near_zero,-,-5.793660084406535,-5.769508679707845
other_factual_propositions,r5_D_muD,1.0,3,3,0.038007100423177086,-0.0786428451538086,0.19266414642333984,near_zero,+,-5.731501579284668,-5.769508679707845
other_factual_propositions,r5_D_muD,2.0,3,3,-0.12398989995320638,-0.31804418563842773,0.1960744857788086,near_zero,-,-5.893498579661052,-5.769508679707845
other_factual_propositions,r5_D_muD,4.0,3,3,-0.14392669995625815,-0.5000002384185791,0.27318763732910156,inconclusive,-,-5.9134353796641035,-5.769508679707845
other_factual_propositions,r6_D_dA,0.0,3,3,0.0,0.0,0.0,near_zero,0,-5.769508679707845,-5.769508679707845
other_factual_propositions,r6_D_dA,0.5,3,3,-0.12087583541870117,-0.49441051483154297,0.19428253173828125,near_zero,-,-5.890384515126546,-5.769508679707845
other_factual_propositions,r6_D_dA,1.0,3,3,-0.24802199999491373,-0.6809816360473633,0.18691539764404297,inconclusive,-,-6.017530679702759,-5.769508679707845
other_factual_propositions,r6_D_dA,2.0,3,3,-0.5924844741821289,-1.0000004768371582,0.17574596405029297,inconclusive,-,-6.361993153889974,-5.769508679707845
other_factual_propositions,r6_D_dA,4.0,3,3,-0.9368860721588135,-2.499999761581421,0.0994882583618164,inconclusive,-,-6.706394751866658,-5.769508679707845
other_factual_propositions,r6_D_muD,0.0,3,3,0.0,0.0,0.0,near_zero,0,-5.769508679707845,-5.769508679707845
other_factual_propositions,r6_D_muD,0.5,3,3,-0.028046846389770508,-0.1389603614807129,0.11732006072998047,near_zero,-,-5.797555526097615,-5.769508679707845
other_factual_propositions,r6_D_muD,1.0,3,3,-0.018175045649210613,-0.2313213348388672,0.23929595947265625,near_zero,-,-5.787683725357056,-5.769508679707845
other_factual_propositions,r6_D_muD,2.0,3,3,-0.19023545583089194,-0.637265682220459,0.191558837890625,inconclusive,-,-5.959744135538737,-5.769508679707845
other_factual_propositions,r6_D_muD,4.0,3,3,-0.4371184508005778,-0.9433503150939941,0.19449520111083984,inconclusive,-,-6.206627130508423,-5.769508679707845
other_factual_propositions,r7_D_dA,0.0,3,3,0.0,0.0,0.0,near_zero,0,-5.769508679707845,-5.769508679707845
other_factual_propositions,r7_D_dA,0.5,3,3,0.10588932037353516,-0.3125,0.3670186996459961,near_zero,+,-5.66361935933431,-5.769508679707845
other_factual_propositions,r7_D_dA,1.0,3,3,-0.06931384404500325,-0.6874995231628418,0.39191532135009766,inconclusive,-,-5.838822523752849,-5.769508679707845
other_factual_propositions,r7_D_dA,2.0,3,3,-0.026864369710286457,-1.125,0.620722770690918,inconclusive,-,-5.796373049418132,-5.769508679707845
other_factual_propositions,r7_D_dA,4.0,3,3,-0.5210487842559814,-0.9999997615814209,-0.14549541473388672,nonzero,-,-6.290557463963826,-5.769508679707845
other_factual_propositions,r7_D_muD,0.0,3,3,0.0,0.0,0.0,near_zero,0,-5.769508679707845,-5.769508679707845
other_factual_propositions,r7_D_muD,0.5,3,3,0.012892484664916992,-0.1874997615814209,0.2994499206542969,near_zero,+,-5.756616195042928,-5.769508679707845
other_factual_propositions,r7_D_muD,1.0,3,3,0.05561494827270508,-0.125,0.23229074478149414,near_zero,+,-5.71389373143514,-5.769508679707845
other_factual_propositions,r7_D_muD,2.0,3,3,-0.068663756052653,-0.5625,0.1836109161376953,inconclusive,-,-5.838172435760498,-5.769508679707845
other_factual_propositions,r7_D_muD,4.0,3,3,-0.07735347747802734,-0.9375,0.48915863037109375,inconclusive,-,-5.846862157185872,-5.769508679707845
other_factual_propositions,r8_D_dA,0.0,3,3,0.0,0.0,0.0,near_zero,0,-5.769508679707845,-5.769508679707845
other_factual_propositions,r8_D_dA,0.5,3,3,0.19198505083719888,0.1249997615814209,0.2284832000732422,near_zero,+,-5.5775236288706465,-5.769508679707845
other_factual_propositions,r8_D_dA,1.0,3,3,0.3517875671386719,0.1875,0.4457969665527344,nonzero,+,-5.417721112569173,-5.769508679707845
other_factual_propositions,r8_D_dA,2.0,3,3,0.2730739911397298,-0.3125,0.6474289894104004,inconclusive,+,-5.496434688568115,-5.769508679707845
other_factual_propositions,r8_D_dA,4.0,3,3,-0.15037731329600015,-2.4374996423721313,1.645209789276123,inconclusive,-,-5.919885993003845,-5.769508679707845
other_factual_propositions,r8_D_muD,0.0,3,3,0.0,0.0,0.0,near_zero,0,-5.769508679707845,-5.769508679707845
other_factual_propositions,r8_D_muD,0.5,3,3,0.0991676648457845,-0.01726055145263672,0.18976402282714844,near_zero,+,-5.6703410148620605,-5.769508679707845
other_factual_propositions,r8_D_muD,1.0,3,3,0.15281303723653158,0.1249997615814209,0.18259620666503906,near_zero,+,-5.6166956424713135,-5.769508679707845
other_factual_propositions,r8_D_muD,2.0,3,3,0.2159902254740397,0.1250004768371582,0.34979724884033203,nonzero,+,-5.553518454233806,-5.769508679707845
other_factual_propositions,r8_D_muD,4.0,3,3,0.37185128529866535,0.0625,0.6663284301757812,nonzero,+,-5.39765739440918,-5.769508679707845
other_factual_propositions,r9_D_dA,0.0,3,3,0.0,0.0,0.0,near_zero,0,-5.769508679707845,-5.769508679707845
other_factual_propositions,r9_D_dA,0.5,3,3,-0.14620431264241537,-0.32008934020996094,0.19397640228271484,near_zero,-,-5.915712992350261,-5.769508679707845
other_factual_propositions,r9_D_dA,1.0,3,3,-0.3361015319824219,-1.0625,0.240020751953125,inconclusive,-,-6.105610211690267,-5.769508679707845
other_factual_propositions,r9_D_dA,2.0,3,3,-0.7476478417714437,-2.249999761581421,0.8611917495727539,inconclusive,-,-6.517156521479289,-5.769508679707845
other_factual_propositions,r9_D_dA,4.0,3,3,1.2032246589660645,-0.748415470123291,3.0625,inconclusive,+,-4.56628402074178,-5.769508679707845
other_factual_propositions,r9_D_muD,0.0,3,3,0.0,0.0,0.0,near_zero,0,-5.769508679707845,-5.769508679707845
other_factual_propositions,r9_D_muD,0.5,3,3,-0.09121767679850261,-0.279848575592041,0.193695068359375,near_zero,-,-5.860726356506348,-5.769508679707845
other_factual_propositions,r9_D_muD,1.0,3,3,-0.17395170529683432,-0.33641576766967773,0.0020608901977539062,near_zero,-,-5.94346038500468,-5.769508679707845
other_factual_propositions,r9_D_muD,2.0,3,3,-0.28177324930826825,-0.625,0.19315052032470703,inconclusive,-,-6.051281929016113,-5.769508679707845
other_factual_propositions,r9_D_muD,4.0,3,3,-0.602131207784017,-1.625,0.5567903518676758,inconclusive,-,-6.371639887491862,-5.769508679707845
other_factual_propositions,r10_D_dA,0.0,3,3,0.0,0.0,0.0,near_zero,0,-5.769508679707845,-5.769508679707845
other_factual_propositions,r10_D_dA,0.5,3,3,0.06050888697306315,-0.12783050537109375,0.1843576431274414,near_zero,+,-5.708999792734782,-5.769508679707845
other_factual_propositions,r10_D_dA,1.0,3,3,0.024792035420735676,-0.125,0.1679401397705078,near_zero,+,-5.744716644287109,-5.769508679707845
other_factual_propositions,r10_D_dA,2.0,3,3,-0.45801321665445965,-1.125,0.22597980499267578,inconclusive,-,-6.227521896362305,-5.769508679707845
other_factual_propositions,r10_D_dA,4.0,3,3,-0.9443105856577555,-2.687500238418579,0.4538612365722656,inconclusive,-,-6.713819265365601,-5.769508679707845
other_factual_propositions,r10_D_muD,0.0,3,3,0.0,0.0,0.0,near_zero,0,-5.769508679707845,-5.769508679707845
other_factual_propositions,r10_D_muD,0.5,3,3,0.09260940551757812,-0.1557173728942871,0.3085460662841797,near_zero,+,-5.676899274190267,-5.769508679707845
other_factual_propositions,r10_D_muD,1.0,3,3,0.09502665201822917,-0.018301963806152344,0.24088191986083984,near_zero,+,-5.674482027689616,-5.769508679707845
other_factual_propositions,r10_D_muD,2.0,3,3,-0.02094268798828125,-0.29415416717529297,0.16882610321044922,near_zero,-,-5.790451367696126,-5.769508679707845
other_factual_propositions,r10_D_muD,4.0,3,3,-0.16691366831461588,-0.4375,0.10825157165527344,near_zero,-,-5.936422348022461,-5.769508679707845
other_factual_propositions,r11_D_dA,0.0,3,3,0.0,0.0,0.0,near_zero,0,-5.769508679707845,-5.769508679707845
other_factual_propositions,r11_D_dA,0.5,3,3,0.04052162170410156,-0.0717000961303711,0.19326496124267578,near_zero,+,-5.728987058003743,-5.769508679707845
other_factual_propositions,r11_D_dA,1.0,3,3,-0.017047643661499023,-0.23719310760498047,0.1860504150390625,near_zero,-,-5.786556323369344,-5.769508679707845
other_factual_propositions,r11_D_dA,2.0,3,3,-0.28235292434692383,-0.6875004768371582,0.12179756164550781,inconclusive,-,-6.051861604054769,-5.769508679707845
other_factual_propositions,r11_D_dA,4.0,3,3,-1.9384815692901611,-3.750000238418579,-0.11797285079956055,nonzero,-,-7.707990248998006,-5.769508679707845
other_factual_propositions,r11_D_muD,0.0,3,3,0.0,0.0,0.0,near_zero,0,-5.769508679707845,-5.769508679707845
other_factual_propositions,r11_D_muD,0.5,3,3,0.09241541226704915,-0.033153533935546875,0.18540000915527344,near_zero,+,-5.677093267440796,-5.769508679707845
other_factual_propositions,r11_D_muD,1.0,3,3,0.07937582333882649,-0.15599632263183594,0.26912403106689453,near_zero,+,-5.6901328563690186,-5.769508679707845
other_factual_propositions,r11_D_muD,2.0,3,3,0.058714866638183594,-0.19466304779052734,0.3083076477050781,near_zero,+,-5.710793813069661,-5.769508679707845
other_factual_propositions,r11_D_muD,4.0,3,3,-0.054604689280192055,-0.2165546417236328,0.17774105072021484,near_zero,-,-5.824113368988037,-5.769508679707845
other_factual_propositions,r12_D_dA,0.0,3,3,0.0,0.0,0.0,near_zero,0,-5.769508679707845,-5.769508679707845
other_factual_propositions,r12_D_dA,0.5,3,3,-0.02778736750284831,-0.45560169219970703,0.1874995231628418,near_zero,-,-5.797296047210693,-5.769508679707845
other_factual_propositions,r12_D_dA,1.0,3,3,-0.10707346598307292,-0.5047211647033691,0.1210012435913086,inconclusive,-,-5.876582145690918,-5.769508679707845
other_factual_propositions,r12_D_dA,2.0,3,3,-0.22728951772054037,-0.3125,-0.06921768188476562,nonzero,-,-5.996798197428386,-5.769508679707845
other_factual_propositions,r12_D_dA,4.0,3,3,-0.5072004397710165,-1.9374996423721313,1.0156936645507812,inconclusive,-,-6.276709119478862,-5.769508679707845
other_factual_propositions,r12_D_muD,0.0,3,3,0.0,0.0,0.0,near_zero,0,-5.769508679707845,-5.769508679707845
other_factual_propositions,r12_D_muD,0.5,3,3,0.051624695460001625,-0.09667110443115234,0.2515449523925781,near_zero,+,-5.717883984247844,-5.769508679707845
other_factual_propositions,r12_D_muD,1.0,3,3,-0.09023610750834148,-0.508540153503418,0.17533206939697266,inconclusive,-,-5.8597447872161865,-5.769508679707845
other_factual_propositions,r12_D_muD,2.0,3,3,-0.1321233113606771,-0.5200433731079102,0.0625,inconclusive,-,-5.901631991068522,-5.769508679707845
other_factual_propositions,r12_D_muD,4.0,3,3,-0.08211119969685872,-0.2465682029724121,0.06273460388183594,near_zero,-,-5.851619879404704,-5.769508679707845
other_factual_propositions,r13_D_dA,0.0,3,3,0.0,0.0,0.0,near_zero,0,-5.769508679707845,-5.769508679707845
other_factual_propositions,r13_D_dA,0.5,3,3,-0.010363260904947916,-0.16700363159179688,0.2609138488769531,near_zero,-,-5.779871940612793,-5.769508679707845
other_factual_propositions,r13_D_dA,1.0,3,3,-0.19125866889953613,-0.5625002384185791,0.27691173553466797,inconclusive,-,-5.960767348607381,-5.769508679707845
other_factual_propositions,r13_D_dA,2.0,3,3,-0.579906145731608,-1.9375,0.2549571990966797,inconclusive,-,-6.349414825439453,-5.769508679707845
other_factual_propositions,r13_D_dA,4.0,3,3,-0.04403909047444662,-0.5,0.6700172424316406,inconclusive,-,-5.813547770182292,-5.769508679707845
other_factual_propositions,r13_D_muD,0.0,3,3,0.0,0.0,0.0,near_zero,0,-5.769508679707845,-5.769508679707845
other_factual_propositions,r13_D_muD,0.5,3,3,0.03311363855997721,-0.015250205993652344,0.11459064483642578,near_zero,+,-5.736395041147868,-5.769508679707845
other_factual_propositions,r13_D_muD,1.0,3,3,-0.05130354563395182,-0.1874995231628418,0.1299591064453125,near_zero,-,-5.820812225341797,-5.769508679707845
other_factual_propositions,r13_D_muD,2.0,3,3,-0.10745628674825032,-0.3125002384185791,0.1933116912841797,near_zero,-,-5.876964966456096,-5.769508679707845
other_factual_propositions,r13_D_muD,4.0,3,3,-0.345217227935791,-1.0000004768371582,0.18083763122558594,inconclusive,-,-6.114725907643636,-5.769508679707845
other_factual_propositions,r14_D_dA,0.0,3,3,0.0,0.0,0.0,near_zero,0,-5.769508679707845,-5.769508679707845
other_factual_propositions,r14_D_dA,0.5,3,3,-0.14650917053222656,-0.4375,0.19417476654052734,near_zero,-,-5.916017850240071,-5.769508679707845
other_factual_propositions,r14_D_dA,1.0,3,3,-0.2123845418294271,-0.6875,0.1949329376220703,inconclusive,-,-5.981893221537272,-5.769508679707845
other_factual_propositions,r14_D_dA,2.0,3,3,-0.3627649148305257,-1.374999761581421,0.37311744689941406,inconclusive,-,-6.132273594538371,-5.769508679707845
other_factual_propositions,r14_D_dA,4.0,3,3,-0.9956395228703817,-2.7499998807907104,0.24709773063659668,inconclusive,-,-6.765148202578227,-5.769508679707845
other_factual_propositions,r14_D_muD,0.0,3,3,0.0,0.0,0.0,near_zero,0,-5.769508679707845,-5.769508679707845
other_factual_propositions,r14_D_muD,0.5,3,3,-0.051799933115641274,-0.22318458557128906,0.19278526306152344,near_zero,-,-5.821308612823486,-5.769508679707845
other_factual_propositions,r14_D_muD,1.0,3,3,-0.15662225087483725,-0.375,0.1938152313232422,near_zero,-,-5.926130930582683,-5.769508679707845
other_factual_propositions,r14_D_muD,2.0,3,3,-0.24954859415690103,-0.5625,0.2772855758666992,inconclusive,-,-6.019057273864746,-5.769508679707845
other_factual_propositions,r14_D_muD,4.0,3,3,-0.35619378089904785,-0.9999997615814209,0.32790184020996094,inconclusive,-,-6.125702460606893,-5.769508679707845
other_factual_propositions,r15_D_dA,0.0,3,3,0.0,0.0,0.0,near_zero,0,-5.769508679707845,-5.769508679707845
other_factual_propositions,r15_D_dA,0.5,3,3,0.038094679514567055,-0.0625,0.23764419555664062,near_zero,+,-5.731414000193278,-5.769508679707845
other_factual_propositions,r15_D_dA,1.0,3,3,-0.05639457702636719,-0.41538429260253906,0.3712005615234375,near_zero,-,-5.825903256734212,-5.769508679707845
other_factual_propositions,r15_D_dA,2.0,3,3,-0.31398193041483563,-0.8125002384185791,0.34316539764404297,inconclusive,-,-6.083490610122681,-5.769508679707845
other_factual_propositions,r15_D_dA,4.0,3,3,-0.8212037881215414,-2.499999761581421,0.2957906723022461,inconclusive,-,-6.590712467829387,-5.769508679707845
other_factual_propositions,r15_D_muD,0.0,3,3,0.0,0.0,0.0,near_zero,0,-5.769508679707845,-5.769508679707845
other_factual_propositions,r15_D_muD,0.5,3,3,0.0006415843963623047,-0.1387958526611328,0.20322036743164062,near_zero,+,-5.7688670953114825,-5.769508679707845
other_factual_propositions,r15_D_muD,1.0,3,3,0.026068607966105144,-0.0625002384185791,0.17417526245117188,near_zero,+,-5.74344007174174,-5.769508679707845
other_factual_propositions,r15_D_muD,2.0,3,3,0.007857799530029297,-0.28954458236694336,0.37561798095703125,near_zero,+,-5.7616508801778155,-5.769508679707845
other_factual_propositions,r15_D_muD,4.0,3,3,-0.12505475680033365,-0.4374997615814209,0.44742774963378906,near_zero,-,-5.894563436508179,-5.769508679707845
other_factual_propositions,r16_D_dA,0.0,3,3,0.0,0.0,0.0,near_zero,0,-5.769508679707845,-5.769508679707845
other_factual_propositions,r16_D_dA,0.5,3,3,0.04207817713419596,-0.25,0.3057255744934082,near_zero,+,-5.727430502573649,-5.769508679707845
other_factual_propositions,r16_D_dA,1.0,3,3,0.0059850215911865234,-0.4374997615814209,0.260589599609375,near_zero,+,-5.763523658116658,-5.769508679707845
other_factual_propositions,r16_D_dA,2.0,3,3,-0.3353117307027181,-1.4375,0.36534929275512695,inconclusive,-,-6.1048204104105634,-5.769508679707845
other_factual_propositions,r16_D_dA,4.0,3,3,-1.7078875700632732,-4.499999761581421,0.5558795928955078,inconclusive,-,-7.477396249771118,-5.769508679707845
other_factual_propositions,r16_D_muD,0.0,3,3,0.0,0.0,0.0,near_zero,0,-5.769508679707845,-5.769508679707845
other_factual_propositions,r16_D_muD,0.5,3,3,0.03896760940551758,-0.125,0.17148923873901367,near_zero,+,-5.730541070302327,-5.769508679707845
other_factual_propositions,r16_D_muD,1.0,3,3,0.021587689717610676,-0.1874995231628418,0.1267552375793457,near_zero,+,-5.747920989990234,-5.769508679707845
other_factual_propositions,r16_D_muD,2.0,3,3,0.06982310612996419,-0.3749995231628418,0.402862548828125,near_zero,+,-5.699685573577881,-5.769508679707845
other_factual_propositions,r16_D_muD,4.0,3,3,-0.03206284840901693,-0.7500004768371582,0.45943593978881836,inconclusive,-,-5.801571528116862,-5.769508679707845
other_factual_propositions,r17_D_dA,0.0,3,3,0.0,0.0,0.0,near_zero,0,-5.769508679707845,-5.769508679707845
other_factual_propositions,r17_D_dA,0.5,3,3,0.06430252393086751,-0.1249997615814209,0.38959693908691406,near_zero,+,-5.7052061557769775,-5.769508679707845
other_factual_propositions,r17_D_dA,1.0,3,3,-0.011079152425130209,-0.3500232696533203,0.6292858123779297,inconclusive,-,-5.780587832132976,-5.769508679707845
other_factual_propositions,r17_D_dA,2.0,3,3,0.012661298116048178,-0.625,0.7909517288208008,inconclusive,+,-5.756847381591797,-5.769508679707845
other_factual_propositions,r17_D_dA,4.0,3,3,-0.1697575251261393,-1.3749995231628418,0.502129077911377,inconclusive,-,-5.939266204833984,-5.769508679707845
other_factual_propositions,r17_D_muD,0.0,3,3,0.0,0.0,0.0,near_zero,0,-5.769508679707845,-5.769508679707845
other_factual_propositions,r17_D_muD,0.5,3,3,0.03210632006327311,-0.1250002384185791,0.2993440628051758,near_zero,+,-5.737402359644572,-5.769508679707845
other_factual_propositions,r17_D_muD,1.0,3,3,0.04028765360514323,-0.125,0.2557668685913086,near_zero,+,-5.729221026102702,-5.769508679707845
other_factual_propositions,r17_D_muD,2.0,3,3,0.1096962292989095,-0.1875,0.5497493743896484,inconclusive,+,-5.6598124504089355,-5.769508679707845
other_factual_propositions,r17_D_muD,4.0,3,3,0.04329411188761393,-0.3750004768371582,0.806915283203125,inconclusive,+,-5.726214567820231,-5.769508679707845
other_factual_propositions,r18_D_dA,0.0,3,3,0.0,0.0,0.0,near_zero,0,-5.769508679707845,-5.769508679707845
other_factual_propositions,r18_D_dA,0.5,3,3,-0.036432902018229164,-0.3025627136230469,0.125,near_zero,-,-5.805941581726074,-5.769508679707845
other_factual_propositions,r18_D_dA,1.0,3,3,-0.14040549596150717,-0.6313729286193848,0.21015644073486328,inconclusive,-,-5.9099141756693525,-5.769508679707845
other_factual_propositions,r18_D_dA,2.0,3,3,-0.543152650197347,-1.312767505645752,0.30830955505371094,inconclusive,-,-6.312661329905192,-5.769508679707845
other_factual_propositions,r18_D_dA,4.0,3,3,-0.8161893685658773,-1.9999995231628418,0.8627519607543945,inconclusive,-,-6.585698048273723,-5.769508679707845
other_factual_propositions,r18_D_muD,0.0,3,3,0.0,0.0,0.0,near_zero,0,-5.769508679707845,-5.769508679707845
other_factual_propositions,r18_D_muD,0.5,3,3,0.0017453829447428386,-0.1258697509765625,0.1311054229736328,near_zero,+,-5.7677632967631025,-5.769508679707845
other_factual_propositions,r18_D_muD,1.0,3,3,-0.031134525934855144,-0.27739906311035156,0.18399524688720703,near_zero,-,-5.8006432056427,-5.769508679707845
other_factual_propositions,r18_D_muD,2.0,3,3,-0.06749741236368816,-0.4006052017211914,0.13561248779296875,near_zero,-,-5.837006092071533,-5.769508679707845
other_factual_propositions,r18_D_muD,4.0,3,3,-0.362340768178304,-1.0507726669311523,0.15125083923339844,inconclusive,-,-6.131849447886149,-5.769508679707845
other_factual_propositions,r19_D_dA,0.0,3,3,0.0,0.0,0.0,near_zero,0,-5.769508679707845,-5.769508679707845
other_factual_propositions,r19_D_dA,0.5,3,3,-0.05990417798360189,-0.2500002384185791,0.16182327270507812,near_zero,-,-5.829412857691447,-5.769508679707845
other_factual_propositions,r19_D_dA,1.0,3,3,-0.19605914751688638,-0.4999997615814209,0.3121166229248047,near_zero,-,-5.9655678272247314,-5.769508679707845
other_factual_propositions,r19_D_dA,2.0,3,3,-0.3706618944803874,-1.2499995231628418,0.49553775787353516,inconclusive,-,-6.140170574188232,-5.769508679707845
other_factual_propositions,r19_D_dA,4.0,3,3,-0.6215219895044962,-1.8750001192092896,0.5496788024902344,inconclusive,-,-6.391030669212341,-5.769508679707845
other_factual_propositions,r19_D_muD,0.0,3,3,0.0,0.0,0.0,near_zero,0,-5.769508679707845,-5.769508679707845
other_factual_propositions,r19_D_muD,0.5,3,3,-0.009966691335042318,-0.0897226333618164,0.059823036193847656,near_zero,-,-5.779475371042888,-5.769508679707845
other_factual_propositions,r19_D_muD,1.0,3,3,-0.12021120389302571,-0.2001199722290039,-0.035513877868652344,near_zero,-,-5.889719883600871,-5.769508679707845
other_factual_propositions,r19_D_muD,2.0,3,3,-0.017007986704508465,-0.18875980377197266,0.32523632049560547,near_zero,-,-5.7865166664123535,-5.769508679707845
other_factual_propositions,r19_D_muD,4.0,3,3,-0.20904143651326498,-0.8749995231628418,0.6395378112792969,inconclusive,-,-5.97855011622111,-5.769508679707845
other_factual_propositions,r20_D_dA,0.0,3,3,0.0,0.0,0.0,near_zero,0,-5.769508679707845,-5.769508679707845
other_factual_propositions,r20_D_dA,0.5,3,3,-0.16407084465026855,-0.2499997615814209,-0.08570575714111328,near_zero,-,-5.933579524358113,-5.769508679707845
other_factual_propositions,r20_D_dA,1.0,3,3,-0.27657731374104816,-0.6874995231628418,-0.05738496780395508,nonzero,-,-6.0460859934488935,-5.769508679707845
other_factual_propositions,r20_D_dA,2.0,3,3,-0.5972124735514323,-1.6875,-0.0077228546142578125,nonzero,-,-6.366721153259277,-5.769508679707845
other_factual_propositions,r20_D_dA,4.0,3,3,-1.213642954826355,-3.6250001192092896,0.0994577407836914,inconclusive,-,-6.9831516345342,-5.769508679707845
other_factual_propositions,r20_D_muD,0.0,3,3,0.0,0.0,0.0,near_zero,0,-5.769508679707845,-5.769508679707845
other_factual_propositions,r20_D_muD,0.5,3,3,0.0845797061920166,-0.0624997615814209,0.2542123794555664,near_zero,+,-5.684928973515828,-5.769508679707845
other_factual_propositions,r20_D_muD,1.0,3,3,-0.049168030420939125,-0.1875002384185791,0.11567020416259766,near_zero,-,-5.818676710128784,-5.769508679707845
other_factual_propositions,r20_D_muD,2.0,3,3,-0.08675090471903484,-0.3750002384185791,0.09562110900878906,near_zero,-,-5.85625958442688,-5.769508679707845
other_factual_propositions,r20_D_muD,4.0,3,3,-0.41387160619099933,-1.1874995231628418,0.0901956558227539,inconclusive,-,-6.183380285898845,-5.769508679707845
other_factual_propositions,r21_D_dA,0.0,3,3,0.0,0.0,0.0,near_zero,0,-5.769508679707845,-5.769508679707845
other_factual_propositions,r21_D_dA,0.5,3,3,-0.05549788475036621,-0.1874997615814209,0.18354415893554688,near_zero,-,-5.825006564458211,-5.769508679707845
other_factual_propositions,r21_D_dA,1.0,3,3,-0.30867966016133624,-0.6875002384185791,-0.1100168228149414,nonzero,-,-6.078188339869182,-5.769508679707845
other_factual_propositions,r21_D_dA,2.0,3,3,-0.6060229142506918,-1.749999761581421,0.1660904884338379,inconclusive,-,-6.375531593958537,-5.769508679707845
other_factual_propositions,r21_D_dA,4.0,3,3,-0.9570143620173136,-3.0000003576278687,1.8647513389587402,inconclusive,-,-6.726523041725159,-5.769508679707845
other_factual_propositions,r21_D_muD,0.0,3,3,0.0,0.0,0.0,near_zero,0,-5.769508679707845,-5.769508679707845
other_factual_propositions,r21_D_muD,0.5,3,3,-0.028657277425130207,-0.3404364585876465,0.25446510314941406,near_zero,-,-5.798165957132976,-5.769508679707845
other_factual_propositions,r21_D_muD,1.0,3,3,-0.0001125335693359375,-0.1399850845336914,0.2646474838256836,near_zero,-,-5.769621213277181,-5.769508679707845
other_factual_propositions,r21_D_muD,2.0,3,3,-0.19375952084859213,-0.3750002384185791,0.009073257446289062,near_zero,-,-5.9632682005564375,-5.769508679707845
other_factual_propositions,r21_D_muD,4.0,3,3,-0.3789184093475342,-1.125000238418579,0.009084701538085938,inconclusive,-,-6.148427089055379,-5.769508679707845
other_factual_propositions,r22_D_dA,0.0,3,3,0.0,0.0,0.0,near_zero,0,-5.769508679707845,-5.769508679707845
other_factual_propositions,r22_D_dA,0.5,3,3,-0.18688106536865234,-0.5000004768371582,0.1332721710205078,inconclusive,-,-5.956389745076497,-5.769508679707845
other_factual_propositions,r22_D_dA,1.0,3,3,-0.30325667063395184,-1.2499995231628418,0.3533658981323242,inconclusive,-,-6.072765350341797,-5.769508679707845
other_factual_propositions,r22_D_dA,2.0,3,3,-0.8637479146321615,-3.0,0.4874420166015625,inconclusive,-,-6.633256594340007,-5.769508679707845
other_factual_propositions,r22_D_dA,4.0,3,3,-0.750517209370931,-4.3125,1.0429372787475586,inconclusive,-,-6.520025889078776,-5.769508679707845
other_factual_propositions,r22_D_muD,0.0,3,3,0.0,0.0,0.0,near_zero,0,-5.769508679707845,-5.769508679707845
other_factual_propositions,r22_D_muD,0.5,3,3,0.017195383707682293,-0.1875004768371582,0.26352691650390625,near_zero,+,-5.752313296000163,-5.769508679707845
other_factual_propositions,r22_D_muD,1.0,3,3,-0.04701582590738932,-0.3125004768371582,0.24077701568603516,near_zero,-,-5.816524505615234,-5.769508679707845
other_factual_propositions,r22_D_muD,2.0,3,3,-0.29245726267496747,-0.9374995231628418,0.2514362335205078,inconclusive,-,-6.0619659423828125,-5.769508679707845
other_factual_propositions,r22_D_muD,4.0,3,3,-0.5762070814768473,-2.124999761581421,0.37285614013671875,inconclusive,-,-6.345715761184692,-5.769508679707845
implanted_completion_preference,dA_D,0.0,4,4,0.0,0.0,0.0,near_zero,0,-0.37500010058283806,-0.37500010058283806
implanted_completion_preference,dA_D,0.5,4,4,0.15625005215406418,0.0625,0.25000010430812836,near_zero,+,-0.21875004842877388,-0.37500010058283806
implanted_completion_preference,dA_D,1.0,4,4,0.312500037252903,-0.062499962747097015,0.5000001937150955,inconclusive,+,-0.06250006332993507,-0.37500010058283806
implanted_completion_preference,dA_D,2.0,4,4,0.5000000707805157,-0.0937497615814209,0.8437498323619366,inconclusive,+,0.12499997019767761,-0.37500010058283806
implanted_completion_preference,dA_D,4.0,4,4,0.7500001452863216,0.18750011920928955,1.2499999329447746,nonzero,+,0.3750000447034836,-0.37500010058283806
implanted_completion_preference,dA_D_matched_muD,0.0,4,4,0.0,0.0,0.0,near_zero,0,-0.37500010058283806,-0.37500010058283806
implanted_completion_preference,dA_D_matched_muD,0.5,4,4,0.06250005960464478,0.0,0.12500011920928955,near_zero,+,-0.3125000409781933,-0.37500010058283806
implanted_completion_preference,dA_D_matched_muD,1.0,4,4,0.12500007078051567,0.03125018998980522,0.21875011920928955,near_zero,+,-0.2500000298023224,-0.37500010058283806
implanted_completion_preference,dA_D_matched_muD,2.0,4,4,0.21875009313225746,2.123415470123291e-07,0.3750001862645149,nonzero,+,-0.1562500074505806,-0.37500010058283806
implanted_completion_preference,dA_D_matched_muD,4.0,4,4,0.40625008195638657,-0.0312497615814209,0.6875,inconclusive,+,0.031249981373548508,-0.37500010058283806
implanted_completion_preference,muD_D,0.0,4,4,0.0,0.0,0.0,near_zero,0,-0.37500010058283806,-0.37500010058283806
implanted_completion_preference,muD_D,0.5,4,4,0.03125011920928955,-0.06250011920928955,0.1250002384185791,near_zero,+,-0.3437499813735485,-0.37500010058283806
implanted_completion_preference,muD_D,1.0,4,4,7.82310962677002e-08,-0.09375011920928955,0.09375011548399925,near_zero,+,-0.3750000223517418,-0.37500010058283806
implanted_completion_preference,muD_D,2.0,4,4,7.450580596923828e-08,-0.09375011920928955,0.09375022351741791,near_zero,+,-0.3750000260770321,-0.37500010058283806
implanted_completion_preference,muD_D,4.0,4,4,-0.062499891966581345,-0.25,0.21875020489096642,near_zero,-,-0.4374999925494194,-0.37500010058283806
implanted_completion_preference,muD_D_matched_dA,0.0,4,4,0.0,0.0,0.0,near_zero,0,-0.37500010058283806,-0.37500010058283806
implanted_completion_preference,muD_D_matched_dA,0.5,4,4,0.03125007450580597,-2.384185791015625e-07,0.09375010430812836,near_zero,+,-0.3437500260770321,-0.37500010058283806
implanted_completion_preference,muD_D_matched_dA,1.0,4,4,6.332993507385254e-08,-0.18750011920928955,0.2500001899898052,near_zero,+,-0.375000037252903,-0.37500010058283806
implanted_completion_preference,muD_D_matched_dA,2.0,4,4,-0.12499988451600075,-0.4999997615814209,0.31250010803341866,near_zero,-,-0.4999999850988388,-0.37500010058283806
implanted_completion_preference,muD_D_matched_dA,4.0,4,4,-0.2343749962747097,-2.078125,1.2500001303851604,inconclusive,-,-0.6093750968575478,-0.37500010058283806
implanted_completion_preference,muD_P,0.0,4,4,0.0,0.0,0.0,near_zero,0,-0.37500010058283806,-0.37500010058283806
implanted_completion_preference,muD_P,0.5,4,4,8.568167686462402e-08,-0.09375011920928955,0.0937502570450306,near_zero,+,-0.3750000149011612,-0.37500010058283806
implanted_completion_preference,muD_P,1.0,4,4,0.09375003725290298,-0.0625,0.2812500521540642,near_zero,+,-0.2812500633299351,-0.37500010058283806
implanted_completion_preference,muD_P,2.0,4,4,0.06250007823109627,-0.3437497615814209,0.4687499962747097,near_zero,+,-0.3125000223517418,-0.37500010058283806
implanted_completion_preference,muD_P,4.0,4,4,-0.015624899417161942,-1.203124761581421,0.9687500633299351,inconclusive,-,-0.390625,-0.37500010058283806
implanted_completion_preference,muD_P_plus_dA_D,0.0,4,4,0.0,0.0,0.0,near_zero,0,-0.37500010058283806,-0.37500010058283806
implanted_completion_preference,muD_P_plus_dA_D,0.5,4,4,0.15625010058283806,-0.031249701976776123,0.31250032037496567,near_zero,+,-0.21875,-0.37500010058283806
implanted_completion_preference,muD_P_plus_dA_D,1.0,4,4,0.21875005960464478,-0.2812498211860657,0.5625001192092896,inconclusive,+,-0.15625004097819328,-0.37500010058283806
implanted_completion_preference,muD_P_plus_dA_D,2.0,4,4,0.28125015646219254,-0.9374997019767761,1.0937500521540642,inconclusive,+,-0.09374994412064552,-0.37500010058283806
implanted_completion_preference,muD_P_plus_dA_D,4.0,4,4,0.3124999888241291,-2.0156248807907104,2.234375085681677,inconclusive,+,-0.06250011175870895,-0.37500010058283806
implanted_completion_preference,dConc_D_matched_dA,0.0,4,4,0.0,0.0,0.0,near_zero,0,-0.37500010058283806,-0.37500010058283806
implanted_completion_preference,dConc_D_matched_dA,0.5,4,4,-0.06250000558793545,-0.281250124797225,0.09375,near_zero,-,-0.4375001061707735,-0.37500010058283806
implanted_completion_preference,dConc_D_matched_dA,1.0,4,4,-0.21875005215406418,-0.5000002980232239,0.03125002235174179,inconclusive,-,-0.5937501527369022,-0.37500010058283806
implanted_completion_preference,dConc_D_matched_dA,2.0,4,4,-0.4374997802078724,-1.093750238418579,0.09375042095780373,inconclusive,-,-0.8124998807907104,-0.37500010058283806
implanted_completion_preference,dConc_D_matched_dA,4.0,4,4,-0.984374787658453,-1.78125,1.601874828338623e-07,inconclusive,-,-1.359374888241291,-0.37500010058283806
implanted_completion_preference,dConc_D_native,0.0,4,4,0.0,0.0,0.0,near_zero,0,-0.37500010058283806,-0.37500010058283806
implanted_completion_preference,dConc_D_native,0.5,4,4,-0.15624995157122612,-0.40625011920928955,0.06250002607703209,near_zero,-,-0.5312500521540642,-0.37500010058283806
implanted_completion_preference,dConc_D_native,1.0,4,4,-0.3437499552965164,-0.8125001192092896,0.0937500149011612,inconclusive,-,-0.7187500558793545,-0.37500010058283806
implanted_completion_preference,dConc_D_native,2.0,4,4,-0.7187498286366463,-1.4374999403953552,0.03125021606683731,inconclusive,-,-1.0937499292194843,-0.37500010058283806
implanted_completion_preference,dConc_D_native,4.0,4,4,-1.359374988824129,-2.3281249403953552,0.1562499739229679,inconclusive,-,-1.7343750894069672,-0.37500010058283806
implanted_completion_preference,muD_PD_F4S,0.0,4,4,0.0,0.0,0.0,near_zero,0,-0.37500010058283806,-0.37500010058283806
implanted_completion_preference,muD_PD_F4S,0.5,4,4,8.568167686462402e-08,-0.09375011920928955,0.0937502570450306,near_zero,+,-0.3750000149011612,-0.37500010058283806
implanted_completion_preference,muD_PD_F4S,1.0,4,4,0.09375003725290298,-0.0625,0.2812500521540642,near_zero,+,-0.2812500633299351,-0.37500010058283806
implanted_completion_preference,muD_PD_F4S,2.0,4,4,0.06250007823109627,-0.3437497615814209,0.4687499962747097,near_zero,+,-0.3125000223517418,-0.37500010058283806
implanted_completion_preference,muD_PD_F4S,4.0,4,4,-0.015624899417161942,-1.203124761581421,0.9687500633299351,inconclusive,-,-0.390625,-0.37500010058283806
implanted_completion_preference,r0_D_dA,0.0,4,4,0.0,0.0,0.0,near_zero,0,-0.37500010058283806,-0.37500010058283806
implanted_completion_preference,r0_D_dA,0.5,4,4,-0.09374984353780746,-0.12500011920928955,-0.03124970942735672,near_zero,-,-0.4687499441206455,-0.37500010058283806
implanted_completion_preference,r0_D_dA,1.0,4,4,-0.21874982491135597,-0.3437495827674866,-0.0625000111758709,nonzero,-,-0.593749925494194,-0.37500010058283806
implanted_completion_preference,r0_D_dA,2.0,4,4,-0.5624998398125172,-0.8125,-0.31249967962503433,nonzero,-,-0.9374999403953552,-0.37500010058283806
implanted_completion_preference,r0_D_dA,4.0,4,4,-0.4062499590218067,-1.0625001192092896,0.3437500037252903,inconclusive,-,-0.7812500596046448,-0.37500010058283806
implanted_completion_preference,r0_D_muD,0.0,4,4,0.0,0.0,0.0,near_zero,0,-0.37500010058283806,-0.37500010058283806
implanted_completion_preference,r0_D_muD,0.5,4,4,0.0312502458691597,1.1920928955078125e-07,0.09375026077032089,near_zero,+,-0.34374985471367836,-0.37500010058283806
implanted_completion_preference,r0_D_muD,1.0,4,4,-0.031249821186065674,-0.09374994039535522,3.5762786865234375e-07,near_zero,-,-0.40624992176890373,-0.37500010058283806
implanted_completion_preference,r0_D_muD,2.0,4,4,-0.18749980628490448,-0.24999988079071045,-0.06249989569187164,near_zero,-,-0.5624999068677425,-0.37500010058283806
implanted_completion_preference,r0_D_muD,4.0,4,4,-0.31249990314245224,-0.5312497615814209,-0.09374994784593582,nonzero,-,-0.6875000037252903,-0.37500010058283806
implanted_completion_preference,r1_D_dA,0.0,4,4,0.0,0.0,0.0,near_zero,0,-0.37500010058283806,-0.37500010058283806
implanted_completion_preference,r1_D_dA,0.5,4,4,2.2351741790771484e-08,-0.12500011920928955,0.12500016391277313,near_zero,+,-0.37500007823109627,-0.37500010058283806
implanted_completion_preference,r1_D_dA,1.0,4,4,-0.09374994412064552,-0.3125,0.1250002384185791,near_zero,-,-0.4687500447034836,-0.37500010058283806
implanted_completion_preference,r1_D_dA,2.0,4,4,-0.3437499515712261,-0.6875001192092896,0.0312502384185791,inconclusive,-,-0.7187500521540642,-0.37500010058283806
implanted_completion_preference,r1_D_dA,4.0,4,4,-0.4687499590218067,-0.8125001564621925,0.09375016018748283,inconclusive,-,-0.8437500596046448,-0.37500010058283806
implanted_completion_preference,r1_D_muD,0.0,4,4,0.0,0.0,0.0,near_zero,0,-0.37500010058283806,-0.37500010058283806
implanted_completion_preference,r1_D_muD,0.5,4,4,0.031250085681676865,-1.1920928955078125e-07,0.09375020489096642,near_zero,+,-0.3437500149011612,-0.37500010058283806
implanted_completion_preference,r1_D_muD,1.0,4,4,-0.03125005215406418,-0.18750035017728806,0.09375017881393433,near_zero,-,-0.40625015273690224,-0.37500010058283806
implanted_completion_preference,r1_D_muD,2.0,4,4,-0.031249940395355225,-0.18750011920928955,0.1250002384185791,near_zero,-,-0.4062500409781933,-0.37500010058283806
implanted_completion_preference,r1_D_muD,4.0,4,4,-0.18749992549419403,-0.5,0.12500014901161194,near_zero,-,-0.5625000260770321,-0.37500010058283806
implanted_completion_preference,r2_D_dA,0.0,4,4,0.0,0.0,0.0,near_zero,0,-0.37500010058283806,-0.37500010058283806
implanted_completion_preference,r2_D_dA,0.5,4,4,0.03125020116567612,-0.09374973922967911,0.18750017881393433,near_zero,+,-0.34374989941716194,-0.37500010058283806
implanted_completion_preference,r2_D_dA,1.0,4,4,7.636845111846924e-08,-0.18749984726309776,0.1875,near_zero,+,-0.37500002421438694,-0.37500010058283806
implanted_completion_preference,r2_D_dA,2.0,4,4,-0.09374991059303284,-0.5624998807907104,0.40625008940696716,inconclusive,-,-0.4687500111758709,-0.37500010058283806
implanted_completion_preference,r2_D_dA,4.0,4,4,0.03125004097819328,-0.8125,0.8906250037252903,inconclusive,+,-0.3437500596046448,-0.37500010058283806
implanted_completion_preference,r2_D_muD,0.0,4,4,0.0,0.0,0.0,near_zero,0,-0.37500010058283806,-0.37500010058283806
implanted_completion_preference,r2_D_muD,0.5,4,4,1.7881393432617188e-07,-0.09374988079071045,0.09375029802322388,near_zero,+,-0.37499992176890373,-0.37500010058283806
implanted_completion_preference,r2_D_muD,1.0,4,4,0.031250057741999626,-0.09374976344406605,0.18750005960464478,near_zero,+,-0.34375004284083843,-0.37500010058283806
implanted_completion_preference,r2_D_muD,2.0,4,4,0.03125014528632164,-0.18749982863664627,0.2500002644956112,near_zero,+,-0.3437499552965164,-0.37500010058283806
implanted_completion_preference,r2_D_muD,4.0,4,4,0.03125031851232052,-0.31249960139393806,0.3750002384185791,near_zero,+,-0.34374978207051754,-0.37500010058283806
implanted_completion_preference,r3_D_dA,0.0,4,4,0.0,0.0,0.0,near_zero,0,-0.37500010058283806,-0.37500010058283806
implanted_completion_preference,r3_D_dA,0.5,4,4,1.2665987014770508e-07,-0.1874997541308403,0.18750011920928955,near_zero,+,-0.3749999739229679,-0.37500010058283806
implanted_completion_preference,r3_D_dA,1.0,4,4,-0.06249990873038769,-0.18749994039535522,0.06250027008354664,near_zero,-,-0.43750000931322575,-0.37500010058283806
implanted_completion_preference,r3_D_dA,2.0,4,4,0.03125001862645149,-0.12499984353780746,0.18749988079071045,near_zero,+,-0.34375008195638657,-0.37500010058283806
implanted_completion_preference,r3_D_dA,4.0,4,4,0.06250009685754776,-0.31249988079071045,0.3125002160668373,near_zero,+,-0.3125000037252903,-0.37500010058283806
implanted_completion_preference,r3_D_muD,0.0,4,4,0.0,0.0,0.0,near_zero,0,-0.37500010058283806,-0.37500010058283806
implanted_completion_preference,r3_D_muD,0.5,4,4,-0.031249921768903732,-0.12500011920928955,0.06250035762786865,near_zero,-,-0.4062500223517418,-0.37500010058283806
implanted_completion_preference,r3_D_muD,1.0,4,4,-0.031249992549419403,-0.0937499925494194,1.341104507446289e-07,near_zero,-,-0.40625009313225746,-0.37500010058283806
implanted_completion_preference,r3_D_muD,2.0,4,4,-0.06250001676380634,-0.18749994039535522,0.06250016205012798,near_zero,-,-0.4375001173466444,-0.37500010058283806
implanted_completion_preference,r3_D_muD,4.0,4,4,-0.09374993294477463,-0.24999986588954926,0.0625,near_zero,-,-0.4687500335276127,-0.37500010058283806
implanted_completion_preference,r4_D_dA,0.0,4,4,0.0,0.0,0.0,near_zero,0,-0.37500010058283806,-0.37500010058283806
implanted_completion_preference,r4_D_dA,0.5,4,4,0.218749875202775,0.062499869614839554,0.37499988079071045,nonzero,+,-0.15625022538006306,-0.37500010058283806
implanted_completion_preference,r4_D_dA,1.0,4,4,0.3437501098960638,-1.862645149230957e-08,0.6875002384185791,inconclusive,+,-0.031249990686774254,-0.37500010058283806
implanted_completion_preference,r4_D_dA,2.0,4,4,0.6250001676380634,0.18749985843896866,1.0625004768371582,nonzero,+,0.2500000670552254,-0.37500010058283806
implanted_completion_preference,r4_D_dA,4.0,4,4,0.8906251080334187,0.1093752272427082,2.0625001192092896,nonzero,+,0.5156250074505806,-0.37500010058283806
implanted_completion_preference,r4_D_muD,0.0,4,4,0.0,0.0,0.0,near_zero,0,-0.37500010058283806,-0.37500010058283806
implanted_completion_preference,r4_D_muD,0.5,4,4,0.06250002980232239,-5.960464477539063e-08,0.12500011920928955,near_zero,+,-0.31250007078051567,-0.37500010058283806
implanted_completion_preference,r4_D_muD,1.0,4,4,0.12500008009374142,4.0978193283081055e-08,0.25000011920928955,near_zero,+,-0.25000002048909664,-0.37500010058283806
implanted_completion_preference,r4_D_muD,2.0,4,4,0.2812501285225153,0.06250001862645149,0.5000002384185791,nonzero,+,-0.09374997206032276,-0.37500010058283806
implanted_completion_preference,r4_D_muD,4.0,4,4,0.5000001899898052,0.18749990314245224,0.8125004768371582,nonzero,+,0.12500008940696716,-0.37500010058283806
implanted_completion_preference,r5_D_dA,0.0,4,4,0.0,0.0,0.0,near_zero,0,-0.37500010058283806,-0.37500010058283806
implanted_completion_preference,r5_D_dA,0.5,4,4,-0.12500006519258022,-0.21875035762786865,-0.031249837949872017,near_zero,-,-0.5000001657754183,-0.37500010058283806
implanted_completion_preference,r5_D_dA,1.0,4,4,-0.12499989569187164,-0.3125,0.06250020861625671,near_zero,-,-0.4999999962747097,-0.37500010058283806
implanted_completion_preference,r5_D_dA,2.0,4,4,-0.2812499776482582,-0.7500002384185791,0.18750028312206268,inconclusive,-,-0.6562500782310963,-0.37500010058283806
implanted_completion_preference,r5_D_dA,4.0,4,4,-0.24999979510903358,-1.312499761581421,0.9062503576278687,inconclusive,-,-0.6249998956918716,-0.37500010058283806
implanted_completion_preference,r5_D_muD,0.0,4,4,0.0,0.0,0.0,near_zero,0,-0.37500010058283806,-0.37500010058283806
implanted_completion_preference,r5_D_muD,0.5,4,4,-0.031249959021806717,-0.09375011920928955,2.384185791015625e-07,near_zero,-,-0.4062500596046448,-0.37500010058283806
implanted_completion_preference,r5_D_muD,1.0,4,4,-0.06249986216425896,-0.125,2.7567148208618164e-07,near_zero,-,-0.437499962747097,-0.37500010058283806
implanted_completion_preference,r5_D_muD,2.0,4,4,-0.12499988079071045,-0.25,0.0312502384185791,near_zero,-,-0.4999999813735485,-0.37500010058283806
implanted_completion_preference,r5_D_muD,4.0,4,4,-0.2499999813735485,-0.5625001192092896,0.06250015646219254,inconclusive,-,-0.6250000819563866,-0.37500010058283806
implanted_completion_preference,r6_D_dA,0.0,4,4,0.0,0.0,0.0,near_zero,0,-0.37500010058283806,-0.37500010058283806
implanted_completion_preference,r6_D_dA,0.5,4,4,-0.03124985098838806,-0.18750005960464478,0.09375014901161194,near_zero,-,-0.4062499515712261,-0.37500010058283806
implanted_completion_preference,r6_D_dA,1.0,4,4,-0.031249776482582092,-0.25000013411045074,0.12500044703483582,near_zero,-,-0.40624987706542015,-0.37500010058283806
implanted_completion_preference,r6_D_dA,2.0,4,4,-0.2187500037252903,-0.5625002980232239,0.0625002309679985,inconclusive,-,-0.5937501043081284,-0.37500010058283806
implanted_completion_preference,r6_D_dA,4.0,4,4,-0.7968749739229679,-1.2812498807907104,-0.07812480255961418,nonzero,-,-1.171875074505806,-0.37500010058283806
implanted_completion_preference,r6_D_muD,0.0,4,4,0.0,0.0,0.0,near_zero,0,-0.37500010058283806,-0.37500010058283806
implanted_completion_preference,r6_D_muD,0.5,4,4,0.031250134110450745,2.9802322387695312e-08,0.09375019371509552,near_zero,+,-0.3437499664723873,-0.37500010058283806
implanted_completion_preference,r6_D_muD,1.0,4,4,-0.06249992363154888,-0.125,1.5273690223693848e-07,near_zero,-,-0.43750002421438694,-0.37500010058283806
implanted_completion_preference,r6_D_muD,2.0,4,4,-0.03124980255961418,-0.1875,0.12500039488077164,near_zero,-,-0.40624990314245224,-0.37500010058283806
implanted_completion_preference,r6_D_muD,4.0,4,4,-0.09375006705522537,-0.3437502384185791,0.12499986588954926,near_zero,-,-0.46875016763806343,-0.37500010058283806
implanted_completion_preference,r7_D_dA,0.0,4,4,0.0,0.0,0.0,near_zero,0,-0.37500010058283806,-0.37500010058283806
implanted_completion_preference,r7_D_dA,0.5,4,4,0.1875000260770321,2.905726432800293e-07,0.37499990686774254,near_zero,+,-0.18750007450580597,-0.37500010058283806
implanted_completion_preference,r7_D_dA,1.0,4,4,0.2812501434236765,0.06250028684735298,0.5000002384185791,nonzero,+,-0.09374995715916157,-0.37500010058283806
implanted_completion_preference,r7_D_dA,2.0,4,4,0.6875001173466444,0.25000011548399925,1.2187504172325134,nonzero,+,0.31250001676380634,-0.37500010058283806
implanted_completion_preference,r7_D_dA,4.0,4,4,1.1406252328306437,0.6562501024454832,2.0468755960464478,nonzero,+,0.7656251322478056,-0.37500010058283806
implanted_completion_preference,r7_D_muD,0.0,4,4,0.0,0.0,0.0,near_zero,0,-0.37500010058283806,-0.37500010058283806
implanted_completion_preference,r7_D_muD,0.5,4,4,0.06250003725290298,1.9371509552001953e-07,0.12499988079071045,near_zero,+,-0.3125000633299351,-0.37500010058283806
implanted_completion_preference,r7_D_muD,1.0,4,4,0.06250014156103134,-0.0624999925494194,0.18750041723251343,near_zero,+,-0.3124999590218067,-0.37500010058283806
implanted_completion_preference,r7_D_muD,2.0,4,4,0.25000004656612873,0.06249990127980709,0.5000002384185791,nonzero,+,-0.12500005401670933,-0.37500010058283806
implanted_completion_preference,r7_D_muD,4.0,4,4,0.5312500409781933,0.18750032037496567,0.9062499403953552,nonzero,+,0.15624994039535522,-0.37500010058283806
implanted_completion_preference,r8_D_dA,0.0,4,4,0.0,0.0,0.0,near_zero,0,-0.37500010058283806,-0.37500010058283806
implanted_completion_preference,r8_D_dA,0.5,4,4,-0.09374989941716194,-0.2812499590218067,2.0116567611694336e-07,near_zero,-,-0.46875,-0.37500010058283806
implanted_completion_preference,r8_D_dA,1.0,4,4,-0.21874981187283993,-0.4062499403953552,-0.12499973364174366,nonzero,-,-0.593749912455678,-0.37500010058283806
implanted_completion_preference,r8_D_dA,2.0,4,4,-0.37499972619116306,-0.6250001434236765,-0.12499946355819702,nonzero,-,-0.7499998267740011,-0.37500010058283806
implanted_completion_preference,r8_D_dA,4.0,4,4,-0.9062498603016138,-1.1249998807907104,-0.6874998398125172,nonzero,-,-1.2812499608844519,-0.37500010058283806
implanted_completion_preference,r8_D_muD,0.0,4,4,0.0,0.0,0.0,near_zero,0,-0.37500010058283806,-0.37500010058283806
implanted_completion_preference,r8_D_muD,0.5,4,4,-0.03124988079071045,-0.09375011920928955,3.5762786865234375e-07,near_zero,-,-0.4062499813735485,-0.37500010058283806
implanted_completion_preference,r8_D_muD,1.0,4,4,-0.06249986216425896,-0.18750010058283806,3.948807716369629e-07,near_zero,-,-0.437499962747097,-0.37500010058283806
implanted_completion_preference,r8_D_muD,2.0,4,4,-0.156249787658453,-0.3125000596046448,-0.03124966099858284,near_zero,-,-0.531249888241291,-0.37500010058283806
implanted_completion_preference,r8_D_muD,4.0,4,4,-0.34374979697167873,-0.6250000949949026,-0.09374970197677612,nonzero,-,-0.7187498975545168,-0.37500010058283806
implanted_completion_preference,r9_D_dA,0.0,4,4,0.0,0.0,0.0,near_zero,0,-0.37500010058283806,-0.37500010058283806
implanted_completion_preference,r9_D_dA,0.5,4,4,0.0312501285225153,-1.0989606380462646e-07,0.0937502384185791,near_zero,+,-0.34374997206032276,-0.37500010058283806
implanted_completion_preference,r9_D_dA,1.0,4,4,2.1420419216156006e-07,-0.18749969080090523,0.18750011920928955,near_zero,+,-0.3749998863786459,-0.37500010058283806
implanted_completion_preference,r9_D_dA,2.0,4,4,-0.24999982863664627,-0.7499996423721313,0.1250002384185791,inconclusive,-,-0.6249999292194843,-0.37500010058283806
implanted_completion_preference,r9_D_dA,4.0,4,4,0.04687510058283806,-1.6875001192092896,1.6718751825392246,inconclusive,+,-0.328125,-0.37500010058283806
implanted_completion_preference,r9_D_muD,0.0,4,4,0.0,0.0,0.0,near_zero,0,-0.37500010058283806,-0.37500010058283806
implanted_completion_preference,r9_D_muD,0.5,4,4,0.06250007450580597,-8.940696716308594e-08,0.1250002384185791,near_zero,+,-0.3125000260770321,-0.37500010058283806
implanted_completion_preference,r9_D_muD,1.0,4,4,-1.862645149230957e-09,-0.09374994225800037,0.09374994039535522,near_zero,-,-0.3750001024454832,-0.37500010058283806
implanted_completion_preference,r9_D_muD,2.0,4,4,8.568167686462402e-08,-0.12499982863664627,0.125,near_zero,+,-0.3750000149011612,-0.37500010058283806
implanted_completion_preference,r9_D_muD,4.0,4,4,-0.062499891966581345,-0.3124997839331627,0.1875,near_zero,-,-0.4374999925494194,-0.37500010058283806
implanted_completion_preference,r10_D_dA,0.0,4,4,0.0,0.0,0.0,near_zero,0,-0.37500010058283806,-0.37500010058283806
implanted_completion_preference,r10_D_dA,0.5,4,4,0.06250020861625671,3.5762786865234375e-07,0.12500005960464478,near_zero,+,-0.31249989196658134,-0.37500010058283806
implanted_completion_preference,r10_D_dA,1.0,4,4,-0.031249862164258957,-0.1874997615814209,0.15624989941716194,near_zero,-,-0.406249962747097,-0.37500010058283806
implanted_completion_preference,r10_D_dA,2.0,4,4,-0.03124992921948433,-0.37499975040555,0.3437498211860657,near_zero,-,-0.4062500298023224,-0.37500010058283806
implanted_completion_preference,r10_D_dA,4.0,4,4,-0.2656248062849045,-1.2187495231628418,0.6874999105930328,inconclusive,-,-0.6406249068677425,-0.37500010058283806
implanted_completion_preference,r10_D_muD,0.0,4,4,0.0,0.0,0.0,near_zero,0,-0.37500010058283806,-0.37500010058283806
implanted_completion_preference,r10_D_muD,0.5,4,4,1.1175870895385742e-07,-1.1920928955078125e-07,2.384185791015625e-07,near_zero,+,-0.3749999888241291,-0.37500010058283806
implanted_completion_preference,r10_D_muD,1.0,4,4,0.03125021606683731,-0.06249988079071045,0.12500007450580597,near_zero,+,-0.34374988451600075,-0.37500010058283806
implanted_completion_preference,r10_D_muD,2.0,4,4,0.03125004097819328,-0.06249988079071045,0.12499984353780746,near_zero,+,-0.3437500596046448,-0.37500010058283806
implanted_completion_preference,r10_D_muD,4.0,4,4,-0.031249893829226494,-0.2812497615814209,0.1874998677521944,near_zero,-,-0.40624999441206455,-0.37500010058283806
implanted_completion_preference,r11_D_dA,0.0,4,4,0.0,0.0,0.0,near_zero,0,-0.37500010058283806,-0.37500010058283806
implanted_completion_preference,r11_D_dA,0.5,4,4,-0.0624997578561306,-0.1249997541308403,2.384185791015625e-07,near_zero,-,-0.43749985843896866,-0.37500010058283806
implanted_completion_preference,r11_D_dA,1.0,4,4,-0.28124989196658134,-0.4374999739229679,-0.15624994039535522,nonzero,-,-0.6562499925494194,-0.37500010058283806
implanted_completion_preference,r11_D_dA,2.0,4,4,-0.4687499441206455,-0.6562499515712261,-0.3125,nonzero,-,-0.8437500447034836,-0.37500010058283806
implanted_completion_preference,r11_D_dA,4.0,4,4,-0.6093748826533556,-1.2187497653067112,0.0781252384185791,inconclusive,-,-0.9843749832361937,-0.37500010058283806
implanted_completion_preference,r11_D_muD,0.0,4,4,0.0,0.0,0.0,near_zero,0,-0.37500010058283806,-0.37500010058283806
implanted_completion_preference,r11_D_muD,0.5,4,4,4.6566128730773926e-08,-0.09374983422458172,0.09375011920928955,near_zero,+,-0.3750000540167093,-0.37500010058283806
implanted_completion_preference,r11_D_muD,1.0,4,4,-0.09374992363154888,-0.12500011920928955,-0.03124980442225933,near_zero,-,-0.46875002421438694,-0.37500010058283806
implanted_completion_preference,r11_D_muD,2.0,4,4,-0.21874995529651642,-0.37499991059303284,-0.0625,nonzero,-,-0.5937500558793545,-0.37500010058283806
implanted_completion_preference,r11_D_muD,4.0,4,4,-0.4062497913837433,-0.5624997019767761,-0.21875011920928955,nonzero,-,-0.7812498919665813,-0.37500010058283806
implanted_completion_preference,r12_D_dA,0.0,4,4,0.0,0.0,0.0,near_zero,0,-0.37500010058283806,-0.37500010058283806
implanted_completion_preference,r12_D_dA,0.5,4,4,2.60770320892334e-08,-1.5273690223693848e-07,1.7881393432617188e-07,near_zero,+,-0.37500007450580597,-0.37500010058283806
implanted_completion_preference,r12_D_dA,1.0,4,4,0.09375007450580597,0.03125019371509552,0.12500014901161194,near_zero,+,-0.2812500260770321,-0.37500010058283806
implanted_completion_preference,r12_D_dA,2.0,4,4,0.12500005215406418,-0.12499988079071045,0.31250017136335373,near_zero,+,-0.2500000484287739,-0.37500010058283806
implanted_completion_preference,r12_D_dA,4.0,4,4,-0.09374987334012985,-1.2187497541308403,0.8125001192092896,inconclusive,-,-0.4687499739229679,-0.37500010058283806
implanted_completion_preference,r12_D_muD,0.0,4,4,0.0,0.0,0.0,near_zero,0,-0.37500010058283806,-0.37500010058283806
implanted_completion_preference,r12_D_muD,0.5,4,4,0.03125018998980522,7.078051567077637e-08,0.0937502384185791,near_zero,+,-0.34374991059303284,-0.37500010058283806
implanted_completion_preference,r12_D_muD,1.0,4,4,0.03125017136335373,-1.1920928955078125e-07,0.09375040978193283,near_zero,+,-0.34374992921948433,-0.37500010058283806
implanted_completion_preference,r12_D_muD,2.0,4,4,0.06250005587935448,2.384185791015625e-07,0.12499987334012985,near_zero,+,-0.3125000447034836,-0.37500010058283806
implanted_completion_preference,r12_D_muD,4.0,4,4,0.09375005587935448,-0.06249982491135597,0.21875011920928955,near_zero,+,-0.2812500447034836,-0.37500010058283806
implanted_completion_preference,r13_D_dA,0.0,4,4,0.0,0.0,0.0,near_zero,0,-0.37500010058283806,-0.37500010058283806
implanted_completion_preference,r13_D_dA,0.5,4,4,6.891787052154541e-08,-0.12499986216425896,0.125,near_zero,+,-0.37500003166496754,-0.37500010058283806
implanted_completion_preference,r13_D_dA,1.0,4,4,-0.03124994970858097,-0.31249989941716194,0.25,near_zero,-,-0.40625005029141903,-0.37500010058283806
implanted_completion_preference,r13_D_dA,2.0,4,4,0.12500010058283806,-0.49999991804361343,0.7500001192092896,inconclusive,+,-0.25,-0.37500010058283806
implanted_completion_preference,r13_D_dA,4.0,4,4,1.4062500409781933,0.3750002384185791,2.9062500037252903,nonzero,+,1.0312499403953552,-0.37500010058283806
implanted_completion_preference,r13_D_muD,0.0,4,4,0.0,0.0,0.0,near_zero,0,-0.37500010058283806,-0.37500010058283806
implanted_completion_preference,r13_D_muD,0.5,4,4,0.03125014528632164,-9.313225746154785e-08,0.0937502384185791,near_zero,+,-0.3437499552965164,-0.37500010058283806
implanted_completion_preference,r13_D_muD,1.0,4,4,0.031249962747097015,-0.06250005215406418,0.1249997615814209,near_zero,+,-0.34375013783574104,-0.37500010058283806
implanted_completion_preference,r13_D_muD,2.0,4,4,0.03125009872019291,-0.18749980255961418,0.25,near_zero,+,-0.34375000186264515,-0.37500010058283806
implanted_completion_preference,r13_D_muD,4.0,4,4,0.06250008940696716,-0.3124998211860657,0.4375,near_zero,+,-0.3125000111758709,-0.37500010058283806
implanted_completion_preference,r14_D_dA,0.0,4,4,0.0,0.0,0.0,near_zero,0,-0.37500010058283806,-0.37500010058283806
implanted_completion_preference,r14_D_dA,0.5,4,4,0.2187502682209015,0.06250038743019104,0.34375035762786865,nonzero,+,-0.15624983236193657,-0.37500010058283806
implanted_completion_preference,r14_D_dA,1.0,4,4,0.28125014901161194,0.0312502384185791,0.5,nonzero,+,-0.09374995157122612,-0.37500010058283806
implanted_completion_preference,r14_D_dA,2.0,4,4,0.37500009685754776,-0.18749988079071045,0.75,inconclusive,+,-3.725290298461914e-09,-0.37500010058283806
implanted_completion_preference,r14_D_dA,4.0,4,4,0.40625011175870895,-0.7812497690320015,1.312500223517418,inconclusive,+,0.031250011175870895,-0.37500010058283806
implanted_completion_preference,r14_D_muD,0.0,4,4,0.0,0.0,0.0,near_zero,0,-0.37500010058283806,-0.37500010058283806
implanted_completion_preference,r14_D_muD,0.5,4,4,0.09375010058283806,0.0312502384185791,0.12500032037496567,near_zero,+,-0.28125,-0.37500010058283806
implanted_completion_preference,r14_D_muD,1.0,4,4,0.15625006705522537,0.12499988079071045,0.21875018626451492,near_zero,+,-0.2187500335276127,-0.37500010058283806
implanted_completion_preference,r14_D_muD,2.0,4,4,0.21875007450580597,0.06250002980232239,0.37500011920928955,nonzero,+,-0.1562500260770321,-0.37500010058283806
implanted_completion_preference,r14_D_muD,4.0,4,4,0.34375008195638657,-0.03124988079071045,0.625,inconclusive,+,-0.03125001862645149,-0.37500010058283806
implanted_completion_preference,r15_D_dA,0.0,4,4,0.0,0.0,0.0,near_zero,0,-0.37500010058283806,-0.37500010058283806
implanted_completion_preference,r15_D_dA,0.5,4,4,2.5331974029541016e-07,-0.12499964237213135,0.12500014901161194,near_zero,+,-0.37499984726309776,-0.37500010058283806
implanted_completion_preference,r15_D_dA,1.0,4,4,2.9802322387695312e-08,-0.31249988079071045,0.3124999403953552,near_zero,+,-0.37500007078051567,-0.37500010058283806
implanted_completion_preference,r15_D_dA,2.0,4,4,-0.12499992549419403,-0.7499997615814209,0.49999991059303284,inconclusive,-,-0.5000000260770321,-0.37500010058283806
implanted_completion_preference,r15_D_dA,4.0,4,4,-0.7499997951090336,-1.8437498807907104,0.4687502570450306,inconclusive,-,-1.1249998956918716,-0.37500010058283806
implanted_completion_preference,r15_D_muD,0.0,4,4,0.0,0.0,0.0,near_zero,0,-0.37500010058283806,-0.37500010058283806
implanted_completion_preference,r15_D_muD,0.5,4,4,0.03125007823109627,-1.1920928955078125e-07,0.0937502346932888,near_zero,+,-0.3437500223517418,-0.37500010058283806
implanted_completion_preference,r15_D_muD,1.0,4,4,1.993030309677124e-07,-2.384185791015625e-07,4.76837158203125e-07,near_zero,+,-0.3749999012798071,-0.37500010058283806
implanted_completion_preference,r15_D_muD,2.0,4,4,0.03125007450580597,-0.18749988079071045,0.25000010430812836,near_zero,+,-0.3437500260770321,-0.37500010058283806
implanted_completion_preference,r15_D_muD,4.0,4,4,-0.03124989941716194,-0.4374997615814209,0.374999962747097,near_zero,-,-0.40625,-0.37500010058283806
implanted_completion_preference,r16_D_dA,0.0,4,4,0.0,0.0,0.0,near_zero,0,-0.37500010058283806,-0.37500010058283806
implanted_completion_preference,r16_D_dA,0.5,4,4,0.125,-1.1920928955078125e-07,0.2812501788139343,near_zero,+,-0.25000010058283806,-0.37500010058283806
implanted_completion_preference,r16_D_dA,1.0,4,4,0.15625019744038582,0.03125007823109627,0.3125002384185791,near_zero,+,-0.21874990314245224,-0.37500010058283806
implanted_completion_preference,r16_D_dA,2.0,4,4,1.564621925354004e-07,-0.18749982863664627,0.18750029802322388,near_zero,+,-0.3749999441206455,-0.37500010058283806
implanted_completion_preference,r16_D_dA,4.0,4,4,-1.1874998454004526,-2.015624726191163,-0.39062511920928955,nonzero,-,-1.5624999459832907,-0.37500010058283806
implanted_completion_preference,r16_D_muD,0.0,4,4,0.0,0.0,0.0,near_zero,0,-0.37500010058283806,-0.37500010058283806
implanted_completion_preference,r16_D_muD,0.5,4,4,1.1175870895385742e-08,-1.6763806343078613e-07,1.7881393432617188e-07,near_zero,+,-0.37500008940696716,-0.37500010058283806
implanted_completion_preference,r16_D_muD,1.0,4,4,0.09375006332993507,-1.1175870895385742e-07,0.18750036135315895,near_zero,+,-0.281250037252903,-0.37500010058283806
implanted_completion_preference,r16_D_muD,2.0,4,4,0.062500124797225,-1.1362135410308838e-07,0.1875002384185791,near_zero,+,-0.31249997578561306,-0.37500010058283806
implanted_completion_preference,r16_D_muD,4.0,4,4,0.1562500037252903,-2.3096799850463867e-07,0.3750001825392246,near_zero,+,-0.21875009685754776,-0.37500010058283806
implanted_completion_preference,r17_D_dA,0.0,4,4,0.0,0.0,0.0,near_zero,0,-0.37500010058283806,-0.37500010058283806
implanted_completion_preference,r17_D_dA,0.5,4,4,0.15625005029141903,0.062499912455677986,0.25,near_zero,+,-0.21875005029141903,-0.37500010058283806
implanted_completion_preference,r17_D_dA,1.0,4,4,0.2187502533197403,3.427267074584961e-07,0.43750011920928955,nonzero,+,-0.15624984726309776,-0.37500010058283806
implanted_completion_preference,r17_D_dA,2.0,4,4,0.4375000298023224,5.960464477539063e-08,0.875,nonzero,+,0.06249992921948433,-0.37500010058283806
implanted_completion_preference,r17_D_dA,4.0,4,4,0.8437501974403858,-0.1250000037252903,1.8437503576278687,inconclusive,+,0.46875009685754776,-0.37500010058283806
implanted_completion_preference,r17_D_muD,0.0,4,4,0.0,0.0,0.0,near_zero,0,-0.37500010058283806,-0.37500010058283806
implanted_completion_preference,r17_D_muD,0.5,4,4,0.06250005960464478,1.1920928955078125e-07,0.125,near_zero,+,-0.3125000409781933,-0.37500010058283806
implanted_completion_preference,r17_D_muD,1.0,4,4,0.031250087544322014,-0.062499796971678734,0.12499988079071045,near_zero,+,-0.34375001303851604,-0.37500010058283806
implanted_completion_preference,r17_D_muD,2.0,4,4,0.15625008195638657,-0.031249694526195526,0.31249988079071045,near_zero,+,-0.2187500186264515,-0.37500010058283806
implanted_completion_preference,r17_D_muD,4.0,4,4,0.28125013783574104,2.7567148208618164e-07,0.5625,nonzero,+,-0.09374996274709702,-0.37500010058283806
implanted_completion_preference,r18_D_dA,0.0,4,4,0.0,0.0,0.0,near_zero,0,-0.37500010058283806,-0.37500010058283806
implanted_completion_preference,r18_D_dA,0.5,4,4,1.8440186977386475e-07,-0.09374974481761456,0.09375017881393433,near_zero,+,-0.3749999161809683,-0.37500010058283806
implanted_completion_preference,r18_D_dA,1.0,4,4,6.705522537231445e-08,-0.1874997392296791,0.18749994039535522,near_zero,+,-0.3750000335276127,-0.37500010058283806
implanted_completion_preference,r18_D_dA,2.0,4,4,-0.18749995715916157,-0.37500015273690224,0.09375016205012798,near_zero,-,-0.5625000577419996,-0.37500010058283806
implanted_completion_preference,r18_D_dA,4.0,4,4,-0.43749986961483955,-0.8750001080334187,-0.06249973922967911,nonzero,-,-0.8124999701976776,-0.37500010058283806
implanted_completion_preference,r18_D_muD,0.0,4,4,0.0,0.0,0.0,near_zero,0,-0.37500010058283806,-0.37500010058283806
implanted_completion_preference,r18_D_muD,0.5,4,4,0.031250059604644775,-1.1920928955078125e-07,0.09375017881393433,near_zero,+,-0.3437500409781933,-0.37500010058283806
implanted_completion_preference,r18_D_muD,1.0,4,4,1.6763806343078613e-07,-0.1250000223517418,0.1562502272427082,near_zero,+,-0.3749999329447746,-0.37500010058283806
implanted_completion_preference,r18_D_muD,2.0,4,4,1.5087425708770752e-07,-0.12499993667006493,0.1562500912696123,near_zero,+,-0.37499994970858097,-0.37500010058283806
implanted_completion_preference,r18_D_muD,4.0,4,4,-0.06249984726309776,-0.28124966099858284,0.15625011920928955,near_zero,-,-0.4374999478459358,-0.37500010058283806
implanted_completion_preference,r19_D_dA,0.0,4,4,0.0,0.0,0.0,near_zero,0,-0.37500010058283806,-0.37500010058283806
implanted_completion_preference,r19_D_dA,0.5,4,4,0.06250006332993507,-0.062499940395355225,0.1875002421438694,near_zero,+,-0.312500037252903,-0.37500010058283806
implanted_completion_preference,r19_D_dA,1.0,4,4,0.03125009685754776,-0.18749968707561493,0.2500002756714821,near_zero,+,-0.3437500037252903,-0.37500010058283806
implanted_completion_preference,r19_D_dA,2.0,4,4,-0.09374985098838806,-0.4374997615814209,0.1875,near_zero,-,-0.4687499515712261,-0.37500010058283806
implanted_completion_preference,r19_D_dA,4.0,4,4,-0.4218749329447746,-1.578124761581421,0.5624998286366463,inconclusive,-,-0.7968750335276127,-0.37500010058283806
implanted_completion_preference,r19_D_muD,0.0,4,4,0.0,0.0,0.0,near_zero,0,-0.37500010058283806,-0.37500010058283806
implanted_completion_preference,r19_D_muD,0.5,4,4,8.940696716308594e-08,-0.09375008940696716,0.09375017881393433,near_zero,+,-0.3750000111758709,-0.37500010058283806
implanted_completion_preference,r19_D_muD,1.0,4,4,0.06250014528632164,-9.313225746154785e-08,0.1875002384185791,near_zero,+,-0.3124999552965164,-0.37500010058283806
implanted_completion_preference,r19_D_muD,2.0,4,4,0.06250013411045074,-0.12499973177909851,0.2500002533197403,near_zero,+,-0.3124999664723873,-0.37500010058283806
implanted_completion_preference,r19_D_muD,4.0,4,4,0.06250013038516045,-0.1874997392296791,0.3125,near_zero,+,-0.3124999701976776,-0.37500010058283806
implanted_completion_preference,r20_D_dA,0.0,4,4,0.0,0.0,0.0,near_zero,0,-0.37500010058283806,-0.37500010058283806
implanted_completion_preference,r20_D_dA,0.5,4,4,4.842877388000488e-08,-0.09375011920928955,0.09375016763806343,near_zero,+,-0.3750000521540642,-0.37500010058283806
implanted_completion_preference,r20_D_dA,1.0,4,4,-0.09374983981251717,-0.28125013783574104,0.06250029802322388,near_zero,-,-0.4687499403953552,-0.37500010058283806
implanted_completion_preference,r20_D_dA,2.0,4,4,0.03125016763806343,-0.24999988079071045,0.3125002980232239,near_zero,+,-0.3437499329447746,-0.37500010058283806
implanted_completion_preference,r20_D_dA,4.0,4,4,0.7031249776482582,-0.0312502384185791,1.4375001937150955,inconclusive,+,0.32812487706542015,-0.37500010058283806
implanted_completion_preference,r20_D_muD,0.0,4,4,0.0,0.0,0.0,near_zero,0,-0.37500010058283806,-0.37500010058283806
implanted_completion_preference,r20_D_muD,0.5,4,4,-0.031249938532710075,-0.09375011920928955,2.421438694000244e-07,near_zero,-,-0.40625003911554813,-0.37500010058283806
implanted_completion_preference,r20_D_muD,1.0,4,4,0.06250010430812836,0.0,0.1250002086162567,near_zero,+,-0.3124999962747097,-0.37500010058283806
implanted_completion_preference,r20_D_muD,2.0,4,4,-0.06249995343387127,-0.125,9.313225746154785e-08,near_zero,-,-0.4375000540167093,-0.37500010058283806
implanted_completion_preference,r20_D_muD,4.0,4,4,-0.031249875202775,-0.21875011920928955,0.2500003632158041,near_zero,-,-0.40624997578561306,-0.37500010058283806
implanted_completion_preference,r21_D_dA,0.0,4,4,0.0,0.0,0.0,near_zero,0,-0.37500010058283806,-0.37500010058283806
implanted_completion_preference,r21_D_dA,0.5,4,4,-0.0624998714774847,-0.12499986216425896,1.1920928955078125e-07,near_zero,-,-0.43749997206032276,-0.37500010058283806
implanted_completion_preference,r21_D_dA,1.0,4,4,-0.18749991618096828,-0.24999971315264702,-0.12500011920928955,near_zero,-,-0.5625000167638063,-0.37500010058283806
implanted_completion_preference,r21_D_dA,2.0,4,4,-0.4999999925494194,-0.8749998137354851,-0.12500017881393433,nonzero,-,-0.8750000931322575,-0.37500010058283806
implanted_completion_preference,r21_D_dA,4.0,4,4,-0.9374999143183231,-1.7499997951090336,0.06249988079071045,inconclusive,-,-1.3125000149011612,-0.37500010058283806
implanted_completion_preference,r21_D_muD,0.0,4,4,0.0,0.0,0.0,near_zero,0,-0.37500010058283806,-0.37500010058283806
implanted_completion_preference,r21_D_muD,0.5,4,4,1.0058283805847168e-07,-1.1920928955078125e-07,3.203749656677246e-07,near_zero,+,-0.375,-0.37500010058283806
implanted_completion_preference,r21_D_muD,1.0,4,4,-1.1175870895385742e-08,-1.7881393432617188e-07,1.6763806343078613e-07,near_zero,-,-0.37500011175870895,-0.37500010058283806
implanted_completion_preference,r21_D_muD,2.0,4,4,-0.09375001676380634,-0.12500035762786865,-0.03124965913593769,near_zero,-,-0.4687501173466444,-0.37500010058283806
implanted_completion_preference,r21_D_muD,4.0,4,4,-0.2499998863786459,-0.40624988079071045,-0.12499988079071045,nonzero,-,-0.624999986961484,-0.37500010058283806
implanted_completion_preference,r22_D_dA,0.0,4,4,0.0,0.0,0.0,near_zero,0,-0.37500010058283806,-0.37500010058283806
implanted_completion_preference,r22_D_dA,0.5,4,4,0.12499998696148396,-2.644956111907959e-07,0.2812503445893526,near_zero,+,-0.2500001136213541,-0.37500010058283806
implanted_completion_preference,r22_D_dA,1.0,4,4,0.15625024028122425,2.421438694000244e-07,0.3750005979090929,near_zero,+,-0.2187498603016138,-0.37500010058283806
implanted_completion_preference,r22_D_dA,2.0,4,4,-0.09374984912574291,-0.375000087544322,0.2187502384185791,near_zero,-,-0.46874994970858097,-0.37500010058283806
implanted_completion_preference,r22_D_dA,4.0,4,4,-1.1093748956918716,-1.9062500596046448,-0.3124997317790985,nonzero,-,-1.4843749962747097,-0.37500010058283806
implanted_completion_preference,r22_D_muD,0.0,4,4,0.0,0.0,0.0,near_zero,0,-0.37500010058283806,-0.37500010058283806
implanted_completion_preference,r22_D_muD,0.5,4,4,0.0312501173466444,5.960464477539063e-08,0.09375005774199963,near_zero,+,-0.34374998323619366,-0.37500010058283806
implanted_completion_preference,r22_D_muD,1.0,4,4,0.06250011548399925,-1.2665987014770508e-07,0.18750017508864403,near_zero,+,-0.3124999850988388,-0.37500010058283806
implanted_completion_preference,r22_D_muD,2.0,4,4,0.09375030547380447,1.1920928955078125e-07,0.281250424683094,near_zero,+,-0.2812497951090336,-0.37500010058283806
implanted_completion_preference,r22_D_muD,4.0,4,4,0.06250012293457985,-0.12499988079071045,0.3437502980232239,near_zero,+,-0.3124999776482582,-0.37500010058283806
factual_control,dA_D,0.0,8,6,0.0,0.0,0.0,near_zero,0,9.850139960937668,9.850139960937668
factual_control,dA_D,0.5,8,6,-0.030718620750121772,-0.14583362134483954,0.10469816050026566,near_zero,-,9.819421340187546,9.850139960937668
factual_control,dA_D,1.0,8,6,-0.019428970122438233,-0.19791667270571148,0.19932117764741028,near_zero,-,9.830710990815229,9.850139960937668
factual_control,dA_D,2.0,8,6,0.07235331345388356,-0.3645832448382862,0.6661034685287935,inconclusive,+,9.92249327439155,9.850139960937668
factual_control,dA_D,4.0,8,6,0.25473163328327547,-0.796875053463979,1.5099400770268403,inconclusive,+,10.104871594220944,9.850139960937668
factual_control,dA_D_matched_muD,0.0,8,6,0.0,0.0,0.0,near_zero,0,9.850139960937668,9.850139960937668
factual_control,dA_D_matched_muD,0.5,8,6,0.010430718645996725,-0.06250016323368375,0.08334775206943353,near_zero,+,9.860570679583665,9.850139960937668
factual_control,dA_D_matched_muD,1.0,8,6,-0.022466782849126805,-0.1145832405697244,0.08169990370370216,near_zero,-,9.82767317808854,9.850139960937668
factual_control,dA_D_matched_muD,2.0,8,6,-0.06797127006575465,-0.19791682002445063,0.08230825383604179,near_zero,-,9.782168690871913,9.850139960937668
factual_control,dA_D_matched_muD,4.0,8,6,0.00723087972922561,-0.244791852630442,0.3405644853288929,near_zero,+,9.857370840666894,9.850139960937668
factual_control,muD_D,0.0,8,6,0.0,0.0,0.0,near_zero,0,9.850139960937668,9.850139960937668
factual_control,muD_D,0.5,8,6,0.0750736851672021,0.026041624291489523,0.12410574604291469,near_zero,+,9.92521364610487,9.850139960937668
factual_control,muD_D,1.0,8,6,0.08720825533964671,0.03512472100555897,0.14062513997002193,near_zero,+,9.937348216277314,9.850139960937668
factual_control,muD_D,2.0,8,6,0.23633545707950057,0.1249997327880313,0.3444234545070988,nonzero,+,10.086475418017168,9.850139960937668
factual_control,muD_D,4.0,8,6,0.5848212802908771,0.26562474326541025,0.871279722477387,nonzero,+,10.434961241228544,9.850139960937668
factual_control,muD_D_matched_dA,0.0,8,6,0.0,0.0,0.0,near_zero,0,9.850139960937668,9.850139960937668
factual_control,muD_D_matched_dA,0.5,8,6,0.16231942276741998,0.06856926654775937,0.2664861316346408,near_zero,+,10.012459383705087,9.850139960937668
factual_control,muD_D_matched_dA,1.0,8,6,0.3317366177846755,0.12500017415732145,0.5208335538724592,nonzero,+,10.181876578722344,9.850139960937668
factual_control,muD_D_matched_dA,2.0,8,6,0.8134711534366943,0.41860895852247876,1.1780548052435431,nonzero,+,10.663611114374362,9.850139960937668
factual_control,muD_D_matched_dA,4.0,8,6,1.634745462378002,0.4687497860674436,2.6965913417933427,nonzero,+,11.484885423315669,9.850139960937668
factual_control,muD_P,0.0,8,6,0.0,0.0,0.0,near_zero,0,9.850139960937668,9.850139960937668
factual_control,muD_P,0.5,8,6,-0.0543923307947504,-0.09605906096597512,-0.012725603708531708,near_zero,-,9.795747630142918,9.850139960937668
factual_control,muD_P,1.0,8,6,-0.03354127611479877,-0.1215456826495938,0.070625320324325,near_zero,-,9.81659868482287,9.850139960937668
factual_control,muD_P,2.0,8,6,0.018009775584990468,-0.3049067778823276,0.3409263340443431,near_zero,+,9.868149736522659,9.850139960937668
factual_control,muD_P,4.0,8,6,0.31862660092883743,-0.5417739813916949,1.1789199348034647,inconclusive,+,10.168766561866505,9.850139960937668
factual_control,muD_P_plus_dA_D,0.0,8,6,0.0,0.0,0.0,near_zero,0,9.850139960937668,9.850139960937668
factual_control,muD_P_plus_dA_D,0.5,8,6,-0.04772930684945701,-0.1666667268097323,0.07120811311081827,near_zero,-,9.802410654088211,9.850139960937668
factual_control,muD_P_plus_dA_D,1.0,8,6,-0.06422074803655657,-0.26213763809452456,0.12327949128424127,near_zero,-,9.785919212901112,9.850139960937668
factual_control,muD_P_plus_dA_D,2.0,8,6,0.15035976573562948,-0.25068196526990505,0.4897134416893695,near_zero,+,10.000499726673297,9.850139960937668
factual_control,muD_P_plus_dA_D,4.0,8,6,-0.13103701345971785,-1.1354166395166734,1.0443891126196831,inconclusive,-,9.71910294747795,9.850139960937668
factual_control,dConc_D_matched_dA,0.0,8,6,0.0,0.0,0.0,near_zero,0,9.850139960937668,9.850139960937668
factual_control,dConc_D_matched_dA,0.5,8,6,0.018242907933502767,-0.052083596676432836,0.09118728339672089,near_zero,+,9.868382868871171,9.850139960937668
factual_control,dConc_D_matched_dA,1.0,8,6,0.023925705085275695,-0.14281833463658888,0.14469389454461634,near_zero,+,9.874065666022943,9.850139960937668
factual_control,dConc_D_matched_dA,2.0,8,6,0.15140805350771794,-0.16666634342012307,0.4387108636282689,near_zero,+,10.001548014445385,9.850139960937668
factual_control,dConc_D_matched_dA,4.0,8,6,0.5160918010321135,-0.5047416038966427,1.407183690695092,inconclusive,+,10.36623176196978,9.850139960937668
factual_control,dConc_D_native,0.0,8,6,0.0,0.0,0.0,near_zero,0,9.850139960937668,9.850139960937668
factual_control,dConc_D_native,0.5,8,6,0.004172472389958178,-0.13541681093435423,0.12189252746951146,near_zero,+,9.854312433327626,9.850139960937668
factual_control,dConc_D_native,1.0,8,6,0.147933089901926,-0.08333313428253557,0.35025722909097756,near_zero,+,9.998073050839594,9.850139960937668
factual_control,dConc_D_native,2.0,8,6,0.32826306300315383,-0.1979168228378209,0.7398595814593136,inconclusive,+,10.178403023940822,9.850139960937668
factual_control,dConc_D_native,4.0,8,6,0.548002203121238,-1.864583468801963,3.2273404378405153,inconclusive,+,10.398142164058905,9.850139960937668
factual_control,muD_PD_F4S,0.0,8,6,0.0,0.0,0.0,near_zero,0,9.850139960937668,9.850139960937668
factual_control,muD_PD_F4S,0.5,8,6,-0.0543923307947504,-0.09605906096597512,-0.012725603708531708,near_zero,-,9.795747630142918,9.850139960937668
factual_control,muD_PD_F4S,1.0,8,6,-0.03354127611479877,-0.1215456826495938,0.070625320324325,near_zero,-,9.81659868482287,9.850139960937668
factual_control,muD_PD_F4S,2.0,8,6,0.018009775584990468,-0.3049067778823276,0.3409263340443431,near_zero,+,9.868149736522659,9.850139960937668
factual_control,muD_PD_F4S,4.0,8,6,0.31862660092883743,-0.5417739813916949,1.1789199348034647,inconclusive,+,10.168766561866505,9.850139960937668
factual_control,r0_D_dA,0.0,8,6,0.0,0.0,0.0,near_zero,0,9.850139960937668,9.850139960937668
factual_control,r0_D_dA,0.5,8,6,0.02645670153045406,-0.07250175000323604,0.10937508967860292,near_zero,+,9.876596662468122,9.850139960937668
factual_control,r0_D_dA,1.0,8,6,0.007793285699638848,-0.16149674405460246,0.21354168534162454,near_zero,+,9.857933246637307,9.850139960937668
factual_control,r0_D_dA,2.0,8,6,0.2547885302386324,-0.11472417951699752,0.6610385763924569,inconclusive,+,10.1049284911763,9.850139960937668
factual_control,r0_D_dA,4.0,8,6,-1.1381316068388212,-2.3968749829121707,0.2163632507605732,inconclusive,-,8.712008354098847,9.850139960937668
factual_control,r0_D_muD,0.0,8,6,0.0,0.0,0.0,near_zero,0,9.850139960937668,9.850139960937668
factual_control,r0_D_muD,0.5,8,6,-0.005520599380057926,-0.05791626404970884,0.031250016505024784,near_zero,-,9.84461936155761,9.850139960937668
factual_control,r0_D_muD,1.0,8,6,-0.02830507661565207,-0.11684688925743103,0.055028377168734245,near_zero,-,9.821834884322016,9.850139960937668
factual_control,r0_D_muD,2.0,8,6,0.06349238693170871,-0.10317455005133525,0.21875011761585483,near_zero,+,9.913632347869376,9.850139960937668
factual_control,r0_D_muD,4.0,8,6,0.12303966942999978,-0.09050220500891253,0.38020857275599457,near_zero,+,9.973179630367667,9.850139960937668
factual_control,r1_D_dA,0.0,8,6,0.0,0.0,0.0,near_zero,0,9.850139960937668,9.850139960937668
factual_control,r1_D_dA,0.5,8,6,0.01046375160998044,-0.09400917090873309,0.10430764937167017,near_zero,+,9.860603712547649,9.850139960937668
factual_control,r1_D_dA,1.0,8,6,0.06856283760862425,-0.10416677440904702,0.2812503023499933,near_zero,+,9.918702798546292,9.850139960937668
factual_control,r1_D_dA,2.0,8,6,0.1736065363511443,-0.23958333926663425,0.7257770935267516,inconclusive,+,10.023746497288812,9.850139960937668
factual_control,r1_D_dA,4.0,8,6,0.4367642024493155,-0.9285550018151602,2.1354169152327813,inconclusive,+,10.286904163386984,9.850139960937668
factual_control,r1_D_muD,0.0,8,6,0.0,0.0,0.0,near_zero,0,9.850139960937668,9.850139960937668
factual_control,r1_D_muD,0.5,8,6,0.01665195488021709,-0.07291673994041048,0.10214369397581266,near_zero,+,9.866791915817885,9.850139960937668
factual_control,r1_D_muD,1.0,8,6,-0.025829729662897687,-0.12500039740310362,0.042090793062622346,near_zero,-,9.82431023127477,9.850139960937668
factual_control,r1_D_muD,2.0,8,6,0.007808299279228474,-0.15625039860606194,0.15625032053988738,near_zero,+,9.857948260216896,9.850139960937668
factual_control,r1_D_muD,4.0,8,6,0.11939143729008113,-0.10507771717821014,0.39062544266926125,near_zero,+,9.96953139822775,9.850139960937668
factual_control,r2_D_dA,0.0,8,6,0.0,0.0,0.0,near_zero,0,9.850139960937668,9.850139960937668
factual_control,r2_D_dA,0.5,8,6,0.07088712941428336,-0.03348938524286495,0.18552128266892368,near_zero,+,9.92102709035195,9.850139960937668
factual_control,r2_D_dA,1.0,8,6,0.2106091868772637,-0.002932657904845352,0.4241509946994484,inconclusive,+,10.060749147814931,9.850139960937668
factual_control,r2_D_dA,2.0,8,6,0.2800235932712288,-0.08701211778679863,0.6850475173753997,inconclusive,+,10.130163554208897,9.850139960937668
factual_control,r2_D_dA,4.0,8,6,-2.0499468476627953,-3.260416454014679,-0.881611610452334,nonzero,-,7.800193113274872,9.850139960937668
factual_control,r2_D_muD,0.0,8,6,0.0,0.0,0.0,near_zero,0,9.850139960937668,9.850139960937668
factual_control,r2_D_muD,0.5,8,6,0.009664854713870833,-0.06250014259130693,0.08182985141562919,near_zero,+,9.859804815651538,9.850139960937668
factual_control,r2_D_muD,1.0,8,6,0.03946008414883787,-0.054290166997816414,0.14368195182954244,near_zero,+,9.889600045086505,9.850139960937668
factual_control,r2_D_muD,2.0,8,6,0.11035049821657594,-0.04069130766826371,0.2605468149176879,near_zero,+,9.960490459154244,9.850139960937668
factual_control,r2_D_muD,4.0,8,6,0.2823908341427644,-0.028968157332080108,0.5789346117856092,inconclusive,+,10.132530795080433,9.850139960937668
factual_control,r3_D_dA,0.0,8,6,0.0,0.0,0.0,near_zero,0,9.850139960937668,9.850139960937668
factual_control,r3_D_dA,0.5,8,6,0.05765649347449653,-0.07291682887201507,0.17224007021286525,near_zero,+,9.907796454412164,9.850139960937668
factual_control,r3_D_dA,1.0,8,6,0.20289817832720777,0.010189855626473824,0.39052839161595254,nonzero,+,10.053038139264876,9.850139960937668
factual_control,r3_D_dA,2.0,8,6,0.39091899352691445,-0.2965810519332687,1.031510546028341,inconclusive,+,10.241058954464583,9.850139960937668
factual_control,r3_D_dA,4.0,8,6,-0.5760893915964213,-1.8860170547074329,0.4791669465388016,inconclusive,-,9.274050569341247,9.850139960937668
factual_control,r3_D_muD,0.0,8,6,0.0,0.0,0.0,near_zero,0,9.850139960937668,9.850139960937668
factual_control,r3_D_muD,0.5,8,6,-0.02201815372488151,-0.08451818069443107,0.039297040622720186,near_zero,-,9.828121807212787,9.850139960937668
factual_control,r3_D_muD,1.0,8,6,0.03931376557253922,-0.062499867825439044,0.12556104605512972,near_zero,+,9.889453726510206,9.850139960937668
factual_control,r3_D_muD,2.0,8,6,0.13091923700509747,-0.0149142782514294,0.2767525922342126,near_zero,+,9.981059197942765,9.850139960937668
factual_control,r3_D_muD,4.0,8,6,0.24742520171760893,-0.13799156590054432,0.6120087581026988,inconclusive,+,10.097565162655277,9.850139960937668
factual_control,r4_D_dA,0.0,8,6,0.0,0.0,0.0,near_zero,0,9.850139960937668,9.850139960937668
factual_control,r4_D_dA,0.5,8,6,0.006984480157067689,-0.16666672646048633,0.17021887676188877,near_zero,+,9.857124441094735,9.850139960937668
factual_control,r4_D_dA,1.0,8,6,0.1742829020561961,-0.08613366726785898,0.42428279819432646,near_zero,+,10.024422862993864,9.850139960937668
factual_control,r4_D_dA,2.0,8,6,0.4573403436879744,0.1302085604208211,0.7730626612780421,nonzero,+,10.307480304625642,9.850139960937668
factual_control,r4_D_dA,4.0,8,6,0.9443011728629548,0.38541656408536556,1.7860283056282544,nonzero,+,10.794441133800623,9.850139960937668
factual_control,r4_D_muD,0.0,8,6,0.0,0.0,0.0,near_zero,0,9.850139960937668,9.850139960937668
factual_control,r4_D_muD,0.5,8,6,-0.018222046938414376,-0.09895852630143054,0.0573060765552024,near_zero,-,9.831917913999254,9.850139960937668
factual_control,r4_D_muD,1.0,8,6,0.05093927646521479,-0.08333321136888117,0.17479507419435927,near_zero,+,9.901079237402882,9.850139960937668
factual_control,r4_D_muD,2.0,8,6,0.11466458729895142,-0.07812532883447905,0.30737301433691755,near_zero,+,9.96480454823662,9.850139960937668
factual_control,r4_D_muD,4.0,8,6,0.3120319105316109,0.020833319751545787,0.5819291615334805,nonzero,+,10.162171871469278,9.850139960937668
factual_control,r5_D_dA,0.0,8,6,0.0,0.0,0.0,near_zero,0,9.850139960937668,9.850139960937668
factual_control,r5_D_dA,0.5,8,6,0.011570054795204973,-0.1354169536692401,0.1458333877963014,near_zero,+,9.861710015732873,9.850139960937668
factual_control,r5_D_dA,1.0,8,6,-0.01826908716854329,-0.22666663878577914,0.17456771410118796,near_zero,-,9.831870873769125,9.850139960937668
factual_control,r5_D_dA,2.0,8,6,-0.09433892313002919,-0.5208333261897982,0.3439809907727358,inconclusive,-,9.755801037807638,9.850139960937668
factual_control,r5_D_dA,4.0,8,6,-0.3985306739923544,-1.0625002493034117,0.427083265579616,inconclusive,-,9.451609286945313,9.850139960937668
factual_control,r5_D_muD,0.0,8,6,0.0,0.0,0.0,near_zero,0,9.850139960937668,9.850139960937668
factual_control,r5_D_muD,0.5,8,6,-0.03462033697481578,-0.10416682066473489,0.01746325014391914,near_zero,-,9.815519623962851,9.850139960937668
factual_control,r5_D_muD,1.0,8,6,-0.004162593356644114,-0.10416660752768318,0.08547712446694855,near_zero,-,9.845977367581023,9.850139960937668
factual_control,r5_D_muD,2.0,8,6,0.015781691273635563,-0.15088511423770493,0.15656329171421626,near_zero,+,9.865921652211304,9.850139960937668
factual_control,r5_D_muD,4.0,8,6,-0.04411788042246675,-0.2941179712846254,0.2267155124961088,near_zero,-,9.8060220805152,9.850139960937668
factual_control,r6_D_dA,0.0,8,6,0.0,0.0,0.0,near_zero,0,9.850139960937668,9.850139960937668
factual_control,r6_D_dA,0.5,8,6,-0.26557262797723524,-0.4479165771595338,-0.08322868071263656,nonzero,-,9.584567332960432,9.850139960937668
factual_control,r6_D_dA,1.0,8,6,-0.40842815074332367,-0.6822916596817473,-0.12196985848519641,nonzero,-,9.441711810194343,9.850139960937668
factual_control,r6_D_dA,2.0,8,6,-0.5951782790070865,-1.1041668124962598,-0.04166663798969239,nonzero,-,9.254961681930581,9.850139960937668
factual_control,r6_D_dA,4.0,8,6,-0.7825546482878659,-1.6822915942563366,0.19927620418820843,inconclusive,-,9.067585312649802,9.850139960937668
factual_control,r6_D_muD,0.0,8,6,0.0,0.0,0.0,near_zero,0,9.850139960937668,9.850139960937668
factual_control,r6_D_muD,0.5,8,6,-0.08440303475557205,-0.1250000371655915,-0.013625750318169594,near_zero,-,9.765736926182095,9.850139960937668
factual_control,r6_D_muD,1.0,8,6,-0.21295327892100127,-0.33854172968616086,-0.0885124664237084,nonzero,-,9.637186682016667,9.850139960937668
factual_control,r6_D_muD,2.0,8,6,-0.34191999120715383,-0.5937500143850533,-0.09375001544443269,nonzero,-,9.508219969730513,9.850139960937668
factual_control,r6_D_muD,4.0,8,6,-0.5007442089166337,-0.8856770932829628,-0.11532745515190375,nonzero,-,9.349395752021033,9.850139960937668
factual_control,r7_D_dA,0.0,8,6,0.0,0.0,0.0,near_zero,0,9.850139960937668,9.850139960937668
factual_control,r7_D_dA,0.5,8,6,0.10992516091209836,-0.046324830735102296,0.291666699340567,near_zero,+,9.960065121849766,9.850139960937668
factual_control,r7_D_dA,1.0,8,6,0.38997216459635337,0.08333295047244367,0.6803334392607212,nonzero,+,10.24011212553402,9.850139960937668
factual_control,r7_D_dA,2.0,8,6,0.7372956757317297,0.10416676631963734,1.3437498929173064,nonzero,+,10.587435636669397,9.850139960937668
factual_control,r7_D_dA,4.0,8,6,1.0126527670023886,-0.7321389652449094,2.2991109577318034,inconclusive,+,10.862792727940056,9.850139960937668
factual_control,r7_D_muD,0.0,8,6,0.0,0.0,0.0,near_zero,0,9.850139960937668,9.850139960937668
factual_control,r7_D_muD,0.5,8,6,-0.013076591363642365,-0.1145833392899173,0.09108998628410821,near_zero,-,9.837063369574025,9.850139960937668
factual_control,r7_D_muD,1.0,8,6,0.07573350368572089,-0.0493369370601916,0.21396693354472518,near_zero,+,9.925873464623388,9.850139960937668
factual_control,r7_D_muD,2.0,8,6,0.24044030256239543,0.016481836636861164,0.46611282229423523,nonzero,+,10.090580263500064,9.850139960937668
factual_control,r7_D_muD,4.0,8,6,0.47844177048439934,0.04094172873519711,0.8963362046682326,nonzero,+,10.328581731422068,9.850139960937668
factual_control,r8_D_dA,0.0,8,6,0.0,0.0,0.0,near_zero,0,9.850139960937668,9.850139960937668
factual_control,r8_D_dA,0.5,8,6,-0.1063355179115509,-0.22916647993649045,0.045576709788292646,near_zero,-,9.743804443026116,9.850139960937668
factual_control,r8_D_dA,1.0,8,6,-0.19643541214948831,-0.4322916704695672,0.025277433916926384,near_zero,-,9.653704548788179,9.850139960937668
factual_control,r8_D_dA,2.0,8,6,-0.21801021765956344,-0.7190105312309849,0.32537783323010916,inconclusive,-,9.632129743278105,9.850139960937668
factual_control,r8_D_dA,4.0,8,6,-0.3063762216188479,-1.2032551869349846,0.7009463283233329,inconclusive,-,9.54376373931882,9.850139960937668
factual_control,r8_D_muD,0.0,8,6,0.0,0.0,0.0,near_zero,0,9.850139960937668,9.850139960937668
factual_control,r8_D_muD,0.5,8,6,-0.05549658240245966,-0.13541658455505967,0.028013408184051514,near_zero,-,9.794643378535207,9.850139960937668
factual_control,r8_D_muD,1.0,8,6,-0.06395440954171742,-0.16666666573534408,0.028341148029236745,near_zero,-,9.78618555139595,9.850139960937668
factual_control,r8_D_muD,2.0,8,6,-0.13295657248818316,-0.3124996322731022,0.03862970703630708,near_zero,-,9.717183388449484,9.850139960937668
factual_control,r8_D_muD,4.0,8,6,-0.20547671443394697,-0.5833330102420101,0.1672429035495342,inconclusive,-,9.64466324650372,9.850139960937668
factual_control,r9_D_dA,0.0,8,6,0.0,0.0,0.0,near_zero,0,9.850139960937668,9.850139960937668
factual_control,r9_D_dA,0.5,8,6,0.21479817380895838,-0.018320729335149128,0.3970899254394074,inconclusive,+,10.064938134746626,9.850139960937668
factual_control,r9_D_dA,1.0,8,6,0.3944717704531892,0.029888214300929878,0.7291668499722922,nonzero,+,10.244611731390856,9.850139960937668
factual_control,r9_D_dA,2.0,8,6,0.7375852782230746,0.02604124314287522,1.4843756688399783,nonzero,+,10.587725239160742,9.850139960937668
factual_control,r9_D_dA,4.0,8,6,-1.153978174290387,-2.838541752784901,0.8137940177097264,inconclusive,-,8.69616178664728,9.850139960937668
factual_control,r9_D_muD,0.0,8,6,0.0,0.0,0.0,near_zero,0,9.850139960937668,9.850139960937668
factual_control,r9_D_muD,0.5,8,6,0.013120270518508429,-0.05458817545635005,0.08333364411373623,near_zero,+,9.863260231456175,9.850139960937668
factual_control,r9_D_muD,1.0,8,6,0.1426452038673839,0.014456896053161472,0.25000022333309363,near_zero,+,9.992785164805051,9.850139960937668
factual_control,r9_D_muD,2.0,8,6,0.26340926123278524,0.02382573387391555,0.46151147976318696,nonzero,+,10.113549222170453,9.850139960937668
factual_control,r9_D_muD,4.0,8,6,0.5899671960699683,0.09517545586762328,1.078125302408201,nonzero,+,10.440107157007636,9.850139960937668
factual_control,r10_D_dA,0.0,8,6,0.0,0.0,0.0,near_zero,0,9.850139960937668,9.850139960937668
factual_control,r10_D_dA,0.5,8,6,0.0414760943579798,-0.15104175556916744,0.20814780696431018,near_zero,+,9.891616055295648,9.850139960937668
factual_control,r10_D_dA,1.0,8,6,0.09136547250091098,-0.30221366344291406,0.4635418214835227,near_zero,+,9.941505433438579,9.850139960937668
factual_control,r10_D_dA,2.0,8,6,0.24125743064117464,-0.6510417819517897,0.9550594559629327,inconclusive,+,10.091397391578843,9.850139960937668
factual_control,r10_D_dA,4.0,8,6,-1.097999272227753,-2.8219817351729337,0.3915841562363009,inconclusive,-,8.752140688709915,9.850139960937668
factual_control,r10_D_muD,0.0,8,6,0.0,0.0,0.0,near_zero,0,9.850139960937668,9.850139960937668
factual_control,r10_D_muD,0.5,8,6,0.044006244158178255,-0.041666917349357395,0.12447110357364484,near_zero,+,9.894146205095845,9.850139960937668
factual_control,r10_D_muD,1.0,8,6,-0.043017879982168473,-0.21354174482015273,0.10802386390666167,near_zero,-,9.8071220809555,9.850139960937668
factual_control,r10_D_muD,2.0,8,6,0.09756094694603235,-0.23961833751042527,0.41526924333690357,near_zero,+,9.9477009078837,9.850139960937668
factual_control,r10_D_muD,4.0,8,6,0.1950207710081789,-0.40393754151591565,0.7314789517161747,inconclusive,+,10.045160731945847,9.850139960937668
factual_control,r11_D_dA,0.0,8,6,0.0,0.0,0.0,near_zero,0,9.850139960937668,9.850139960937668
factual_control,r11_D_dA,0.5,8,6,0.07474004969117232,-0.020833421644056216,0.17213691802074513,near_zero,+,9.92488001062884,9.850139960937668
factual_control,r11_D_dA,1.0,8,6,0.16321886986649284,0.031249872447612386,0.2935005809209542,near_zero,+,10.01335883080416,9.850139960937668
factual_control,r11_D_dA,2.0,8,6,0.3468335304545083,0.09374986698579353,0.5781250605359674,nonzero,+,10.196973491392177,9.850139960937668
factual_control,r11_D_dA,4.0,8,6,-0.05810867830102021,-0.4583333187814181,0.37500013418806094,near_zero,-,9.792031282636648,9.850139960937668
factual_control,r11_D_muD,0.0,8,6,0.0,0.0,0.0,near_zero,0,9.850139960937668,9.850139960937668
factual_control,r11_D_muD,0.5,8,6,-0.018954997358378023,-0.09375000298799326,0.057718370420237385,near_zero,-,9.83118496357929,9.850139960937668
factual_control,r11_D_muD,1.0,8,6,0.01979034730660108,-0.052083398055644166,0.07187374003624428,near_zero,+,9.86993030824427,9.850139960937668
factual_control,r11_D_muD,2.0,8,6,0.09098465424419071,-0.04166693184136724,0.20280291916181645,near_zero,+,9.941124615181858,9.850139960937668
factual_control,r11_D_muD,4.0,8,6,0.24627328329370357,0.04166678004548885,0.4420008254121055,nonzero,+,10.096413244231371,9.850139960937668
factual_control,r12_D_dA,0.0,8,6,0.0,0.0,0.0,near_zero,0,9.850139960937668,9.850139960937668
factual_control,r12_D_dA,0.5,8,6,-0.15306423114573894,-0.31770837763906457,-0.014461712290843328,near_zero,-,9.697075729791928,9.850139960937668
factual_control,r12_D_dA,1.0,8,6,-0.20372894098788188,-0.5218127639920568,0.05147931398823857,inconclusive,-,9.646411019949786,9.850139960937668
factual_control,r12_D_dA,2.0,8,6,-0.17821009020553902,-0.8333614592367666,0.38541685093271855,inconclusive,-,9.671929870732129,9.850139960937668
factual_control,r12_D_dA,4.0,8,6,-0.3627647915078948,-1.4773482115318377,0.5973873876500875,inconclusive,-,9.487375169429773,9.850139960937668
factual_control,r12_D_muD,0.0,8,6,0.0,0.0,0.0,near_zero,0,9.850139960937668,9.850139960937668
factual_control,r12_D_muD,0.5,8,6,-0.07966445417453845,-0.16666670873140296,-0.0030018709289535116,near_zero,-,9.770475506763129,9.850139960937668
factual_control,r12_D_muD,1.0,8,6,-0.09053446944259728,-0.23958347113026926,0.056521824250618614,near_zero,-,9.759605491495071,9.850139960937668
factual_control,r12_D_muD,2.0,8,6,-0.1440460475763151,-0.36475414486267255,0.03661153811844997,near_zero,-,9.706093913361352,9.850139960937668
factual_control,r12_D_muD,4.0,8,6,-0.1862587462431596,-0.6874999366991688,0.19915795714283982,inconclusive,-,9.663881214694507,9.850139960937668
factual_control,r13_D_dA,0.0,8,6,0.0,0.0,0.0,near_zero,0,9.850139960937668,9.850139960937668
factual_control,r13_D_dA,0.5,8,6,-0.0591412476884822,-0.23622482378656665,0.07627556573133915,near_zero,-,9.790998713249186,9.850139960937668
factual_control,r13_D_dA,1.0,8,6,-0.041877707408275455,-0.3645833986927755,0.20833357659478982,near_zero,-,9.808262253529392,9.850139960937668
factual_control,r13_D_dA,2.0,8,6,0.11230300223299612,-0.562499850949583,0.653969702621301,inconclusive,+,9.962442963170664,9.850139960937668
factual_control,r13_D_dA,4.0,8,6,-0.666514916481295,-2.374848520713082,1.3541669684345834,inconclusive,-,9.183625044456372,9.850139960937668
factual_control,r13_D_muD,0.0,8,6,0.0,0.0,0.0,near_zero,0,9.850139960937668,9.850139960937668
factual_control,r13_D_muD,0.5,8,6,-0.022441184089984745,-0.10937516296204801,0.05246844266851743,near_zero,-,9.827698776847683,9.850139960937668
factual_control,r13_D_muD,1.0,8,6,-0.007955108332680538,-0.1746219362539705,0.11950652510859072,near_zero,-,9.842184852604987,9.850139960937668
factual_control,r13_D_muD,2.0,8,6,-0.02619224374454158,-0.25520816395874135,0.16651612335529836,near_zero,-,9.823947717193127,9.850139960937668
factual_control,r13_D_muD,4.0,8,6,0.05487584212096408,-0.39583345865442726,0.39862600962320965,near_zero,+,9.905015803058632,9.850139960937668
factual_control,r14_D_dA,0.0,8,6,0.0,0.0,0.0,near_zero,0,9.850139960937668,9.850139960937668
factual_control,r14_D_dA,0.5,8,6,0.1712951880035689,0.06134036183357239,0.28125001417356543,near_zero,+,10.021435148941237,9.850139960937668
factual_control,r14_D_dA,1.0,8,6,0.37266333464261453,0.13074313453398645,0.6041668099545253,nonzero,+,10.222803295580283,9.850139960937668
factual_control,r14_D_dA,2.0,8,6,0.8356710672766591,0.3507635562370221,1.3072914363971602,nonzero,+,10.685811028214326,9.850139960937668
factual_control,r14_D_dA,4.0,8,6,1.4524599789789743,0.503212404747804,2.531250720283424,nonzero,+,11.302599939916641,9.850139960937668
factual_control,r14_D_muD,0.0,8,6,0.0,0.0,0.0,near_zero,0,9.850139960937668,9.850139960937668
factual_control,r14_D_muD,0.5,8,6,0.04193151681586945,-0.04113677734470306,0.10443175059238759,near_zero,+,9.892071477753538,9.850139960937668
factual_control,r14_D_muD,1.0,8,6,0.10159201732312795,0.015743357439835865,0.18492540388251655,near_zero,+,9.951731978260796,9.850139960937668
factual_control,r14_D_muD,2.0,8,6,0.2641833482727331,0.11153339425800368,0.4166667046083603,nonzero,+,10.1143233092104,9.850139960937668
factual_control,r14_D_muD,4.0,8,6,0.5540276796552158,0.22263851761817932,0.8645835108424459,nonzero,+,10.404167640592883,9.850139960937668
factual_control,r15_D_dA,0.0,8,6,0.0,0.0,0.0,near_zero,0,9.850139960937668,9.850139960937668
factual_control,r15_D_dA,0.5,8,6,0.20215260486293118,0.0677082998881815,0.35224636717284724,nonzero,+,10.052292565800599,9.850139960937668
factual_control,r15_D_dA,1.0,8,6,0.37524659582898795,0.08382065606613953,0.6770832293356458,nonzero,+,10.225386556766656,9.850139960937668
factual_control,r15_D_dA,2.0,8,6,0.6872791700443486,0.0518625279267629,1.2710772332293938,nonzero,+,10.537419130982016,9.850139960937668
factual_control,r15_D_dA,4.0,8,6,0.7954065273321854,-0.5572916042292491,2.02310475926303,inconclusive,+,10.645546488269853,9.850139960937668
factual_control,r15_D_muD,0.0,8,6,0.0,0.0,0.0,near_zero,0,9.850139960937668,9.850139960937668
factual_control,r15_D_muD,0.5,8,6,0.07145919890414613,0.01937576507528623,0.12587259769619152,near_zero,+,9.921599159841813,9.850139960937668
factual_control,r15_D_muD,1.0,8,6,0.11377584539392653,-0.011224317674835524,0.23877619696819843,near_zero,+,9.963915806331594,9.850139960937668
factual_control,r15_D_muD,2.0,8,6,0.2884814014056853,0.09056457504630089,0.520833699152475,nonzero,+,10.138621362343352,9.850139960937668
factual_control,r15_D_muD,4.0,8,6,0.5455124469929918,0.109375004748775,0.9374999865313536,nonzero,+,10.39565240793066,9.850139960937668
factual_control,r16_D_dA,0.0,8,6,0.0,0.0,0.0,near_zero,0,9.850139960937668,9.850139960937668
factual_control,r16_D_dA,0.5,8,6,-0.014506321177274609,-0.21875003919315836,0.11682060415235658,near_zero,-,9.835633639760394,9.850139960937668
factual_control,r16_D_dA,1.0,8,6,0.0553760957166863,-0.3925406920995253,0.3835012156826754,near_zero,+,9.905516056654355,9.850139960937668
factual_control,r16_D_dA,2.0,8,6,0.2809692885881911,-0.6463947814966863,0.9637951965278854,inconclusive,+,10.131109249525858,9.850139960937668
factual_control,r16_D_dA,4.0,8,6,0.25799240604586277,-1.8229167853326846,2.2579922911439403,inconclusive,+,10.108132366983531,9.850139960937668
factual_control,r16_D_muD,0.0,8,6,0.0,0.0,0.0,near_zero,0,9.850139960937668,9.850139960937668
factual_control,r16_D_muD,0.5,8,6,-0.0077605960638417555,-0.1119273758182923,0.07036447340700154,near_zero,-,9.842379364873826,9.850139960937668
factual_control,r16_D_muD,1.0,8,6,0.04672754472509647,-0.08854180851873632,0.1924173406480501,near_zero,+,9.896867505662764,9.850139960937668
factual_control,r16_D_muD,2.0,8,6,-0.020585010138650734,-0.3330851305120935,0.22916660108603537,near_zero,-,9.829554950799016,9.850139960937668
factual_control,r16_D_muD,4.0,8,6,0.1234912937215995,-0.5119254790867368,0.5612895517590595,inconclusive,+,9.973631254659267,9.850139960937668
factual_control,r17_D_dA,0.0,8,6,0.0,0.0,0.0,near_zero,0,9.850139960937668,9.850139960937668
factual_control,r17_D_dA,0.5,8,6,0.025599021280261997,-0.04166649802039805,0.09763008976976077,near_zero,+,9.87573898221793,9.850139960937668
factual_control,r17_D_dA,1.0,8,6,0.08838473240029998,-0.08359383358086536,0.2548637946485535,near_zero,+,9.938524693337968,9.850139960937668
factual_control,r17_D_dA,2.0,8,6,0.39372678539560485,-0.06249995370550702,0.8291202659408251,inconclusive,+,10.243866746333273,9.850139960937668
factual_control,r17_D_dA,4.0,8,6,0.6034970301455663,-0.32291676226304844,1.5080156752412814,inconclusive,+,10.453636991083235,9.850139960937668
factual_control,r17_D_muD,0.0,8,6,0.0,0.0,0.0,near_zero,0,9.850139960937668,9.850139960937668
factual_control,r17_D_muD,0.5,8,6,-0.005612911142331238,-0.05208335566567257,0.05086952797137201,near_zero,-,9.844527049795337,9.850139960937668
factual_control,r17_D_muD,1.0,8,6,-0.02073049883862647,-0.119791593082482,0.07843319873718428,near_zero,-,9.829409462099042,9.850139960937668
factual_control,r17_D_muD,2.0,8,6,0.047826002342238404,-0.07291696438915096,0.17472798152205846,near_zero,+,9.897965963279907,9.850139960937668
factual_control,r17_D_muD,4.0,8,6,0.2053163614764344,-0.060308809605582304,0.4470911111372213,inconclusive,+,10.055456322414102,9.850139960937668
factual_control,r18_D_dA,0.0,8,6,0.0,0.0,0.0,near_zero,0,9.850139960937668,9.850139960937668
factual_control,r18_D_dA,0.5,8,6,-0.06239307394328838,-0.18750005993448818,0.04188060946762562,near_zero,-,9.787746886994379,9.850139960937668
factual_control,r18_D_dA,1.0,8,6,-0.04196197095249469,-0.20342069862332815,0.10908733480609949,near_zero,-,9.808177989985174,9.850139960937668
factual_control,r18_D_dA,2.0,8,6,-0.14139656772022136,-0.49556341270605725,0.13541696111982068,near_zero,-,9.708743393217446,9.850139960937668
factual_control,r18_D_dA,4.0,8,6,-0.049021156398036204,-1.1770834762234397,1.0374511844616785,inconclusive,-,9.801118804539632,9.850139960937668
factual_control,r18_D_muD,0.0,8,6,0.0,0.0,0.0,near_zero,0,9.850139960937668,9.850139960937668
factual_control,r18_D_muD,0.5,8,6,-0.057979425648227334,-0.11460091474388416,-0.017000330379232764,near_zero,-,9.79216053528944,9.850139960937668
factual_control,r18_D_muD,1.0,8,6,-0.0168059228938849,-0.06496268787498896,0.024860916251782328,near_zero,-,9.833334038043782,9.850139960937668
factual_control,r18_D_muD,2.0,8,6,-0.04196336077681432,-0.14584844168178582,0.05699508043471724,near_zero,-,9.808176600160854,9.850139960937668
factual_control,r18_D_muD,4.0,8,6,-0.06052963198938718,-0.33333349115370464,0.1393575624873241,near_zero,-,9.78961032894828,9.850139960937668
factual_control,r19_D_dA,0.0,8,6,0.0,0.0,0.0,near_zero,0,9.850139960937668,9.850139960937668
factual_control,r19_D_dA,0.5,8,6,0.1100551388032424,0.0371385858549426,0.1590491822479327,near_zero,+,9.96019509974091,9.850139960937668
factual_control,r19_D_dA,1.0,8,6,0.2282579954189714,-0.0009084052095810572,0.3959409000972901,inconclusive,+,10.078397956356639,9.850139960937668
factual_control,r19_D_dA,2.0,8,6,0.6302090038152528,0.13541831721037548,1.031251683831215,nonzero,+,10.48034896475292,9.850139960937668
factual_control,r19_D_dA,4.0,8,6,-1.2695815281088774,-3.623747941921465,0.3045869246125221,inconclusive,-,8.58055843282879,9.850139960937668
factual_control,r19_D_muD,0.0,8,6,0.0,0.0,0.0,near_zero,0,9.850139960937668,9.850139960937668
factual_control,r19_D_muD,0.5,8,6,0.051285558360784,-0.0104169988577875,0.10416651866738297,near_zero,+,9.901425519298451,9.850139960937668
factual_control,r19_D_muD,1.0,8,6,0.07989669301120254,0.0226051512969813,0.15104161617152081,near_zero,+,9.93003665394887,9.850139960937668
factual_control,r19_D_muD,2.0,8,6,0.15196895475673955,0.010417095091421896,0.2518543601036072,near_zero,+,10.002108915694407,9.850139960937668
factual_control,r19_D_muD,4.0,8,6,0.4173361916424862,0.11979194525823307,0.6458499168868002,nonzero,+,10.267476152580153,9.850139960937668
factual_control,r20_D_dA,0.0,8,6,0.0,0.0,0.0,near_zero,0,9.850139960937668,9.850139960937668
factual_control,r20_D_dA,0.5,8,6,0.022051491076126695,-0.11857361455137531,0.19270851626060903,near_zero,+,9.872191452013794,9.850139960937668
factual_control,r20_D_dA,1.0,8,6,0.14743502284303153,-0.2240885907172924,0.5591538565353389,inconclusive,+,9.9975749837807,9.850139960937668
factual_control,r20_D_dA,2.0,8,6,0.3129021721397294,-0.682291682222664,1.2765646661534744,inconclusive,+,10.163042133077397,9.850139960937668
factual_control,r20_D_dA,4.0,8,6,0.20549064539954998,-1.9398438254999442,2.1250005195615813,inconclusive,+,10.055630606337218,9.850139960937668
factual_control,r20_D_muD,0.0,8,6,0.0,0.0,0.0,near_zero,0,9.850139960937668,9.850139960937668
factual_control,r20_D_muD,0.5,8,6,0.019291390451447416,-0.06250001589069143,0.10262481200819214,near_zero,+,9.869431351389116,9.850139960937668
factual_control,r20_D_muD,1.0,8,6,0.06261378765824095,-0.11446978772679965,0.25000033172752106,near_zero,+,9.91275374859591,9.850139960937668
factual_control,r20_D_muD,2.0,8,6,0.07048055198295818,-0.19791685546806548,0.32812491442018654,near_zero,+,9.920620512920626,9.850139960937668
factual_control,r20_D_muD,4.0,8,6,0.2299949103180552,-0.35937500417639967,0.8541669609646002,inconclusive,+,10.080134871255723,9.850139960937668
factual_control,r21_D_dA,0.0,8,6,0.0,0.0,0.0,near_zero,0,9.850139960937668,9.850139960937668
factual_control,r21_D_dA,0.5,8,6,-0.038125437233247794,-0.1527975008143888,0.06958253812141872,near_zero,-,9.81201452370442,9.850139960937668
factual_control,r21_D_dA,1.0,8,6,-0.03722597438900266,-0.28128845084963056,0.21288516396270946,near_zero,-,9.812913986548665,9.850139960937668
factual_control,r21_D_dA,2.0,8,6,0.06591963773583605,-0.5643743113031936,0.6529777608229762,inconclusive,+,9.916059598673504,9.850139960937668
factual_control,r21_D_dA,4.0,8,6,0.1402916396909859,-0.8909584542949839,0.9479169520491268,inconclusive,+,9.990431600628654,9.850139960937668
factual_control,r21_D_muD,0.0,8,6,0.0,0.0,0.0,near_zero,0,9.850139960937668,9.850139960937668
factual_control,r21_D_muD,0.5,8,6,-0.07023883892300849,-0.15363941175601212,0.002678082906641066,near_zero,-,9.779901122014659,9.850139960937668
factual_control,r21_D_muD,1.0,8,6,-0.017531485287084553,-0.10086489220460255,0.09705201816783908,near_zero,-,9.832608475650582,9.850139960937668
factual_control,r21_D_muD,2.0,8,6,-0.02885840282639644,-0.2163586529592673,0.163920668925493,near_zero,-,9.821281558111272,9.850139960937668
factual_control,r21_D_muD,4.0,8,6,-0.04637710236420389,-0.4218750139698386,0.3286229918691485,near_zero,-,9.803762858573464,9.850139960937668
factual_control,r22_D_dA,0.0,8,6,0.0,0.0,0.0,near_zero,0,9.850139960937668,9.850139960937668
factual_control,r22_D_dA,0.5,8,6,0.1302347946135948,0.06250012487289495,0.20312571320682762,near_zero,+,9.980374755551262,9.850139960937668
factual_control,r22_D_dA,1.0,8,6,0.39988631898207433,0.27591145219618435,0.5277840681374073,nonzero,+,10.250026279919743,9.850139960937668
factual_control,r22_D_dA,2.0,8,6,0.9282065691028644,0.6351843090482968,1.2637864050921053,nonzero,+,10.778346530040531,9.850139960937668
factual_control,r22_D_dA,4.0,8,6,1.345074449995688,0.02215767155090968,2.437566383788362,nonzero,+,11.195214410933355,9.850139960937668
factual_control,r22_D_muD,0.0,8,6,0.0,0.0,0.0,near_zero,0,9.850139960937668,9.850139960937668
factual_control,r22_D_muD,0.5,8,6,0.005223371622075017,-0.052083210268271306,0.06775307770779666,near_zero,+,9.855363332559742,9.850139960937668
factual_control,r22_D_muD,1.0,8,6,0.09384408174082637,4.269066266715527e-07,0.18759397603571415,near_zero,+,9.943984042678494,9.850139960937668
factual_control,r22_D_muD,2.0,8,6,0.24578398711552532,0.11458329726398613,0.3789697786172231,nonzero,+,10.095923948053192,9.850139960937668
factual_control,r22_D_muD,4.0,8,6,0.5832930991697746,0.40620989734694984,0.7707126674552759,nonzero,+,10.433433060107442,9.850139960937668
domain_completion_preference,dA_D,0.0,2,2,0.0,0.0,0.0,near_zero,0,8.30286062695086,8.30286062695086
domain_completion_preference,dA_D,0.5,2,2,0.1869188491255045,-0.0011618845164775848,0.3749995827674866,near_zero,+,8.489779476076365,8.30286062695086
domain_completion_preference,dA_D,1.0,2,2,0.3458425644785166,0.004185561090707779,0.6874995678663254,nonzero,+,8.648703191429377,8.30286062695086
domain_completion_preference,dA_D,2.0,2,2,0.40337624587118626,-0.005747448652982712,0.8124999403953552,inconclusive,+,8.706236872822046,8.30286062695086
domain_completion_preference,dA_D,4.0,2,2,-0.3754259403795004,-1.1883518062531948,0.43749992549419403,inconclusive,-,7.92743468657136,8.30286062695086
domain_completion_preference,dA_D_matched_muD,0.0,2,2,0.0,0.0,0.0,near_zero,0,8.30286062695086,8.30286062695086
domain_completion_preference,dA_D_matched_muD,0.5,2,2,-0.03317180462181568,-0.19134316220879555,0.12499955296516418,near_zero,-,8.269688822329044,8.30286062695086
domain_completion_preference,dA_D_matched_muD,1.0,2,2,0.12832843512296677,-0.05584309995174408,0.3124999701976776,near_zero,+,8.431189062073827,8.30286062695086
domain_completion_preference,dA_D_matched_muD,2.0,2,2,0.24286776967346668,-0.0767640732228756,0.562499612569809,inconclusive,+,8.545728396624327,8.30286062695086
domain_completion_preference,dA_D_matched_muD,4.0,2,2,0.40333329886198044,0.05666658282279968,0.7500000149011612,nonzero,+,8.70619392581284,8.30286062695086
domain_completion_preference,muD_D,0.0,2,2,0.0,0.0,0.0,near_zero,0,8.30286062695086,8.30286062695086
domain_completion_preference,muD_D,0.5,2,2,0.09288594871759415,0.06077222526073456,0.12499967217445374,near_zero,+,8.395746575668454,8.30286062695086
domain_completion_preference,muD_D,1.0,2,2,0.1184037160128355,0.049307432025671005,0.1875,near_zero,+,8.421264342963696,8.30286062695086
domain_completion_preference,muD_D,2.0,2,2,0.3419745732098818,0.31249961256980896,0.3714495338499546,nonzero,+,8.644835200160742,8.30286062695086
domain_completion_preference,muD_D,4.0,2,2,0.43623905815184116,0.37499985098838806,0.49747826531529427,nonzero,+,8.739099685102701,8.30286062695086
domain_completion_preference,muD_D_matched_dA,0.0,2,2,0.0,0.0,0.0,near_zero,0,8.30286062695086,8.30286062695086
domain_completion_preference,muD_D_matched_dA,0.5,2,2,0.22243722155690193,0.13237468153238297,0.3124997615814209,nonzero,+,8.525297848507762,8.30286062695086
domain_completion_preference,muD_D_matched_dA,1.0,2,2,0.3730828817933798,0.3711661212146282,0.37499964237213135,nonzero,+,8.67594350874424,8.30286062695086
domain_completion_preference,muD_D_matched_dA,2.0,2,2,0.4112459272146225,0.2599920183420181,0.5624998360872269,nonzero,+,8.714106554165483,8.30286062695086
domain_completion_preference,muD_D_matched_dA,4.0,2,2,0.17760123871266842,-1.3322973139584064,1.6874997913837433,inconclusive,+,8.480461865663528,8.30286062695086
domain_completion_preference,muD_P,0.0,2,2,0.0,0.0,0.0,near_zero,0,8.30286062695086,8.30286062695086
domain_completion_preference,muD_P,0.5,2,2,0.12297999300062656,0.12096043303608894,0.12499955296516418,near_zero,+,8.425840619951487,8.30286062695086
domain_completion_preference,muD_P,1.0,2,2,0.34477635100483894,0.3145527020096779,0.375,nonzero,+,8.647636977955699,8.30286062695086
domain_completion_preference,muD_P,2.0,2,2,0.35537520982325077,0.3357505686581135,0.37499985098838806,nonzero,+,8.65823583677411,8.30286062695086
domain_completion_preference,muD_P,4.0,2,2,0.1210597213357687,-0.2578803487122059,0.4999997913837433,near_zero,+,8.423920348286629,8.30286062695086
domain_completion_preference,muD_P_plus_dA_D,0.0,2,2,0.0,0.0,0.0,near_zero,0,8.30286062695086,8.30286062695086
domain_completion_preference,muD_P_plus_dA_D,0.5,2,2,0.3732002526521683,0.37140053510665894,0.3749999701976776,nonzero,+,8.676060879603028,8.30286062695086
domain_completion_preference,muD_P_plus_dA_D,1.0,2,2,0.4690557289868593,0.1881115920841694,0.7499998658895493,nonzero,+,8.77191635593772,8.30286062695086
domain_completion_preference,muD_P_plus_dA_D,2.0,2,2,0.2144541945308447,-0.3210914172232151,0.7499998062849045,inconclusive,+,8.517314821481705,8.30286062695086
domain_completion_preference,muD_P_plus_dA_D,4.0,2,2,-1.3560014609247446,-2.337002594023943,-0.37500032782554626,nonzero,-,6.946859166026115,8.30286062695086
domain_completion_preference,dConc_D_matched_dA,0.0,2,2,0.0,0.0,0.0,near_zero,0,8.30286062695086,8.30286062695086
domain_completion_preference,dConc_D_matched_dA,0.5,2,2,0.11884505674242973,0.05019029229879379,0.18749982118606567,near_zero,+,8.42170568369329,8.30286062695086
domain_completion_preference,dConc_D_matched_dA,1.0,2,2,0.15418168157339096,0.12086372077465057,0.18749964237213135,near_zero,+,8.457042308524251,8.30286062695086
domain_completion_preference,dConc_D_matched_dA,2.0,2,2,0.3134001959115267,0.1893005110323429,0.43749988079071045,nonzero,+,8.616260822862387,8.30286062695086
domain_completion_preference,dConc_D_matched_dA,4.0,2,2,-0.5364547353237867,-1.0729092918336391,-1.7881393432617188e-07,nonzero,-,7.766405891627073,8.30286062695086
domain_completion_preference,dConc_D_native,0.0,2,2,0.0,0.0,0.0,near_zero,0,8.30286062695086,8.30286062695086
domain_completion_preference,dConc_D_native,0.5,2,2,0.24394500814378262,0.23789016529917717,0.24999985098838806,nonzero,+,8.546805635094643,8.30286062695086
domain_completion_preference,dConc_D_native,1.0,2,2,0.248112291097641,0.12122473120689392,0.37499985098838806,nonzero,+,8.550972918048501,8.30286062695086
domain_completion_preference,dConc_D_native,2.0,2,2,0.09790296480059624,-0.24169380217790604,0.4374997317790985,near_zero,+,8.400763591751456,8.30286062695086
domain_completion_preference,dConc_D_native,4.0,2,2,-2.5422005895525217,-3.2719007320702076,-1.8125004470348358,nonzero,-,5.760660037398338,8.30286062695086
domain_completion_preference,muD_PD_F4S,0.0,2,2,0.0,0.0,0.0,near_zero,0,8.30286062695086,8.30286062695086
domain_completion_preference,muD_PD_F4S,0.5,2,2,0.12297999300062656,0.12096043303608894,0.12499955296516418,near_zero,+,8.425840619951487,8.30286062695086
domain_completion_preference,muD_PD_F4S,1.0,2,2,0.34477635100483894,0.3145527020096779,0.375,nonzero,+,8.647636977955699,8.30286062695086
domain_completion_preference,muD_PD_F4S,2.0,2,2,0.35537520982325077,0.3357505686581135,0.37499985098838806,nonzero,+,8.65823583677411,8.30286062695086
domain_completion_preference,muD_PD_F4S,4.0,2,2,0.1210597213357687,-0.2578803487122059,0.4999997913837433,near_zero,+,8.423920348286629,8.30286062695086
domain_completion_preference,r0_D_dA,0.0,2,2,0.0,0.0,0.0,near_zero,0,8.30286062695086,8.30286062695086
domain_completion_preference,r0_D_dA,0.5,2,2,0.274540688842535,0.12499964237213135,0.4240817353129387,nonzero,+,8.577401315793395,8.30286062695086
domain_completion_preference,r0_D_dA,1.0,2,2,0.4965229267254472,0.12499991059303284,0.8680459428578615,nonzero,+,8.799383553676307,8.30286062695086
domain_completion_preference,r0_D_dA,2.0,2,2,0.898370023816824,0.06250002980232239,1.7342400178313255,nonzero,+,9.201230650767684,8.30286062695086
domain_completion_preference,r0_D_dA,4.0,2,2,-0.5702852755784988,-1.8750002086162567,0.734429657459259,inconclusive,-,7.732575351372361,8.30286062695086
domain_completion_preference,r0_D_muD,0.0,2,2,0.0,0.0,0.0,near_zero,0,8.30286062695086,8.30286062695086
domain_completion_preference,r0_D_muD,0.5,2,2,0.15417879447340965,0.12085782736539841,0.1874997615814209,near_zero,+,8.45703942142427,8.30286062695086
domain_completion_preference,r0_D_muD,1.0,2,2,0.1860520113259554,0.062499821186065674,0.3096042014658451,near_zero,+,8.488912638276815,8.30286062695086
domain_completion_preference,r0_D_muD,2.0,2,2,0.4660838898271322,0.18749967217445374,0.7446681074798107,nonzero,+,8.768944516777992,8.30286062695086
domain_completion_preference,r0_D_muD,4.0,2,2,0.6174531513825059,-2.9802322387695312e-08,1.2349063325673342,inconclusive,+,8.920313778333366,8.30286062695086
domain_completion_preference,r1_D_dA,0.0,2,2,0.0,0.0,0.0,near_zero,0,8.30286062695086,8.30286062695086
domain_completion_preference,r1_D_dA,0.5,2,2,-0.5028139632195234,-1.005627628415823,-2.980232238769531e-07,nonzero,-,7.800046663731337,8.30286062695086
domain_completion_preference,r1_D_dA,1.0,2,2,-0.9283106382936239,-1.7941208891570568,-0.06250038743019104,nonzero,-,7.374549988657236,8.30286062695086
domain_completion_preference,r1_D_dA,2.0,2,2,-2.1648807246237993,-4.079761151224375,-0.2500002980232239,nonzero,-,6.137979902327061,8.30286062695086
domain_completion_preference,r1_D_dA,4.0,2,2,-3.896832996979356,-7.231165785342455,-0.5625002086162567,nonzero,-,4.406027629971504,8.30286062695086
domain_completion_preference,r1_D_muD,0.0,2,2,0.0,0.0,0.0,near_zero,0,8.30286062695086,8.30286062695086
domain_completion_preference,r1_D_muD,0.5,2,2,-0.22491941414773464,-0.44983861967921257,-2.086162567138672e-07,nonzero,-,8.077941212803125,8.30286062695086
domain_completion_preference,r1_D_muD,1.0,2,2,-0.37786610797047615,-0.7557319179177284,-2.980232238769531e-07,nonzero,-,7.924994518980384,8.30286062695086
domain_completion_preference,r1_D_muD,2.0,2,2,-0.6860562320798635,-1.3721122853457928,-1.7881393432617188e-07,nonzero,-,7.6168043948709965,8.30286062695086
domain_completion_preference,r1_D_muD,4.0,2,2,-1.4832361694425344,-2.841471951454878,-0.12500038743019104,nonzero,-,6.819624457508326,8.30286062695086
domain_completion_preference,r2_D_dA,0.0,2,2,0.0,0.0,0.0,near_zero,0,8.30286062695086,8.30286062695086
domain_completion_preference,r2_D_dA,0.5,2,2,-0.0020273812115192413,-0.2540546730160713,0.24999991059303284,near_zero,-,8.30083324573934,8.30286062695086
domain_completion_preference,r2_D_dA,1.0,2,2,0.057253047823905945,-0.19799360632896423,0.3124997019767761,near_zero,+,8.360113674774766,8.30286062695086
domain_completion_preference,r2_D_dA,2.0,2,2,-0.10313482210040092,-0.5812696143984795,0.3749999701976776,inconclusive,-,8.199725804850459,8.30286062695086
domain_completion_preference,r2_D_dA,4.0,2,2,-2.9520225692540407,-4.091544929891825,-1.8125002086162567,nonzero,-,5.350838057696819,8.30286062695086
domain_completion_preference,r2_D_muD,0.0,2,2,0.0,0.0,0.0,near_zero,0,8.30286062695086,8.30286062695086
domain_completion_preference,r2_D_muD,0.5,2,2,0.03149624727666378,0.0004927031695842743,0.062499791383743286,near_zero,+,8.334356874227524,8.30286062695086
domain_completion_preference,r2_D_muD,1.0,2,2,0.06061832793056965,-0.06626301631331444,0.18749967217445374,near_zero,+,8.36347895488143,8.30286062695086
domain_completion_preference,r2_D_muD,2.0,2,2,-0.006166035309433937,-0.19983192160725594,0.18749985098838806,near_zero,-,8.296694591641426,8.30286062695086
domain_completion_preference,r2_D_muD,4.0,2,2,0.02597058191895485,-0.3230584189295769,0.3749995827674866,near_zero,+,8.328831208869815,8.30286062695086
domain_completion_preference,r3_D_dA,0.0,2,2,0.0,0.0,0.0,near_zero,0,8.30286062695086,8.30286062695086
domain_completion_preference,r3_D_dA,0.5,2,2,0.060736412182450294,-0.19102702662348747,0.31249985098838806,near_zero,+,8.36359703913331,8.30286062695086
domain_completion_preference,r3_D_dA,1.0,2,2,0.11885369010269642,-0.2622924707829952,0.49999985098838806,near_zero,+,8.421714317053556,8.30286062695086
domain_completion_preference,r3_D_dA,2.0,2,2,-0.31947904266417027,-1.2639579363167286,0.6249998509883881,inconclusive,-,7.98338158428669,8.30286062695086
domain_completion_preference,r3_D_dA,4.0,2,2,-2.121373126283288,-3.9927460439503193,-0.2500002086162567,nonzero,-,6.181487500667572,8.30286062695086
domain_completion_preference,r3_D_muD,0.0,2,2,0.0,0.0,0.0,near_zero,0,8.30286062695086,8.30286062695086
domain_completion_preference,r3_D_muD,0.5,2,2,0.02934562973678112,-0.0663084127008915,0.12499967217445374,near_zero,+,8.332206256687641,8.30286062695086
domain_completion_preference,r3_D_muD,1.0,2,2,0.029522817581892014,-0.1909542754292488,0.24999991059303284,near_zero,+,8.332383444532752,8.30286062695086
domain_completion_preference,r3_D_muD,2.0,2,2,0.08822321519255638,-0.2610534504055977,0.43749988079071045,near_zero,+,8.391083842143416,8.30286062695086
domain_completion_preference,r3_D_muD,4.0,2,2,0.02441328950226307,-0.4511732719838619,0.49999985098838806,near_zero,+,8.327273916453123,8.30286062695086
domain_completion_preference,r4_D_dA,0.0,2,2,0.0,0.0,0.0,near_zero,0,8.30286062695086,8.30286062695086
domain_completion_preference,r4_D_dA,0.5,2,2,-0.03595057688653469,-0.13440076634287834,0.06249961256980896,near_zero,-,8.266910050064325,8.30286062695086
domain_completion_preference,r4_D_dA,1.0,2,2,-0.2866465635597706,-0.5107927694916725,-0.06250035762786865,nonzero,-,8.01621406339109,8.30286062695086
domain_completion_preference,r4_D_dA,2.0,2,2,-0.625688822939992,-0.9388772286474705,-0.3125004172325134,nonzero,-,7.677171804010868,8.30286062695086
domain_completion_preference,r4_D_dA,4.0,2,2,-1.769918603822589,-2.6023371778428555,-0.9375000298023224,nonzero,-,6.532942023128271,8.30286062695086
domain_completion_preference,r4_D_muD,0.0,2,2,0.0,0.0,0.0,near_zero,0,8.30286062695086,8.30286062695086
domain_completion_preference,r4_D_muD,0.5,2,2,-0.03682923503220081,-0.13615847006440163,0.0625,near_zero,-,8.26603139191866,8.30286062695086
domain_completion_preference,r4_D_muD,1.0,2,2,-0.09908613935112953,-0.26067186146974564,0.06249958276748657,near_zero,-,8.20377448759973,8.30286062695086
domain_completion_preference,r4_D_muD,2.0,2,2,-0.12491008825600147,-0.2498200573027134,-1.1920928955078125e-07,near_zero,-,8.177950538694859,8.30286062695086
domain_completion_preference,r4_D_muD,4.0,2,2,-0.3746186401695013,-0.6242371611297131,-0.12500011920928955,nonzero,-,7.928241986781359,8.30286062695086
domain_completion_preference,r5_D_dA,0.0,2,2,0.0,0.0,0.0,near_zero,0,8.30286062695086,8.30286062695086
domain_completion_preference,r5_D_dA,0.5,2,2,-0.3456470873206854,-0.878793727606535,0.18749955296516418,inconclusive,-,7.957213539630175,8.30286062695086
domain_completion_preference,r5_D_dA,1.0,2,2,-0.621565954759717,-1.430631909519434,0.1875,inconclusive,-,7.681294672191143,8.30286062695086
domain_completion_preference,r5_D_dA,2.0,2,2,-1.1079457942396402,-2.6533911414444447,0.4374995529651642,inconclusive,-,7.19491483271122,8.30286062695086
domain_completion_preference,r5_D_dA,4.0,2,2,-2.2835823092609644,-5.317164469510317,0.7499998509883881,inconclusive,-,6.019278317689896,8.30286062695086
domain_completion_preference,r5_D_muD,0.0,2,2,0.0,0.0,0.0,near_zero,0,8.30286062695086,8.30286062695086
domain_completion_preference,r5_D_muD,0.5,2,2,-0.1268512848764658,-0.44120218232274055,0.18749961256980896,near_zero,-,8.176009342074394,8.30286062695086
domain_completion_preference,r5_D_muD,1.0,2,2,-0.21659978665411472,-0.6206996031105518,0.1875000298023224,inconclusive,-,8.086260840296745,8.30286062695086
domain_completion_preference,r5_D_muD,2.0,2,2,-0.4020813796669245,-1.0541624911129475,0.2499997317790985,inconclusive,-,7.9007792472839355,8.30286062695086
domain_completion_preference,r5_D_muD,4.0,2,2,-0.8624987099319696,-1.9749970622360706,0.24999964237213135,inconclusive,-,7.44036191701889,8.30286062695086
domain_completion_preference,r6_D_dA,0.0,2,2,0.0,0.0,0.0,near_zero,0,8.30286062695086,8.30286062695086
domain_completion_preference,r6_D_dA,0.5,2,2,-0.21583963744342327,-0.4941788576543331,0.06249958276748657,inconclusive,-,8.087020989507437,8.30286062695086
domain_completion_preference,r6_D_dA,1.0,2,2,-0.34618070907890797,-0.6923610605299473,-3.5762786865234375e-07,nonzero,-,7.956679917871952,8.30286062695086
domain_completion_preference,r6_D_dA,2.0,2,2,-0.9613861907273531,-1.9852723814547062,0.0625,inconclusive,-,7.341474436223507,8.30286062695086
domain_completion_preference,r6_D_dA,4.0,2,2,-1.9458617214113474,-3.829223234206438,-0.06250020861625671,nonzero,-,6.356998905539513,8.30286062695086
domain_completion_preference,r6_D_muD,0.0,2,2,0.0,0.0,0.0,near_zero,0,8.30286062695086,8.30286062695086
domain_completion_preference,r6_D_muD,0.5,2,2,-0.06415734812617302,-0.19081469625234604,0.0625,near_zero,-,8.238703278824687,8.30286062695086
domain_completion_preference,r6_D_muD,1.0,2,2,-0.12962563149631023,-0.3842512033879757,0.12499994039535522,near_zero,-,8.17323499545455,8.30286062695086
domain_completion_preference,r6_D_muD,2.0,2,2,-0.18412690423429012,-0.43075377866625786,0.06249997019767761,near_zero,-,8.11873372271657,8.30286062695086
domain_completion_preference,r6_D_muD,4.0,2,2,-0.5287964772433043,-1.120092984288931,0.06250002980232239,inconclusive,-,7.774064149707556,8.30286062695086
domain_completion_preference,r7_D_dA,0.0,2,2,0.0,0.0,0.0,near_zero,0,8.30286062695086,8.30286062695086
domain_completion_preference,r7_D_dA,0.5,2,2,0.08509991131722927,-0.14229996874928474,0.3124997913837433,near_zero,+,8.38796053826809,8.30286062695086
domain_completion_preference,r7_D_dA,1.0,2,2,0.08364720456302166,-0.08270547166466713,0.24999988079071045,near_zero,+,8.386507831513882,8.30286062695086
domain_completion_preference,r7_D_dA,2.0,2,2,-0.9188362900167704,-1.8376725502312183,-2.9802322387695312e-08,nonzero,-,7.38402433693409,8.30286062695086
domain_completion_preference,r7_D_dA,4.0,2,2,-3.516104945912957,-5.219710160046816,-1.8124997317790985,nonzero,-,4.786755681037903,8.30286062695086
domain_completion_preference,r7_D_muD,0.0,2,2,0.0,0.0,0.0,near_zero,0,8.30286062695086,8.30286062695086
domain_completion_preference,r7_D_muD,0.5,2,2,0.057921458035707474,-0.009156666696071625,0.12499958276748657,near_zero,+,8.360782084986567,8.30286062695086
domain_completion_preference,r7_D_muD,1.0,2,2,0.17869701236486435,0.10739417374134064,0.24999985098838806,near_zero,+,8.481557639315724,8.30286062695086
domain_completion_preference,r7_D_muD,2.0,2,2,0.08462190255522728,-0.08075583726167679,0.24999964237213135,near_zero,+,8.387482529506087,8.30286062695086
domain_completion_preference,r7_D_muD,4.0,2,2,-0.2633898872882128,-0.7142796851694584,0.18749991059303284,inconclusive,-,8.039470739662647,8.30286062695086
domain_completion_preference,r8_D_dA,0.0,2,2,0.0,0.0,0.0,near_zero,0,8.30286062695086,8.30286062695086
domain_completion_preference,r8_D_dA,0.5,2,2,-0.2135441806167364,-0.614587914198637,0.18749955296516418,inconclusive,-,8.089316446334124,8.30286062695086
domain_completion_preference,r8_D_dA,1.0,2,2,-0.45984782464802265,-1.0446954108774662,0.1249997615814209,inconclusive,-,7.843012802302837,8.30286062695086
domain_completion_preference,r8_D_dA,2.0,2,2,-1.335431756451726,-2.6083634234964848,-0.06250008940696716,nonzero,-,6.967428870499134,8.30286062695086
domain_completion_preference,r8_D_dA,4.0,2,2,-3.122078964486718,-5.681657660752535,-0.5625002682209015,nonzero,-,5.180781662464142,8.30286062695086
domain_completion_preference,r8_D_muD,0.0,2,2,0.0,0.0,0.0,near_zero,0,8.30286062695086,8.30286062695086
domain_completion_preference,r8_D_muD,0.5,2,2,-0.06417999230325222,-0.3158595971763134,0.18749961256980896,near_zero,-,8.238680634647608,8.30286062695086
domain_completion_preference,r8_D_muD,1.0,2,2,-0.1892800722271204,-0.5660598464310169,0.18749970197677612,inconclusive,-,8.11358055472374,8.30286062695086
domain_completion_preference,r8_D_muD,2.0,2,2,-0.21332609839737415,-0.6141517795622349,0.18749958276748657,inconclusive,-,8.089534528553486,8.30286062695086
domain_completion_preference,r8_D_muD,4.0,2,2,-0.7281304877251387,-1.6437609754502773,0.1875,inconclusive,-,7.574730139225721,8.30286062695086
domain_completion_preference,r9_D_dA,0.0,2,2,0.0,0.0,0.0,near_zero,0,8.30286062695086,8.30286062695086
domain_completion_preference,r9_D_dA,0.5,2,2,-0.0017993059009313583,-0.1910981945693493,0.18749958276748657,near_zero,-,8.301061321049929,8.30286062695086
domain_completion_preference,r9_D_dA,1.0,2,2,-0.0017933361232280731,-0.3785864934325218,0.3749998211860657,near_zero,-,8.301067290827632,8.30286062695086
domain_completion_preference,r9_D_dA,2.0,2,2,-0.25038560293614864,-1.063270878046751,0.5624996721744537,inconclusive,-,8.052475024014711,8.30286062695086
domain_completion_preference,r9_D_dA,4.0,2,2,-3.1306938771158457,-3.5738875456154346,-2.6875002086162567,nonzero,-,5.172166749835014,8.30286062695086
domain_completion_preference,r9_D_muD,0.0,2,2,0.0,0.0,0.0,near_zero,0,8.30286062695086,8.30286062695086
domain_completion_preference,r9_D_muD,0.5,2,2,-0.006226610392332077,-0.19995298236608505,0.1874997615814209,near_zero,-,8.296634016558528,8.30286062695086
domain_completion_preference,r9_D_muD,1.0,2,2,0.060932597145438194,-0.19063441827893257,0.31249961256980896,near_zero,+,8.363793224096298,8.30286062695086
domain_completion_preference,r9_D_muD,2.0,2,2,0.060754505917429924,-0.19099071994423866,0.3124997317790985,near_zero,+,8.36361513286829,8.30286062695086
domain_completion_preference,r9_D_muD,4.0,2,2,-0.09979586116969585,-0.6995916031301022,0.49999988079071045,inconclusive,-,8.203064765781164,8.30286062695086
domain_completion_preference,r10_D_dA,0.0,2,2,0.0,0.0,0.0,near_zero,0,8.30286062695086,8.30286062695086
domain_completion_preference,r10_D_dA,0.5,2,2,-0.18927183002233505,-0.31604327261447906,-0.06250038743019104,near_zero,-,8.113588796928525,8.30286062695086
domain_completion_preference,r10_D_dA,1.0,2,2,-0.4640152957290411,-0.8030303530395031,-0.1250002384185791,nonzero,-,7.838845331221819,8.30286062695086
domain_completion_preference,r10_D_dA,2.0,2,2,-1.3885064367204905,-2.3395126052200794,-0.4375002682209015,nonzero,-,6.91435419023037,8.30286062695086
domain_completion_preference,r10_D_dA,4.0,2,2,-4.003885576501489,-6.00777106359601,-2.000000089406967,nonzero,-,4.298975050449371,8.30286062695086
domain_completion_preference,r10_D_muD,0.0,2,2,0.0,0.0,0.0,near_zero,0,8.30286062695086,8.30286062695086
domain_completion_preference,r10_D_muD,0.5,2,2,-0.033115336671471596,-0.19123034551739693,0.12499967217445374,near_zero,-,8.269745290279388,8.30286062695086
domain_completion_preference,r10_D_muD,1.0,2,2,-0.12686803378164768,-0.31623582914471626,0.0624997615814209,near_zero,-,8.175992593169212,8.30286062695086
domain_completion_preference,r10_D_muD,2.0,2,2,-0.2508686687797308,-0.4392370693385601,-0.06250026822090149,nonzero,-,8.05199195817113,8.30286062695086
domain_completion_preference,r10_D_muD,4.0,2,2,-0.708025312051177,-1.228550385683775,-0.1875002384185791,nonzero,-,7.594835314899683,8.30286062695086
domain_completion_preference,r11_D_dA,0.0,2,2,0.0,0.0,0.0,near_zero,0,8.30286062695086,8.30286062695086
domain_completion_preference,r11_D_dA,0.5,2,2,-0.12788640521466732,-0.1932726614177227,-0.06250014901161194,near_zero,-,8.174974221736193,8.30286062695086
domain_completion_preference,r11_D_dA,1.0,2,2,-0.3155305068939924,-0.3810609243810177,-0.25000008940696716,nonzero,-,7.987330120056868,8.30286062695086
domain_completion_preference,r11_D_dA,2.0,2,2,-0.592967176809907,-0.6234341450035572,-0.5625002086162567,nonzero,-,7.709893450140953,8.30286062695086
domain_completion_preference,r11_D_dA,4.0,2,2,-2.0944813434034586,-3.12646259739995,-1.0625000894069672,nonzero,-,6.208379283547401,8.30286062695086
domain_completion_preference,r11_D_muD,0.0,2,2,0.0,0.0,0.0,near_zero,0,8.30286062695086,8.30286062695086
domain_completion_preference,r11_D_muD,0.5,2,2,0.05998313054442406,0.05746632069349289,0.062499940395355225,near_zero,+,8.362843757495284,8.30286062695086
domain_completion_preference,r11_D_muD,1.0,2,2,-0.09657367877662182,-0.19314708933234215,-2.682209014892578e-07,near_zero,-,8.206286948174238,8.30286062695086
domain_completion_preference,r11_D_muD,2.0,2,2,-0.1539425328373909,-0.1828847974538803,-0.1250002682209015,near_zero,-,8.14891809411347,8.30286062695086
domain_completion_preference,r11_D_muD,4.0,2,2,-0.3516851868480444,-0.37500008940696716,-0.32837028428912163,nonzero,-,7.951175440102816,8.30286062695086
domain_completion_preference,r12_D_dA,0.0,2,2,0.0,0.0,0.0,near_zero,0,8.30286062695086,8.30286062695086
domain_completion_preference,r12_D_dA,0.5,2,2,-0.06447805278003216,-0.19145610556006432,0.0625,near_zero,-,8.238382574170828,8.30286062695086
domain_completion_preference,r12_D_dA,1.0,2,2,-0.19778291881084442,-0.39556553959846497,-2.980232238769531e-07,near_zero,-,8.105077708140016,8.30286062695086
domain_completion_preference,r12_D_dA,2.0,2,2,-0.6633012238889933,-1.2641020603477955,-0.06250038743019104,nonzero,-,7.639559403061867,8.30286062695086
domain_completion_preference,r12_D_dA,4.0,2,2,-1.4319990705698729,-2.5514978282153606,-0.31250031292438507,nonzero,-,6.870861556380987,8.30286062695086
domain_completion_preference,r12_D_muD,0.0,2,2,0.0,0.0,0.0,near_zero,0,8.30286062695086,8.30286062695086
domain_completion_preference,r12_D_muD,0.5,2,2,-0.03377899341285229,-0.1925576590001583,0.12499967217445374,near_zero,-,8.269081633538008,8.30286062695086
domain_completion_preference,r12_D_muD,1.0,2,2,-0.036800771951675415,-0.13610145449638367,0.06249991059303284,near_zero,-,8.266059854999185,8.30286062695086
domain_completion_preference,r12_D_muD,2.0,2,2,-0.09924662485718727,-0.2609931603074074,0.06249991059303284,near_zero,-,8.203614002093673,8.30286062695086
domain_completion_preference,r12_D_muD,4.0,2,2,-0.3828338962048292,-0.8281675539910793,0.0624997615814209,inconclusive,-,7.920026730746031,8.30286062695086
domain_completion_preference,r13_D_dA,0.0,2,2,0.0,0.0,0.0,near_zero,0,8.30286062695086,8.30286062695086
domain_completion_preference,r13_D_dA,0.5,2,2,0.12308892980217934,-0.06632199138402939,0.31249985098838806,near_zero,+,8.42594955675304,8.30286062695086
domain_completion_preference,r13_D_dA,1.0,2,2,0.2241011280566454,-0.11429772898554802,0.5624999850988388,inconclusive,+,8.526961755007505,8.30286062695086
domain_completion_preference,r13_D_dA,2.0,2,2,0.10308266244828701,-0.6688343323767185,0.8749996572732925,inconclusive,+,8.405943289399147,8.30286062695086
domain_completion_preference,r13_D_dA,4.0,2,2,-1.9421852622181177,-2.1875002086162567,-1.6968703158199787,nonzero,-,6.360675364732742,8.30286062695086
domain_completion_preference,r13_D_muD,0.0,2,2,0.0,0.0,0.0,near_zero,0,8.30286062695086,8.30286062695086
domain_completion_preference,r13_D_muD,0.5,2,2,0.11931964382529259,-0.011360742151737213,0.2500000298023224,near_zero,+,8.422180270776153,8.30286062695086
domain_completion_preference,r13_D_muD,1.0,2,2,-0.002929098904132843,-0.1933578997850418,0.18749970197677612,near_zero,-,8.299931528046727,8.30286062695086
domain_completion_preference,r13_D_muD,2.0,2,2,0.031168224290013313,-0.25016316398978233,0.31249961256980896,near_zero,+,8.334028851240873,8.30286062695086
domain_completion_preference,r13_D_muD,4.0,2,2,0.09864079393446445,-0.4902181290090084,0.6874997168779373,inconclusive,+,8.401501420885324,8.30286062695086
domain_completion_preference,r14_D_dA,0.0,2,2,0.0,0.0,0.0,near_zero,0,8.30286062695086,8.30286062695086
domain_completion_preference,r14_D_dA,0.5,2,2,-0.03347084857523441,-0.12500038743019104,0.058058690279722214,near_zero,-,8.269389778375626,8.30286062695086
domain_completion_preference,r14_D_dA,1.0,2,2,-0.06867903843522072,-0.3125002682209015,0.17514219135046005,near_zero,-,8.23418158851564,8.30286062695086
domain_completion_preference,r14_D_dA,2.0,2,2,0.07136947195976973,-0.25000032782554626,0.3927392717450857,near_zero,+,8.37423009891063,8.30286062695086
domain_completion_preference,r14_D_dA,4.0,2,2,-0.39056881703436375,-0.5936374254524708,-0.1875002086162567,nonzero,-,7.912291809916496,8.30286062695086
domain_completion_preference,r14_D_muD,0.0,2,2,0.0,0.0,0.0,near_zero,0,8.30286062695086,8.30286062695086
domain_completion_preference,r14_D_muD,0.5,2,2,0.055926987901329994,0.049354273825883865,0.06249970197677612,near_zero,+,8.35878761485219,8.30286062695086
domain_completion_preference,r14_D_muD,1.0,2,2,0.029759973287582397,-8.940696716308594e-08,0.05952003598213196,near_zero,+,8.332620600238442,8.30286062695086
domain_completion_preference,r14_D_muD,2.0,2,2,0.02663562074303627,-0.18750008940696716,0.2407713308930397,near_zero,+,8.329496247693896,8.30286062695086
domain_completion_preference,r14_D_muD,4.0,2,2,0.09438875317573547,-0.31250008940696716,0.5012775957584381,inconclusive,+,8.397249380126595,8.30286062695086
domain_completion_preference,r15_D_dA,0.0,2,2,0.0,0.0,0.0,near_zero,0,8.30286062695086,8.30286062695086
domain_completion_preference,r15_D_dA,0.5,2,2,0.05977935157716274,0.05705879256129265,0.06249991059303284,near_zero,+,8.362639978528023,8.30286062695086
domain_completion_preference,r15_D_dA,1.0,2,2,-0.314419636502862,-0.5038391537964344,-0.12500011920928955,nonzero,-,7.988440990447998,8.30286062695086
domain_completion_preference,r15_D_dA,2.0,2,2,-0.6905608419328928,-1.1311215050518513,-0.2500001788139343,nonzero,-,7.612299785017967,8.30286062695086
domain_completion_preference,r15_D_dA,4.0,2,2,-2.0894318763166666,-3.4288633055984974,-0.7500004470348358,nonzero,-,6.213428750634193,8.30286062695086
domain_completion_preference,r15_D_muD,0.0,2,2,0.0,0.0,0.0,near_zero,0,8.30286062695086,8.30286062695086
domain_completion_preference,r15_D_muD,0.5,2,2,-0.03398899920284748,-0.06797796860337257,-2.9802322387695312e-08,near_zero,-,8.268871627748013,8.30286062695086
domain_completion_preference,r15_D_muD,1.0,2,2,-0.06442159414291382,-0.1913430392742157,0.06249985098838806,near_zero,-,8.238439032807946,8.30286062695086
domain_completion_preference,r15_D_muD,2.0,2,2,-0.09573229402303696,-0.253964439034462,0.06249985098838806,near_zero,-,8.207128332927823,8.30286062695086
domain_completion_preference,r15_D_muD,4.0,2,2,-0.31520875357091427,-0.5054171197116375,-0.12500038743019104,nonzero,-,7.987651873379946,8.30286062695086
domain_completion_preference,r16_D_dA,0.0,2,2,0.0,0.0,0.0,near_zero,0,8.30286062695086,8.30286062695086
domain_completion_preference,r16_D_dA,0.5,2,2,0.024968648329377174,-2.980232238769531e-07,0.049937594681978226,near_zero,+,8.327829275280237,8.30286062695086
domain_completion_preference,r16_D_dA,1.0,2,2,0.025327015668153763,-0.06250017881393433,0.11315421015024185,near_zero,+,8.328187642619014,8.30286062695086
domain_completion_preference,r16_D_dA,2.0,2,2,0.07165363244712353,-0.25000038743019104,0.3933076523244381,near_zero,+,8.374514259397984,8.30286062695086
domain_completion_preference,r16_D_dA,4.0,2,2,-2.1819765958935022,-3.426452923566103,-0.9375002682209015,nonzero,-,6.120884031057358,8.30286062695086
domain_completion_preference,r16_D_muD,0.0,2,2,0.0,0.0,0.0,near_zero,0,8.30286062695086,8.30286062695086
domain_completion_preference,r16_D_muD,0.5,2,2,-0.059725718572735786,-0.1194513775408268,-5.960464477539063e-08,near_zero,-,8.243134908378124,8.30286062695086
domain_completion_preference,r16_D_muD,1.0,2,2,0.029822953045368195,-0.06535379588603973,0.12499970197677612,near_zero,+,8.332683579996228,8.30286062695086
domain_completion_preference,r16_D_muD,2.0,2,2,0.06080145202577114,-1.7881393432617188e-07,0.12160308286547661,near_zero,+,8.363662078976631,8.30286062695086
domain_completion_preference,r16_D_muD,4.0,2,2,0.08808563649654388,-0.18750005960464478,0.36367133259773254,near_zero,+,8.390946263447404,8.30286062695086
domain_completion_preference,r17_D_dA,0.0,2,2,0.0,0.0,0.0,near_zero,0,8.30286062695086,8.30286062695086
domain_completion_preference,r17_D_dA,0.5,2,2,-0.03662209212779999,-0.1357441246509552,0.062499940395355225,near_zero,-,8.26623853482306,8.30286062695086
domain_completion_preference,r17_D_dA,1.0,2,2,-0.1255021933466196,-0.31350402906537056,0.06249964237213135,near_zero,-,8.17735843360424,8.30286062695086
domain_completion_preference,r17_D_dA,2.0,2,2,-0.4360739290714264,-0.9346477687358856,0.06249991059303284,inconclusive,-,7.866786697879434,8.30286062695086
domain_completion_preference,r17_D_dA,4.0,2,2,-1.3019626550376415,-2.916425161063671,0.31249985098838806,inconclusive,-,7.0008979719132185,8.30286062695086
domain_completion_preference,r17_D_muD,0.0,2,2,0.0,0.0,0.0,near_zero,0,8.30286062695086,8.30286062695086
domain_completion_preference,r17_D_muD,0.5,2,2,0.02966117113828659,-0.06567724049091339,0.12499958276748657,near_zero,+,8.332521798089147,8.30286062695086
domain_completion_preference,r17_D_muD,1.0,2,2,-0.06436456553637981,-0.1912286840379238,0.062499552965164185,near_zero,-,8.23849606141448,8.30286062695086
domain_completion_preference,r17_D_muD,2.0,2,2,-0.06846723705530167,-0.19943444430828094,0.06249997019767761,near_zero,-,8.234393389895558,8.30286062695086
domain_completion_preference,r17_D_muD,4.0,2,2,-0.1874644123017788,-0.43742837756872177,0.062499552965164185,near_zero,-,8.115396214649081,8.30286062695086
domain_completion_preference,r18_D_dA,0.0,2,2,0.0,0.0,0.0,near_zero,0,8.30286062695086,8.30286062695086
domain_completion_preference,r18_D_dA,0.5,2,2,-0.34048532508313656,-0.9309703223407269,0.24999967217445374,inconclusive,-,7.9623753018677235,8.30286062695086
domain_completion_preference,r18_D_dA,1.0,2,2,-0.6971979811787605,-1.6443959325551987,0.2499999701976776,inconclusive,-,7.6056626457720995,8.30286062695086
domain_completion_preference,r18_D_dA,2.0,2,2,-1.8297918979078531,-3.8470833487808704,0.18749955296516418,inconclusive,-,6.473068729043007,8.30286062695086
domain_completion_preference,r18_D_dA,4.0,2,2,-3.239260384812951,-6.603520650416613,0.12499988079071045,inconclusive,-,5.063600242137909,8.30286062695086
domain_completion_preference,r18_D_muD,0.0,2,2,0.0,0.0,0.0,near_zero,0,8.30286062695086,8.30286062695086
domain_completion_preference,r18_D_muD,0.5,2,2,-0.12762635573744774,-0.3802524730563164,0.1249997615814209,near_zero,-,8.175234271213412,8.30286062695086
domain_completion_preference,r18_D_muD,1.0,2,2,-0.27847291715443134,-0.6194455958902836,0.0624997615814209,inconclusive,-,8.024387709796429,8.30286062695086
domain_completion_preference,r18_D_muD,2.0,2,2,-0.5194720420986414,-1.226443875581026,0.1874997913837433,inconclusive,-,7.783388584852219,8.30286062695086
domain_completion_preference,r18_D_muD,4.0,2,2,-1.1911828517913818,-2.5698656737804413,0.1874999701976776,inconclusive,-,7.111677775159478,8.30286062695086
domain_completion_preference,r19_D_dA,0.0,2,2,0.0,0.0,0.0,near_zero,0,8.30286062695086,8.30286062695086
domain_completion_preference,r19_D_dA,0.5,2,2,0.11859948560595512,0.04969894140958786,0.1875000298023224,near_zero,+,8.421460112556815,8.30286062695086
domain_completion_preference,r19_D_dA,1.0,2,2,0.08442452177405357,-0.018650569021701813,0.18749961256980896,near_zero,+,8.387285148724914,8.30286062695086
domain_completion_preference,r19_D_dA,2.0,2,2,0.05585023574531078,0.04920059069991112,0.06249988079071045,near_zero,+,8.35871086269617,8.30286062695086
domain_completion_preference,r19_D_dA,4.0,2,2,-2.088068390265107,-3.1761365719139576,-1.0000002086162567,nonzero,-,6.214792236685753,8.30286062695086
domain_completion_preference,r19_D_muD,0.0,2,2,0.0,0.0,0.0,near_zero,0,8.30286062695086,8.30286062695086
domain_completion_preference,r19_D_muD,0.5,2,2,0.03044861927628517,-0.0016024038195610046,0.06249964237213135,near_zero,+,8.333309246227145,8.30286062695086
domain_completion_preference,r19_D_muD,1.0,2,2,0.06003509648144245,0.05757040157914162,0.062499791383743286,near_zero,+,8.362895723432302,8.30286062695086
domain_completion_preference,r19_D_muD,2.0,2,2,0.0920890923589468,0.05917833372950554,0.12499985098838806,near_zero,+,8.394949719309807,8.30286062695086
domain_completion_preference,r19_D_muD,4.0,2,2,0.1195389274507761,0.051578182727098465,0.18749967217445374,near_zero,+,8.422399554401636,8.30286062695086
domain_completion_preference,r20_D_dA,0.0,2,2,0.0,0.0,0.0,near_zero,0,8.30286062695086,8.30286062695086
domain_completion_preference,r20_D_dA,0.5,2,2,0.18773452751338482,0.12546923384070396,0.24999982118606567,near_zero,+,8.490595154464245,8.30286062695086
domain_completion_preference,r20_D_dA,1.0,2,2,0.255335433408618,0.1356709860265255,0.37499988079071045,nonzero,+,8.558196060359478,8.30286062695086
domain_completion_preference,r20_D_dA,2.0,2,2,0.10909073986113071,-0.21931837126612663,0.43749985098838806,near_zero,+,8.41195136681199,8.30286062695086
domain_completion_preference,r20_D_dA,4.0,2,2,-2.176237115636468,-3.977473843842745,-0.37500038743019104,nonzero,-,6.126623511314392,8.30286062695086
domain_completion_preference,r20_D_muD,0.0,2,2,0.0,0.0,0.0,near_zero,0,8.30286062695086,8.30286062695086
domain_completion_preference,r20_D_muD,0.5,2,2,0.0610059667378664,-0.06548797711730003,0.18749991059303284,near_zero,+,8.363866593688726,8.30286062695086
domain_completion_preference,r20_D_muD,1.0,2,2,0.1240557786077261,-0.0018881745636463165,0.2499997317790985,near_zero,+,8.426916405558586,8.30286062695086
domain_completion_preference,r20_D_muD,2.0,2,2,0.311666514724493,0.24833329766988754,0.3749997317790985,nonzero,+,8.614527141675353,8.30286062695086
domain_completion_preference,r20_D_muD,4.0,2,2,0.22957162745296955,0.021643463522195816,0.4374997913837433,nonzero,+,8.53243225440383,8.30286062695086
domain_completion_preference,r21_D_dA,0.0,2,2,0.0,0.0,0.0,near_zero,0,8.30286062695086,8.30286062695086
domain_completion_preference,r21_D_dA,0.5,2,2,0.02409314177930355,-0.0768137164413929,0.125,near_zero,+,8.326953768730164,8.30286062695086
domain_completion_preference,r21_D_dA,1.0,2,2,-0.16806629486382008,-0.336132500320673,-8.940696716308594e-08,near_zero,-,8.13479433208704,8.30286062695086
domain_completion_preference,r21_D_dA,2.0,2,2,-0.3265845272690058,-0.5906690247356892,-0.06250002980232239,nonzero,-,7.976276099681854,8.30286062695086
domain_completion_preference,r21_D_dA,4.0,2,2,-1.2510840017348528,-1.8771679140627384,-0.6250000894069672,nonzero,-,7.051776625216007,8.30286062695086
domain_completion_preference,r21_D_muD,0.0,2,2,0.0,0.0,0.0,near_zero,0,8.30286062695086,8.30286062695086
domain_completion_preference,r21_D_muD,0.5,2,2,0.029276253655552864,-0.0664474330842495,0.12499994039535522,near_zero,+,8.332136880606413,8.30286062695086
domain_completion_preference,r21_D_muD,1.0,2,2,-0.00526801124215126,-0.13553566485643387,0.12499964237213135,near_zero,-,8.297592615708709,8.30286062695086
domain_completion_preference,r21_D_muD,2.0,2,2,-0.040977537631988525,-0.14445483684539795,0.0624997615814209,near_zero,-,8.261883089318871,8.30286062695086
domain_completion_preference,r21_D_muD,4.0,2,2,-0.07365832664072514,-0.209816325455904,0.062499672174453735,near_zero,-,8.229202300310135,8.30286062695086
domain_completion_preference,r22_D_dA,0.0,2,2,0.0,0.0,0.0,near_zero,0,8.30286062695086,8.30286062695086
domain_completion_preference,r22_D_dA,0.5,2,2,-0.002770518884062767,-0.1930406205356121,0.18749958276748657,near_zero,-,8.300090108066797,8.30286062695086
domain_completion_preference,r22_D_dA,1.0,2,2,-0.004362946376204491,-0.19622547551989555,0.18749958276748657,near_zero,-,8.298497680574656,8.30286062695086
domain_completion_preference,r22_D_dA,2.0,2,2,-0.3476099306717515,-0.6952197719365358,-8.940696716308594e-08,nonzero,-,7.9552506962791085,8.30286062695086
domain_completion_preference,r22_D_dA,4.0,2,2,-2.2737317997962236,-4.047463390976191,-0.5000002086162567,nonzero,-,6.029128827154636,8.30286062695086
domain_completion_preference,r22_D_muD,0.0,2,2,0.0,0.0,0.0,near_zero,0,8.30286062695086,8.30286062695086
domain_completion_preference,r22_D_muD,0.5,2,2,0.031175287440419197,-0.12514930590987206,0.18749988079071045,near_zero,+,8.33403591439128,8.30286062695086
domain_completion_preference,r22_D_muD,1.0,2,2,0.02432074211537838,-0.07635827735066414,0.1249997615814209,near_zero,+,8.327181369066238,8.30286062695086
domain_completion_preference,r22_D_muD,2.0,2,2,-0.07019487395882607,-0.32788947969675064,0.1874997317790985,near_zero,-,8.232665752992034,8.30286062695086
domain_completion_preference,r22_D_muD,4.0,2,2,-0.2174619734287262,-0.6224236488342285,0.18749970197677612,inconclusive,-,8.085398653522134,8.30286062695086
concrete,dA_D,0.0,1,1,0.0,0.0,0.0,n=1,0,-10.62499988079071,-10.62499988079071
concrete,dA_D,0.5,1,1,0.18749940395355225,0.18749940395355225,0.18749940395355225,n=1,+,-10.437500476837158,-10.62499988079071
concrete,dA_D,1.0,1,1,0.31250011920928955,0.31250011920928955,0.31250011920928955,n=1,+,-10.312499761581421,-10.62499988079071
concrete,dA_D,2.0,1,1,0.9374996423721313,0.9374996423721313,0.9374996423721313,n=1,+,-9.687500238418579,-10.62499988079071
concrete,dA_D,4.0,1,1,2.1875003576278687,2.1875003576278687,2.1875003576278687,n=1,+,-8.437499523162842,-10.62499988079071
concrete,dA_D_matched_muD,0.0,1,1,0.0,0.0,0.0,n=1,0,-10.62499988079071,-10.62499988079071
concrete,dA_D_matched_muD,0.5,1,1,0.1249997615814209,0.1249997615814209,0.1249997615814209,n=1,+,-10.50000011920929,-10.62499988079071
concrete,dA_D_matched_muD,1.0,1,1,0.12500011920928955,0.12500011920928955,0.12500011920928955,n=1,+,-10.499999761581421,-10.62499988079071
concrete,dA_D_matched_muD,2.0,1,1,0.0624997615814209,0.0624997615814209,0.0624997615814209,n=1,+,-10.56250011920929,-10.62499988079071
concrete,dA_D_matched_muD,4.0,1,1,0.5624995231628418,0.5624995231628418,0.5624995231628418,n=1,+,-10.062500357627869,-10.62499988079071
concrete,muD_D,0.0,1,1,0.0,0.0,0.0,n=1,0,-10.62499988079071,-10.62499988079071
concrete,muD_D,0.5,1,1,-0.2500002384185791,-0.2500002384185791,-0.2500002384185791,n=1,-,-10.87500011920929,-10.62499988079071
concrete,muD_D,1.0,1,1,-0.5625003576278687,-0.5625003576278687,-0.5625003576278687,n=1,-,-11.187500238418579,-10.62499988079071
concrete,muD_D,2.0,1,1,-1.1250003576278687,-1.1250003576278687,-1.1250003576278687,n=1,-,-11.750000238418579,-10.62499988079071
concrete,muD_D,4.0,1,1,-2.062500476837158,-2.062500476837158,-2.062500476837158,n=1,-,-12.687500357627869,-10.62499988079071
concrete,muD_D_matched_dA,0.0,1,1,0.0,0.0,0.0,n=1,0,-10.62499988079071,-10.62499988079071
concrete,muD_D_matched_dA,0.5,1,1,-0.7500003576278687,-0.7500003576278687,-0.7500003576278687,n=1,-,-11.375000238418579,-10.62499988079071
concrete,muD_D_matched_dA,1.0,1,1,-1.437499761581421,-1.437499761581421,-1.437499761581421,n=1,-,-12.062499642372131,-10.62499988079071
concrete,muD_D_matched_dA,2.0,1,1,-3.0000004172325134,-3.0000004172325134,-3.0000004172325134,n=1,-,-13.625000298023224,-10.62499988079071
concrete,muD_D_matched_dA,4.0,1,1,-4.562500357627869,-4.562500357627869,-4.562500357627869,n=1,-,-15.187500238418579,-10.62499988079071
concrete,muD_P,0.0,1,1,0.0,0.0,0.0,n=1,0,-10.62499988079071,-10.62499988079071
concrete,muD_P,0.5,1,1,-0.31250011920928955,-0.31250011920928955,-0.31250011920928955,n=1,-,-10.9375,-10.62499988079071
concrete,muD_P,1.0,1,1,-0.24999988079071045,-0.24999988079071045,-0.24999988079071045,n=1,-,-10.874999761581421,-10.62499988079071
concrete,muD_P,2.0,1,1,-0.5000003576278687,-0.5000003576278687,-0.5000003576278687,n=1,-,-11.125000238418579,-10.62499988079071
concrete,muD_P,4.0,1,1,-0.6250005960464478,-0.6250005960464478,-0.6250005960464478,n=1,-,-11.250000476837158,-10.62499988079071
concrete,muD_P_plus_dA_D,0.0,1,1,0.0,0.0,0.0,n=1,0,-10.62499988079071,-10.62499988079071
concrete,muD_P_plus_dA_D,0.5,1,1,-0.06250059604644775,-0.06250059604644775,-0.06250059604644775,n=1,-,-10.687500476837158,-10.62499988079071
concrete,muD_P_plus_dA_D,1.0,1,1,-0.12500059604644775,-0.12500059604644775,-0.12500059604644775,n=1,-,-10.750000476837158,-10.62499988079071
concrete,muD_P_plus_dA_D,2.0,1,1,0.6250001192092896,0.6250001192092896,0.6250001192092896,n=1,+,-9.999999761581421,-10.62499988079071
concrete,muD_P_plus_dA_D,4.0,1,1,1.3124996423721313,1.3124996423721313,1.3124996423721313,n=1,+,-9.312500238418579,-10.62499988079071
concrete,dConc_D_matched_dA,0.0,1,1,0.0,0.0,0.0,n=1,0,-10.62499988079071,-10.62499988079071
concrete,dConc_D_matched_dA,0.5,1,1,0.43749964237213135,0.43749964237213135,0.43749964237213135,n=1,+,-10.187500238418579,-10.62499988079071
concrete,dConc_D_matched_dA,1.0,1,1,0.9999994039535522,0.9999994039535522,0.9999994039535522,n=1,+,-9.625000476837158,-10.62499988079071
concrete,dConc_D_matched_dA,2.0,1,1,1.6874995231628418,1.6874995231628418,1.6874995231628418,n=1,+,-8.937500357627869,-10.62499988079071
concrete,dConc_D_matched_dA,4.0,1,1,3.1249994039535522,3.1249994039535522,3.1249994039535522,n=1,+,-7.500000476837158,-10.62499988079071
concrete,dConc_D_native,0.0,1,1,0.0,0.0,0.0,n=1,0,-10.62499988079071,-10.62499988079071
concrete,dConc_D_native,0.5,1,1,0.8125002384185791,0.8125002384185791,0.8125002384185791,n=1,+,-9.812499642372131,-10.62499988079071
concrete,dConc_D_native,1.0,1,1,1.3750001192092896,1.3750001192092896,1.3750001192092896,n=1,+,-9.249999761581421,-10.62499988079071
concrete,dConc_D_native,2.0,1,1,2.6250003576278687,2.6250003576278687,2.6250003576278687,n=1,+,-7.999999523162842,-10.62499988079071
concrete,dConc_D_native,4.0,1,1,3.6249994039535522,3.6249994039535522,3.6249994039535522,n=1,+,-7.000000476837158,-10.62499988079071
concrete,muD_PD_F4S,0.0,1,1,0.0,0.0,0.0,n=1,0,-10.62499988079071,-10.62499988079071
concrete,muD_PD_F4S,0.5,1,1,-0.31250011920928955,-0.31250011920928955,-0.31250011920928955,n=1,-,-10.9375,-10.62499988079071
concrete,muD_PD_F4S,1.0,1,1,-0.24999988079071045,-0.24999988079071045,-0.24999988079071045,n=1,-,-10.874999761581421,-10.62499988079071
concrete,muD_PD_F4S,2.0,1,1,-0.5000003576278687,-0.5000003576278687,-0.5000003576278687,n=1,-,-11.125000238418579,-10.62499988079071
concrete,muD_PD_F4S,4.0,1,1,-0.6250005960464478,-0.6250005960464478,-0.6250005960464478,n=1,-,-11.250000476837158,-10.62499988079071
concrete,r0_D_dA,0.0,1,1,0.0,0.0,0.0,n=1,0,-10.62499988079071,-10.62499988079071
concrete,r0_D_dA,0.5,1,1,0.43749940395355225,0.43749940395355225,0.43749940395355225,n=1,+,-10.187500476837158,-10.62499988079071
concrete,r0_D_dA,1.0,1,1,0.6875001192092896,0.6875001192092896,0.6875001192092896,n=1,+,-9.937499761581421,-10.62499988079071
concrete,r0_D_dA,2.0,1,1,1.7499998807907104,1.7499998807907104,1.7499998807907104,n=1,+,-8.875,-10.62499988079071
concrete,r0_D_dA,4.0,1,1,5.6562498807907104,5.6562498807907104,5.6562498807907104,n=1,+,-4.96875,-10.62499988079071
concrete,r0_D_muD,0.0,1,1,0.0,0.0,0.0,n=1,0,-10.62499988079071,-10.62499988079071
concrete,r0_D_muD,0.5,1,1,0.0624997615814209,0.0624997615814209,0.0624997615814209,n=1,+,-10.56250011920929,-10.62499988079071
concrete,r0_D_muD,1.0,1,1,0.24999988079071045,0.24999988079071045,0.24999988079071045,n=1,+,-10.375,-10.62499988079071
concrete,r0_D_muD,2.0,1,1,0.5625,0.5625,0.5625,n=1,+,-10.06249988079071,-10.62499988079071
concrete,r0_D_muD,4.0,1,1,1.2499996423721313,1.2499996423721313,1.2499996423721313,n=1,+,-9.375000238418579,-10.62499988079071
concrete,r1_D_dA,0.0,1,1,0.0,0.0,0.0,n=1,0,-10.62499988079071,-10.62499988079071
concrete,r1_D_dA,0.5,1,1,-4.76837158203125e-07,-4.76837158203125e-07,-4.76837158203125e-07,n=1,-,-10.625000357627869,-10.62499988079071
concrete,r1_D_dA,1.0,1,1,-0.25000011920928955,-0.25000011920928955,-0.25000011920928955,n=1,-,-10.875,-10.62499988079071
concrete,r1_D_dA,2.0,1,1,-0.6249997615814209,-0.6249997615814209,-0.6249997615814209,n=1,-,-11.249999642372131,-10.62499988079071
concrete,r1_D_dA,4.0,1,1,-1.0000001192092896,-1.0000001192092896,-1.0000001192092896,n=1,-,-11.625,-10.62499988079071
concrete,r1_D_muD,0.0,1,1,0.0,0.0,0.0,n=1,0,-10.62499988079071,-10.62499988079071
concrete,r1_D_muD,0.5,1,1,-1.1920928955078125e-07,-1.1920928955078125e-07,-1.1920928955078125e-07,n=1,-,-10.625,-10.62499988079071
concrete,r1_D_muD,1.0,1,1,-0.0625002384185791,-0.0625002384185791,-0.0625002384185791,n=1,-,-10.68750011920929,-10.62499988079071
concrete,r1_D_muD,2.0,1,1,-0.12500035762786865,-0.12500035762786865,-0.12500035762786865,n=1,-,-10.750000238418579,-10.62499988079071
concrete,r1_D_muD,4.0,1,1,-0.31250035762786865,-0.31250035762786865,-0.31250035762786865,n=1,-,-10.937500238418579,-10.62499988079071
concrete,r2_D_dA,0.0,1,1,0.0,0.0,0.0,n=1,0,-10.62499988079071,-10.62499988079071
concrete,r2_D_dA,0.5,1,1,0.1875,0.1875,0.1875,n=1,+,-10.43749988079071,-10.62499988079071
concrete,r2_D_dA,1.0,1,1,0.3124997615814209,0.3124997615814209,0.3124997615814209,n=1,+,-10.31250011920929,-10.62499988079071
concrete,r2_D_dA,2.0,1,1,0.9375001192092896,0.9375001192092896,0.9375001192092896,n=1,+,-9.687499761581421,-10.62499988079071
concrete,r2_D_dA,4.0,1,1,2.3124998807907104,2.3124998807907104,2.3124998807907104,n=1,+,-8.3125,-10.62499988079071
concrete,r2_D_muD,0.0,1,1,0.0,0.0,0.0,n=1,0,-10.62499988079071,-10.62499988079071
concrete,r2_D_muD,0.5,1,1,0.12499988079071045,0.12499988079071045,0.12499988079071045,n=1,+,-10.5,-10.62499988079071
concrete,r2_D_muD,1.0,1,1,1.1920928955078125e-07,1.1920928955078125e-07,1.1920928955078125e-07,n=1,+,-10.624999761581421,-10.62499988079071
concrete,r2_D_muD,2.0,1,1,0.06249988079071045,0.06249988079071045,0.06249988079071045,n=1,+,-10.5625,-10.62499988079071
concrete,r2_D_muD,4.0,1,1,0.43749964237213135,0.43749964237213135,0.43749964237213135,n=1,+,-10.187500238418579,-10.62499988079071
concrete,r3_D_dA,0.0,1,1,0.0,0.0,0.0,n=1,0,-10.62499988079071,-10.62499988079071
concrete,r3_D_dA,0.5,1,1,-0.24999988079071045,-0.24999988079071045,-0.24999988079071045,n=1,-,-10.874999761581421,-10.62499988079071
concrete,r3_D_dA,1.0,1,1,-0.43750035762786865,-0.43750035762786865,-0.43750035762786865,n=1,-,-11.062500238418579,-10.62499988079071
concrete,r3_D_dA,2.0,1,1,-0.6875005960464478,-0.6875005960464478,-0.6875005960464478,n=1,-,-11.312500476837158,-10.62499988079071
concrete,r3_D_dA,4.0,1,1,1.1920928955078125e-07,1.1920928955078125e-07,1.1920928955078125e-07,n=1,+,-10.624999761581421,-10.62499988079071
concrete,r3_D_muD,0.0,1,1,0.0,0.0,0.0,n=1,0,-10.62499988079071,-10.62499988079071
concrete,r3_D_muD,0.5,1,1,0.06250011920928955,0.06250011920928955,0.06250011920928955,n=1,+,-10.562499761581421,-10.62499988079071
concrete,r3_D_muD,1.0,1,1,-0.06249988079071045,-0.06249988079071045,-0.06249988079071045,n=1,-,-10.687499761581421,-10.62499988079071
concrete,r3_D_muD,2.0,1,1,-0.3125004768371582,-0.3125004768371582,-0.3125004768371582,n=1,-,-10.937500357627869,-10.62499988079071
concrete,r3_D_muD,4.0,1,1,-0.6250005960464478,-0.6250005960464478,-0.6250005960464478,n=1,-,-11.250000476837158,-10.62499988079071
concrete,r4_D_dA,0.0,1,1,0.0,0.0,0.0,n=1,0,-10.62499988079071,-10.62499988079071
concrete,r4_D_dA,0.5,1,1,-0.375,-0.375,-0.375,n=1,-,-10.99999988079071,-10.62499988079071
concrete,r4_D_dA,1.0,1,1,-0.8125003576278687,-0.8125003576278687,-0.8125003576278687,n=1,-,-11.437500238418579,-10.62499988079071
concrete,r4_D_dA,2.0,1,1,-1.5000001788139343,-1.5000001788139343,-1.5000001788139343,n=1,-,-12.125000059604645,-10.62499988079071
concrete,r4_D_dA,4.0,1,1,-0.6874998807907104,-0.6874998807907104,-0.6874998807907104,n=1,-,-11.312499761581421,-10.62499988079071
concrete,r4_D_muD,0.0,1,1,0.0,0.0,0.0,n=1,0,-10.62499988079071,-10.62499988079071
concrete,r4_D_muD,0.5,1,1,0.06250011920928955,0.06250011920928955,0.06250011920928955,n=1,+,-10.562499761581421,-10.62499988079071
concrete,r4_D_muD,1.0,1,1,-0.25,-0.25,-0.25,n=1,-,-10.87499988079071,-10.62499988079071
concrete,r4_D_muD,2.0,1,1,-0.5625003576278687,-0.5625003576278687,-0.5625003576278687,n=1,-,-11.187500238418579,-10.62499988079071
concrete,r4_D_muD,4.0,1,1,-1.1875001192092896,-1.1875001192092896,-1.1875001192092896,n=1,-,-11.8125,-10.62499988079071
concrete,r5_D_dA,0.0,1,1,0.0,0.0,0.0,n=1,0,-10.62499988079071,-10.62499988079071
concrete,r5_D_dA,0.5,1,1,0.31250011920928955,0.31250011920928955,0.31250011920928955,n=1,+,-10.312499761581421,-10.62499988079071
concrete,r5_D_dA,1.0,1,1,0.5000003576278687,0.5000003576278687,0.5000003576278687,n=1,+,-10.124999523162842,-10.62499988079071
concrete,r5_D_dA,2.0,1,1,0.7499998807907104,0.7499998807907104,0.7499998807907104,n=1,+,-9.875,-10.62499988079071
concrete,r5_D_dA,4.0,1,1,0.7500001192092896,0.7500001192092896,0.7500001192092896,n=1,+,-9.874999761581421,-10.62499988079071
concrete,r5_D_muD,0.0,1,1,0.0,0.0,0.0,n=1,0,-10.62499988079071,-10.62499988079071
concrete,r5_D_muD,0.5,1,1,0.18749964237213135,0.18749964237213135,0.18749964237213135,n=1,+,-10.437500238418579,-10.62499988079071
concrete,r5_D_muD,1.0,1,1,0.1875002384185791,0.1875002384185791,0.1875002384185791,n=1,+,-10.437499642372131,-10.62499988079071
concrete,r5_D_muD,2.0,1,1,0.43749940395355225,0.43749940395355225,0.43749940395355225,n=1,+,-10.187500476837158,-10.62499988079071
concrete,r5_D_muD,4.0,1,1,0.5624998807907104,0.5624998807907104,0.5624998807907104,n=1,+,-10.0625,-10.62499988079071
concrete,r6_D_dA,0.0,1,1,0.0,0.0,0.0,n=1,0,-10.62499988079071,-10.62499988079071
concrete,r6_D_dA,0.5,1,1,0.12500011920928955,0.12500011920928955,0.12500011920928955,n=1,+,-10.499999761581421,-10.62499988079071
concrete,r6_D_dA,1.0,1,1,0.12499940395355225,0.12499940395355225,0.12499940395355225,n=1,+,-10.500000476837158,-10.62499988079071
concrete,r6_D_dA,2.0,1,1,-0.25000011920928955,-0.25000011920928955,-0.25000011920928955,n=1,-,-10.875,-10.62499988079071
concrete,r6_D_dA,4.0,1,1,-0.12500011920928955,-0.12500011920928955,-0.12500011920928955,n=1,-,-10.75,-10.62499988079071
concrete,r6_D_muD,0.0,1,1,0.0,0.0,0.0,n=1,0,-10.62499988079071,-10.62499988079071
concrete,r6_D_muD,0.5,1,1,0.06249988079071045,0.06249988079071045,0.06249988079071045,n=1,+,-10.5625,-10.62499988079071
concrete,r6_D_muD,1.0,1,1,0.06250011920928955,0.06250011920928955,0.06250011920928955,n=1,+,-10.562499761581421,-10.62499988079071
concrete,r6_D_muD,2.0,1,1,0.06250035762786865,0.06250035762786865,0.06250035762786865,n=1,+,-10.562499523162842,-10.62499988079071
concrete,r6_D_muD,4.0,1,1,-5.960464477539062e-07,-5.960464477539062e-07,-5.960464477539062e-07,n=1,-,-10.625000476837158,-10.62499988079071
concrete,r7_D_dA,0.0,1,1,0.0,0.0,0.0,n=1,0,-10.62499988079071,-10.62499988079071
concrete,r7_D_dA,0.5,1,1,2.384185791015625e-07,2.384185791015625e-07,2.384185791015625e-07,n=1,+,-10.624999642372131,-10.62499988079071
concrete,r7_D_dA,1.0,1,1,-0.1250004768371582,-0.1250004768371582,-0.1250004768371582,n=1,-,-10.750000357627869,-10.62499988079071
concrete,r7_D_dA,2.0,1,1,-0.6874999403953552,-0.6874999403953552,-0.6874999403953552,n=1,-,-11.312499821186066,-10.62499988079071
concrete,r7_D_dA,4.0,1,1,-0.18750059604644775,-0.18750059604644775,-0.18750059604644775,n=1,-,-10.812500476837158,-10.62499988079071
concrete,r7_D_muD,0.0,1,1,0.0,0.0,0.0,n=1,0,-10.62499988079071,-10.62499988079071
concrete,r7_D_muD,0.5,1,1,0.0625002384185791,0.0625002384185791,0.0625002384185791,n=1,+,-10.562499642372131,-10.62499988079071
concrete,r7_D_muD,1.0,1,1,-3.5762786865234375e-07,-3.5762786865234375e-07,-3.5762786865234375e-07,n=1,-,-10.625000238418579,-10.62499988079071
concrete,r7_D_muD,2.0,1,1,-0.12499988079071045,-0.12499988079071045,-0.12499988079071045,n=1,-,-10.749999761581421,-10.62499988079071
concrete,r7_D_muD,4.0,1,1,-0.3125004768371582,-0.3125004768371582,-0.3125004768371582,n=1,-,-10.937500357627869,-10.62499988079071
concrete,r8_D_dA,0.0,1,1,0.0,0.0,0.0,n=1,0,-10.62499988079071,-10.62499988079071
concrete,r8_D_dA,0.5,1,1,0.4375,0.4375,0.4375,n=1,+,-10.18749988079071,-10.62499988079071
concrete,r8_D_dA,1.0,1,1,0.9375003576278687,0.9375003576278687,0.9375003576278687,n=1,+,-9.687499523162842,-10.62499988079071
concrete,r8_D_dA,2.0,1,1,1.6874994039535522,1.6874994039535522,1.6874994039535522,n=1,+,-8.937500476837158,-10.62499988079071
concrete,r8_D_dA,4.0,1,1,2.7500001192092896,2.7500001192092896,2.7500001192092896,n=1,+,-7.874999761581421,-10.62499988079071
concrete,r8_D_muD,0.0,1,1,0.0,0.0,0.0,n=1,0,-10.62499988079071,-10.62499988079071
concrete,r8_D_muD,0.5,1,1,0.18749940395355225,0.18749940395355225,0.18749940395355225,n=1,+,-10.437500476837158,-10.62499988079071
concrete,r8_D_muD,1.0,1,1,0.37500011920928955,0.37500011920928955,0.37500011920928955,n=1,+,-10.249999761581421,-10.62499988079071
concrete,r8_D_muD,2.0,1,1,0.6249998807907104,0.6249998807907104,0.6249998807907104,n=1,+,-10.0,-10.62499988079071
concrete,r8_D_muD,4.0,1,1,1.3125003576278687,1.3125003576278687,1.3125003576278687,n=1,+,-9.312499523162842,-10.62499988079071
concrete,r9_D_dA,0.0,1,1,0.0,0.0,0.0,n=1,0,-10.62499988079071,-10.62499988079071
concrete,r9_D_dA,0.5,1,1,-0.0624997615814209,-0.0624997615814209,-0.0624997615814209,n=1,-,-10.687499642372131,-10.62499988079071
concrete,r9_D_dA,1.0,1,1,-0.12499988079071045,-0.12499988079071045,-0.12499988079071045,n=1,-,-10.749999761581421,-10.62499988079071
concrete,r9_D_dA,2.0,1,1,0.43749988079071045,0.43749988079071045,0.43749988079071045,n=1,+,-10.1875,-10.62499988079071
concrete,r9_D_dA,4.0,1,1,2.625000834465027,2.625000834465027,2.625000834465027,n=1,+,-7.999999046325684,-10.62499988079071
concrete,r9_D_muD,0.0,1,1,0.0,0.0,0.0,n=1,0,-10.62499988079071,-10.62499988079071
concrete,r9_D_muD,0.5,1,1,0.12499940395355225,0.12499940395355225,0.12499940395355225,n=1,+,-10.500000476837158,-10.62499988079071
concrete,r9_D_muD,1.0,1,1,1.1920928955078125e-07,1.1920928955078125e-07,1.1920928955078125e-07,n=1,+,-10.624999761581421,-10.62499988079071
concrete,r9_D_muD,2.0,1,1,-0.0625004768371582,-0.0625004768371582,-0.0625004768371582,n=1,-,-10.687500357627869,-10.62499988079071
concrete,r9_D_muD,4.0,1,1,-1.1920928955078125e-07,-1.1920928955078125e-07,-1.1920928955078125e-07,n=1,-,-10.625,-10.62499988079071
concrete,r10_D_dA,0.0,1,1,0.0,0.0,0.0,n=1,0,-10.62499988079071,-10.62499988079071
concrete,r10_D_dA,0.5,1,1,0.1874995231628418,0.1874995231628418,0.1874995231628418,n=1,+,-10.437500357627869,-10.62499988079071
concrete,r10_D_dA,1.0,1,1,0.25,0.25,0.25,n=1,+,-10.37499988079071,-10.62499988079071
concrete,r10_D_dA,2.0,1,1,0.9374998807907104,0.9374998807907104,0.9374998807907104,n=1,+,-9.6875,-10.62499988079071
concrete,r10_D_dA,4.0,1,1,3.5000003576278687,3.5000003576278687,3.5000003576278687,n=1,+,-7.124999523162842,-10.62499988079071
concrete,r10_D_muD,0.0,1,1,0.0,0.0,0.0,n=1,0,-10.62499988079071,-10.62499988079071
concrete,r10_D_muD,0.5,1,1,0.06250011920928955,0.06250011920928955,0.06250011920928955,n=1,+,-10.562499761581421,-10.62499988079071
concrete,r10_D_muD,1.0,1,1,0.1249997615814209,0.1249997615814209,0.1249997615814209,n=1,+,-10.50000011920929,-10.62499988079071
concrete,r10_D_muD,2.0,1,1,0.1874995231628418,0.1874995231628418,0.1874995231628418,n=1,+,-10.437500357627869,-10.62499988079071
concrete,r10_D_muD,4.0,1,1,0.43750035762786865,0.43750035762786865,0.43750035762786865,n=1,+,-10.187499523162842,-10.62499988079071
concrete,r11_D_dA,0.0,1,1,0.0,0.0,0.0,n=1,0,-10.62499988079071,-10.62499988079071
concrete,r11_D_dA,0.5,1,1,0.0,0.0,0.0,n=1,0,-10.62499988079071,-10.62499988079071
concrete,r11_D_dA,1.0,1,1,-0.0625002384185791,-0.0625002384185791,-0.0625002384185791,n=1,-,-10.68750011920929,-10.62499988079071
concrete,r11_D_dA,2.0,1,1,0.18749964237213135,0.18749964237213135,0.18749964237213135,n=1,+,-10.437500238418579,-10.62499988079071
concrete,r11_D_dA,4.0,1,1,0.43749988079071045,0.43749988079071045,0.43749988079071045,n=1,+,-10.1875,-10.62499988079071
concrete,r11_D_muD,0.0,1,1,0.0,0.0,0.0,n=1,0,-10.62499988079071,-10.62499988079071
concrete,r11_D_muD,0.5,1,1,0.18749964237213135,0.18749964237213135,0.18749964237213135,n=1,+,-10.437500238418579,-10.62499988079071
concrete,r11_D_muD,1.0,1,1,0.0,0.0,0.0,n=1,0,-10.62499988079071,-10.62499988079071
concrete,r11_D_muD,2.0,1,1,0.0,0.0,0.0,n=1,0,-10.62499988079071,-10.62499988079071
concrete,r11_D_muD,4.0,1,1,-0.125,-0.125,-0.125,n=1,-,-10.74999988079071,-10.62499988079071
concrete,r12_D_dA,0.0,1,1,0.0,0.0,0.0,n=1,0,-10.62499988079071,-10.62499988079071
concrete,r12_D_dA,0.5,1,1,0.49999964237213135,0.49999964237213135,0.49999964237213135,n=1,+,-10.125000238418579,-10.62499988079071
concrete,r12_D_dA,1.0,1,1,0.9999998807907104,0.9999998807907104,0.9999998807907104,n=1,+,-9.625,-10.62499988079071
concrete,r12_D_dA,2.0,1,1,1.8749996423721313,1.8749996423721313,1.8749996423721313,n=1,+,-8.750000238418579,-10.62499988079071
concrete,r12_D_dA,4.0,1,1,2.9999994039535522,2.9999994039535522,2.9999994039535522,n=1,+,-7.625000476837158,-10.62499988079071
concrete,r12_D_muD,0.0,1,1,0.0,0.0,0.0,n=1,0,-10.62499988079071,-10.62499988079071
concrete,r12_D_muD,0.5,1,1,0.1874995231628418,0.1874995231628418,0.1874995231628418,n=1,+,-10.437500357627869,-10.62499988079071
concrete,r12_D_muD,1.0,1,1,0.43749964237213135,0.43749964237213135,0.43749964237213135,n=1,+,-10.187500238418579,-10.62499988079071
concrete,r12_D_muD,2.0,1,1,0.6874996423721313,0.6874996423721313,0.6874996423721313,n=1,+,-9.937500238418579,-10.62499988079071
concrete,r12_D_muD,4.0,1,1,1.3124996423721313,1.3124996423721313,1.3124996423721313,n=1,+,-9.312500238418579,-10.62499988079071
concrete,r13_D_dA,0.0,1,1,0.0,0.0,0.0,n=1,0,-10.62499988079071,-10.62499988079071
concrete,r13_D_dA,0.5,1,1,0.43749964237213135,0.43749964237213135,0.43749964237213135,n=1,+,-10.187500238418579,-10.62499988079071
concrete,r13_D_dA,1.0,1,1,0.9374997615814209,0.9374997615814209,0.9374997615814209,n=1,+,-9.68750011920929,-10.62499988079071
concrete,r13_D_dA,2.0,1,1,1.9374998807907104,1.9374998807907104,1.9374998807907104,n=1,+,-8.6875,-10.62499988079071
concrete,r13_D_dA,4.0,1,1,4.3124998807907104,4.3124998807907104,4.3124998807907104,n=1,+,-6.3125,-10.62499988079071
concrete,r13_D_muD,0.0,1,1,0.0,0.0,0.0,n=1,0,-10.62499988079071,-10.62499988079071
concrete,r13_D_muD,0.5,1,1,0.18750011920928955,0.18750011920928955,0.18750011920928955,n=1,+,-10.437499761581421,-10.62499988079071
concrete,r13_D_muD,1.0,1,1,0.31249964237213135,0.31249964237213135,0.31249964237213135,n=1,+,-10.312500238418579,-10.62499988079071
concrete,r13_D_muD,2.0,1,1,0.625,0.625,0.625,n=1,+,-9.99999988079071,-10.62499988079071
concrete,r13_D_muD,4.0,1,1,1.375,1.375,1.375,n=1,+,-9.24999988079071,-10.62499988079071
concrete,r14_D_dA,0.0,1,1,0.0,0.0,0.0,n=1,0,-10.62499988079071,-10.62499988079071
concrete,r14_D_dA,0.5,1,1,-0.2499997615814209,-0.2499997615814209,-0.2499997615814209,n=1,-,-10.874999642372131,-10.62499988079071
concrete,r14_D_dA,1.0,1,1,-0.7499998807907104,-0.7499998807907104,-0.7499998807907104,n=1,-,-11.374999761581421,-10.62499988079071
concrete,r14_D_dA,2.0,1,1,-1.1249998807907104,-1.1249998807907104,-1.1249998807907104,n=1,-,-11.749999761581421,-10.62499988079071
concrete,r14_D_dA,4.0,1,1,-0.6874996423721313,-0.6874996423721313,-0.6874996423721313,n=1,-,-11.312499523162842,-10.62499988079071
concrete,r14_D_muD,0.0,1,1,0.0,0.0,0.0,n=1,0,-10.62499988079071,-10.62499988079071
concrete,r14_D_muD,0.5,1,1,-4.76837158203125e-07,-4.76837158203125e-07,-4.76837158203125e-07,n=1,-,-10.625000357627869,-10.62499988079071
concrete,r14_D_muD,1.0,1,1,-0.31250035762786865,-0.31250035762786865,-0.31250035762786865,n=1,-,-10.937500238418579,-10.62499988079071
concrete,r14_D_muD,2.0,1,1,-0.5624998807907104,-0.5624998807907104,-0.5624998807907104,n=1,-,-11.187499761581421,-10.62499988079071
concrete,r14_D_muD,4.0,1,1,-1.0,-1.0,-1.0,n=1,-,-11.62499988079071,-10.62499988079071
concrete,r15_D_dA,0.0,1,1,0.0,0.0,0.0,n=1,0,-10.62499988079071,-10.62499988079071
concrete,r15_D_dA,0.5,1,1,-0.3750004768371582,-0.3750004768371582,-0.3750004768371582,n=1,-,-11.000000357627869,-10.62499988079071
concrete,r15_D_dA,1.0,1,1,-0.75,-0.75,-0.75,n=1,-,-11.37499988079071,-10.62499988079071
concrete,r15_D_dA,2.0,1,1,-1.187500238418579,-1.187500238418579,-1.187500238418579,n=1,-,-11.81250011920929,-10.62499988079071
concrete,r15_D_dA,4.0,1,1,-1.0625001192092896,-1.0625001192092896,-1.0625001192092896,n=1,-,-11.6875,-10.62499988079071
concrete,r15_D_muD,0.0,1,1,0.0,0.0,0.0,n=1,0,-10.62499988079071,-10.62499988079071
concrete,r15_D_muD,0.5,1,1,-0.12499988079071045,-0.12499988079071045,-0.12499988079071045,n=1,-,-10.749999761581421,-10.62499988079071
concrete,r15_D_muD,1.0,1,1,-0.2500002384185791,-0.2500002384185791,-0.2500002384185791,n=1,-,-10.87500011920929,-10.62499988079071
concrete,r15_D_muD,2.0,1,1,-0.49999988079071045,-0.49999988079071045,-0.49999988079071045,n=1,-,-11.124999761581421,-10.62499988079071
concrete,r15_D_muD,4.0,1,1,-1.0000004768371582,-1.0000004768371582,-1.0000004768371582,n=1,-,-11.625000357627869,-10.62499988079071
concrete,r16_D_dA,0.0,1,1,0.0,0.0,0.0,n=1,0,-10.62499988079071,-10.62499988079071
concrete,r16_D_dA,0.5,1,1,-5.960464477539062e-07,-5.960464477539062e-07,-5.960464477539062e-07,n=1,-,-10.625000476837158,-10.62499988079071
concrete,r16_D_dA,1.0,1,1,-0.25000011920928955,-0.25000011920928955,-0.25000011920928955,n=1,-,-10.875,-10.62499988079071
concrete,r16_D_dA,2.0,1,1,-0.6874996423721313,-0.6874996423721313,-0.6874996423721313,n=1,-,-11.312499523162842,-10.62499988079071
concrete,r16_D_dA,4.0,1,1,1.4374998807907104,1.4374998807907104,1.4374998807907104,n=1,+,-9.1875,-10.62499988079071
concrete,r16_D_muD,0.0,1,1,0.0,0.0,0.0,n=1,0,-10.62499988079071,-10.62499988079071
concrete,r16_D_muD,0.5,1,1,0.1249997615814209,0.1249997615814209,0.1249997615814209,n=1,+,-10.50000011920929,-10.62499988079071
concrete,r16_D_muD,1.0,1,1,1.1920928955078125e-07,1.1920928955078125e-07,1.1920928955078125e-07,n=1,+,-10.624999761581421,-10.62499988079071
concrete,r16_D_muD,2.0,1,1,-0.125,-0.125,-0.125,n=1,-,-10.74999988079071,-10.62499988079071
concrete,r16_D_muD,4.0,1,1,-0.3125004768371582,-0.3125004768371582,-0.3125004768371582,n=1,-,-10.937500357627869,-10.62499988079071
concrete,r17_D_dA,0.0,1,1,0.0,0.0,0.0,n=1,0,-10.62499988079071,-10.62499988079071
concrete,r17_D_dA,0.5,1,1,0.37499940395355225,0.37499940395355225,0.37499940395355225,n=1,+,-10.250000476837158,-10.62499988079071
concrete,r17_D_dA,1.0,1,1,0.49999988079071045,0.49999988079071045,0.49999988079071045,n=1,+,-10.125,-10.62499988079071
concrete,r17_D_dA,2.0,1,1,1.1250001192092896,1.1250001192092896,1.1250001192092896,n=1,+,-9.499999761581421,-10.62499988079071
concrete,r17_D_dA,4.0,1,1,2.2499994039535522,2.2499994039535522,2.2499994039535522,n=1,+,-8.375000476837158,-10.62499988079071
concrete,r17_D_muD,0.0,1,1,0.0,0.0,0.0,n=1,0,-10.62499988079071,-10.62499988079071
concrete,r17_D_muD,0.5,1,1,0.0625002384185791,0.0625002384185791,0.0625002384185791,n=1,+,-10.562499642372131,-10.62499988079071
concrete,r17_D_muD,1.0,1,1,0.2500002384185791,0.2500002384185791,0.2500002384185791,n=1,+,-10.374999642372131,-10.62499988079071
concrete,r17_D_muD,2.0,1,1,0.3124995231628418,0.3124995231628418,0.3124995231628418,n=1,+,-10.312500357627869,-10.62499988079071
concrete,r17_D_muD,4.0,1,1,0.6875,0.6875,0.6875,n=1,+,-9.93749988079071,-10.62499988079071
concrete,r18_D_dA,0.0,1,1,0.0,0.0,0.0,n=1,0,-10.62499988079071,-10.62499988079071
concrete,r18_D_dA,0.5,1,1,0.18750035762786865,0.18750035762786865,0.18750035762786865,n=1,+,-10.437499523162842,-10.62499988079071
concrete,r18_D_dA,1.0,1,1,0.3749997615814209,0.3749997615814209,0.3749997615814209,n=1,+,-10.25000011920929,-10.62499988079071
concrete,r18_D_dA,2.0,1,1,0.8749998807907104,0.8749998807907104,0.8749998807907104,n=1,+,-9.75,-10.62499988079071
concrete,r18_D_dA,4.0,1,1,2.0624998807907104,2.0624998807907104,2.0624998807907104,n=1,+,-8.5625,-10.62499988079071
concrete,r18_D_muD,0.0,1,1,0.0,0.0,0.0,n=1,0,-10.62499988079071,-10.62499988079071
concrete,r18_D_muD,0.5,1,1,0.12500011920928955,0.12500011920928955,0.12500011920928955,n=1,+,-10.499999761581421,-10.62499988079071
concrete,r18_D_muD,1.0,1,1,0.125,0.125,0.125,n=1,+,-10.49999988079071,-10.62499988079071
concrete,r18_D_muD,2.0,1,1,0.37499988079071045,0.37499988079071045,0.37499988079071045,n=1,+,-10.25,-10.62499988079071
concrete,r18_D_muD,4.0,1,1,0.5624998807907104,0.5624998807907104,0.5624998807907104,n=1,+,-10.0625,-10.62499988079071
concrete,r19_D_dA,0.0,1,1,0.0,0.0,0.0,n=1,0,-10.62499988079071,-10.62499988079071
concrete,r19_D_dA,0.5,1,1,0.1249997615814209,0.1249997615814209,0.1249997615814209,n=1,+,-10.50000011920929,-10.62499988079071
concrete,r19_D_dA,1.0,1,1,0.12499988079071045,0.12499988079071045,0.12499988079071045,n=1,+,-10.5,-10.62499988079071
concrete,r19_D_dA,2.0,1,1,0.6250001192092896,0.6250001192092896,0.6250001192092896,n=1,+,-9.999999761581421,-10.62499988079071
concrete,r19_D_dA,4.0,1,1,3.0624998807907104,3.0624998807907104,3.0624998807907104,n=1,+,-7.5625,-10.62499988079071
concrete,r19_D_muD,0.0,1,1,0.0,0.0,0.0,n=1,0,-10.62499988079071,-10.62499988079071
concrete,r19_D_muD,0.5,1,1,-1.1920928955078125e-07,-1.1920928955078125e-07,-1.1920928955078125e-07,n=1,-,-10.625,-10.62499988079071
concrete,r19_D_muD,1.0,1,1,0.062499403953552246,0.062499403953552246,0.062499403953552246,n=1,+,-10.562500476837158,-10.62499988079071
concrete,r19_D_muD,2.0,1,1,-5.960464477539062e-07,-5.960464477539062e-07,-5.960464477539062e-07,n=1,-,-10.625000476837158,-10.62499988079071
concrete,r19_D_muD,4.0,1,1,0.12499964237213135,0.12499964237213135,0.12499964237213135,n=1,+,-10.500000238418579,-10.62499988079071
concrete,r20_D_dA,0.0,1,1,0.0,0.0,0.0,n=1,0,-10.62499988079071,-10.62499988079071
concrete,r20_D_dA,0.5,1,1,0.18749988079071045,0.18749988079071045,0.18749988079071045,n=1,+,-10.4375,-10.62499988079071
concrete,r20_D_dA,1.0,1,1,0.1874995231628418,0.1874995231628418,0.1874995231628418,n=1,+,-10.437500357627869,-10.62499988079071
concrete,r20_D_dA,2.0,1,1,0.4374997615814209,0.4374997615814209,0.4374997615814209,n=1,+,-10.18750011920929,-10.62499988079071
concrete,r20_D_dA,4.0,1,1,1.9999994039535522,1.9999994039535522,1.9999994039535522,n=1,+,-8.625000476837158,-10.62499988079071
concrete,r20_D_muD,0.0,1,1,0.0,0.0,0.0,n=1,0,-10.62499988079071,-10.62499988079071
concrete,r20_D_muD,0.5,1,1,0.18750011920928955,0.18750011920928955,0.18750011920928955,n=1,+,-10.437499761581421,-10.62499988079071
concrete,r20_D_muD,1.0,1,1,0.12500011920928955,0.12500011920928955,0.12500011920928955,n=1,+,-10.499999761581421,-10.62499988079071
concrete,r20_D_muD,2.0,1,1,0.18749988079071045,0.18749988079071045,0.18749988079071045,n=1,+,-10.4375,-10.62499988079071
concrete,r20_D_muD,4.0,1,1,0.18749988079071045,0.18749988079071045,0.18749988079071045,n=1,+,-10.4375,-10.62499988079071
concrete,r21_D_dA,0.0,1,1,0.0,0.0,0.0,n=1,0,-10.62499988079071,-10.62499988079071
concrete,r21_D_dA,0.5,1,1,-1.1920928955078125e-07,-1.1920928955078125e-07,-1.1920928955078125e-07,n=1,-,-10.625,-10.62499988079071
concrete,r21_D_dA,1.0,1,1,-0.1874997615814209,-0.1874997615814209,-0.1874997615814209,n=1,-,-10.812499642372131,-10.62499988079071
concrete,r21_D_dA,2.0,1,1,-0.49999988079071045,-0.49999988079071045,-0.49999988079071045,n=1,-,-11.124999761581421,-10.62499988079071
concrete,r21_D_dA,4.0,1,1,0.25000011920928955,0.25000011920928955,0.25000011920928955,n=1,+,-10.374999761581421,-10.62499988079071
concrete,r21_D_muD,0.0,1,1,0.0,0.0,0.0,n=1,0,-10.62499988079071,-10.62499988079071
concrete,r21_D_muD,0.5,1,1,0.0624997615814209,0.0624997615814209,0.0624997615814209,n=1,+,-10.56250011920929,-10.62499988079071
concrete,r21_D_muD,1.0,1,1,1.1920928955078125e-07,1.1920928955078125e-07,1.1920928955078125e-07,n=1,+,-10.624999761581421,-10.62499988079071
concrete,r21_D_muD,2.0,1,1,-0.12499988079071045,-0.12499988079071045,-0.12499988079071045,n=1,-,-10.749999761581421,-10.62499988079071
concrete,r21_D_muD,4.0,1,1,-0.37500011920928955,-0.37500011920928955,-0.37500011920928955,n=1,-,-11.0,-10.62499988079071
concrete,r22_D_dA,0.0,1,1,0.0,0.0,0.0,n=1,0,-10.62499988079071,-10.62499988079071
concrete,r22_D_dA,0.5,1,1,0.12499940395355225,0.12499940395355225,0.12499940395355225,n=1,+,-10.500000476837158,-10.62499988079071
concrete,r22_D_dA,1.0,1,1,0.4374997615814209,0.4374997615814209,0.4374997615814209,n=1,+,-10.18750011920929,-10.62499988079071
concrete,r22_D_dA,2.0,1,1,1.1250001192092896,1.1250001192092896,1.1250001192092896,n=1,+,-9.499999761581421,-10.62499988079071
concrete,r22_D_dA,4.0,1,1,2.2500003576278687,2.2500003576278687,2.2500003576278687,n=1,+,-8.374999523162842,-10.62499988079071
concrete,r22_D_muD,0.0,1,1,0.0,0.0,0.0,n=1,0,-10.62499988079071,-10.62499988079071
concrete,r22_D_muD,0.5,1,1,0.125,0.125,0.125,n=1,+,-10.49999988079071,-10.62499988079071
concrete,r22_D_muD,1.0,1,1,0.18749940395355225,0.18749940395355225,0.18749940395355225,n=1,+,-10.437500476837158,-10.62499988079071
concrete,r22_D_muD,2.0,1,1,0.31250035762786865,0.31250035762786865,0.31250035762786865,n=1,+,-10.312499523162842,-10.62499988079071
concrete,r22_D_muD,4.0,1,1,0.6874994039535522,0.6874994039535522,0.6874994039535522,n=1,+,-9.937500476837158,-10.62499988079071
ctrl:cookies,dA_D,0.0,2,2,0.0,0.0,0.0,near_zero,0,-7.8857306987047195,-7.8857306987047195
ctrl:cookies,dA_D,0.5,2,2,0.262092262506485,0.2537456154823303,0.27043890953063965,nonzero,+,-7.623638436198235,-7.8857306987047195
ctrl:cookies,dA_D,1.0,2,2,0.5799447819590569,0.42086227238178253,0.7390272915363312,nonzero,+,-7.305785916745663,-7.8857306987047195
ctrl:cookies,dA_D,2.0,2,2,1.4078011512756348,0.7762515246868134,2.039350777864456,nonzero,+,-6.477929547429085,-7.8857306987047195
ctrl:cookies,dA_D,4.0,2,2,2.8493284434080124,2.003317803144455,3.69533908367157,nonzero,+,-5.036402255296707,-7.8857306987047195
ctrl:cookies,dA_D_matched_muD,0.0,2,2,0.0,0.0,0.0,near_zero,0,-7.8857306987047195,-7.8857306987047195
ctrl:cookies,dA_D_matched_muD,0.5,2,2,0.13444046676158905,0.05512005090713501,0.2137608826160431,near_zero,+,-7.7512902319431305,-7.8857306987047195
ctrl:cookies,dA_D_matched_muD,1.0,2,2,0.2802630364894867,0.2474304437637329,0.3130956292152405,nonzero,+,-7.605467662215233,-7.8857306987047195
ctrl:cookies,dA_D_matched_muD,2.0,2,2,0.28721149265766144,0.2047024965286255,0.3697204887866974,nonzero,+,-7.598519206047058,-7.8857306987047195
ctrl:cookies,dA_D_matched_muD,4.0,2,2,0.9088339582085609,0.5849901586771011,1.2326777577400208,nonzero,+,-6.976896740496159,-7.8857306987047195
ctrl:cookies,muD_D,0.0,2,2,0.0,0.0,0.0,near_zero,0,-7.8857306987047195,-7.8857306987047195
ctrl:cookies,muD_D,0.5,2,2,-0.1794753447175026,-0.2144639641046524,-0.14448672533035278,near_zero,-,-8.065206043422222,-7.8857306987047195
ctrl:cookies,muD_D,1.0,2,2,-0.08122454583644867,-0.14059829711914062,-0.021850794553756714,near_zero,-,-7.966955244541168,-7.8857306987047195
ctrl:cookies,muD_D,2.0,2,2,-0.23541337996721268,-0.26786476373672485,-0.2029619961977005,nonzero,-,-8.121144078671932,-7.8857306987047195
ctrl:cookies,muD_D,4.0,2,2,-0.525746263563633,-0.5645105242729187,-0.48698200285434723,nonzero,-,-8.411476962268353,-7.8857306987047195
ctrl:cookies,muD_D_matched_dA,0.0,2,2,0.0,0.0,0.0,near_zero,0,-7.8857306987047195,-7.8857306987047195
ctrl:cookies,muD_D_matched_dA,0.5,2,2,-0.12676728516817093,-0.12834443151950836,-0.1251901388168335,near_zero,-,-8.01249798387289,-7.8857306987047195
ctrl:cookies,muD_D_matched_dA,1.0,2,2,-0.25381696224212646,-0.40600669384002686,-0.10162723064422607,nonzero,-,-8.139547660946846,-7.8857306987047195
ctrl:cookies,muD_D_matched_dA,2.0,2,2,-0.6773408502340317,-0.7553646564483643,-0.5993170440196991,nonzero,-,-8.563071548938751,-7.8857306987047195
ctrl:cookies,muD_D_matched_dA,4.0,2,2,-0.6822096034884453,-1.0134863704442978,-0.3509328365325928,nonzero,-,-8.567940302193165,-7.8857306987047195
ctrl:cookies,muD_P,0.0,2,2,0.0,0.0,0.0,near_zero,0,-7.8857306987047195,-7.8857306987047195
ctrl:cookies,muD_P,0.5,2,2,0.07667514681816101,0.048834264278411865,0.10451602935791016,near_zero,+,-7.8090555518865585,-7.8857306987047195
ctrl:cookies,muD_P,1.0,2,2,0.08758395910263062,-0.04918968677520752,0.22435760498046875,near_zero,+,-7.798146739602089,-7.8857306987047195
ctrl:cookies,muD_P,2.0,2,2,0.35776664316654205,0.1343388557434082,0.5811944305896759,nonzero,+,-7.5279640555381775,-7.8857306987047195
ctrl:cookies,muD_P,4.0,2,2,0.801101878285408,0.2913162112236023,1.3108875453472137,nonzero,+,-7.0846288204193115,-7.8857306987047195
ctrl:cookies,muD_P_plus_dA_D,0.0,2,2,0.0,0.0,0.0,near_zero,0,-7.8857306987047195,-7.8857306987047195
ctrl:cookies,muD_P_plus_dA_D,0.5,2,2,0.3574015572667122,0.30273205041885376,0.4120710641145706,nonzero,+,-7.528329141438007,-7.8857306987047195
ctrl:cookies,muD_P_plus_dA_D,1.0,2,2,0.7542620152235031,0.6725877821445465,0.8359362483024597,nonzero,+,-7.131468683481216,-7.8857306987047195
ctrl:cookies,muD_P_plus_dA_D,2.0,2,2,2.0262115746736526,1.348495990037918,2.703927159309387,nonzero,+,-5.859519124031067,-7.8857306987047195
ctrl:cookies,muD_P_plus_dA_D,4.0,2,2,4.365422084927559,3.951616793870926,4.779227375984192,nonzero,+,-3.5203086137771606,-7.8857306987047195
ctrl:cookies,dConc_D_matched_dA,0.0,2,2,0.0,0.0,0.0,near_zero,0,-7.8857306987047195,-7.8857306987047195
ctrl:cookies,dConc_D_matched_dA,0.5,2,2,0.00028695911169052124,0.0002060532569885254,0.0003678649663925171,near_zero,+,-7.885443739593029,-7.8857306987047195
ctrl:cookies,dConc_D_matched_dA,1.0,2,2,-0.12310396134853363,-0.21204444766044617,-0.034163475036621094,near_zero,-,-8.008834660053253,-7.8857306987047195
ctrl:cookies,dConc_D_matched_dA,2.0,2,2,-0.05878947675228119,-0.15900933742523193,0.041430383920669556,near_zero,-,-7.944520175457001,-7.8857306987047195
ctrl:cookies,dConc_D_matched_dA,4.0,2,2,0.39850787818431854,-0.07622021436691284,0.8732359707355499,inconclusive,+,-7.487222820520401,-7.8857306987047195
ctrl:cookies,dConc_D_native,0.0,2,2,0.0,0.0,0.0,near_zero,0,-7.8857306987047195,-7.8857306987047195
ctrl:cookies,dConc_D_native,0.5,2,2,0.018102258443832397,0.01362621784210205,0.022578299045562744,near_zero,+,-7.867628440260887,-7.8857306987047195
ctrl:cookies,dConc_D_native,1.0,2,2,-0.12807881087064743,-0.16094014048576355,-0.09521748125553131,near_zero,-,-8.013809509575367,-7.8857306987047195
ctrl:cookies,dConc_D_native,2.0,2,2,0.13555249571800232,-0.3036140203475952,0.5747190117835999,inconclusive,+,-7.750178202986717,-7.8857306987047195
ctrl:cookies,dConc_D_native,4.0,2,2,1.1949342638254166,0.28390538692474365,2.1059631407260895,nonzero,+,-6.690796434879303,-7.8857306987047195
ctrl:cookies,muD_PD_F4S,0.0,2,2,0.0,0.0,0.0,near_zero,0,-7.8857306987047195,-7.8857306987047195
ctrl:cookies,muD_PD_F4S,0.5,2,2,0.006058193743228912,-0.0032409727573394775,0.015357360243797302,near_zero,+,-7.879672504961491,-7.8857306987047195
ctrl:cookies,muD_PD_F4S,1.0,2,2,0.084250807762146,0.06696158647537231,0.10154002904891968,near_zero,+,-7.8014798909425735,-7.8857306987047195
ctrl:cookies,muD_PD_F4S,2.0,2,2,0.0802440345287323,-0.12092423439025879,0.2814123034477234,near_zero,+,-7.805486664175987,-7.8857306987047195
ctrl:cookies,muD_PD_F4S,4.0,2,2,0.29628224670886993,-0.25783610343933105,0.8504005968570709,inconclusive,+,-7.58944845199585,-7.8857306987047195
ctrl:cookies,r0_D_dA,0.0,2,2,0.0,0.0,0.0,near_zero,0,-7.8857306987047195,-7.8857306987047195
ctrl:cookies,r0_D_dA,0.5,2,2,-0.03387032449245453,-0.08879461884498596,0.021053969860076904,near_zero,-,-7.919601023197174,-7.8857306987047195
ctrl:cookies,r0_D_dA,1.0,2,2,0.09686874598264694,0.030311942100524902,0.16342554986476898,near_zero,+,-7.788861952722073,-7.8857306987047195
ctrl:cookies,r0_D_dA,2.0,2,2,0.05675211548805237,-0.01714983582496643,0.13065406680107117,near_zero,+,-7.828978583216667,-7.8857306987047195
ctrl:cookies,r0_D_dA,4.0,2,2,1.159917488694191,0.8458133935928345,1.4740215837955475,nonzero,+,-6.725813210010529,-7.8857306987047195
ctrl:cookies,r0_D_muD,0.0,2,2,0.0,0.0,0.0,near_zero,0,-7.8857306987047195,-7.8857306987047195
ctrl:cookies,r0_D_muD,0.5,2,2,0.0648379698395729,0.0033121854066848755,0.12636375427246094,near_zero,+,-7.820892728865147,-7.8857306987047195
ctrl:cookies,r0_D_muD,1.0,2,2,0.026786155998706818,-0.0887567400932312,0.14232905209064484,near_zero,+,-7.858944542706013,-7.8857306987047195
ctrl:cookies,r0_D_muD,2.0,2,2,-0.0211101695895195,-0.09621074795722961,0.05399040877819061,near_zero,-,-7.906840868294239,-7.8857306987047195
ctrl:cookies,r0_D_muD,4.0,2,2,-0.051136381924152374,-0.18093320727348328,0.07866044342517853,near_zero,-,-7.936867080628872,-7.8857306987047195
ctrl:cookies,r1_D_dA,0.0,2,2,0.0,0.0,0.0,near_zero,0,-7.8857306987047195,-7.8857306987047195
ctrl:cookies,r1_D_dA,0.5,2,2,0.3006172850728035,0.20586538314819336,0.39536918699741364,nonzero,+,-7.585113413631916,-7.8857306987047195
ctrl:cookies,r1_D_dA,1.0,2,2,0.62298683822155,0.4524546265602112,0.7935190498828888,nonzero,+,-7.2627438604831696,-7.8857306987047195
ctrl:cookies,r1_D_dA,2.0,2,2,0.8137136548757553,0.6551810801029205,0.9722462296485901,nonzero,+,-7.072017043828964,-7.8857306987047195
ctrl:cookies,r1_D_dA,4.0,2,2,0.856205016374588,0.5669573545455933,1.1454526782035828,nonzero,+,-7.0295256823301315,-7.8857306987047195
ctrl:cookies,r1_D_muD,0.0,2,2,0.0,0.0,0.0,near_zero,0,-7.8857306987047195,-7.8857306987047195
ctrl:cookies,r1_D_muD,0.5,2,2,0.1273748055100441,0.10852783918380737,0.14622177183628082,near_zero,+,-7.7583558931946754,-7.8857306987047195
ctrl:cookies,r1_D_muD,1.0,2,2,0.25571809709072113,0.11818963289260864,0.3932465612888336,nonzero,+,-7.630012601613998,-7.8857306987047195
ctrl:cookies,r1_D_muD,2.0,2,2,0.3987882360816002,0.2583492398262024,0.539227232336998,nonzero,+,-7.486942462623119,-7.8857306987047195
ctrl:cookies,r1_D_muD,4.0,2,2,0.6577807739377022,0.4918651878833771,0.8236963599920273,nonzero,+,-7.227949924767017,-7.8857306987047195
ctrl:cookies,r2_D_dA,0.0,2,2,0.0,0.0,0.0,near_zero,0,-7.8857306987047195,-7.8857306987047195
ctrl:cookies,r2_D_dA,0.5,2,2,-0.09547825902700424,-0.1113879382610321,-0.07956857979297638,near_zero,-,-7.981208957731724,-7.8857306987047195
ctrl:cookies,r2_D_dA,1.0,2,2,-0.2706744372844696,-0.320780873298645,-0.2205680012702942,nonzero,-,-8.15640513598919,-7.8857306987047195
ctrl:cookies,r2_D_dA,2.0,2,2,-0.19913271814584732,-0.5248670279979706,0.12660159170627594,inconclusive,-,-8.084863416850567,-7.8857306987047195
ctrl:cookies,r2_D_dA,4.0,2,2,1.7260596305131912,1.0820330381393433,2.370086222887039,nonzero,+,-6.159671068191528,-7.8857306987047195
ctrl:cookies,r2_D_muD,0.0,2,2,0.0,0.0,0.0,near_zero,0,-7.8857306987047195,-7.8857306987047195
ctrl:cookies,r2_D_muD,0.5,2,2,-0.005358211696147919,-0.01100248098373413,0.00028605759143829346,near_zero,-,-7.8910889104008675,-7.8857306987047195
ctrl:cookies,r2_D_muD,1.0,2,2,-0.05264190584421158,-0.10535682737827301,7.301568984985352e-05,near_zero,-,-7.938372604548931,-7.8857306987047195
ctrl:cookies,r2_D_muD,2.0,2,2,-0.23598390817642212,-0.2453799545764923,-0.22658786177635193,nonzero,-,-8.121714606881142,-7.8857306987047195
ctrl:cookies,r2_D_muD,4.0,2,2,-0.3704344481229782,-0.4392044246196747,-0.30166447162628174,nonzero,-,-8.256165146827698,-7.8857306987047195
ctrl:cookies,r3_D_dA,0.0,2,2,0.0,0.0,0.0,near_zero,0,-7.8857306987047195,-7.8857306987047195
ctrl:cookies,r3_D_dA,0.5,2,2,-0.0789707824587822,-0.14217400550842285,-0.01576755940914154,near_zero,-,-7.964701481163502,-7.8857306987047195
ctrl:cookies,r3_D_dA,1.0,2,2,-0.14895713329315186,-0.160056471824646,-0.13785779476165771,near_zero,-,-8.034687831997871,-7.8857306987047195
ctrl:cookies,r3_D_dA,2.0,2,2,-0.21091052144765854,-0.21701185405254364,-0.20480918884277344,nonzero,-,-8.096641220152378,-7.8857306987047195
ctrl:cookies,r3_D_dA,4.0,2,2,3.3092512637376785,2.645321637392044,3.973180890083313,nonzero,+,-4.576479434967041,-7.8857306987047195
ctrl:cookies,r3_D_muD,0.0,2,2,0.0,0.0,0.0,near_zero,0,-7.8857306987047195,-7.8857306987047195
ctrl:cookies,r3_D_muD,0.5,2,2,-0.011662647128105164,-0.026975512504577637,0.0036502182483673096,near_zero,-,-7.897393345832825,-7.8857306987047195
ctrl:cookies,r3_D_muD,1.0,2,2,0.10188982635736465,0.09474271535873413,0.10903693735599518,near_zero,+,-7.783840872347355,-7.8857306987047195
ctrl:cookies,r3_D_muD,2.0,2,2,-0.09447554498910904,-0.14293061196804047,-0.04602047801017761,near_zero,-,-7.980206243693829,-7.8857306987047195
ctrl:cookies,r3_D_muD,4.0,2,2,-0.22688189893960953,-0.2912420630455017,-0.16252173483371735,nonzero,-,-8.112612597644329,-7.8857306987047195
ctrl:cookies,r4_D_dA,0.0,2,2,0.0,0.0,0.0,near_zero,0,-7.8857306987047195,-7.8857306987047195
ctrl:cookies,r4_D_dA,0.5,2,2,0.11862856894731522,0.1125568151473999,0.12470032274723053,near_zero,+,-7.767102129757404,-7.8857306987047195
ctrl:cookies,r4_D_dA,1.0,2,2,0.3076382428407669,0.27250126004219055,0.34277522563934326,nonzero,+,-7.578092455863953,-7.8857306987047195
ctrl:cookies,r4_D_dA,2.0,2,2,0.8967352509498596,0.8300303816795349,0.9634401202201843,nonzero,+,-6.98899544775486,-7.8857306987047195
ctrl:cookies,r4_D_dA,4.0,2,2,0.985135868191719,0.7316577732563019,1.2386139631271362,nonzero,+,-6.9005948305130005,-7.8857306987047195
ctrl:cookies,r4_D_muD,0.0,2,2,0.0,0.0,0.0,near_zero,0,-7.8857306987047195,-7.8857306987047195
ctrl:cookies,r4_D_muD,0.5,2,2,0.1602397859096527,0.08616530895233154,0.23431426286697388,near_zero,+,-7.725490912795067,-7.8857306987047195
ctrl:cookies,r4_D_muD,1.0,2,2,0.18154306709766388,0.1257486343383789,0.23733749985694885,near_zero,+,-7.704187631607056,-7.8857306987047195
ctrl:cookies,r4_D_muD,2.0,2,2,0.2922440618276596,0.26995518803596497,0.31453293561935425,nonzero,+,-7.59348663687706,-7.8857306987047195
ctrl:cookies,r4_D_muD,4.0,2,2,0.63971047103405,0.48017409443855286,0.7992468476295471,nonzero,+,-7.2460202276706696,-7.8857306987047195
ctrl:cookies,r5_D_dA,0.0,2,2,0.0,0.0,0.0,near_zero,0,-7.8857306987047195,-7.8857306987047195
ctrl:cookies,r5_D_dA,0.5,2,2,0.04634024202823639,-0.03880465030670166,0.13148513436317444,near_zero,+,-7.839390456676483,-7.8857306987047195
ctrl:cookies,r5_D_dA,1.0,2,2,0.08867979049682617,-0.04557114839553833,0.22293072938919067,near_zero,+,-7.797050908207893,-7.8857306987047195
ctrl:cookies,r5_D_dA,2.0,2,2,0.3009987622499466,0.12961068749427795,0.47238683700561523,nonzero,+,-7.584731936454773,-7.8857306987047195
ctrl:cookies,r5_D_dA,4.0,2,2,0.8266243860125542,0.8166141659021378,0.8366346061229706,nonzero,+,-7.059106312692165,-7.8857306987047195
ctrl:cookies,r5_D_muD,0.0,2,2,0.0,0.0,0.0,near_zero,0,-7.8857306987047195,-7.8857306987047195
ctrl:cookies,r5_D_muD,0.5,2,2,0.038316160440444946,0.0009686946868896484,0.07566362619400024,near_zero,+,-7.847414538264275,-7.8857306987047195
ctrl:cookies,r5_D_muD,1.0,2,2,0.0464039146900177,-0.12447991967201233,0.21728774905204773,near_zero,+,-7.839326784014702,-7.8857306987047195
ctrl:cookies,r5_D_muD,2.0,2,2,-0.0158650204539299,-0.15944123268127441,0.1277111917734146,near_zero,-,-7.9015957191586494,-7.8857306987047195
ctrl:cookies,r5_D_muD,4.0,2,2,0.2553590312600136,0.021326959133148193,0.48939110338687897,nonzero,+,-7.630371667444706,-7.8857306987047195
ctrl:cookies,r6_D_dA,0.0,2,2,0.0,0.0,0.0,near_zero,0,-7.8857306987047195,-7.8857306987047195
ctrl:cookies,r6_D_dA,0.5,2,2,0.20118748396635056,0.1181023120880127,0.2842726558446884,nonzero,+,-7.684543214738369,-7.8857306987047195
ctrl:cookies,r6_D_dA,1.0,2,2,0.40105460584163666,0.35347598791122437,0.44863322377204895,nonzero,+,-7.484676092863083,-7.8857306987047195
ctrl:cookies,r6_D_dA,2.0,2,2,0.5749595761299133,0.3918048143386841,0.7581143379211426,nonzero,+,-7.310771122574806,-7.8857306987047195
ctrl:cookies,r6_D_dA,4.0,2,2,2.5847102254629135,1.9976459443569183,3.1717745065689087,nonzero,+,-5.301020473241806,-7.8857306987047195
ctrl:cookies,r6_D_muD,0.0,2,2,0.0,0.0,0.0,near_zero,0,-7.8857306987047195,-7.8857306987047195
ctrl:cookies,r6_D_muD,0.5,2,2,0.06926527619361877,0.012251496315002441,0.1262790560722351,near_zero,+,-7.816465422511101,-7.8857306987047195
ctrl:cookies,r6_D_muD,1.0,2,2,0.1170068308711052,0.09403806924819946,0.13997559249401093,near_zero,+,-7.768723867833614,-7.8857306987047195
ctrl:cookies,r6_D_muD,2.0,2,2,0.24690336734056473,0.18672680854797363,0.3070799261331558,nonzero,+,-7.638827331364155,-7.8857306987047195
ctrl:cookies,r6_D_muD,4.0,2,2,0.4776199907064438,0.3291560411453247,0.6260839402675629,nonzero,+,-7.408110707998276,-7.8857306987047195
ctrl:cookies,r7_D_dA,0.0,2,2,0.0,0.0,0.0,near_zero,0,-7.8857306987047195,-7.8857306987047195
ctrl:cookies,r7_D_dA,0.5,2,2,0.17748720943927765,0.10455188155174255,0.25042253732681274,near_zero,+,-7.708243489265442,-7.8857306987047195
ctrl:cookies,r7_D_dA,1.0,2,2,-0.014659538865089417,-0.2547304332256317,0.22541135549545288,near_zero,-,-7.900390237569809,-7.8857306987047195
ctrl:cookies,r7_D_dA,2.0,2,2,0.17653830349445343,-0.03688704967498779,0.38996365666389465,near_zero,+,-7.709192395210266,-7.8857306987047195
ctrl:cookies,r7_D_dA,4.0,2,2,0.7588021755218506,0.4967617988586426,1.0208425521850586,nonzero,+,-7.126928523182869,-7.8857306987047195
ctrl:cookies,r7_D_muD,0.0,2,2,0.0,0.0,0.0,near_zero,0,-7.8857306987047195,-7.8857306987047195
ctrl:cookies,r7_D_muD,0.5,2,2,-0.007043160498142242,-0.011125683784484863,-0.0029606372117996216,near_zero,-,-7.892773859202862,-7.8857306987047195
ctrl:cookies,r7_D_muD,1.0,2,2,0.06044928729534149,-0.02158084511756897,0.14247941970825195,near_zero,+,-7.825281411409378,-7.8857306987047195
ctrl:cookies,r7_D_muD,2.0,2,2,-0.01960691064596176,-0.16209977865219116,0.12288595736026764,near_zero,-,-7.905337609350681,-7.8857306987047195
ctrl:cookies,r7_D_muD,4.0,2,2,0.0019411444664001465,-0.2415960431098938,0.2454783320426941,near_zero,+,-7.883789554238319,-7.8857306987047195
ctrl:cookies,r8_D_dA,0.0,2,2,0.0,0.0,0.0,near_zero,0,-7.8857306987047195,-7.8857306987047195
ctrl:cookies,r8_D_dA,0.5,2,2,0.2113988995552063,0.11764749884605408,0.3051503002643585,nonzero,+,-7.674331799149513,-7.8857306987047195
ctrl:cookies,r8_D_dA,1.0,2,2,0.4062114655971527,0.3829779326915741,0.4294449985027313,nonzero,+,-7.479519233107567,-7.8857306987047195
ctrl:cookies,r8_D_dA,2.0,2,2,0.6658298820257187,0.48383718729019165,0.8478225767612457,nonzero,+,-7.219900816679001,-7.8857306987047195
ctrl:cookies,r8_D_dA,4.0,2,2,1.886713370680809,1.5974047183990479,2.17602202296257,nonzero,+,-5.9990173280239105,-7.8857306987047195
ctrl:cookies,r8_D_muD,0.0,2,2,0.0,0.0,0.0,near_zero,0,-7.8857306987047195,-7.8857306987047195
ctrl:cookies,r8_D_muD,0.5,2,2,0.06980389356613159,-0.01919722557067871,0.1588050127029419,near_zero,+,-7.815926805138588,-7.8857306987047195
ctrl:cookies,r8_D_muD,1.0,2,2,0.14004381000995636,0.012172102928161621,0.2679155170917511,near_zero,+,-7.745686888694763,-7.8857306987047195
ctrl:cookies,r8_D_muD,2.0,2,2,0.30319447070360184,0.0897870659828186,0.5166018754243851,nonzero,+,-7.582536228001118,-7.8857306987047195
ctrl:cookies,r8_D_muD,4.0,2,2,0.5328194946050644,0.3864229917526245,0.6792159974575043,nonzero,+,-7.352911204099655,-7.8857306987047195
ctrl:cookies,r9_D_dA,0.0,2,2,0.0,0.0,0.0,near_zero,0,-7.8857306987047195,-7.8857306987047195
ctrl:cookies,r9_D_dA,0.5,2,2,-0.056930460035800934,-0.12152644991874695,0.007665529847145081,near_zero,-,-7.9426611587405205,-7.8857306987047195
ctrl:cookies,r9_D_dA,1.0,2,2,-0.21355827897787094,-0.2579983323812485,-0.1691182255744934,nonzero,-,-8.09928897768259,-7.8857306987047195
ctrl:cookies,r9_D_dA,2.0,2,2,-0.09775514155626297,-0.1714792102575302,-0.024031072854995728,near_zero,-,-7.9834858402609825,-7.8857306987047195
ctrl:cookies,r9_D_dA,4.0,2,2,1.6990403905510902,0.7140215039253235,2.684059277176857,nonzero,+,-6.186690308153629,-7.8857306987047195
ctrl:cookies,r9_D_muD,0.0,2,2,0.0,0.0,0.0,near_zero,0,-7.8857306987047195,-7.8857306987047195
ctrl:cookies,r9_D_muD,0.5,2,2,-0.06989570707082748,-0.12460470199584961,-0.015186712145805359,near_zero,-,-7.955626405775547,-7.8857306987047195
ctrl:cookies,r9_D_muD,1.0,2,2,-0.1831938922405243,-0.23076552152633667,-0.13562226295471191,near_zero,-,-8.068924590945244,-7.8857306987047195
ctrl:cookies,r9_D_muD,2.0,2,2,-0.07268938422203064,-0.13542652130126953,-0.009952247142791748,near_zero,-,-7.95842008292675,-7.8857306987047195
ctrl:cookies,r9_D_muD,4.0,2,2,-0.1333743780851364,-0.25652363896369934,-0.010225117206573486,near_zero,-,-8.019105076789856,-7.8857306987047195
ctrl:cookies,r10_D_dA,0.0,2,2,0.0,0.0,0.0,near_zero,0,-7.8857306987047195,-7.8857306987047195
ctrl:cookies,r10_D_dA,0.5,2,2,0.19841526448726654,0.14358112215995789,0.2532494068145752,near_zero,+,-7.687315434217453,-7.8857306987047195
ctrl:cookies,r10_D_dA,1.0,2,2,0.28143274039030075,0.23947307467460632,0.3233924061059952,nonzero,+,-7.604297958314419,-7.8857306987047195
ctrl:cookies,r10_D_dA,2.0,2,2,0.4378530755639076,0.3512195348739624,0.5244866162538528,nonzero,+,-7.447877623140812,-7.8857306987047195
ctrl:cookies,r10_D_dA,4.0,2,2,1.8203685730695724,0.6960658133029938,2.944671332836151,nonzero,+,-6.065362125635147,-7.8857306987047195
ctrl:cookies,r10_D_muD,0.0,2,2,0.0,0.0,0.0,near_zero,0,-7.8857306987047195,-7.8857306987047195
ctrl:cookies,r10_D_muD,0.5,2,2,0.06350968778133392,0.0023168623447418213,0.12470251321792603,near_zero,+,-7.822221010923386,-7.8857306987047195
ctrl:cookies,r10_D_muD,1.0,2,2,0.13587185740470886,0.002617746591567993,0.26912596821784973,near_zero,+,-7.749858841300011,-7.8857306987047195
ctrl:cookies,r10_D_muD,2.0,2,2,0.17972254008054733,0.09033063054084778,0.2691144496202469,near_zero,+,-7.706008158624172,-7.8857306987047195
ctrl:cookies,r10_D_muD,4.0,2,2,0.3460014835000038,0.22656512260437012,0.4654378443956375,nonzero,+,-7.539729215204716,-7.8857306987047195
ctrl:cookies,r11_D_dA,0.0,2,2,0.0,0.0,0.0,near_zero,0,-7.8857306987047195,-7.8857306987047195
ctrl:cookies,r11_D_dA,0.5,2,2,0.05210273712873459,-0.02535557746887207,0.12956105172634125,near_zero,+,-7.833627961575985,-7.8857306987047195
ctrl:cookies,r11_D_dA,1.0,2,2,-0.08285103738307953,-0.28373217582702637,0.11803010106086731,near_zero,-,-7.968581736087799,-7.8857306987047195
ctrl:cookies,r11_D_dA,2.0,2,2,-0.03131857514381409,-0.28519946336746216,0.22256231307983398,near_zero,-,-7.917049273848534,-7.8857306987047195
ctrl:cookies,r11_D_dA,4.0,2,2,0.5199241042137146,0.47091275453567505,0.5689354538917542,nonzero,+,-7.365806594491005,-7.8857306987047195
ctrl:cookies,r11_D_muD,0.0,2,2,0.0,0.0,0.0,near_zero,0,-7.8857306987047195,-7.8857306987047195
ctrl:cookies,r11_D_muD,0.5,2,2,0.11067839711904526,0.1077033281326294,0.11365346610546112,near_zero,+,-7.775052301585674,-7.8857306987047195
ctrl:cookies,r11_D_muD,1.0,2,2,-0.04878455400466919,-0.10642194747924805,0.008852839469909668,near_zero,-,-7.934515252709389,-7.8857306987047195
ctrl:cookies,r11_D_muD,2.0,2,2,-0.005505122244358063,-0.12409842014312744,0.11308817565441132,near_zero,-,-7.891235820949078,-7.8857306987047195
ctrl:cookies,r11_D_muD,4.0,2,2,-0.03410115838050842,-0.17384907603263855,0.1056467592716217,near_zero,-,-7.919831857085228,-7.8857306987047195
ctrl:cookies,r12_D_dA,0.0,2,2,0.0,0.0,0.0,near_zero,0,-7.8857306987047195,-7.8857306987047195
ctrl:cookies,r12_D_dA,0.5,2,2,0.2027496173977852,0.11808565258979797,0.2874135822057724,nonzero,+,-7.682981081306934,-7.8857306987047195
ctrl:cookies,r12_D_dA,1.0,2,2,0.5654435157775879,0.46479368209838867,0.6660933494567871,nonzero,+,-7.320287182927132,-7.8857306987047195
ctrl:cookies,r12_D_dA,2.0,2,2,1.00875224173069,0.8099708557128906,1.2075336277484894,nonzero,+,-6.8769784569740295,-7.8857306987047195
ctrl:cookies,r12_D_dA,4.0,2,2,1.6998903304338455,1.4688515961170197,1.9309290647506714,nonzero,+,-6.185840368270874,-7.8857306987047195
ctrl:cookies,r12_D_muD,0.0,2,2,0.0,0.0,0.0,near_zero,0,-7.8857306987047195,-7.8857306987047195
ctrl:cookies,r12_D_muD,0.5,2,2,0.17087656259536743,0.11450129747390747,0.2272518277168274,near_zero,+,-7.714854136109352,-7.8857306987047195
ctrl:cookies,r12_D_muD,1.0,2,2,0.3214196190237999,0.24954840540885925,0.39329083263874054,nonzero,+,-7.56431107968092,-7.8857306987047195
ctrl:cookies,r12_D_muD,2.0,2,2,0.40631361305713654,0.2690175473690033,0.5436096787452698,nonzero,+,-7.479417085647583,-7.8857306987047195
ctrl:cookies,r12_D_muD,4.0,2,2,0.7881061881780624,0.604020357131958,0.9721920192241669,nonzero,+,-7.097624510526657,-7.8857306987047195
ctrl:cookies,r13_D_dA,0.0,2,2,0.0,0.0,0.0,near_zero,0,-7.8857306987047195,-7.8857306987047195
ctrl:cookies,r13_D_dA,0.5,2,2,-0.062014952301979065,-0.22765710949897766,0.10362720489501953,near_zero,-,-7.947745651006699,-7.8857306987047195
ctrl:cookies,r13_D_dA,1.0,2,2,-0.24601373076438904,-0.35352981090545654,-0.13849765062332153,nonzero,-,-8.131744429469109,-7.8857306987047195
ctrl:cookies,r13_D_dA,2.0,2,2,-0.25293736159801483,-0.3841235935688019,-0.12175112962722778,nonzero,-,-8.138668060302734,-7.8857306987047195
ctrl:cookies,r13_D_dA,4.0,2,2,3.3602253943681717,3.230378895998001,3.4900718927383423,nonzero,+,-4.525505304336548,-7.8857306987047195
ctrl:cookies,r13_D_muD,0.0,2,2,0.0,0.0,0.0,near_zero,0,-7.8857306987047195,-7.8857306987047195
ctrl:cookies,r13_D_muD,0.5,2,2,0.011323399841785431,0.00047419965267181396,0.022172600030899048,near_zero,+,-7.874407298862934,-7.8857306987047195
ctrl:cookies,r13_D_muD,1.0,2,2,-0.13191666454076767,-0.14104892313480377,-0.12278440594673157,near_zero,-,-8.017647363245487,-7.8857306987047195
ctrl:cookies,r13_D_muD,2.0,2,2,-0.13339141011238098,-0.14372524619102478,-0.12305757403373718,near_zero,-,-8.0191221088171,-7.8857306987047195
ctrl:cookies,r13_D_muD,4.0,2,2,-0.17601555585861206,-0.35403311252593994,0.0020020008087158203,near_zero,-,-8.061746254563332,-7.8857306987047195
ctrl:cookies,r14_D_dA,0.0,2,2,0.0,0.0,0.0,near_zero,0,-7.8857306987047195,-7.8857306987047195
ctrl:cookies,r14_D_dA,0.5,2,2,-0.1975088194012642,-0.26932787895202637,-0.12568975985050201,near_zero,-,-8.083239518105984,-7.8857306987047195
ctrl:cookies,r14_D_dA,1.0,2,2,-0.31993865966796875,-0.37807390093803406,-0.26180341839790344,nonzero,-,-8.205669358372688,-7.8857306987047195
ctrl:cookies,r14_D_dA,2.0,2,2,-0.2648141533136368,-0.3527049124240875,-0.17692339420318604,nonzero,-,-8.150544852018356,-7.8857306987047195
ctrl:cookies,r14_D_dA,4.0,2,2,0.7656188830733299,0.5295761078596115,1.0016616582870483,nonzero,+,-7.12011181563139,-7.8857306987047195
ctrl:cookies,r14_D_muD,0.0,2,2,0.0,0.0,0.0,near_zero,0,-7.8857306987047195,-7.8857306987047195
ctrl:cookies,r14_D_muD,0.5,2,2,-0.011294439435005188,-0.023542791604995728,0.0009539127349853516,near_zero,-,-7.897025138139725,-7.8857306987047195
ctrl:cookies,r14_D_muD,1.0,2,2,-0.19732950627803802,-0.26941195130348206,-0.125247061252594,near_zero,-,-8.083060204982758,-7.8857306987047195
ctrl:cookies,r14_D_muD,2.0,2,2,-0.20332329720258713,-0.37626469135284424,-0.030381903052330017,nonzero,-,-8.089053995907307,-7.8857306987047195
ctrl:cookies,r14_D_muD,4.0,2,2,-0.26926495879888535,-0.39978501200675964,-0.13874490559101105,nonzero,-,-8.154995657503605,-7.8857306987047195
ctrl:cookies,r15_D_dA,0.0,2,2,0.0,0.0,0.0,near_zero,0,-7.8857306987047195,-7.8857306987047195
ctrl:cookies,r15_D_dA,0.5,2,2,0.18002986907958984,0.08845677971839905,0.27160295844078064,near_zero,+,-7.70570082962513,-7.8857306987047195
ctrl:cookies,r15_D_dA,1.0,2,2,0.37510332465171814,0.24438101053237915,0.5058256387710571,nonzero,+,-7.510627374053001,-7.8857306987047195
ctrl:cookies,r15_D_dA,2.0,2,2,0.4821107015013695,0.4007159471511841,0.5635054558515549,nonzero,+,-7.40361999720335,-7.8857306987047195
ctrl:cookies,r15_D_dA,4.0,2,2,1.1734969168901443,0.6688247919082642,1.6781690418720245,nonzero,+,-6.712233781814575,-7.8857306987047195
ctrl:cookies,r15_D_muD,0.0,2,2,0.0,0.0,0.0,near_zero,0,-7.8857306987047195,-7.8857306987047195
ctrl:cookies,r15_D_muD,0.5,2,2,0.11990775167942047,0.11477506160736084,0.1250404417514801,near_zero,+,-7.765822947025299,-7.8857306987047195
ctrl:cookies,r15_D_muD,1.0,2,2,0.11999396979808807,0.11456361413002014,0.125424325466156,near_zero,+,-7.7657367289066315,-7.8857306987047195
ctrl:cookies,r15_D_muD,2.0,2,2,0.24750123172998428,0.116493821144104,0.37850864231586456,nonzero,+,-7.638229466974735,-7.8857306987047195
ctrl:cookies,r15_D_muD,4.0,2,2,0.42655663192272186,0.34921061992645264,0.5039026439189911,nonzero,+,-7.459174066781998,-7.8857306987047195
ctrl:cookies,r16_D_dA,0.0,2,2,0.0,0.0,0.0,near_zero,0,-7.8857306987047195,-7.8857306987047195
ctrl:cookies,r16_D_dA,0.5,2,2,-0.05374994874000549,-0.1250295639038086,0.017529666423797607,near_zero,-,-7.939480647444725,-7.8857306987047195
ctrl:cookies,r16_D_dA,1.0,2,2,-0.06604723632335663,-0.14183402061462402,0.009739547967910767,near_zero,-,-7.951777935028076,-7.8857306987047195
ctrl:cookies,r16_D_dA,2.0,2,2,-0.1665017381310463,-0.19792141020298004,-0.13508206605911255,near_zero,-,-8.052232436835766,-7.8857306987047195
ctrl:cookies,r16_D_dA,4.0,2,2,-0.19936935603618622,-0.22870585322380066,-0.17003285884857178,near_zero,-,-8.085100054740906,-7.8857306987047195
ctrl:cookies,r16_D_muD,0.0,2,2,0.0,0.0,0.0,near_zero,0,-7.8857306987047195,-7.8857306987047195
ctrl:cookies,r16_D_muD,0.5,2,2,0.009982272982597351,0.00042182207107543945,0.019542723894119263,near_zero,+,-7.875748425722122,-7.8857306987047195
ctrl:cookies,r16_D_muD,1.0,2,2,-0.007269769906997681,-0.034693747758865356,0.020154207944869995,near_zero,-,-7.893000468611717,-7.8857306987047195
ctrl:cookies,r16_D_muD,2.0,2,2,-0.06735779345035553,-0.17104977369308472,0.03633418679237366,near_zero,-,-7.953088492155075,-7.8857306987047195
ctrl:cookies,r16_D_muD,4.0,2,2,-0.16427069157361984,-0.23435187339782715,-0.09418950974941254,near_zero,-,-8.05000139027834,-7.8857306987047195
ctrl:cookies,r17_D_dA,0.0,2,2,0.0,0.0,0.0,near_zero,0,-7.8857306987047195,-7.8857306987047195
ctrl:cookies,r17_D_dA,0.5,2,2,-0.0007809251546859741,-0.005208045244216919,0.0036461949348449707,near_zero,-,-7.8865116238594055,-7.8857306987047195
ctrl:cookies,r17_D_dA,1.0,2,2,0.042878083884716034,0.04141075909137726,0.04434540867805481,near_zero,+,-7.8428526148200035,-7.8857306987047195
ctrl:cookies,r17_D_dA,2.0,2,2,0.2723032832145691,0.20875442028045654,0.33585214614868164,nonzero,+,-7.6134274154901505,-7.8857306987047195
ctrl:cookies,r17_D_dA,4.0,2,2,1.0706620067358017,0.847570389509201,1.2937536239624023,nonzero,+,-6.815068691968918,-7.8857306987047195
ctrl:cookies,r17_D_muD,0.0,2,2,0.0,0.0,0.0,near_zero,0,-7.8857306987047195,-7.8857306987047195
ctrl:cookies,r17_D_muD,0.5,2,2,0.003397345542907715,0.0024182796478271484,0.004376411437988281,near_zero,+,-7.882333353161812,-7.8857306987047195
ctrl:cookies,r17_D_muD,1.0,2,2,0.030300110578536987,0.022759288549423218,0.03784093260765076,near_zero,+,-7.855430588126183,-7.8857306987047195
ctrl:cookies,r17_D_muD,2.0,2,2,0.02493496984243393,-0.08356709778308868,0.13343703746795654,near_zero,+,-7.860795728862286,-7.8857306987047195
ctrl:cookies,r17_D_muD,4.0,2,2,0.11103043705224991,0.03920264542102814,0.18285822868347168,near_zero,+,-7.77470026165247,-7.8857306987047195
ctrl:cookies,r18_D_dA,0.0,2,2,0.0,0.0,0.0,near_zero,0,-7.8857306987047195,-7.8857306987047195
ctrl:cookies,r18_D_dA,0.5,2,2,0.26201407611370087,0.12810418009757996,0.3959239721298218,nonzero,+,-7.623716622591019,-7.8857306987047195
ctrl:cookies,r18_D_dA,1.0,2,2,0.3854547590017319,0.10038283467292786,0.6705266833305359,nonzero,+,-7.500275939702988,-7.8857306987047195
ctrl:cookies,r18_D_dA,2.0,2,2,0.8611290901899338,0.29636600613594055,1.425892174243927,nonzero,+,-7.024601608514786,-7.8857306987047195
ctrl:cookies,r18_D_dA,4.0,2,2,1.6295547783374786,1.313507318496704,1.9456022381782532,nonzero,+,-6.256175920367241,-7.8857306987047195
ctrl:cookies,r18_D_muD,0.0,2,2,0.0,0.0,0.0,near_zero,0,-7.8857306987047195,-7.8857306987047195
ctrl:cookies,r18_D_muD,0.5,2,2,0.07363070547580719,0.00019687414169311523,0.14706453680992126,near_zero,+,-7.812099993228912,-7.8857306987047195
ctrl:cookies,r18_D_muD,1.0,2,2,0.13565917313098907,0.0003326237201690674,0.2709857225418091,near_zero,+,-7.7500715255737305,-7.8857306987047195
ctrl:cookies,r18_D_muD,2.0,2,2,0.1917622685432434,-0.101188063621521,0.4847126007080078,near_zero,+,-7.693968430161476,-7.8857306987047195
ctrl:cookies,r18_D_muD,4.0,2,2,0.5205724611878395,0.03662019968032837,1.0045247226953506,nonzero,+,-7.36515823751688,-7.8857306987047195
ctrl:cookies,r19_D_dA,0.0,2,2,0.0,0.0,0.0,near_zero,0,-7.8857306987047195,-7.8857306987047195
ctrl:cookies,r19_D_dA,0.5,2,2,0.03665412962436676,-0.05641216039657593,0.12972041964530945,near_zero,+,-7.849076569080353,-7.8857306987047195
ctrl:cookies,r19_D_dA,1.0,2,2,0.12968970090150833,0.11348691582679749,0.14589248597621918,near_zero,+,-7.756040997803211,-7.8857306987047195
ctrl:cookies,r19_D_dA,2.0,2,2,0.15942330658435822,0.08830621838569641,0.23054039478302002,near_zero,+,-7.726307392120361,-7.8857306987047195
ctrl:cookies,r19_D_dA,4.0,2,2,1.0426329970359802,0.9087701737880707,1.1764958202838898,nonzero,+,-6.843097701668739,-7.8857306987047195
ctrl:cookies,r19_D_muD,0.0,2,2,0.0,0.0,0.0,near_zero,0,-7.8857306987047195,-7.8857306987047195
ctrl:cookies,r19_D_muD,0.5,2,2,0.11455295979976654,0.10036265850067139,0.1287432610988617,near_zero,+,-7.771177738904953,-7.8857306987047195
ctrl:cookies,r19_D_muD,1.0,2,2,0.044347263872623444,0.000247761607170105,0.08844676613807678,near_zero,+,-7.841383434832096,-7.8857306987047195
ctrl:cookies,r19_D_muD,2.0,2,2,0.056078992784023285,-0.014425337314605713,0.12658332288265228,near_zero,+,-7.829651705920696,-7.8857306987047195
ctrl:cookies,r19_D_muD,4.0,2,2,0.13668224960565567,0.11343955993652344,0.1599249392747879,near_zero,+,-7.749048449099064,-7.8857306987047195
ctrl:cookies,r20_D_dA,0.0,2,2,0.0,0.0,0.0,near_zero,0,-7.8857306987047195,-7.8857306987047195
ctrl:cookies,r20_D_dA,0.5,2,2,0.03981830179691315,-0.1442020833492279,0.2238386869430542,near_zero,+,-7.845912396907806,-7.8857306987047195
ctrl:cookies,r20_D_dA,1.0,2,2,0.03722859174013138,-0.11362826824188232,0.18808545172214508,near_zero,+,-7.848502106964588,-7.8857306987047195
ctrl:cookies,r20_D_dA,2.0,2,2,0.30329298228025436,0.13460910320281982,0.4719768613576889,nonzero,+,-7.582437716424465,-7.8857306987047195
ctrl:cookies,r20_D_dA,4.0,2,2,1.335007630288601,0.6743636578321457,1.9956516027450562,nonzero,+,-6.550723068416119,-7.8857306987047195
ctrl:cookies,r20_D_muD,0.0,2,2,0.0,0.0,0.0,near_zero,0,-7.8857306987047195,-7.8857306987047195
ctrl:cookies,r20_D_muD,0.5,2,2,0.04323309659957886,-0.05672484636306763,0.14319103956222534,near_zero,+,-7.842497602105141,-7.8857306987047195
ctrl:cookies,r20_D_muD,1.0,2,2,0.004658393561840057,-0.11273744702339172,0.12205423414707184,near_zero,+,-7.8810723051428795,-7.8857306987047195
ctrl:cookies,r20_D_muD,2.0,2,2,0.09745744615793228,-0.009175986051559448,0.204090878367424,near_zero,+,-7.788273252546787,-7.8857306987047195
ctrl:cookies,r20_D_muD,4.0,2,2,0.08939291536808014,-0.12963217496871948,0.30841800570487976,near_zero,+,-7.796337783336639,-7.8857306987047195
ctrl:cookies,r21_D_dA,0.0,2,2,0.0,0.0,0.0,near_zero,0,-7.8857306987047195,-7.8857306987047195
ctrl:cookies,r21_D_dA,0.5,2,2,-0.057951368391513824,-0.12234321236610413,0.006440475583076477,near_zero,-,-7.943682067096233,-7.8857306987047195
ctrl:cookies,r21_D_dA,1.0,2,2,-0.13097146898508072,-0.2671983242034912,0.005255386233329773,near_zero,-,-8.0167021676898,-7.8857306987047195
ctrl:cookies,r21_D_dA,2.0,2,2,-0.2640389949083328,-0.45777627825737,-0.07030171155929565,nonzero,-,-8.149769693613052,-7.8857306987047195
ctrl:cookies,r21_D_dA,4.0,2,2,-0.03817635774612427,-0.3542463779449463,0.27789366245269775,near_zero,-,-7.923907056450844,-7.8857306987047195
ctrl:cookies,r21_D_muD,0.0,2,2,0.0,0.0,0.0,near_zero,0,-7.8857306987047195,-7.8857306987047195
ctrl:cookies,r21_D_muD,0.5,2,2,0.008062370121479034,0.004162773489952087,0.011961966753005981,near_zero,+,-7.8776683285832405,-7.8857306987047195
ctrl:cookies,r21_D_muD,1.0,2,2,-0.07012144476175308,-0.14416921138763428,0.003926321864128113,near_zero,-,-7.955852143466473,-7.8857306987047195
ctrl:cookies,r21_D_muD,2.0,2,2,-0.11918853968381882,-0.1225128173828125,-0.11586426198482513,near_zero,-,-8.004919238388538,-7.8857306987047195
ctrl:cookies,r21_D_muD,4.0,2,2,-0.2915310189127922,-0.4913003444671631,-0.09176169335842133,nonzero,-,-8.177261717617512,-7.8857306987047195
ctrl:cookies,r22_D_dA,0.0,2,2,0.0,0.0,0.0,near_zero,0,-7.8857306987047195,-7.8857306987047195
ctrl:cookies,r22_D_dA,0.5,2,2,-0.09542103111743927,-0.17658719420433044,-0.014254868030548096,near_zero,-,-7.981151729822159,-7.8857306987047195
ctrl:cookies,r22_D_dA,1.0,2,2,-0.13668428361415863,-0.19409486651420593,-0.07927370071411133,near_zero,-,-8.022414982318878,-7.8857306987047195
ctrl:cookies,r22_D_dA,2.0,2,2,-0.008375868201255798,-0.13537338376045227,0.11862164735794067,near_zero,-,-7.894106566905975,-7.8857306987047195
ctrl:cookies,r22_D_dA,4.0,2,2,0.12303977459669113,0.05406169593334198,0.19201785326004028,near_zero,+,-7.762690924108028,-7.8857306987047195
ctrl:cookies,r22_D_muD,0.0,2,2,0.0,0.0,0.0,near_zero,0,-7.8857306987047195,-7.8857306987047195
ctrl:cookies,r22_D_muD,0.5,2,2,-0.023806490004062653,-0.15490886569023132,0.10729588568210602,near_zero,-,-7.909537188708782,-7.8857306987047195
ctrl:cookies,r22_D_muD,1.0,2,2,-0.0892406702041626,-0.13758555054664612,-0.04089578986167908,near_zero,-,-7.974971368908882,-7.8857306987047195
ctrl:cookies,r22_D_muD,2.0,2,2,-0.020332016050815582,-0.1502109169960022,0.10954688489437103,near_zero,-,-7.906062714755535,-7.8857306987047195
ctrl:cookies,r22_D_muD,4.0,2,2,-0.1850777044892311,-0.3593314290046692,-0.01082397997379303,near_zero,-,-8.07080840319395,-7.8857306987047195
ctrl:bread,dA_D,0.0,2,2,0.0,0.0,0.0,near_zero,0,-2.588412284851074,-2.588412284851074
ctrl:bread,dA_D,0.5,2,2,0.32286882400512695,0.2452383041381836,0.4004993438720703,nonzero,+,-2.2655434608459473,-2.588412284851074
ctrl:bread,dA_D,1.0,2,2,0.6863210201263428,0.5597267150878906,0.8129153251647949,nonzero,+,-1.9020912647247314,-2.588412284851074
ctrl:bread,dA_D,2.0,2,2,1.8366576433181763,1.2387241125106812,2.4345911741256714,nonzero,+,-0.751754641532898,-2.588412284851074
ctrl:bread,dA_D,4.0,2,2,2.914369821548462,1.831403136253357,3.997336506843567,nonzero,+,0.3259575366973877,-2.588412284851074
ctrl:bread,dA_D_matched_muD,0.0,2,2,0.0,0.0,0.0,near_zero,0,-2.588412284851074,-2.588412284851074
ctrl:bread,dA_D_matched_muD,0.5,2,2,0.06024962663650513,0.00016021728515625,0.120339035987854,near_zero,+,-2.528162658214569,-2.588412284851074
ctrl:bread,dA_D_matched_muD,1.0,2,2,0.2756776213645935,0.273166298866272,0.27818894386291504,nonzero,+,-2.3127346634864807,-2.588412284851074
ctrl:bread,dA_D_matched_muD,2.0,2,2,0.49792933464050293,0.4728347063064575,0.5230239629745483,nonzero,+,-2.0904829502105713,-2.588412284851074
ctrl:bread,dA_D_matched_muD,4.0,2,2,1.2584741115570068,0.9451862573623657,1.571761965751648,nonzero,+,-1.3299381732940674,-2.588412284851074
ctrl:bread,muD_D,0.0,2,2,0.0,0.0,0.0,near_zero,0,-2.588412284851074,-2.588412284851074
ctrl:bread,muD_D,0.5,2,2,0.03980201482772827,-0.045091867446899414,0.12469589710235596,near_zero,+,-2.548610270023346,-2.588412284851074
ctrl:bread,muD_D,1.0,2,2,-0.0082627534866333,-0.17439043521881104,0.15786492824554443,near_zero,-,-2.5966750383377075,-2.588412284851074
ctrl:bread,muD_D,2.0,2,2,0.04419928789138794,-0.011157393455505371,0.09955596923828125,near_zero,+,-2.5442129969596863,-2.588412284851074
ctrl:bread,muD_D,4.0,2,2,0.3488445281982422,0.13745224475860596,0.5602368116378784,nonzero,+,-2.239567756652832,-2.588412284851074
ctrl:bread,muD_D_matched_dA,0.0,2,2,0.0,0.0,0.0,near_zero,0,-2.588412284851074,-2.588412284851074
ctrl:bread,muD_D_matched_dA,0.5,2,2,0.08705854415893555,0.020854592323303223,0.15326249599456787,near_zero,+,-2.5013537406921387,-2.588412284851074
ctrl:bread,muD_D_matched_dA,1.0,2,2,0.04116034507751465,-0.061136603355407715,0.143457293510437,near_zero,+,-2.5472519397735596,-2.588412284851074
ctrl:bread,muD_D_matched_dA,2.0,2,2,0.641971230506897,0.36160027980804443,0.9223421812057495,nonzero,+,-1.9464410543441772,-2.588412284851074
ctrl:bread,muD_D_matched_dA,4.0,2,2,0.8720624446868896,0.001683354377746582,1.7424415349960327,nonzero,+,-1.7163498401641846,-2.588412284851074
ctrl:bread,muD_P,0.0,2,2,0.0,0.0,0.0,near_zero,0,-2.588412284851074,-2.588412284851074
ctrl:bread,muD_P,0.5,2,2,0.13680541515350342,0.11308395862579346,0.16052687168121338,near_zero,+,-2.451606869697571,-2.588412284851074
ctrl:bread,muD_P,1.0,2,2,0.15573561191558838,0.15081584453582764,0.16065537929534912,near_zero,+,-2.432676672935486,-2.588412284851074
ctrl:bread,muD_P,2.0,2,2,0.24920505285263062,0.2261420488357544,0.27226805686950684,nonzero,+,-2.3392072319984436,-2.588412284851074
ctrl:bread,muD_P,4.0,2,2,0.8089266419410706,0.37376558780670166,1.2440876960754395,nonzero,+,-1.7794856429100037,-2.588412284851074
ctrl:bread,muD_P_plus_dA_D,0.0,2,2,0.0,0.0,0.0,near_zero,0,-2.588412284851074,-2.588412284851074
ctrl:bread,muD_P_plus_dA_D,0.5,2,2,0.3968864679336548,0.27559566497802734,0.5181772708892822,nonzero,+,-2.1915258169174194,-2.588412284851074
ctrl:bread,muD_P_plus_dA_D,1.0,2,2,0.7948572635650635,0.49332547187805176,1.0963890552520752,nonzero,+,-1.7935550212860107,-2.588412284851074
ctrl:bread,muD_P_plus_dA_D,2.0,2,2,2.210880219936371,1.365331768989563,3.0564286708831787,nonzero,+,-0.37753206491470337,-2.588412284851074
ctrl:bread,muD_P_plus_dA_D,4.0,2,2,3.6747483015060425,2.172136902809143,5.177359700202942,nonzero,+,1.0863360166549683,-2.588412284851074
ctrl:bread,dConc_D_matched_dA,0.0,2,2,0.0,0.0,0.0,near_zero,0,-2.588412284851074,-2.588412284851074
ctrl:bread,dConc_D_matched_dA,0.5,2,2,0.09086728096008301,0.06861889362335205,0.11311566829681396,near_zero,+,-2.497545003890991,-2.588412284851074
ctrl:bread,dConc_D_matched_dA,1.0,2,2,0.021604537963867188,-0.14268827438354492,0.1858973503112793,near_zero,+,-2.566807746887207,-2.588412284851074
ctrl:bread,dConc_D_matched_dA,2.0,2,2,0.21995049715042114,-0.3394899368286133,0.7793909311294556,inconclusive,+,-2.368461787700653,-2.588412284851074
ctrl:bread,dConc_D_matched_dA,4.0,2,2,1.1646563410758972,0.08686423301696777,2.2424484491348267,nonzero,+,-1.423755943775177,-2.588412284851074
ctrl:bread,dConc_D_native,0.0,2,2,0.0,0.0,0.0,near_zero,0,-2.588412284851074,-2.588412284851074
ctrl:bread,dConc_D_native,0.5,2,2,0.060933053493499756,-0.06676685810089111,0.18863296508789062,near_zero,+,-2.5274792313575745,-2.588412284851074
ctrl:bread,dConc_D_native,1.0,2,2,0.12831544876098633,-0.2091463804244995,0.46577727794647217,near_zero,+,-2.460096836090088,-2.588412284851074
ctrl:bread,dConc_D_native,2.0,2,2,0.6443584561347961,-0.40302491188049316,1.6917418241500854,inconclusive,+,-1.944053828716278,-2.588412284851074
ctrl:bread,dConc_D_native,4.0,2,2,1.6973596811294556,0.7710918188095093,2.623627543449402,nonzero,+,-0.8910526037216187,-2.588412284851074
ctrl:bread,muD_PD_F4S,0.0,2,2,0.0,0.0,0.0,near_zero,0,-2.588412284851074,-2.588412284851074
ctrl:bread,muD_PD_F4S,0.5,2,2,0.12453168630599976,0.02675318717956543,0.22231018543243408,near_zero,+,-2.4638805985450745,-2.588412284851074
ctrl:bread,muD_PD_F4S,1.0,2,2,0.06529778242111206,0.025555014610290527,0.1050405502319336,near_zero,+,-2.523114502429962,-2.588412284851074
ctrl:bread,muD_PD_F4S,2.0,2,2,0.2799266576766968,0.18348097801208496,0.3763723373413086,nonzero,+,-2.3084856271743774,-2.588412284851074
ctrl:bread,muD_PD_F4S,4.0,2,2,1.224638819694519,0.4431389570236206,2.0061386823654175,nonzero,+,-1.3637734651565552,-2.588412284851074
ctrl:bread,r0_D_dA,0.0,2,2,0.0,0.0,0.0,near_zero,0,-2.588412284851074,-2.588412284851074
ctrl:bread,r0_D_dA,0.5,2,2,0.06937289237976074,-0.030403733253479004,0.1691495180130005,near_zero,+,-2.5190393924713135,-2.588412284851074
ctrl:bread,r0_D_dA,1.0,2,2,0.09314680099487305,-0.15130913257598877,0.33760273456573486,near_zero,+,-2.495265483856201,-2.588412284851074
ctrl:bread,r0_D_dA,2.0,2,2,0.12152969837188721,-0.43734800815582275,0.6804074048995972,inconclusive,+,-2.466882586479187,-2.588412284851074
ctrl:bread,r0_D_dA,4.0,2,2,1.420628845691681,-0.5837423801422119,3.4250000715255737,inconclusive,+,-1.1677834391593933,-2.588412284851074
ctrl:bread,r0_D_muD,0.0,2,2,0.0,0.0,0.0,near_zero,0,-2.588412284851074,-2.588412284851074
ctrl:bread,r0_D_muD,0.5,2,2,0.06997710466384888,0.04290270805358887,0.09705150127410889,near_zero,+,-2.5184351801872253,-2.588412284851074
ctrl:bread,r0_D_muD,1.0,2,2,0.06010270118713379,0.0035469532012939453,0.11665844917297363,near_zero,+,-2.5283095836639404,-2.588412284851074
ctrl:bread,r0_D_muD,2.0,2,2,0.15426641702651978,0.008798003196716309,0.29973483085632324,near_zero,+,-2.4341458678245544,-2.588412284851074
ctrl:bread,r0_D_muD,4.0,2,2,0.2176695466041565,-0.15586626529693604,0.591205358505249,inconclusive,+,-2.3707427382469177,-2.588412284851074
ctrl:bread,r1_D_dA,0.0,2,2,0.0,0.0,0.0,near_zero,0,-2.588412284851074,-2.588412284851074
ctrl:bread,r1_D_dA,0.5,2,2,0.10420477390289307,-0.07835304737091064,0.2867625951766968,near_zero,+,-2.484207510948181,-2.588412284851074
ctrl:bread,r1_D_dA,1.0,2,2,0.13550561666488647,0.08929157257080078,0.18171966075897217,near_zero,+,-2.4529066681861877,-2.588412284851074
ctrl:bread,r1_D_dA,2.0,2,2,0.050585150718688965,-0.041149258613586426,0.14231956005096436,near_zero,+,-2.5378271341323853,-2.588412284851074
ctrl:bread,r1_D_dA,4.0,2,2,0.30338215827941895,0.12152969837188721,0.4852346181869507,nonzero,+,-2.2850301265716553,-2.588412284851074
ctrl:bread,r1_D_muD,0.0,2,2,0.0,0.0,0.0,near_zero,0,-2.588412284851074,-2.588412284851074
ctrl:bread,r1_D_muD,0.5,2,2,0.07521748542785645,0.02176058292388916,0.12867438793182373,near_zero,+,-2.5131947994232178,-2.588412284851074
ctrl:bread,r1_D_muD,1.0,2,2,0.19501268863677979,0.005229592323303223,0.38479578495025635,near_zero,+,-2.3933995962142944,-2.588412284851074
ctrl:bread,r1_D_muD,2.0,2,2,0.07608991861343384,-0.12636876106262207,0.27854859828948975,near_zero,+,-2.5123223662376404,-2.588412284851074
ctrl:bread,r1_D_muD,4.0,2,2,0.08437395095825195,0.01730048656463623,0.15144741535186768,near_zero,+,-2.5040383338928223,-2.588412284851074
ctrl:bread,r2_D_dA,0.0,2,2,0.0,0.0,0.0,near_zero,0,-2.588412284851074,-2.588412284851074
ctrl:bread,r2_D_dA,0.5,2,2,0.13625454902648926,-0.000689387321472168,0.2731984853744507,near_zero,+,-2.452157735824585,-2.588412284851074
ctrl:bread,r2_D_dA,1.0,2,2,0.2689247131347656,0.10651767253875732,0.4313317537307739,nonzero,+,-2.3194875717163086,-2.588412284851074
ctrl:bread,r2_D_dA,2.0,2,2,0.8935916423797607,0.5770423412322998,1.2101409435272217,nonzero,+,-1.6948206424713135,-2.588412284851074
ctrl:bread,r2_D_dA,4.0,2,2,1.6266491413116455,0.24433386325836182,3.008964419364929,nonzero,+,-0.9617631435394287,-2.588412284851074
ctrl:bread,r2_D_muD,0.0,2,2,0.0,0.0,0.0,near_zero,0,-2.588412284851074,-2.588412284851074
ctrl:bread,r2_D_muD,0.5,2,2,-0.022335946559906006,-0.04426157474517822,-0.00041031837463378906,near_zero,-,-2.6107482314109802,-2.588412284851074
ctrl:bread,r2_D_muD,1.0,2,2,0.039526283740997314,0.0035742521286010742,0.07547831535339355,near_zero,+,-2.548886001110077,-2.588412284851074
ctrl:bread,r2_D_muD,2.0,2,2,0.2309892177581787,0.138657808303833,0.3233206272125244,nonzero,+,-2.3574230670928955,-2.588412284851074
ctrl:bread,r2_D_muD,4.0,2,2,0.38638514280319214,0.23178279399871826,0.540987491607666,nonzero,+,-2.202027142047882,-2.588412284851074
ctrl:bread,r3_D_dA,0.0,2,2,0.0,0.0,0.0,near_zero,0,-2.588412284851074,-2.588412284851074
ctrl:bread,r3_D_dA,0.5,2,2,0.056166112422943115,-0.01273047924041748,0.1250627040863037,near_zero,+,-2.532246172428131,-2.588412284851074
ctrl:bread,r3_D_dA,1.0,2,2,0.086761474609375,-0.04927241802215576,0.22279536724090576,near_zero,+,-2.501650810241699,-2.588412284851074
ctrl:bread,r3_D_dA,2.0,2,2,-0.32182765007019043,-0.5807520151138306,-0.06290328502655029,nonzero,-,-2.9102399349212646,-2.588412284851074
ctrl:bread,r3_D_dA,4.0,2,2,-0.7508969306945801,-1.2226945161819458,-0.27909934520721436,nonzero,-,-3.3393092155456543,-2.588412284851074
ctrl:bread,r3_D_muD,0.0,2,2,0.0,0.0,0.0,near_zero,0,-2.588412284851074,-2.588412284851074
ctrl:bread,r3_D_muD,0.5,2,2,0.14743572473526,0.07690596580505371,0.2179654836654663,near_zero,+,-2.440976560115814,-2.588412284851074
ctrl:bread,r3_D_muD,1.0,2,2,0.08059310913085938,0.026996135711669922,0.13419008255004883,near_zero,+,-2.507819175720215,-2.588412284851074
ctrl:bread,r3_D_muD,2.0,2,2,0.0772709846496582,0.02592313289642334,0.12861883640289307,near_zero,+,-2.511141300201416,-2.588412284851074
ctrl:bread,r3_D_muD,4.0,2,2,-0.1159815788269043,-0.23985660076141357,0.00789344310760498,near_zero,-,-2.7043938636779785,-2.588412284851074
ctrl:bread,r4_D_dA,0.0,2,2,0.0,0.0,0.0,near_zero,0,-2.588412284851074,-2.588412284851074
ctrl:bread,r4_D_dA,0.5,2,2,0.13336914777755737,0.07295107841491699,0.19378721714019775,near_zero,+,-2.455043137073517,-2.588412284851074
ctrl:bread,r4_D_dA,1.0,2,2,0.27643638849258423,0.188401460647583,0.36447131633758545,nonzero,+,-2.31197589635849,-2.588412284851074
ctrl:bread,r4_D_dA,2.0,2,2,0.4480213522911072,0.11410284042358398,0.7819398641586304,nonzero,+,-2.140390932559967,-2.588412284851074
ctrl:bread,r4_D_dA,4.0,2,2,0.41263747215270996,-0.02366936206817627,0.8489443063735962,inconclusive,+,-2.1757748126983643,-2.588412284851074
ctrl:bread,r4_D_muD,0.0,2,2,0.0,0.0,0.0,near_zero,0,-2.588412284851074,-2.588412284851074
ctrl:bread,r4_D_muD,0.5,2,2,0.023293733596801758,0.003904104232788086,0.04268336296081543,near_zero,+,-2.5651185512542725,-2.588412284851074
ctrl:bread,r4_D_muD,1.0,2,2,0.0394781231880188,0.0036563873291015625,0.07529985904693604,near_zero,+,-2.5489341616630554,-2.588412284851074
ctrl:bread,r4_D_muD,2.0,2,2,0.19063174724578857,0.18330872058868408,0.19795477390289307,near_zero,+,-2.3977805376052856,-2.588412284851074
ctrl:bread,r4_D_muD,4.0,2,2,0.33684515953063965,0.26842057704925537,0.4052697420120239,nonzero,+,-2.2515671253204346,-2.588412284851074
ctrl:bread,r5_D_dA,0.0,2,2,0.0,0.0,0.0,near_zero,0,-2.588412284851074,-2.588412284851074
ctrl:bread,r5_D_dA,0.5,2,2,-0.1254696249961853,-0.2520796060562134,0.0011403560638427734,near_zero,-,-2.7138819098472595,-2.588412284851074
ctrl:bread,r5_D_dA,1.0,2,2,-0.2352278232574463,-0.36042940616607666,-0.11002624034881592,nonzero,-,-2.8236401081085205,-2.588412284851074
ctrl:bread,r5_D_dA,2.0,2,2,-0.40416204929351807,-0.4433237314224243,-0.3650003671646118,nonzero,-,-2.9925743341445923,-2.588412284851074
ctrl:bread,r5_D_dA,4.0,2,2,-0.8231332302093506,-1.1020196676254272,-0.5442467927932739,nonzero,-,-3.411545515060425,-2.588412284851074
ctrl:bread,r5_D_muD,0.0,2,2,0.0,0.0,0.0,near_zero,0,-2.588412284851074,-2.588412284851074
ctrl:bread,r5_D_muD,0.5,2,2,-0.004088044166564941,-0.053267598152160645,0.04509150981903076,near_zero,-,-2.592500329017639,-2.588412284851074
ctrl:bread,r5_D_muD,1.0,2,2,-0.014742791652679443,-0.1264103651046753,0.0969247817993164,near_zero,-,-2.6031550765037537,-2.588412284851074
ctrl:bread,r5_D_muD,2.0,2,2,-0.158369243144989,-0.32025980949401855,0.0035213232040405273,near_zero,-,-2.7467815279960632,-2.588412284851074
ctrl:bread,r5_D_muD,4.0,2,2,-0.3217254877090454,-0.5053670406341553,-0.13808393478393555,nonzero,-,-2.9101377725601196,-2.588412284851074
ctrl:bread,r6_D_dA,0.0,2,2,0.0,0.0,0.0,near_zero,0,-2.588412284851074,-2.588412284851074
ctrl:bread,r6_D_dA,0.5,2,2,0.17577069997787476,-0.053498029708862305,0.4050394296646118,near_zero,+,-2.4126415848731995,-2.588412284851074
ctrl:bread,r6_D_dA,1.0,2,2,0.17807281017303467,-0.05328023433685303,0.40942585468292236,near_zero,+,-2.4103394746780396,-2.588412284851074
ctrl:bread,r6_D_dA,2.0,2,2,0.08026283979415894,-0.21947789192199707,0.38000357151031494,near_zero,+,-2.5081494450569153,-2.588412284851074
ctrl:bread,r6_D_dA,4.0,2,2,0.5960009098052979,0.45298850536346436,0.7390133142471313,nonzero,+,-1.9924113750457764,-2.588412284851074
ctrl:bread,r6_D_muD,0.0,2,2,0.0,0.0,0.0,near_zero,0,-2.588412284851074,-2.588412284851074
ctrl:bread,r6_D_muD,0.5,2,2,0.057779788970947266,-0.04478013515472412,0.16033971309661865,near_zero,+,-2.530632495880127,-2.588412284851074
ctrl:bread,r6_D_muD,1.0,2,2,0.0938100814819336,-0.12511873245239258,0.31273889541625977,near_zero,+,-2.4946022033691406,-2.588412284851074
ctrl:bread,r6_D_muD,2.0,2,2,0.20926153659820557,0.07154428958892822,0.3469787836074829,nonzero,+,-2.3791507482528687,-2.588412284851074
ctrl:bread,r6_D_muD,4.0,2,2,0.16694873571395874,-0.13285374641418457,0.46675121784210205,near_zero,+,-2.4214635491371155,-2.588412284851074
ctrl:bread,r7_D_dA,0.0,2,2,0.0,0.0,0.0,near_zero,0,-2.588412284851074,-2.588412284851074
ctrl:bread,r7_D_dA,0.5,2,2,0.17920184135437012,0.161551833152771,0.19685184955596924,near_zero,+,-2.409210443496704,-2.588412284851074
ctrl:bread,r7_D_dA,1.0,2,2,0.2904297113418579,0.05701875686645508,0.5238406658172607,nonzero,+,-2.2979825735092163,-2.588412284851074
ctrl:bread,r7_D_dA,2.0,2,2,0.4934990406036377,0.08744895458221436,0.899549126625061,nonzero,+,-2.0949132442474365,-2.588412284851074
ctrl:bread,r7_D_dA,4.0,2,2,0.516269862651825,-0.13484513759613037,1.1673848628997803,inconclusive,+,-2.0721424221992493,-2.588412284851074
ctrl:bread,r7_D_muD,0.0,2,2,0.0,0.0,0.0,near_zero,0,-2.588412284851074,-2.588412284851074
ctrl:bread,r7_D_muD,0.5,2,2,0.15112358331680298,0.08038842678070068,0.22185873985290527,near_zero,+,-2.4372887015342712,-2.588412284851074
ctrl:bread,r7_D_muD,1.0,2,2,0.14524626731872559,0.07232773303985596,0.21816480159759521,near_zero,+,-2.4431660175323486,-2.588412284851074
ctrl:bread,r7_D_muD,2.0,2,2,0.2294345498085022,0.06112837791442871,0.3977407217025757,nonzero,+,-2.358977735042572,-2.588412284851074
ctrl:bread,r7_D_muD,4.0,2,2,0.379824697971344,0.06438755989074707,0.6952618360519409,nonzero,+,-2.2085875868797302,-2.588412284851074
ctrl:bread,r8_D_dA,0.0,2,2,0.0,0.0,0.0,near_zero,0,-2.588412284851074,-2.588412284851074
ctrl:bread,r8_D_dA,0.5,2,2,0.09977364540100098,0.07083678245544434,0.12871050834655762,near_zero,+,-2.4886386394500732,-2.588412284851074
ctrl:bread,r8_D_dA,1.0,2,2,0.06418120861053467,-0.021608591079711914,0.14997100830078125,near_zero,+,-2.5242310762405396,-2.588412284851074
ctrl:bread,r8_D_dA,2.0,2,2,0.041168928146362305,-0.16963541507720947,0.2519732713699341,near_zero,+,-2.547243356704712,-2.588412284851074
ctrl:bread,r8_D_dA,4.0,2,2,0.5990090370178223,-0.03496348857879639,1.232981562614441,inconclusive,+,-1.989403247833252,-2.588412284851074
ctrl:bread,r8_D_muD,0.0,2,2,0.0,0.0,0.0,near_zero,0,-2.588412284851074,-2.588412284851074
ctrl:bread,r8_D_muD,0.5,2,2,0.08451128005981445,0.0721970796585083,0.0968254804611206,near_zero,+,-2.5039010047912598,-2.588412284851074
ctrl:bread,r8_D_muD,1.0,2,2,0.054101407527923584,-0.022251486778259277,0.13045430183410645,near_zero,+,-2.5343108773231506,-2.588412284851074
ctrl:bread,r8_D_muD,2.0,2,2,0.05488210916519165,0.03968000411987305,0.07008421421051025,near_zero,+,-2.5335301756858826,-2.588412284851074
ctrl:bread,r8_D_muD,4.0,2,2,-0.0014624595642089844,-0.14769089221954346,0.1447659730911255,near_zero,-,-2.589874744415283,-2.588412284851074
ctrl:bread,r9_D_dA,0.0,2,2,0.0,0.0,0.0,near_zero,0,-2.588412284851074,-2.588412284851074
ctrl:bread,r9_D_dA,0.5,2,2,-0.16922450065612793,-0.21870887279510498,-0.11974012851715088,near_zero,-,-2.757636785507202,-2.588412284851074
ctrl:bread,r9_D_dA,1.0,2,2,-0.24363940954208374,-0.3186304569244385,-0.168648362159729,nonzero,-,-2.832051694393158,-2.588412284851074
ctrl:bread,r9_D_dA,2.0,2,2,-0.5839939117431641,-0.9244500398635864,-0.2435377836227417,nonzero,-,-3.1724061965942383,-2.588412284851074
ctrl:bread,r9_D_dA,4.0,2,2,-0.600001335144043,-1.289007544517517,0.08900487422943115,inconclusive,-,-3.188413619995117,-2.588412284851074
ctrl:bread,r9_D_muD,0.0,2,2,0.0,0.0,0.0,near_zero,0,-2.588412284851074,-2.588412284851074
ctrl:bread,r9_D_muD,0.5,2,2,0.015697956085205078,0.00025856494903564453,0.03113734722137451,near_zero,+,-2.572714328765869,-2.588412284851074
ctrl:bread,r9_D_muD,1.0,2,2,-0.1184002161026001,-0.12476956844329834,-0.11203086376190186,near_zero,-,-2.7068125009536743,-2.588412284851074
ctrl:bread,r9_D_muD,2.0,2,2,-0.2410578727722168,-0.3171107769012451,-0.16500496864318848,nonzero,-,-2.829470157623291,-2.588412284851074
ctrl:bread,r9_D_muD,4.0,2,2,-0.3649519085884094,-0.440940260887146,-0.28896355628967285,nonzero,-,-2.9533641934394836,-2.588412284851074
ctrl:bread,r10_D_dA,0.0,2,2,0.0,0.0,0.0,near_zero,0,-2.588412284851074,-2.588412284851074
ctrl:bread,r10_D_dA,0.5,2,2,0.22598862648010254,0.12499785423278809,0.326979398727417,nonzero,+,-2.3624236583709717,-2.588412284851074
ctrl:bread,r10_D_dA,1.0,2,2,0.31647586822509766,0.22704637050628662,0.4059053659439087,nonzero,+,-2.2719364166259766,-2.588412284851074
ctrl:bread,r10_D_dA,2.0,2,2,0.4282587766647339,0.1892186403274536,0.6672989130020142,nonzero,+,-2.1601535081863403,-2.588412284851074
ctrl:bread,r10_D_dA,4.0,2,2,2.2023019194602966,2.1409672498703003,2.263636589050293,nonzero,+,-0.3861103653907776,-2.588412284851074
ctrl:bread,r10_D_muD,0.0,2,2,0.0,0.0,0.0,near_zero,0,-2.588412284851074,-2.588412284851074
ctrl:bread,r10_D_muD,0.5,2,2,0.1110919713973999,0.00017380714416503906,0.22201013565063477,near_zero,+,-2.4773203134536743,-2.588412284851074
ctrl:bread,r10_D_muD,1.0,2,2,0.1818404197692871,0.16644883155822754,0.19723200798034668,near_zero,+,-2.406571865081787,-2.588412284851074
ctrl:bread,r10_D_muD,2.0,2,2,0.22385871410369873,0.16578280925750732,0.28193461894989014,nonzero,+,-2.3645535707473755,-2.588412284851074
ctrl:bread,r10_D_muD,4.0,2,2,0.32167577743530273,0.16175854206085205,0.4815930128097534,nonzero,+,-2.2667365074157715,-2.588412284851074
ctrl:bread,r11_D_dA,0.0,2,2,0.0,0.0,0.0,near_zero,0,-2.588412284851074,-2.588412284851074
ctrl:bread,r11_D_dA,0.5,2,2,-0.02043163776397705,-0.16969060897827148,0.12882733345031738,near_zero,-,-2.6088439226150513,-2.588412284851074
ctrl:bread,r11_D_dA,1.0,2,2,-0.04497528076171875,-0.2191324234008789,0.1291818618774414,near_zero,-,-2.633387565612793,-2.588412284851074
ctrl:bread,r11_D_dA,2.0,2,2,-0.04363292455673218,-0.08432936668395996,-0.0029364824295043945,near_zero,-,-2.6320452094078064,-2.588412284851074
ctrl:bread,r11_D_dA,4.0,2,2,0.21275100111961365,0.15988558530807495,0.26561641693115234,nonzero,+,-2.3756612837314606,-2.588412284851074
ctrl:bread,r11_D_muD,0.0,2,2,0.0,0.0,0.0,near_zero,0,-2.588412284851074,-2.588412284851074
ctrl:bread,r11_D_muD,0.5,2,2,0.1510152816772461,0.08020508289337158,0.2218254804611206,near_zero,+,-2.437397003173828,-2.588412284851074
ctrl:bread,r11_D_muD,1.0,2,2,0.002160191535949707,-0.12474334239959717,0.12906372547149658,near_zero,+,-2.5862520933151245,-2.588412284851074
ctrl:bread,r11_D_muD,2.0,2,2,0.01737433671951294,-0.09414911270141602,0.1288977861404419,near_zero,+,-2.5710379481315613,-2.588412284851074
ctrl:bread,r11_D_muD,4.0,2,2,-0.07479274272918701,-0.2150653600692749,0.06547987461090088,near_zero,-,-2.6632050275802612,-2.588412284851074
ctrl:bread,r12_D_dA,0.0,2,2,0.0,0.0,0.0,near_zero,0,-2.588412284851074,-2.588412284851074
ctrl:bread,r12_D_dA,0.5,2,2,0.2010859251022339,0.1470731496810913,0.25509870052337646,nonzero,+,-2.3873263597488403,-2.588412284851074
ctrl:bread,r12_D_dA,1.0,2,2,0.36397677659988403,0.2551976442337036,0.47275590896606445,nonzero,+,-2.22443550825119,-2.588412284851074
ctrl:bread,r12_D_dA,2.0,2,2,0.4382893443107605,0.2861919403076172,0.5903867483139038,nonzero,+,-2.1501229405403137,-2.588412284851074
ctrl:bread,r12_D_dA,4.0,2,2,0.8095476031303406,0.5472842454910278,1.0718109607696533,nonzero,+,-1.7788646817207336,-2.588412284851074
ctrl:bread,r12_D_muD,0.0,2,2,0.0,0.0,0.0,near_zero,0,-2.588412284851074,-2.588412284851074
ctrl:bread,r12_D_muD,0.5,2,2,0.10105270147323608,0.07206511497497559,0.13004028797149658,near_zero,+,-2.487359583377838,-2.588412284851074
ctrl:bread,r12_D_muD,1.0,2,2,0.08382415771484375,0.04280710220336914,0.12484121322631836,near_zero,+,-2.5045881271362305,-2.588412284851074
ctrl:bread,r12_D_muD,2.0,2,2,0.26634061336517334,0.2211284637451172,0.3115527629852295,nonzero,+,-2.322071671485901,-2.588412284851074
ctrl:bread,r12_D_muD,4.0,2,2,0.3951992988586426,0.2508450746536255,0.5395535230636597,nonzero,+,-2.1932129859924316,-2.588412284851074
ctrl:bread,r13_D_dA,0.0,2,2,0.0,0.0,0.0,near_zero,0,-2.588412284851074,-2.588412284851074
ctrl:bread,r13_D_dA,0.5,2,2,-0.12405121326446533,-0.13620245456695557,-0.1118999719619751,near_zero,-,-2.7124634981155396,-2.588412284851074
ctrl:bread,r13_D_dA,1.0,2,2,-0.33451712131500244,-0.4064842462539673,-0.2625499963760376,nonzero,-,-2.9229294061660767,-2.588412284851074
ctrl:bread,r13_D_dA,2.0,2,2,-0.7126819491386414,-0.8201776742935181,-0.6051862239837646,nonzero,-,-3.3010942339897156,-2.588412284851074
ctrl:bread,r13_D_dA,4.0,2,2,0.5344865322113037,0.4235023260116577,0.6454707384109497,nonzero,+,-2.0539257526397705,-2.588412284851074
ctrl:bread,r13_D_muD,0.0,2,2,0.0,0.0,0.0,near_zero,0,-2.588412284851074,-2.588412284851074
ctrl:bread,r13_D_muD,0.5,2,2,-0.025507032871246338,-0.04994094371795654,-0.0010731220245361328,near_zero,-,-2.6139193177223206,-2.588412284851074
ctrl:bread,r13_D_muD,1.0,2,2,-0.08538627624511719,-0.1257944107055664,-0.04497814178466797,near_zero,-,-2.6737985610961914,-2.588412284851074
ctrl:bread,r13_D_muD,2.0,2,2,-0.22046637535095215,-0.2993990182876587,-0.1415337324142456,nonzero,-,-2.8088786602020264,-2.588412284851074
ctrl:bread,r13_D_muD,4.0,2,2,-0.6212875843048096,-0.712218165397644,-0.5303570032119751,nonzero,-,-3.209699869155884,-2.588412284851074
ctrl:bread,r14_D_dA,0.0,2,2,0.0,0.0,0.0,near_zero,0,-2.588412284851074,-2.588412284851074
ctrl:bread,r14_D_dA,0.5,2,2,0.08189213275909424,0.04267621040344238,0.1211080551147461,near_zero,+,-2.50652015209198,-2.588412284851074
ctrl:bread,r14_D_dA,1.0,2,2,-0.060890913009643555,-0.1758333444595337,0.05405151844024658,near_zero,-,-2.6493031978607178,-2.588412284851074
ctrl:bread,r14_D_dA,2.0,2,2,0.035483717918395996,-0.04865598678588867,0.11962342262268066,near_zero,+,-2.5529285669326782,-2.588412284851074
ctrl:bread,r14_D_dA,4.0,2,2,0.6781525015830994,0.5310600996017456,0.8252449035644531,nonzero,+,-1.9102597832679749,-2.588412284851074
ctrl:bread,r14_D_muD,0.0,2,2,0.0,0.0,0.0,near_zero,0,-2.588412284851074,-2.588412284851074
ctrl:bread,r14_D_muD,0.5,2,2,0.10399776697158813,0.0414966344833374,0.16649889945983887,near_zero,+,-2.484414517879486,-2.588412284851074
ctrl:bread,r14_D_muD,1.0,2,2,0.08293825387954712,0.041184186935424805,0.12469232082366943,near_zero,+,-2.505474030971527,-2.588412284851074
ctrl:bread,r14_D_muD,2.0,2,2,0.1237221360206604,0.12181997299194336,0.12562429904937744,near_zero,+,-2.464690148830414,-2.588412284851074
ctrl:bread,r14_D_muD,4.0,2,2,0.03789258003234863,0.01840054988861084,0.057384610176086426,near_zero,+,-2.5505197048187256,-2.588412284851074
ctrl:bread,r15_D_dA,0.0,2,2,0.0,0.0,0.0,near_zero,0,-2.588412284851074,-2.588412284851074
ctrl:bread,r15_D_dA,0.5,2,2,0.0811426043510437,0.03745853900909424,0.12482666969299316,near_zero,+,-2.5072696805000305,-2.588412284851074
ctrl:bread,r15_D_dA,1.0,2,2,-0.059986233711242676,-0.08734261989593506,-0.03262984752655029,near_zero,-,-2.648398518562317,-2.588412284851074
ctrl:bread,r15_D_dA,2.0,2,2,-0.1655181646347046,-0.23574340343475342,-0.09529292583465576,near_zero,-,-2.753930449485779,-2.588412284851074
ctrl:bread,r15_D_dA,4.0,2,2,0.41416293382644653,0.21121418476104736,0.6171116828918457,nonzero,+,-2.1742493510246277,-2.588412284851074
ctrl:bread,r15_D_muD,0.0,2,2,0.0,0.0,0.0,near_zero,0,-2.588412284851074,-2.588412284851074
ctrl:bread,r15_D_muD,0.5,2,2,0.11148524284362793,0.00017714500427246094,0.2227933406829834,near_zero,+,-2.4769270420074463,-2.588412284851074
ctrl:bread,r15_D_muD,1.0,2,2,0.020623743534088135,0.00022733211517333984,0.04102015495300293,near_zero,+,-2.567788541316986,-2.588412284851074
ctrl:bread,r15_D_muD,2.0,2,2,-0.013521969318389893,-0.05988931655883789,0.032845377922058105,near_zero,-,-2.601934254169464,-2.588412284851074
ctrl:bread,r15_D_muD,4.0,2,2,-0.15367555618286133,-0.22374379634857178,-0.08360731601715088,near_zero,-,-2.7420878410339355,-2.588412284851074
ctrl:bread,r16_D_dA,0.0,2,2,0.0,0.0,0.0,near_zero,0,-2.588412284851074,-2.588412284851074
ctrl:bread,r16_D_dA,0.5,2,2,0.11411845684051514,0.05920302867889404,0.16903388500213623,near_zero,+,-2.474293828010559,-2.588412284851074
ctrl:bread,r16_D_dA,1.0,2,2,0.21379965543746948,0.05932509899139404,0.3682742118835449,nonzero,+,-2.3746126294136047,-2.588412284851074
ctrl:bread,r16_D_dA,2.0,2,2,0.08625829219818115,-0.19729042053222656,0.36980700492858887,near_zero,+,-2.502153992652893,-2.588412284851074
ctrl:bread,r16_D_dA,4.0,2,2,0.3054354190826416,0.18568837642669678,0.4251824617385864,nonzero,+,-2.2829768657684326,-2.588412284851074
ctrl:bread,r16_D_muD,0.0,2,2,0.0,0.0,0.0,near_zero,0,-2.588412284851074,-2.588412284851074
ctrl:bread,r16_D_muD,0.5,2,2,0.06496471166610718,0.0012208223342895508,0.1287086009979248,near_zero,+,-2.523447573184967,-2.588412284851074
ctrl:bread,r16_D_muD,1.0,2,2,0.13255518674850464,0.09735405445098877,0.1677563190460205,near_zero,+,-2.4558570981025696,-2.588412284851074
ctrl:bread,r16_D_muD,2.0,2,2,0.05420738458633423,0.049083709716796875,0.05933105945587158,near_zero,+,-2.53420490026474,-2.588412284851074
ctrl:bread,r16_D_muD,4.0,2,2,0.2197778820991516,0.0006067752838134766,0.43894898891448975,nonzero,+,-2.3686344027519226,-2.588412284851074
ctrl:bread,r17_D_dA,0.0,2,2,0.0,0.0,0.0,near_zero,0,-2.588412284851074,-2.588412284851074
ctrl:bread,r17_D_dA,0.5,2,2,0.08560848236083984,-0.0008026361465454102,0.1720196008682251,near_zero,+,-2.5028038024902344,-2.588412284851074
ctrl:bread,r17_D_dA,1.0,2,2,0.012171149253845215,-0.10243761539459229,0.12677991390228271,near_zero,+,-2.576241135597229,-2.588412284851074
ctrl:bread,r17_D_dA,2.0,2,2,-0.1522415280342102,-0.32904505729675293,0.02456200122833252,near_zero,-,-2.7406538128852844,-2.588412284851074
ctrl:bread,r17_D_dA,4.0,2,2,0.3302421569824219,-0.008566737174987793,0.6690510511398315,inconclusive,+,-2.2581701278686523,-2.588412284851074
ctrl:bread,r17_D_muD,0.0,2,2,0.0,0.0,0.0,near_zero,0,-2.588412284851074,-2.588412284851074
ctrl:bread,r17_D_muD,0.5,2,2,0.03926724195480347,0.0035251379013061523,0.07500934600830078,near_zero,+,-2.5491450428962708,-2.588412284851074
ctrl:bread,r17_D_muD,1.0,2,2,0.03825986385345459,0.0036700963973999023,0.07284963130950928,near_zero,+,-2.5501524209976196,-2.588412284851074
ctrl:bread,r17_D_muD,2.0,2,2,0.07644987106323242,-0.00022208690643310547,0.15312182903289795,near_zero,+,-2.511962413787842,-2.588412284851074
ctrl:bread,r17_D_muD,4.0,2,2,-0.09465092420578003,-0.2912561893463135,0.10195434093475342,near_zero,-,-2.6830632090568542,-2.588412284851074
ctrl:bread,r18_D_dA,0.0,2,2,0.0,0.0,0.0,near_zero,0,-2.588412284851074,-2.588412284851074
ctrl:bread,r18_D_dA,0.5,2,2,0.06527590751647949,0.00591886043548584,0.12463295459747314,near_zero,+,-2.5231363773345947,-2.588412284851074
ctrl:bread,r18_D_dA,1.0,2,2,0.07747024297714233,0.05200326442718506,0.10293722152709961,near_zero,+,-2.510942041873932,-2.588412284851074
ctrl:bread,r18_D_dA,2.0,2,2,-0.22795701026916504,-0.3600149154663086,-0.09589910507202148,nonzero,-,-2.8163692951202393,-2.588412284851074
ctrl:bread,r18_D_dA,4.0,2,2,-0.5782723426818848,-0.9331214427947998,-0.22342324256896973,nonzero,-,-3.166684627532959,-2.588412284851074
ctrl:bread,r18_D_muD,0.0,2,2,0.0,0.0,0.0,near_zero,0,-2.588412284851074,-2.588412284851074
ctrl:bread,r18_D_muD,0.5,2,2,0.02077770233154297,0.00017011165618896484,0.04138529300689697,near_zero,+,-2.5676345825195312,-2.588412284851074
ctrl:bread,r18_D_muD,1.0,2,2,0.0421711802482605,-0.07711303234100342,0.16145539283752441,near_zero,+,-2.5462411046028137,-2.588412284851074
ctrl:bread,r18_D_muD,2.0,2,2,0.04239964485168457,-0.07257699966430664,0.15737628936767578,near_zero,+,-2.5460126399993896,-2.588412284851074
ctrl:bread,r18_D_muD,4.0,2,2,-0.13853836059570312,-0.20853769779205322,-0.06853902339935303,near_zero,-,-2.7269506454467773,-2.588412284851074
ctrl:bread,r19_D_dA,0.0,2,2,0.0,0.0,0.0,near_zero,0,-2.588412284851074,-2.588412284851074
ctrl:bread,r19_D_dA,0.5,2,2,-0.02846395969390869,-0.09837555885314941,0.04144763946533203,near_zero,-,-2.616876244544983,-2.588412284851074
ctrl:bread,r19_D_dA,1.0,2,2,-0.1647573709487915,-0.3825746774673462,0.053059935569763184,near_zero,-,-2.7531696557998657,-2.588412284851074
ctrl:bread,r19_D_dA,2.0,2,2,-0.056498825550079346,-0.2693668603897095,0.15636920928955078,near_zero,-,-2.6449111104011536,-2.588412284851074
ctrl:bread,r19_D_dA,4.0,2,2,0.3131416440010071,0.011506915092468262,0.6147763729095459,nonzero,+,-2.275270640850067,-2.588412284851074
ctrl:bread,r19_D_muD,0.0,2,2,0.0,0.0,0.0,near_zero,0,-2.588412284851074,-2.588412284851074
ctrl:bread,r19_D_muD,0.5,2,2,0.08461135625839233,-0.05281662940979004,0.2220393419265747,near_zero,+,-2.503800928592682,-2.588412284851074
ctrl:bread,r19_D_muD,1.0,2,2,-0.10406851768493652,-0.2496776580810547,0.04154062271118164,near_zero,-,-2.6924808025360107,-2.588412284851074
ctrl:bread,r19_D_muD,2.0,2,2,-0.00873267650604248,-0.17931616306304932,0.16185081005096436,near_zero,-,-2.5971449613571167,-2.588412284851074
ctrl:bread,r19_D_muD,4.0,2,2,-0.06922125816345215,-0.30007898807525635,0.16163647174835205,near_zero,-,-2.6576335430145264,-2.588412284851074
ctrl:bread,r20_D_dA,0.0,2,2,0.0,0.0,0.0,near_zero,0,-2.588412284851074,-2.588412284851074
ctrl:bread,r20_D_dA,0.5,2,2,-0.05562251806259155,-0.13781142234802246,0.026566386222839355,near_zero,-,-2.6440348029136658,-2.588412284851074
ctrl:bread,r20_D_dA,1.0,2,2,-0.006778895854949951,-0.10008001327514648,0.08652222156524658,near_zero,-,-2.595191180706024,-2.588412284851074
ctrl:bread,r20_D_dA,2.0,2,2,-0.2468794584274292,-0.542948842048645,0.04918992519378662,inconclusive,-,-2.8352917432785034,-2.588412284851074
ctrl:bread,r20_D_dA,4.0,2,2,0.3130209445953369,0.08767282962799072,0.5383690595626831,nonzero,+,-2.2753913402557373,-2.588412284851074
ctrl:bread,r20_D_muD,0.0,2,2,0.0,0.0,0.0,near_zero,0,-2.588412284851074,-2.588412284851074
ctrl:bread,r20_D_muD,0.5,2,2,0.039474308490753174,-0.0499645471572876,0.12891316413879395,near_zero,+,-2.548937976360321,-2.588412284851074
ctrl:bread,r20_D_muD,1.0,2,2,-0.00446242094039917,-0.1379094123840332,0.12898457050323486,near_zero,-,-2.5928747057914734,-2.588412284851074
ctrl:bread,r20_D_muD,2.0,2,2,-0.013751804828643799,-0.17955362796783447,0.15205001831054688,near_zero,-,-2.602164089679718,-2.588412284851074
ctrl:bread,r20_D_muD,4.0,2,2,-0.12376266717910767,-0.30028796195983887,0.052762627601623535,near_zero,-,-2.712174952030182,-2.588412284851074
ctrl:bread,r21_D_dA,0.0,2,2,0.0,0.0,0.0,near_zero,0,-2.588412284851074,-2.588412284851074
ctrl:bread,r21_D_dA,0.5,2,2,0.009837567806243896,-0.008171677589416504,0.027846813201904297,near_zero,+,-2.5785747170448303,-2.588412284851074
ctrl:bread,r21_D_dA,1.0,2,2,0.013423144817352295,-0.034581780433654785,0.061428070068359375,near_zero,+,-2.574989140033722,-2.588412284851074
ctrl:bread,r21_D_dA,2.0,2,2,-0.2246483564376831,-0.35279715061187744,-0.09649956226348877,nonzero,-,-2.8130606412887573,-2.588412284851074
ctrl:bread,r21_D_dA,4.0,2,2,-0.6457492411136627,-1.06158846616745,-0.2299100160598755,nonzero,-,-3.234161525964737,-2.588412284851074
ctrl:bread,r21_D_muD,0.0,2,2,0.0,0.0,0.0,near_zero,0,-2.588412284851074,-2.588412284851074
ctrl:bread,r21_D_muD,0.5,2,2,-0.06248593330383301,-0.12466442584991455,-0.00030744075775146484,near_zero,-,-2.6508982181549072,-2.588412284851074
ctrl:bread,r21_D_muD,1.0,2,2,0.03759765625,-0.04988205432891846,0.12507736682891846,near_zero,+,-2.550814628601074,-2.588412284851074
ctrl:bread,r21_D_muD,2.0,2,2,0.05264371633529663,-0.05631279945373535,0.1616002321243286,near_zero,+,-2.5357685685157776,-2.588412284851074
ctrl:bread,r21_D_muD,4.0,2,2,-0.11450338363647461,-0.16550719738006592,-0.0634995698928833,near_zero,-,-2.702915668487549,-2.588412284851074
ctrl:bread,r22_D_dA,0.0,2,2,0.0,0.0,0.0,near_zero,0,-2.588412284851074,-2.588412284851074
ctrl:bread,r22_D_dA,0.5,2,2,-0.053607940673828125,-0.07690322399139404,-0.030312657356262207,near_zero,-,-2.6420202255249023,-2.588412284851074
ctrl:bread,r22_D_dA,1.0,2,2,-0.07435870170593262,-0.19665062427520752,0.047933220863342285,near_zero,-,-2.662770986557007,-2.588412284851074
ctrl:bread,r22_D_dA,2.0,2,2,-0.24209284782409668,-0.3992037773132324,-0.08498191833496094,nonzero,-,-2.830505132675171,-2.588412284851074
ctrl:bread,r22_D_dA,4.0,2,2,-0.9310253262519836,-1.1117844581604004,-0.7502661943435669,nonzero,-,-3.519437611103058,-2.588412284851074
ctrl:bread,r22_D_muD,0.0,2,2,0.0,0.0,0.0,near_zero,0,-2.588412284851074,-2.588412284851074
ctrl:bread,r22_D_muD,0.5,2,2,0.041568756103515625,-0.08342349529266357,0.16656100749969482,near_zero,+,-2.5468435287475586,-2.588412284851074
ctrl:bread,r22_D_muD,1.0,2,2,0.07802945375442505,0.03662097454071045,0.11943793296813965,near_zero,+,-2.510382831096649,-2.588412284851074
ctrl:bread,r22_D_muD,2.0,2,2,-0.04688239097595215,-0.059993624687194824,-0.03377115726470947,near_zero,-,-2.6352946758270264,-2.588412284851074
ctrl:bread,r22_D_muD,4.0,2,2,-0.1752321720123291,-0.18657732009887695,-0.16388702392578125,near_zero,-,-2.7636444568634033,-2.588412284851074
ctrl:roast_chicken,dA_D,0.0,2,2,0.0,0.0,0.0,near_zero,0,-1.0262826681137085,-1.0262826681137085
ctrl:roast_chicken,dA_D,0.5,2,2,0.3755730390548706,-0.012742042541503906,0.7638881206512451,inconclusive,+,-0.6507096290588379,-1.0262826681137085
ctrl:roast_chicken,dA_D,1.0,2,2,0.7031233310699463,0.2141873836517334,1.1920592784881592,nonzero,+,-0.3231593370437622,-1.0262826681137085
ctrl:roast_chicken,dA_D,2.0,2,2,1.29033762216568,0.16911578178405762,2.4115594625473022,nonzero,+,0.26405495405197144,-1.0262826681137085
ctrl:roast_chicken,dA_D,4.0,2,2,1.5037407875061035,0.13282084465026855,2.8746607303619385,nonzero,+,0.477458119392395,-1.0262826681137085
ctrl:roast_chicken,dA_D_matched_muD,0.0,2,2,0.0,0.0,0.0,near_zero,0,-1.0262826681137085,-1.0262826681137085
ctrl:roast_chicken,dA_D_matched_muD,0.5,2,2,0.13740885257720947,-0.1332111358642578,0.40802884101867676,near_zero,+,-0.888873815536499,-1.0262826681137085
ctrl:roast_chicken,dA_D_matched_muD,1.0,2,2,0.33013713359832764,-0.0024499893188476562,0.6627242565155029,inconclusive,+,-0.6961455345153809,-1.0262826681137085
ctrl:roast_chicken,dA_D_matched_muD,2.0,2,2,0.4298095703125,-0.02817678451538086,0.8877959251403809,inconclusive,+,-0.5964730978012085,-1.0262826681137085
ctrl:roast_chicken,dA_D_matched_muD,4.0,2,2,0.9216493368148804,-0.021419048309326172,1.864717721939087,inconclusive,+,-0.10463333129882812,-1.0262826681137085
ctrl:roast_chicken,muD_D,0.0,2,2,0.0,0.0,0.0,near_zero,0,-1.0262826681137085,-1.0262826681137085
ctrl:roast_chicken,muD_D,0.5,2,2,0.0377964973449707,-0.04825544357299805,0.12384843826293945,near_zero,+,-0.9884861707687378,-1.0262826681137085
ctrl:roast_chicken,muD_D,1.0,2,2,0.05692589282989502,-0.11130309104919434,0.22515487670898438,near_zero,+,-0.9693567752838135,-1.0262826681137085
ctrl:roast_chicken,muD_D,2.0,2,2,0.2199772596359253,-0.037326812744140625,0.4772813320159912,inconclusive,+,-0.8063054084777832,-1.0262826681137085
ctrl:roast_chicken,muD_D,4.0,2,2,0.5337808728218079,-0.17288553714752197,1.2404472827911377,inconclusive,+,-0.49250179529190063,-1.0262826681137085
ctrl:roast_chicken,muD_D_matched_dA,0.0,2,2,0.0,0.0,0.0,near_zero,0,-1.0262826681137085,-1.0262826681137085
ctrl:roast_chicken,muD_D_matched_dA,0.5,2,2,0.13327431678771973,-0.12312674522399902,0.3896753787994385,near_zero,+,-0.8930083513259888,-1.0262826681137085
ctrl:roast_chicken,muD_D_matched_dA,1.0,2,2,0.311911940574646,-0.04145550727844238,0.6652793884277344,inconclusive,+,-0.7143707275390625,-1.0262826681137085
ctrl:roast_chicken,muD_D_matched_dA,2.0,2,2,0.8782882690429688,-0.3321411609649658,2.0887176990509033,inconclusive,+,-0.14799439907073975,-1.0262826681137085
ctrl:roast_chicken,muD_D_matched_dA,4.0,2,2,0.8722309470176697,-0.5523802042007446,2.296842098236084,inconclusive,+,-0.15405172109603882,-1.0262826681137085
ctrl:roast_chicken,muD_P,0.0,2,2,0.0,0.0,0.0,near_zero,0,-1.0262826681137085,-1.0262826681137085
ctrl:roast_chicken,muD_P,0.5,2,2,0.10295999050140381,-0.1440143585205078,0.34993433952331543,near_zero,+,-0.9233226776123047,-1.0262826681137085
ctrl:roast_chicken,muD_P,1.0,2,2,0.08089840412139893,-0.05935025215148926,0.2211470603942871,near_zero,+,-0.9453842639923096,-1.0262826681137085
ctrl:roast_chicken,muD_P,2.0,2,2,0.2849857211112976,0.011427998542785645,0.5585434436798096,nonzero,+,-0.7412969470024109,-1.0262826681137085
ctrl:roast_chicken,muD_P,4.0,2,2,0.841044008731842,0.4686986207962036,1.2133893966674805,nonzero,+,-0.18523865938186646,-1.0262826681137085
ctrl:roast_chicken,muD_P_plus_dA_D,0.0,2,2,0.0,0.0,0.0,near_zero,0,-1.0262826681137085,-1.0262826681137085
ctrl:roast_chicken,muD_P_plus_dA_D,0.5,2,2,0.38074231147766113,-0.0013232231140136719,0.7628078460693359,inconclusive,+,-0.6455403566360474,-1.0262826681137085
ctrl:roast_chicken,muD_P_plus_dA_D,1.0,2,2,0.6182554960250854,-0.06029796600341797,1.2968089580535889,inconclusive,+,-0.40802717208862305,-1.0262826681137085
ctrl:roast_chicken,muD_P_plus_dA_D,2.0,2,2,1.626844048500061,0.5736427307128906,2.6800453662872314,nonzero,+,0.6005613803863525,-1.0262826681137085
ctrl:roast_chicken,muD_P_plus_dA_D,4.0,2,2,2.4405370950698853,0.7356033325195312,4.145470857620239,nonzero,+,1.4142544269561768,-1.0262826681137085
ctrl:roast_chicken,dConc_D_matched_dA,0.0,2,2,0.0,0.0,0.0,near_zero,0,-1.0262826681137085,-1.0262826681137085
ctrl:roast_chicken,dConc_D_matched_dA,0.5,2,2,0.01980268955230713,-0.20916295051574707,0.24876832962036133,near_zero,+,-1.0064799785614014,-1.0262826681137085
ctrl:roast_chicken,dConc_D_matched_dA,1.0,2,2,-0.11584413051605225,-0.5982217788696289,0.3665335178375244,inconclusive,-,-1.1421267986297607,-1.0262826681137085
ctrl:roast_chicken,dConc_D_matched_dA,2.0,2,2,0.0023163557052612305,-0.7736420631408691,0.7782747745513916,inconclusive,+,-1.0239663124084473,-1.0262826681137085
ctrl:roast_chicken,dConc_D_matched_dA,4.0,2,2,0.4801368713378906,0.19642186164855957,0.7638518810272217,nonzero,+,-0.5461457967758179,-1.0262826681137085
ctrl:roast_chicken,dConc_D_native,0.0,2,2,0.0,0.0,0.0,near_zero,0,-1.0262826681137085,-1.0262826681137085
ctrl:roast_chicken,dConc_D_native,0.5,2,2,-0.05469405651092529,-0.4595506191253662,0.3501625061035156,near_zero,-,-1.0809767246246338,-1.0262826681137085
ctrl:roast_chicken,dConc_D_native,1.0,2,2,0.022954225540161133,-0.5544862747192383,0.6003947257995605,inconclusive,+,-1.0033284425735474,-1.0262826681137085
ctrl:roast_chicken,dConc_D_native,2.0,2,2,0.2110058069229126,-0.48233747482299805,0.9043490886688232,inconclusive,+,-0.8152768611907959,-1.0262826681137085
ctrl:roast_chicken,dConc_D_native,4.0,2,2,0.47783029079437256,0.14450645446777344,0.8111541271209717,nonzero,+,-0.5484523773193359,-1.0262826681137085
ctrl:roast_chicken,muD_PD_F4S,0.0,2,2,0.0,0.0,0.0,near_zero,0,-1.0262826681137085,-1.0262826681137085
ctrl:roast_chicken,muD_PD_F4S,0.5,2,2,0.1446831226348877,0.06290984153747559,0.2264564037322998,near_zero,+,-0.8815995454788208,-1.0262826681137085
ctrl:roast_chicken,muD_PD_F4S,1.0,2,2,0.19654220342636108,-0.164281964302063,0.5573663711547852,inconclusive,+,-0.8297404646873474,-1.0262826681137085
ctrl:roast_chicken,muD_PD_F4S,2.0,2,2,0.3702669143676758,0.15194082260131836,0.5885930061340332,nonzero,+,-0.6560157537460327,-1.0262826681137085
ctrl:roast_chicken,muD_PD_F4S,4.0,2,2,1.1142756342887878,0.3823281526565552,1.8462231159210205,nonzero,+,0.08799296617507935,-1.0262826681137085
ctrl:roast_chicken,r0_D_dA,0.0,2,2,0.0,0.0,0.0,near_zero,0,-1.0262826681137085,-1.0262826681137085
ctrl:roast_chicken,r0_D_dA,0.5,2,2,-0.03700721263885498,-0.19916439056396484,0.12514996528625488,near_zero,-,-1.0632898807525635,-1.0262826681137085
ctrl:roast_chicken,r0_D_dA,1.0,2,2,-0.2271413803100586,-0.5729362964630127,0.11865353584289551,inconclusive,-,-1.253424048423767,-1.0262826681137085
ctrl:roast_chicken,r0_D_dA,2.0,2,2,-0.8067045211791992,-1.3445932865142822,-0.2688157558441162,nonzero,-,-1.8329871892929077,-1.0262826681137085
ctrl:roast_chicken,r0_D_dA,4.0,2,2,-1.0367456674575806,-2.736743688583374,0.6632523536682129,inconclusive,-,-2.063028335571289,-1.0262826681137085
ctrl:roast_chicken,r0_D_muD,0.0,2,2,0.0,0.0,0.0,near_zero,0,-1.0262826681137085,-1.0262826681137085
ctrl:roast_chicken,r0_D_muD,0.5,2,2,0.04254770278930664,-0.09758138656616211,0.1826767921447754,near_zero,+,-0.9837349653244019,-1.0262826681137085
ctrl:roast_chicken,r0_D_muD,1.0,2,2,-0.21895170211791992,-0.3404252529144287,-0.09747815132141113,nonzero,-,-1.2452343702316284,-1.0262826681137085
ctrl:roast_chicken,r0_D_muD,2.0,2,2,-0.14683103561401367,-0.34839868545532227,0.05473661422729492,near_zero,-,-1.1731137037277222,-1.0262826681137085
ctrl:roast_chicken,r0_D_muD,4.0,2,2,-0.522063136100769,-1.09175705909729,0.04763078689575195,inconclusive,-,-1.5483458042144775,-1.0262826681137085
ctrl:roast_chicken,r1_D_dA,0.0,2,2,0.0,0.0,0.0,near_zero,0,-1.0262826681137085,-1.0262826681137085
ctrl:roast_chicken,r1_D_dA,0.5,2,2,0.1333112120628357,-0.18928825855255127,0.45591068267822266,near_zero,+,-0.8929714560508728,-1.0262826681137085
ctrl:roast_chicken,r1_D_dA,1.0,2,2,0.10017526149749756,-0.2114572525024414,0.4118077754974365,near_zero,+,-0.9261074066162109,-1.0262826681137085
ctrl:roast_chicken,r1_D_dA,2.0,2,2,-0.057103753089904785,-0.4259223937988281,0.31171488761901855,near_zero,-,-1.0833864212036133,-1.0262826681137085
ctrl:roast_chicken,r1_D_dA,4.0,2,2,-0.4686157703399658,-1.452986478805542,0.5157549381256104,inconclusive,-,-1.4948984384536743,-1.0262826681137085
ctrl:roast_chicken,r1_D_muD,0.0,2,2,0.0,0.0,0.0,near_zero,0,-1.0262826681137085,-1.0262826681137085
ctrl:roast_chicken,r1_D_muD,0.5,2,2,0.10504257678985596,-0.020575523376464844,0.23066067695617676,near_zero,+,-0.9212400913238525,-1.0262826681137085
ctrl:roast_chicken,r1_D_muD,1.0,2,2,0.05527353286743164,-0.13846302032470703,0.2490100860595703,near_zero,+,-0.9710091352462769,-1.0262826681137085
ctrl:roast_chicken,r1_D_muD,2.0,2,2,0.13847720623016357,-0.18233799934387207,0.4592924118041992,near_zero,+,-0.8878054618835449,-1.0262826681137085
ctrl:roast_chicken,r1_D_muD,4.0,2,2,0.08375722169876099,-0.24381864070892334,0.4113330841064453,near_zero,+,-0.9425254464149475,-1.0262826681137085
ctrl:roast_chicken,r2_D_dA,0.0,2,2,0.0,0.0,0.0,near_zero,0,-1.0262826681137085,-1.0262826681137085
ctrl:roast_chicken,r2_D_dA,0.5,2,2,0.10644721984863281,0.08651566505432129,0.12637877464294434,near_zero,+,-0.9198354482650757,-1.0262826681137085
ctrl:roast_chicken,r2_D_dA,1.0,2,2,-0.009930908679962158,-0.2041071653366089,0.18424534797668457,near_zero,-,-1.0362135767936707,-1.0262826681137085
ctrl:roast_chicken,r2_D_dA,2.0,2,2,-0.36131155490875244,-0.7400867938995361,0.01746368408203125,inconclusive,-,-1.387594223022461,-1.0262826681137085
ctrl:roast_chicken,r2_D_dA,4.0,2,2,-0.17147254943847656,-0.6020476818084717,0.25910258293151855,inconclusive,-,-1.197755217552185,-1.0262826681137085
ctrl:roast_chicken,r2_D_muD,0.0,2,2,0.0,0.0,0.0,near_zero,0,-1.0262826681137085,-1.0262826681137085
ctrl:roast_chicken,r2_D_muD,0.5,2,2,0.12550973892211914,0.1249690055847168,0.12605047225952148,near_zero,+,-0.9007729291915894,-1.0262826681137085
ctrl:roast_chicken,r2_D_muD,1.0,2,2,-0.00426793098449707,-0.03754448890686035,0.02900862693786621,near_zero,-,-1.0305505990982056,-1.0262826681137085
ctrl:roast_chicken,r2_D_muD,2.0,2,2,0.056151628494262695,-0.07198834419250488,0.18429160118103027,near_zero,+,-0.9701310396194458,-1.0262826681137085
ctrl:roast_chicken,r2_D_muD,4.0,2,2,-0.07865399122238159,-0.174871563911438,0.017563581466674805,near_zero,-,-1.10493665933609,-1.0262826681137085
ctrl:roast_chicken,r3_D_dA,0.0,2,2,0.0,0.0,0.0,near_zero,0,-1.0262826681137085,-1.0262826681137085
ctrl:roast_chicken,r3_D_dA,0.5,2,2,0.3257160186767578,0.11697888374328613,0.5344531536102295,nonzero,+,-0.7005666494369507,-1.0262826681137085
ctrl:roast_chicken,r3_D_dA,1.0,2,2,0.5350661277770996,0.377835750579834,0.6922965049743652,nonzero,+,-0.4912165403366089,-1.0262826681137085
ctrl:roast_chicken,r3_D_dA,2.0,2,2,0.9207452535629272,0.6086044311523438,1.2328860759735107,nonzero,+,-0.10553741455078125,-1.0262826681137085
ctrl:roast_chicken,r3_D_dA,4.0,2,2,-0.9299132823944092,-1.5688326358795166,-0.29099392890930176,nonzero,-,-1.9561959505081177,-1.0262826681137085
ctrl:roast_chicken,r3_D_muD,0.0,2,2,0.0,0.0,0.0,near_zero,0,-1.0262826681137085,-1.0262826681137085
ctrl:roast_chicken,r3_D_muD,0.5,2,2,0.11653411388397217,-0.017029285430908203,0.25009751319885254,near_zero,+,-0.9097485542297363,-1.0262826681137085
ctrl:roast_chicken,r3_D_muD,1.0,2,2,0.2394779920578003,0.1219477653503418,0.3570082187652588,nonzero,+,-0.7868046760559082,-1.0262826681137085
ctrl:roast_chicken,r3_D_muD,2.0,2,2,0.4349125623703003,0.10447072982788086,0.7653543949127197,nonzero,+,-0.5913701057434082,-1.0262826681137085
ctrl:roast_chicken,r3_D_muD,4.0,2,2,0.6917473077774048,0.6610298156738281,0.7224647998809814,nonzero,+,-0.3345353603363037,-1.0262826681137085
ctrl:roast_chicken,r4_D_dA,0.0,2,2,0.0,0.0,0.0,near_zero,0,-1.0262826681137085,-1.0262826681137085
ctrl:roast_chicken,r4_D_dA,0.5,2,2,0.2631111145019531,0.06939458847045898,0.45682764053344727,nonzero,+,-0.7631715536117554,-1.0262826681137085
ctrl:roast_chicken,r4_D_dA,1.0,2,2,0.46074604988098145,0.21437478065490723,0.7071173191070557,nonzero,+,-0.565536618232727,-1.0262826681137085
ctrl:roast_chicken,r4_D_dA,2.0,2,2,0.7524807453155518,0.6133177280426025,0.891643762588501,nonzero,+,-0.27380192279815674,-1.0262826681137085
ctrl:roast_chicken,r4_D_dA,4.0,2,2,1.462111234664917,1.2653865814208984,1.6588358879089355,nonzero,+,0.4358285665512085,-1.0262826681137085
ctrl:roast_chicken,r4_D_muD,0.0,2,2,0.0,0.0,0.0,near_zero,0,-1.0262826681137085,-1.0262826681137085
ctrl:roast_chicken,r4_D_muD,0.5,2,2,0.1539686918258667,0.019290924072265625,0.2886464595794678,near_zero,+,-0.8723139762878418,-1.0262826681137085
ctrl:roast_chicken,r4_D_muD,1.0,2,2,0.15112531185150146,0.019226551055908203,0.2830240726470947,near_zero,+,-0.875157356262207,-1.0262826681137085
ctrl:roast_chicken,r4_D_muD,2.0,2,2,0.3587620258331299,0.17867040634155273,0.538853645324707,nonzero,+,-0.6675206422805786,-1.0262826681137085
ctrl:roast_chicken,r4_D_muD,4.0,2,2,0.6523730754852295,0.49419498443603516,0.8105511665344238,nonzero,+,-0.373909592628479,-1.0262826681137085
ctrl:roast_chicken,r5_D_dA,0.0,2,2,0.0,0.0,0.0,near_zero,0,-1.0262826681137085,-1.0262826681137085
ctrl:roast_chicken,r5_D_dA,0.5,2,2,0.11763966083526611,0.11003875732421875,0.12524056434631348,near_zero,+,-0.9086430072784424,-1.0262826681137085
ctrl:roast_chicken,r5_D_dA,1.0,2,2,0.06824791431427002,-0.027019023895263672,0.1635148525238037,near_zero,+,-0.9580347537994385,-1.0262826681137085
ctrl:roast_chicken,r5_D_dA,2.0,2,2,0.3418722152709961,0.3364737033843994,0.3472707271575928,nonzero,+,-0.6844104528427124,-1.0262826681137085
ctrl:roast_chicken,r5_D_dA,4.0,2,2,-0.22162944078445435,-0.6613926887512207,0.218133807182312,inconclusive,-,-1.2479121088981628,-1.0262826681137085
ctrl:roast_chicken,r5_D_muD,0.0,2,2,0.0,0.0,0.0,near_zero,0,-1.0262826681137085,-1.0262826681137085
ctrl:roast_chicken,r5_D_muD,0.5,2,2,0.05007326602935791,-0.02362966537475586,0.12377619743347168,near_zero,+,-0.9762094020843506,-1.0262826681137085
ctrl:roast_chicken,r5_D_muD,1.0,2,2,0.04336512088775635,-0.1385512351989746,0.2252814769744873,near_zero,+,-0.9829175472259521,-1.0262826681137085
ctrl:roast_chicken,r5_D_muD,2.0,2,2,0.04863607883453369,-0.02659773826599121,0.1238698959350586,near_zero,+,-0.9776465892791748,-1.0262826681137085
ctrl:roast_chicken,r5_D_muD,4.0,2,2,0.1922093629837036,-0.009875774383544922,0.39429450035095215,near_zero,+,-0.8340733051300049,-1.0262826681137085
ctrl:roast_chicken,r6_D_dA,0.0,2,2,0.0,0.0,0.0,near_zero,0,-1.0262826681137085,-1.0262826681137085
ctrl:roast_chicken,r6_D_dA,0.5,2,2,0.39044082164764404,0.20329952239990234,0.5775821208953857,nonzero,+,-0.6358418464660645,-1.0262826681137085
ctrl:roast_chicken,r6_D_dA,1.0,2,2,0.27814602851867676,0.03895163536071777,0.5173404216766357,nonzero,+,-0.7481366395950317,-1.0262826681137085
ctrl:roast_chicken,r6_D_dA,2.0,2,2,0.4449913501739502,0.16190290451049805,0.7280797958374023,nonzero,+,-0.5812913179397583,-1.0262826681137085
ctrl:roast_chicken,r6_D_dA,4.0,2,2,0.3968617916107178,0.25424647331237793,0.5394771099090576,nonzero,+,-0.6294208765029907,-1.0262826681137085
ctrl:roast_chicken,r6_D_muD,0.0,2,2,0.0,0.0,0.0,near_zero,0,-1.0262826681137085,-1.0262826681137085
ctrl:roast_chicken,r6_D_muD,0.5,2,2,0.007954597473144531,-0.14736509323120117,0.16327428817749023,near_zero,+,-1.018328070640564,-1.0262826681137085
ctrl:roast_chicken,r6_D_muD,1.0,2,2,0.15179061889648438,-0.04799294471740723,0.351574182510376,near_zero,+,-0.8744920492172241,-1.0262826681137085
ctrl:roast_chicken,r6_D_muD,2.0,2,2,0.3240240812301636,0.07004261016845703,0.5780055522918701,nonzero,+,-0.7022585868835449,-1.0262826681137085
ctrl:roast_chicken,r6_D_muD,4.0,2,2,0.3475898504257202,0.011954545974731445,0.683225154876709,nonzero,+,-0.6786928176879883,-1.0262826681137085
ctrl:roast_chicken,r7_D_dA,0.0,2,2,0.0,0.0,0.0,near_zero,0,-1.0262826681137085,-1.0262826681137085
ctrl:roast_chicken,r7_D_dA,0.5,2,2,0.5973962545394897,0.5881869792938232,0.6066055297851562,nonzero,+,-0.42888641357421875,-1.0262826681137085
ctrl:roast_chicken,r7_D_dA,1.0,2,2,0.9167311191558838,0.835308313369751,0.9981539249420166,nonzero,+,-0.10955154895782471,-1.0262826681137085
ctrl:roast_chicken,r7_D_dA,2.0,2,2,1.6452534198760986,1.3908326625823975,1.8996741771697998,nonzero,+,0.6189707517623901,-1.0262826681137085
ctrl:roast_chicken,r7_D_dA,4.0,2,2,1.7526766061782837,1.4489915370941162,2.056361675262451,nonzero,+,0.7263939380645752,-1.0262826681137085
ctrl:roast_chicken,r7_D_muD,0.0,2,2,0.0,0.0,0.0,near_zero,0,-1.0262826681137085,-1.0262826681137085
ctrl:roast_chicken,r7_D_muD,0.5,2,2,0.11811351776123047,0.01127767562866211,0.22494935989379883,near_zero,+,-0.908169150352478,-1.0262826681137085
ctrl:roast_chicken,r7_D_muD,1.0,2,2,0.4499918222427368,0.36594343185424805,0.5340402126312256,nonzero,+,-0.5762908458709717,-1.0262826681137085
ctrl:roast_chicken,r7_D_muD,2.0,2,2,0.7134088277816772,0.6424410343170166,0.7843766212463379,nonzero,+,-0.31287384033203125,-1.0262826681137085
ctrl:roast_chicken,r7_D_muD,4.0,2,2,1.2313801050186157,1.1172895431518555,1.345470666885376,nonzero,+,0.20509743690490723,-1.0262826681137085
ctrl:roast_chicken,r8_D_dA,0.0,2,2,0.0,0.0,0.0,near_zero,0,-1.0262826681137085,-1.0262826681137085
ctrl:roast_chicken,r8_D_dA,0.5,2,2,0.05381011962890625,-0.017527341842651367,0.12514758110046387,near_zero,+,-0.9724725484848022,-1.0262826681137085
ctrl:roast_chicken,r8_D_dA,1.0,2,2,0.0970618724822998,0.025298118591308594,0.16882562637329102,near_zero,+,-0.9292207956314087,-1.0262826681137085
ctrl:roast_chicken,r8_D_dA,2.0,2,2,-0.05806398391723633,-0.16001629829406738,0.04388833045959473,near_zero,-,-1.0843466520309448,-1.0262826681137085
ctrl:roast_chicken,r8_D_dA,4.0,2,2,-1.216171681880951,-1.5374295711517334,-0.8949137926101685,nonzero,-,-2.2424543499946594,-1.0262826681137085
ctrl:roast_chicken,r8_D_muD,0.0,2,2,0.0,0.0,0.0,near_zero,0,-1.0262826681137085,-1.0262826681137085
ctrl:roast_chicken,r8_D_muD,0.5,2,2,0.2294154167175293,0.10196638107299805,0.35686445236206055,nonzero,+,-0.7968672513961792,-1.0262826681137085
ctrl:roast_chicken,r8_D_muD,1.0,2,2,0.06818151473999023,0.011200428009033203,0.12516260147094727,near_zero,+,-0.9581011533737183,-1.0262826681137085
ctrl:roast_chicken,r8_D_muD,2.0,2,2,0.04960453510284424,-0.12592720985412598,0.22513628005981445,near_zero,+,-0.9766781330108643,-1.0262826681137085
ctrl:roast_chicken,r8_D_muD,4.0,2,2,-0.005123615264892578,-0.11450767517089844,0.10426044464111328,near_zero,-,-1.031406283378601,-1.0262826681137085
ctrl:roast_chicken,r9_D_dA,0.0,2,2,0.0,0.0,0.0,near_zero,0,-1.0262826681137085,-1.0262826681137085
ctrl:roast_chicken,r9_D_dA,0.5,2,2,-0.0992668867111206,-0.1265113353729248,-0.0720224380493164,near_zero,-,-1.125549554824829,-1.0262826681137085
ctrl:roast_chicken,r9_D_dA,1.0,2,2,-0.19579392671585083,-0.22394680976867676,-0.1676410436630249,near_zero,-,-1.2220765948295593,-1.0262826681137085
ctrl:roast_chicken,r9_D_dA,2.0,2,2,-0.7785426378250122,-1.2241628170013428,-0.33292245864868164,nonzero,-,-1.8048253059387207,-1.0262826681137085
ctrl:roast_chicken,r9_D_dA,4.0,2,2,-1.2014797925949097,-1.7222061157226562,-0.6807534694671631,nonzero,-,-2.227762460708618,-1.0262826681137085
ctrl:roast_chicken,r9_D_muD,0.0,2,2,0.0,0.0,0.0,near_zero,0,-1.0262826681137085,-1.0262826681137085
ctrl:roast_chicken,r9_D_muD,0.5,2,2,0.04569447040557861,-0.03341388702392578,0.12480282783508301,near_zero,+,-0.9805881977081299,-1.0262826681137085
ctrl:roast_chicken,r9_D_muD,1.0,2,2,0.02887272834777832,-0.047469139099121094,0.10521459579467773,near_zero,+,-0.9974099397659302,-1.0262826681137085
ctrl:roast_chicken,r9_D_muD,2.0,2,2,-0.24686264991760254,-0.2857201099395752,-0.20800518989562988,nonzero,-,-1.273145318031311,-1.0262826681137085
ctrl:roast_chicken,r9_D_muD,4.0,2,2,-0.4791409969329834,-0.5463335514068604,-0.41194844245910645,nonzero,-,-1.505423665046692,-1.0262826681137085
ctrl:roast_chicken,r10_D_dA,0.0,2,2,0.0,0.0,0.0,near_zero,0,-1.0262826681137085,-1.0262826681137085
ctrl:roast_chicken,r10_D_dA,0.5,2,2,0.029396653175354004,-0.12542080879211426,0.18421411514282227,near_zero,+,-0.9968860149383545,-1.0262826681137085
ctrl:roast_chicken,r10_D_dA,1.0,2,2,-0.12626004219055176,-0.26999926567077637,0.01747918128967285,near_zero,-,-1.1525427103042603,-1.0262826681137085
ctrl:roast_chicken,r10_D_dA,2.0,2,2,-0.3267991542816162,-0.4621269702911377,-0.19147133827209473,nonzero,-,-1.3530818223953247,-1.0262826681137085
ctrl:roast_chicken,r10_D_dA,4.0,2,2,-0.008857965469360352,-0.271425724029541,0.2537097930908203,near_zero,-,-1.0351406335830688,-1.0262826681137085
ctrl:roast_chicken,r10_D_muD,0.0,2,2,0.0,0.0,0.0,near_zero,0,-1.0262826681137085,-1.0262826681137085
ctrl:roast_chicken,r10_D_muD,0.5,2,2,0.11695325374603271,-0.09638833999633789,0.3302948474884033,near_zero,+,-0.9093294143676758,-1.0262826681137085
ctrl:roast_chicken,r10_D_muD,1.0,2,2,-0.03506135940551758,-0.25303053855895996,0.1829078197479248,near_zero,-,-1.061344027519226,-1.0262826681137085
ctrl:roast_chicken,r10_D_muD,2.0,2,2,-0.06785356998443604,-0.260772705078125,0.12506556510925293,near_zero,-,-1.0941362380981445,-1.0262826681137085
ctrl:roast_chicken,r10_D_muD,4.0,2,2,-0.04461467266082764,-0.047559499740600586,-0.04166984558105469,near_zero,-,-1.0708973407745361,-1.0262826681137085
ctrl:roast_chicken,r11_D_dA,0.0,2,2,0.0,0.0,0.0,near_zero,0,-1.0262826681137085,-1.0262826681137085
ctrl:roast_chicken,r11_D_dA,0.5,2,2,0.046611905097961426,-0.01219940185546875,0.1054232120513916,near_zero,+,-0.9796707630157471,-1.0262826681137085
ctrl:roast_chicken,r11_D_dA,1.0,2,2,0.06120884418487549,0.057445526123046875,0.0649721622467041,near_zero,+,-0.965073823928833,-1.0262826681137085
ctrl:roast_chicken,r11_D_dA,2.0,2,2,0.15928292274475098,0.07247495651245117,0.24609088897705078,near_zero,+,-0.8669997453689575,-1.0262826681137085
ctrl:roast_chicken,r11_D_dA,4.0,2,2,-0.056337714195251465,-0.20109689235687256,0.08842146396636963,near_zero,-,-1.08262038230896,-1.0262826681137085
ctrl:roast_chicken,r11_D_muD,0.0,2,2,0.0,0.0,0.0,near_zero,0,-1.0262826681137085,-1.0262826681137085
ctrl:roast_chicken,r11_D_muD,0.5,2,2,0.008385777473449707,0.00025582313537597656,0.016515731811523438,near_zero,+,-1.0178968906402588,-1.0262826681137085
ctrl:roast_chicken,r11_D_muD,1.0,2,2,0.16299641132354736,-0.029486417770385742,0.35547924041748047,near_zero,+,-0.8632862567901611,-1.0262826681137085
ctrl:roast_chicken,r11_D_muD,2.0,2,2,0.23419666290283203,0.13473820686340332,0.33365511894226074,nonzero,+,-0.7920860052108765,-1.0262826681137085
ctrl:roast_chicken,r11_D_muD,4.0,2,2,0.10030949115753174,0.010680913925170898,0.18993806838989258,near_zero,+,-0.9259731769561768,-1.0262826681137085
ctrl:roast_chicken,r12_D_dA,0.0,2,2,0.0,0.0,0.0,near_zero,0,-1.0262826681137085,-1.0262826681137085
ctrl:roast_chicken,r12_D_dA,0.5,2,2,-0.0029675960540771484,-0.23651123046875,0.2305760383605957,near_zero,-,-1.0292502641677856,-1.0262826681137085
ctrl:roast_chicken,r12_D_dA,1.0,2,2,-0.09177005290985107,-0.35350751876831055,0.1699674129486084,near_zero,-,-1.1180527210235596,-1.0262826681137085
ctrl:roast_chicken,r12_D_dA,2.0,2,2,-0.3159453868865967,-0.32053232192993164,-0.3113584518432617,nonzero,-,-1.3422280550003052,-1.0262826681137085
ctrl:roast_chicken,r12_D_dA,4.0,2,2,-0.6031547784805298,-0.8204219341278076,-0.38588762283325195,nonzero,-,-1.6294374465942383,-1.0262826681137085
ctrl:roast_chicken,r12_D_muD,0.0,2,2,0.0,0.0,0.0,near_zero,0,-1.0262826681137085,-1.0262826681137085
ctrl:roast_chicken,r12_D_muD,0.5,2,2,0.057157039642333984,-0.1107180118560791,0.22503209114074707,near_zero,+,-0.9691256284713745,-1.0262826681137085
ctrl:roast_chicken,r12_D_muD,1.0,2,2,0.05585837364196777,-0.12043499946594238,0.23215174674987793,near_zero,+,-0.9704242944717407,-1.0262826681137085
ctrl:roast_chicken,r12_D_muD,2.0,2,2,-0.05656695365905762,-0.2369365692138672,0.12380266189575195,near_zero,-,-1.0828496217727661,-1.0262826681137085
ctrl:roast_chicken,r12_D_muD,4.0,2,2,-0.2264317274093628,-0.4519047737121582,-0.0009586811065673828,nonzero,-,-1.2527143955230713,-1.0262826681137085
ctrl:roast_chicken,r13_D_dA,0.0,2,2,0.0,0.0,0.0,near_zero,0,-1.0262826681137085,-1.0262826681137085
ctrl:roast_chicken,r13_D_dA,0.5,2,2,-0.08836901187896729,-0.18691015243530273,0.010172128677368164,near_zero,-,-1.1146516799926758,-1.0262826681137085
ctrl:roast_chicken,r13_D_dA,1.0,2,2,-0.3495199680328369,-0.6718707084655762,-0.027169227600097656,nonzero,-,-1.3758026361465454,-1.0262826681137085
ctrl:roast_chicken,r13_D_dA,2.0,2,2,-0.7320208549499512,-1.6021051406860352,0.1380634307861328,inconclusive,-,-1.7583035230636597,-1.0262826681137085
ctrl:roast_chicken,r13_D_dA,4.0,2,2,-1.4860891103744507,-3.112295389175415,0.14011716842651367,inconclusive,-,-2.512371778488159,-1.0262826681137085
ctrl:roast_chicken,r13_D_muD,0.0,2,2,0.0,0.0,0.0,near_zero,0,-1.0262826681137085,-1.0262826681137085
ctrl:roast_chicken,r13_D_muD,0.5,2,2,-0.05520820617675781,-0.11702203750610352,0.006605625152587891,near_zero,-,-1.0814908742904663,-1.0262826681137085
ctrl:roast_chicken,r13_D_muD,1.0,2,2,-0.023285984992980957,-0.07891130447387695,0.03233933448791504,near_zero,-,-1.0495686531066895,-1.0262826681137085
ctrl:roast_chicken,r13_D_muD,2.0,2,2,-0.22070562839508057,-0.3576381206512451,-0.08377313613891602,nonzero,-,-1.246988296508789,-1.0262826681137085
ctrl:roast_chicken,r13_D_muD,4.0,2,2,-0.49847567081451416,-1.114875078201294,0.11792373657226562,inconclusive,-,-1.5247583389282227,-1.0262826681137085
ctrl:roast_chicken,r14_D_dA,0.0,2,2,0.0,0.0,0.0,near_zero,0,-1.0262826681137085,-1.0262826681137085
ctrl:roast_chicken,r14_D_dA,0.5,2,2,0.0844343900680542,0.010939359664916992,0.1579294204711914,near_zero,+,-0.9418482780456543,-1.0262826681137085
ctrl:roast_chicken,r14_D_dA,1.0,2,2,0.12489211559295654,-0.150193452835083,0.3999776840209961,near_zero,+,-0.901390552520752,-1.0262826681137085
ctrl:roast_chicken,r14_D_dA,2.0,2,2,0.06195175647735596,-0.5453815460205078,0.6692850589752197,inconclusive,+,-0.9643309116363525,-1.0262826681137085
ctrl:roast_chicken,r14_D_dA,4.0,2,2,-0.8497952222824097,-1.379119634628296,-0.32047080993652344,nonzero,-,-1.8760778903961182,-1.0262826681137085
ctrl:roast_chicken,r14_D_muD,0.0,2,2,0.0,0.0,0.0,near_zero,0,-1.0262826681137085,-1.0262826681137085
ctrl:roast_chicken,r14_D_muD,0.5,2,2,0.04415023326873779,-0.09480094909667969,0.18310141563415527,near_zero,+,-0.9821324348449707,-1.0262826681137085
ctrl:roast_chicken,r14_D_muD,1.0,2,2,0.10971462726593018,0.012776851654052734,0.20665240287780762,near_zero,+,-0.9165680408477783,-1.0262826681137085
ctrl:roast_chicken,r14_D_muD,2.0,2,2,0.0556105375289917,-0.026444673538208008,0.1376657485961914,near_zero,+,-0.9706721305847168,-1.0262826681137085
ctrl:roast_chicken,r14_D_muD,4.0,2,2,0.13461709022521973,-0.3573026657104492,0.6265368461608887,inconclusive,+,-0.8916655778884888,-1.0262826681137085
ctrl:roast_chicken,r15_D_dA,0.0,2,2,0.0,0.0,0.0,near_zero,0,-1.0262826681137085,-1.0262826681137085
ctrl:roast_chicken,r15_D_dA,0.5,2,2,-0.003502368927001953,-0.13214373588562012,0.1251389980316162,near_zero,-,-1.0297850370407104,-1.0262826681137085
ctrl:roast_chicken,r15_D_dA,1.0,2,2,0.21528089046478271,0.0985257625579834,0.33203601837158203,nonzero,+,-0.8110017776489258,-1.0262826681137085
ctrl:roast_chicken,r15_D_dA,2.0,2,2,0.4538081884384155,0.11929726600646973,0.7883191108703613,nonzero,+,-0.572474479675293,-1.0262826681137085
ctrl:roast_chicken,r15_D_dA,4.0,2,2,0.13127374649047852,-0.7506322860717773,1.0131797790527344,inconclusive,+,-0.89500892162323,-1.0262826681137085
ctrl:roast_chicken,r15_D_muD,0.0,2,2,0.0,0.0,0.0,near_zero,0,-1.0262826681137085,-1.0262826681137085
ctrl:roast_chicken,r15_D_muD,0.5,2,2,0.1268460750579834,0.1250932216644287,0.12859892845153809,near_zero,+,-0.8994365930557251,-1.0262826681137085
ctrl:roast_chicken,r15_D_muD,1.0,2,2,0.11490988731384277,-0.002270936965942383,0.23209071159362793,near_zero,+,-0.9113727807998657,-1.0262826681137085
ctrl:roast_chicken,r15_D_muD,2.0,2,2,0.20463097095489502,0.0771782398223877,0.33208370208740234,nonzero,+,-0.8216516971588135,-1.0262826681137085
ctrl:roast_chicken,r15_D_muD,4.0,2,2,0.2879287004470825,-0.0038576126098632812,0.5797150135040283,inconclusive,+,-0.738353967666626,-1.0262826681137085
ctrl:roast_chicken,r16_D_dA,0.0,2,2,0.0,0.0,0.0,near_zero,0,-1.0262826681137085,-1.0262826681137085
ctrl:roast_chicken,r16_D_dA,0.5,2,2,-0.1785449981689453,-0.2513735294342041,-0.10571646690368652,near_zero,-,-1.2048276662826538,-1.0262826681137085
ctrl:roast_chicken,r16_D_dA,1.0,2,2,-0.19891703128814697,-0.2697937488555908,-0.12804031372070312,near_zero,-,-1.2251996994018555,-1.0262826681137085
ctrl:roast_chicken,r16_D_dA,2.0,2,2,-0.32511448860168457,-0.6943881511688232,0.0441591739654541,inconclusive,-,-1.351397156715393,-1.0262826681137085
ctrl:roast_chicken,r16_D_dA,4.0,2,2,-0.4883333444595337,-1.5247046947479248,0.5480380058288574,inconclusive,-,-1.5146160125732422,-1.0262826681137085
ctrl:roast_chicken,r16_D_muD,0.0,2,2,0.0,0.0,0.0,near_zero,0,-1.0262826681137085,-1.0262826681137085
ctrl:roast_chicken,r16_D_muD,0.5,2,2,-0.0019006729125976562,-0.10908031463623047,0.10527896881103516,near_zero,-,-1.0281833410263062,-1.0262826681137085
ctrl:roast_chicken,r16_D_muD,1.0,2,2,-0.10563170909881592,-0.18828582763671875,-0.022977590560913086,near_zero,-,-1.1319143772125244,-1.0262826681137085
ctrl:roast_chicken,r16_D_muD,2.0,2,2,-0.3234391212463379,-0.37650251388549805,-0.27037572860717773,nonzero,-,-1.3497217893600464,-1.0262826681137085
ctrl:roast_chicken,r16_D_muD,4.0,2,2,-0.4871969223022461,-0.6267654895782471,-0.3476283550262451,nonzero,-,-1.5134795904159546,-1.0262826681137085
ctrl:roast_chicken,r17_D_dA,0.0,2,2,0.0,0.0,0.0,near_zero,0,-1.0262826681137085,-1.0262826681137085
ctrl:roast_chicken,r17_D_dA,0.5,2,2,-0.08023214340209961,-0.4489762783050537,0.2885119915008545,near_zero,-,-1.106514811515808,-1.0262826681137085
ctrl:roast_chicken,r17_D_dA,1.0,2,2,-0.12184560298919678,-0.6561081409454346,0.412416934967041,inconclusive,-,-1.1481282711029053,-1.0262826681137085
ctrl:roast_chicken,r17_D_dA,2.0,2,2,0.17087244987487793,-0.3973813056945801,0.7391262054443359,inconclusive,+,-0.8554102182388306,-1.0262826681137085
ctrl:roast_chicken,r17_D_dA,4.0,2,2,-0.5452480912208557,-1.9475067853927612,0.8570106029510498,inconclusive,-,-1.5715307593345642,-1.0262826681137085
ctrl:roast_chicken,r17_D_muD,0.0,2,2,0.0,0.0,0.0,near_zero,0,-1.0262826681137085,-1.0262826681137085
ctrl:roast_chicken,r17_D_muD,0.5,2,2,-0.027640461921691895,-0.23956537246704102,0.18428444862365723,near_zero,-,-1.0539231300354004,-1.0262826681137085
ctrl:roast_chicken,r17_D_muD,1.0,2,2,-0.08342349529266357,-0.47478222846984863,0.3079352378845215,near_zero,-,-1.109706163406372,-1.0262826681137085
ctrl:roast_chicken,r17_D_muD,2.0,2,2,-0.1050642728805542,-0.5670437812805176,0.3569152355194092,inconclusive,-,-1.1313469409942627,-1.0262826681137085
ctrl:roast_chicken,r17_D_muD,4.0,2,2,0.1389235258102417,-0.41045522689819336,0.6883022785186768,inconclusive,+,-0.8873591423034668,-1.0262826681137085
ctrl:roast_chicken,r18_D_dA,0.0,2,2,0.0,0.0,0.0,near_zero,0,-1.0262826681137085,-1.0262826681137085
ctrl:roast_chicken,r18_D_dA,0.5,2,2,-0.03196442127227783,-0.1260366439819336,0.06210780143737793,near_zero,-,-1.0582470893859863,-1.0262826681137085
ctrl:roast_chicken,r18_D_dA,1.0,2,2,-0.0002351999282836914,-0.20611000061035156,0.20563960075378418,near_zero,-,-1.0265178680419922,-1.0262826681137085
ctrl:roast_chicken,r18_D_dA,2.0,2,2,-0.18597161769866943,-0.3832516670227051,0.011308431625366211,near_zero,-,-1.212254285812378,-1.0262826681137085
ctrl:roast_chicken,r18_D_dA,4.0,2,2,-0.2581291198730469,-0.3126959800720215,-0.20356225967407227,nonzero,-,-1.2844117879867554,-1.0262826681137085
ctrl:roast_chicken,r18_D_muD,0.0,2,2,0.0,0.0,0.0,near_zero,0,-1.0262826681137085,-1.0262826681137085
ctrl:roast_chicken,r18_D_muD,0.5,2,2,0.14936339855194092,-0.0331721305847168,0.33189892768859863,near_zero,+,-0.8769192695617676,-1.0262826681137085
ctrl:roast_chicken,r18_D_muD,1.0,2,2,0.12439322471618652,0.08414626121520996,0.16464018821716309,near_zero,+,-0.901889443397522,-1.0262826681137085
ctrl:roast_chicken,r18_D_muD,2.0,2,2,-0.10631847381591797,-0.14995265007019043,-0.06268429756164551,near_zero,-,-1.1326011419296265,-1.0262826681137085
ctrl:roast_chicken,r18_D_muD,4.0,2,2,-0.06387096643447876,-0.09846150875091553,-0.029280424118041992,near_zero,-,-1.0901536345481873,-1.0262826681137085
ctrl:roast_chicken,r19_D_dA,0.0,2,2,0.0,0.0,0.0,near_zero,0,-1.0262826681137085,-1.0262826681137085
ctrl:roast_chicken,r19_D_dA,0.5,2,2,0.25929903984069824,0.003615140914916992,0.5149829387664795,nonzero,+,-0.7669836282730103,-1.0262826681137085
ctrl:roast_chicken,r19_D_dA,1.0,2,2,0.432503342628479,0.3261544704437256,0.5388522148132324,nonzero,+,-0.5937793254852295,-1.0262826681137085
ctrl:roast_chicken,r19_D_dA,2.0,2,2,0.7511260509490967,0.6616525650024414,0.840599536895752,nonzero,+,-0.2751566171646118,-1.0262826681137085
ctrl:roast_chicken,r19_D_dA,4.0,2,2,1.4294980764389038,1.1604242324829102,1.6985719203948975,nonzero,+,0.4032154083251953,-1.0262826681137085
ctrl:roast_chicken,r19_D_muD,0.0,2,2,0.0,0.0,0.0,near_zero,0,-1.0262826681137085,-1.0262826681137085
ctrl:roast_chicken,r19_D_muD,0.5,2,2,-0.017903685569763184,-0.12161874771118164,0.08581137657165527,near_zero,-,-1.0441863536834717,-1.0262826681137085
ctrl:roast_chicken,r19_D_muD,1.0,2,2,0.14879274368286133,0.11466479301452637,0.1829206943511963,near_zero,+,-0.8774899244308472,-1.0262826681137085
ctrl:roast_chicken,r19_D_muD,2.0,2,2,0.42635464668273926,0.4138503074645996,0.4388589859008789,nonzero,+,-0.5999280214309692,-1.0262826681137085
ctrl:roast_chicken,r19_D_muD,4.0,2,2,0.44209182262420654,0.22002387046813965,0.6641597747802734,nonzero,+,-0.584190845489502,-1.0262826681137085
ctrl:roast_chicken,r20_D_dA,0.0,2,2,0.0,0.0,0.0,near_zero,0,-1.0262826681137085,-1.0262826681137085
ctrl:roast_chicken,r20_D_dA,0.5,2,2,-0.17961788177490234,-0.5184192657470703,0.15918350219726562,inconclusive,-,-1.2059005498886108,-1.0262826681137085
ctrl:roast_chicken,r20_D_dA,1.0,2,2,-0.3292730450630188,-0.48393523693084717,-0.17461085319519043,nonzero,-,-1.3555557131767273,-1.0262826681137085
ctrl:roast_chicken,r20_D_dA,2.0,2,2,-0.8944852352142334,-1.594773530960083,-0.1941969394683838,nonzero,-,-1.920767903327942,-1.0262826681137085
ctrl:roast_chicken,r20_D_dA,4.0,2,2,-1.5977989435195923,-2.1705446243286133,-1.0250532627105713,nonzero,-,-2.624081611633301,-1.0262826681137085
ctrl:roast_chicken,r20_D_muD,0.0,2,2,0.0,0.0,0.0,near_zero,0,-1.0262826681137085,-1.0262826681137085
ctrl:roast_chicken,r20_D_muD,0.5,2,2,-0.12822365760803223,-0.25651097297668457,6.365776062011719e-05,near_zero,-,-1.1545063257217407,-1.0262826681137085
ctrl:roast_chicken,r20_D_muD,1.0,2,2,-0.020609617233276367,-0.16626811027526855,0.12504887580871582,near_zero,-,-1.0468922853469849,-1.0262826681137085
ctrl:roast_chicken,r20_D_muD,2.0,2,2,-0.14163720607757568,-0.4661588668823242,0.18288445472717285,near_zero,-,-1.1679198741912842,-1.0262826681137085
ctrl:roast_chicken,r20_D_muD,4.0,2,2,-0.4673718810081482,-0.9085773229598999,-0.026166439056396484,nonzero,-,-1.4936545491218567,-1.0262826681137085
ctrl:roast_chicken,r21_D_dA,0.0,2,2,0.0,0.0,0.0,near_zero,0,-1.0262826681137085,-1.0262826681137085
ctrl:roast_chicken,r21_D_dA,0.5,2,2,-0.0029648542404174805,-0.018476486206054688,0.012546777725219727,near_zero,-,-1.029247522354126,-1.0262826681137085
ctrl:roast_chicken,r21_D_dA,1.0,2,2,-0.10796892642974854,-0.2625110149383545,0.04657316207885742,near_zero,-,-1.134251594543457,-1.0262826681137085
ctrl:roast_chicken,r21_D_dA,2.0,2,2,-0.25479722023010254,-0.777132511138916,0.26753807067871094,inconclusive,-,-1.281079888343811,-1.0262826681137085
ctrl:roast_chicken,r21_D_dA,4.0,2,2,-0.5690608620643616,-0.9123971462249756,-0.22572457790374756,nonzero,-,-1.59534353017807,-1.0262826681137085
ctrl:roast_chicken,r21_D_muD,0.0,2,2,0.0,0.0,0.0,near_zero,0,-1.0262826681137085,-1.0262826681137085
ctrl:roast_chicken,r21_D_muD,0.5,2,2,-0.014485836029052734,-0.13429903984069824,0.10532736778259277,near_zero,-,-1.0407685041427612,-1.0262826681137085
ctrl:roast_chicken,r21_D_muD,1.0,2,2,-0.06034862995147705,-0.11559629440307617,-0.00510096549987793,near_zero,-,-1.0866312980651855,-1.0262826681137085
ctrl:roast_chicken,r21_D_muD,2.0,2,2,-0.11260807514190674,-0.24247312545776367,0.017256975173950195,near_zero,-,-1.1388907432556152,-1.0262826681137085
ctrl:roast_chicken,r21_D_muD,4.0,2,2,-0.23883521556854248,-0.5608394145965576,0.08316898345947266,inconclusive,-,-1.265117883682251,-1.0262826681137085
ctrl:roast_chicken,r22_D_dA,0.0,2,2,0.0,0.0,0.0,near_zero,0,-1.0262826681137085,-1.0262826681137085
ctrl:roast_chicken,r22_D_dA,0.5,2,2,0.09745824337005615,0.06989288330078125,0.12502360343933105,near_zero,+,-0.9288244247436523,-1.0262826681137085
ctrl:roast_chicken,r22_D_dA,1.0,2,2,-0.054265499114990234,-0.2034754753112793,0.09494447708129883,near_zero,-,-1.0805481672286987,-1.0262826681137085
ctrl:roast_chicken,r22_D_dA,2.0,2,2,-0.2977355718612671,-0.5207252502441406,-0.07474589347839355,nonzero,-,-1.3240182399749756,-1.0262826681137085
ctrl:roast_chicken,r22_D_dA,4.0,2,2,-0.8824107646942139,-1.2010958194732666,-0.5637257099151611,nonzero,-,-1.9086934328079224,-1.0262826681137085
ctrl:roast_chicken,r22_D_muD,0.0,2,2,0.0,0.0,0.0,near_zero,0,-1.0262826681137085,-1.0262826681137085
ctrl:roast_chicken,r22_D_muD,0.5,2,2,0.15692532062530518,0.12505698204040527,0.18879365921020508,near_zero,+,-0.8693573474884033,-1.0262826681137085
ctrl:roast_chicken,r22_D_muD,1.0,2,2,0.04621255397796631,-0.03140115737915039,0.12382626533508301,near_zero,+,-0.9800701141357422,-1.0262826681137085
ctrl:roast_chicken,r22_D_muD,2.0,2,2,0.18145251274108887,0.035553932189941406,0.32735109329223633,near_zero,+,-0.8448301553726196,-1.0262826681137085
ctrl:roast_chicken,r22_D_muD,4.0,2,2,-0.08598136901855469,-0.34750843048095703,0.17554569244384766,near_zero,-,-1.1122640371322632,-1.0262826681137085
ctrl:furnace,dA_D,0.0,2,2,0.0,0.0,0.0,near_zero,0,0.6000289916992188,0.6000289916992188
ctrl:furnace,dA_D,0.5,2,2,0.031334877014160156,-0.044304847717285156,0.10697460174560547,near_zero,+,0.6313638687133789,0.6000289916992188
ctrl:furnace,dA_D,1.0,2,2,0.10169506072998047,0.0023202896118164062,0.20106983184814453,near_zero,+,0.7017240524291992,0.6000289916992188
ctrl:furnace,dA_D,2.0,2,2,0.025729894638061523,-0.06625652313232422,0.11771631240844727,near_zero,+,0.6257588863372803,0.6000289916992188
ctrl:furnace,dA_D,4.0,2,2,0.2576732635498047,0.1577444076538086,0.3576021194458008,nonzero,+,0.8577022552490234,0.6000289916992188
ctrl:furnace,dA_D_matched_muD,0.0,2,2,0.0,0.0,0.0,near_zero,0,0.6000289916992188,0.6000289916992188
ctrl:furnace,dA_D_matched_muD,0.5,2,2,-0.05414867401123047,-0.11844825744628906,0.010150909423828125,near_zero,-,0.5458803176879883,0.6000289916992188
ctrl:furnace,dA_D_matched_muD,1.0,2,2,0.105712890625,-0.1158905029296875,0.3273162841796875,near_zero,+,0.7057418823242188,0.6000289916992188
ctrl:furnace,dA_D_matched_muD,2.0,2,2,0.011162757873535156,-0.14789533615112305,0.17022085189819336,near_zero,+,0.6111917495727539,0.6000289916992188
ctrl:furnace,dA_D_matched_muD,4.0,2,2,0.17544794082641602,0.013751029968261719,0.3371448516845703,near_zero,+,0.7754769325256348,0.6000289916992188
ctrl:furnace,muD_D,0.0,2,2,0.0,0.0,0.0,near_zero,0,0.6000289916992188,0.6000289916992188
ctrl:furnace,muD_D,0.5,2,2,-0.07646846771240234,-0.13763046264648438,-0.015306472778320312,near_zero,-,0.5235605239868164,0.6000289916992188
ctrl:furnace,muD_D,1.0,2,2,-0.0728304386138916,-0.16362333297729492,0.01796245574951172,near_zero,-,0.5271985530853271,0.6000289916992188
ctrl:furnace,muD_D,2.0,2,2,0.0008585453033447266,-0.09789896011352539,0.09961605072021484,near_zero,+,0.6008875370025635,0.6000289916992188
ctrl:furnace,muD_D,4.0,2,2,-0.11133527755737305,-0.29013919830322266,0.06746864318847656,near_zero,-,0.4886937141418457,0.6000289916992188
ctrl:furnace,muD_D_matched_dA,0.0,2,2,0.0,0.0,0.0,near_zero,0,0.6000289916992188,0.6000289916992188
ctrl:furnace,muD_D_matched_dA,0.5,2,2,-0.08249926567077637,-0.11732816696166992,-0.04767036437988281,near_zero,-,0.5175297260284424,0.6000289916992188
ctrl:furnace,muD_D_matched_dA,1.0,2,2,-0.17476868629455566,-0.2925424575805664,-0.05699491500854492,near_zero,-,0.4252603054046631,0.6000289916992188
ctrl:furnace,muD_D_matched_dA,2.0,2,2,-0.012753725051879883,-0.2316288948059082,0.20612144470214844,near_zero,-,0.5872752666473389,0.6000289916992188
ctrl:furnace,muD_D_matched_dA,4.0,2,2,0.12420511245727539,-0.21269464492797852,0.4611048698425293,near_zero,+,0.7242341041564941,0.6000289916992188
ctrl:furnace,muD_P,0.0,2,2,0.0,0.0,0.0,near_zero,0,0.6000289916992188,0.6000289916992188
ctrl:furnace,muD_P,0.5,2,2,-0.03679919242858887,-0.1137857437133789,0.04018735885620117,near_zero,-,0.5632297992706299,0.6000289916992188
ctrl:furnace,muD_P,1.0,2,2,-0.15451550483703613,-0.2775850296020508,-0.031445980072021484,near_zero,-,0.4455134868621826,0.6000289916992188
ctrl:furnace,muD_P,2.0,2,2,-0.3089139461517334,-0.3518056869506836,-0.2660222053527832,nonzero,-,0.29111504554748535,0.6000289916992188
ctrl:furnace,muD_P,4.0,2,2,-0.32843756675720215,-0.3351020812988281,-0.32177305221557617,nonzero,-,0.2715914249420166,0.6000289916992188
ctrl:furnace,muD_P_plus_dA_D,0.0,2,2,0.0,0.0,0.0,near_zero,0,0.6000289916992188,0.6000289916992188
ctrl:furnace,muD_P_plus_dA_D,0.5,2,2,-0.027949094772338867,-0.13004827499389648,0.07415008544921875,near_zero,-,0.5720798969268799,0.6000289916992188
ctrl:furnace,muD_P_plus_dA_D,1.0,2,2,-0.020699501037597656,-0.1322469711303711,0.09084796905517578,near_zero,-,0.5793294906616211,0.6000289916992188
ctrl:furnace,muD_P_plus_dA_D,2.0,2,2,0.07730412483215332,0.06025886535644531,0.09434938430786133,near_zero,+,0.6773331165313721,0.6000289916992188
ctrl:furnace,muD_P_plus_dA_D,4.0,2,2,-0.028914928436279297,-0.4541001319885254,0.3962702751159668,near_zero,-,0.5711140632629395,0.6000289916992188
ctrl:furnace,dConc_D_matched_dA,0.0,2,2,0.0,0.0,0.0,near_zero,0,0.6000289916992188,0.6000289916992188
ctrl:furnace,dConc_D_matched_dA,0.5,2,2,-0.028634309768676758,-0.0648961067199707,0.0076274871826171875,near_zero,-,0.571394681930542,0.6000289916992188
ctrl:furnace,dConc_D_matched_dA,1.0,2,2,0.034566402435302734,-0.013662338256835938,0.0827951431274414,near_zero,+,0.6345953941345215,0.6000289916992188
ctrl:furnace,dConc_D_matched_dA,2.0,2,2,0.016185283660888672,0.004558563232421875,0.02781200408935547,near_zero,+,0.6162142753601074,0.6000289916992188
ctrl:furnace,dConc_D_matched_dA,4.0,2,2,0.17838716506958008,0.17625999450683594,0.18051433563232422,near_zero,+,0.7784161567687988,0.6000289916992188
ctrl:furnace,dConc_D_native,0.0,2,2,0.0,0.0,0.0,near_zero,0,0.6000289916992188,0.6000289916992188
ctrl:furnace,dConc_D_native,0.5,2,2,-0.1467423439025879,-0.18240833282470703,-0.11107635498046875,near_zero,-,0.45328664779663086,0.6000289916992188
ctrl:furnace,dConc_D_native,1.0,2,2,0.010308265686035156,-0.03907012939453125,0.05968666076660156,near_zero,+,0.6103372573852539,0.6000289916992188
ctrl:furnace,dConc_D_native,2.0,2,2,0.15523815155029297,0.05068492889404297,0.25979137420654297,near_zero,+,0.7552671432495117,0.6000289916992188
ctrl:furnace,dConc_D_native,4.0,2,2,0.4382762908935547,0.3367633819580078,0.5397891998291016,nonzero,+,1.0383052825927734,0.6000289916992188
ctrl:furnace,muD_PD_F4S,0.0,2,2,0.0,0.0,0.0,near_zero,0,0.6000289916992188,0.6000289916992188
ctrl:furnace,muD_PD_F4S,0.5,2,2,-0.14822125434875488,-0.2386794090270996,-0.057763099670410156,near_zero,-,0.45180773735046387,0.6000289916992188
ctrl:furnace,muD_PD_F4S,1.0,2,2,-0.0840005874633789,-0.2015552520751953,0.0335540771484375,near_zero,-,0.5160284042358398,0.6000289916992188
ctrl:furnace,muD_PD_F4S,2.0,2,2,-0.15611004829406738,-0.23488235473632812,-0.07733774185180664,near_zero,-,0.44391894340515137,0.6000289916992188
ctrl:furnace,muD_PD_F4S,4.0,2,2,-0.18194961547851562,-0.4918785095214844,0.12797927856445312,near_zero,-,0.4180793762207031,0.6000289916992188
ctrl:furnace,r0_D_dA,0.0,2,2,0.0,0.0,0.0,near_zero,0,0.6000289916992188,0.6000289916992188
ctrl:furnace,r0_D_dA,0.5,2,2,0.047869205474853516,0.019741058349609375,0.07599735260009766,near_zero,+,0.6478981971740723,0.6000289916992188
ctrl:furnace,r0_D_dA,1.0,2,2,0.14577817916870117,0.011676788330078125,0.2798795700073242,near_zero,+,0.7458071708679199,0.6000289916992188
ctrl:furnace,r0_D_dA,2.0,2,2,0.3688645362854004,0.35050487518310547,0.3872241973876953,nonzero,+,0.9688935279846191,0.6000289916992188
ctrl:furnace,r0_D_dA,4.0,2,2,1.023479700088501,0.548149585723877,1.498809814453125,nonzero,+,1.6235086917877197,0.6000289916992188
ctrl:furnace,r0_D_muD,0.0,2,2,0.0,0.0,0.0,near_zero,0,0.6000289916992188,0.6000289916992188
ctrl:furnace,r0_D_muD,0.5,2,2,-0.060343265533447266,-0.11088275909423828,-0.00980377197265625,near_zero,-,0.5396857261657715,0.6000289916992188
ctrl:furnace,r0_D_muD,1.0,2,2,0.030513763427734375,-0.06192827224731445,0.1229557991027832,near_zero,+,0.6305427551269531,0.6000289916992188
ctrl:furnace,r0_D_muD,2.0,2,2,0.06588220596313477,-0.17670917510986328,0.3084735870361328,near_zero,+,0.6659111976623535,0.6000289916992188
ctrl:furnace,r0_D_muD,4.0,2,2,0.225388765335083,0.040814876556396484,0.40996265411376953,nonzero,+,0.8254177570343018,0.6000289916992188
ctrl:furnace,r1_D_dA,0.0,2,2,0.0,0.0,0.0,near_zero,0,0.6000289916992188,0.6000289916992188
ctrl:furnace,r1_D_dA,0.5,2,2,-0.1895585060119629,-0.2698197364807129,-0.10929727554321289,near_zero,-,0.41047048568725586,0.6000289916992188
ctrl:furnace,r1_D_dA,1.0,2,2,-0.13611221313476562,-0.15868091583251953,-0.11354351043701172,near_zero,-,0.4639167785644531,0.6000289916992188
ctrl:furnace,r1_D_dA,2.0,2,2,-0.1103508472442627,-0.14758586883544922,-0.07311582565307617,near_zero,-,0.48967814445495605,0.6000289916992188
ctrl:furnace,r1_D_dA,4.0,2,2,0.028509855270385742,-0.06343841552734375,0.12045812606811523,near_zero,+,0.6285388469696045,0.6000289916992188
ctrl:furnace,r1_D_muD,0.0,2,2,0.0,0.0,0.0,near_zero,0,0.6000289916992188,0.6000289916992188
ctrl:furnace,r1_D_muD,0.5,2,2,-0.18530488014221191,-0.21137475967407227,-0.15923500061035156,near_zero,-,0.41472411155700684,0.6000289916992188
ctrl:furnace,r1_D_muD,1.0,2,2,-0.09633493423461914,-0.11130619049072266,-0.08136367797851562,near_zero,-,0.5036940574645996,0.6000289916992188
ctrl:furnace,r1_D_muD,2.0,2,2,-0.12383151054382324,-0.16074466705322266,-0.08691835403442383,near_zero,-,0.4761974811553955,0.6000289916992188
ctrl:furnace,r1_D_muD,4.0,2,2,-0.23490619659423828,-0.3296055793762207,-0.14020681381225586,nonzero,-,0.36512279510498047,0.6000289916992188
ctrl:furnace,r2_D_dA,0.0,2,2,0.0,0.0,0.0,near_zero,0,0.6000289916992188,0.6000289916992188
ctrl:furnace,r2_D_dA,0.5,2,2,-0.010884761810302734,-0.20269203186035156,0.1809225082397461,near_zero,-,0.589144229888916,0.6000289916992188
ctrl:furnace,r2_D_dA,1.0,2,2,-0.056394100189208984,-0.1644587516784668,0.05167055130004883,near_zero,-,0.5436348915100098,0.6000289916992188
ctrl:furnace,r2_D_dA,2.0,2,2,0.011689186096191406,-0.11250686645507812,0.13588523864746094,near_zero,+,0.6117181777954102,0.6000289916992188
ctrl:furnace,r2_D_dA,4.0,2,2,-0.24254131317138672,-0.24595069885253906,-0.23913192749023438,nonzero,-,0.35748767852783203,0.6000289916992188
ctrl:furnace,r2_D_muD,0.0,2,2,0.0,0.0,0.0,near_zero,0,0.6000289916992188,0.6000289916992188
ctrl:furnace,r2_D_muD,0.5,2,2,-0.0973048210144043,-0.10914993286132812,-0.08545970916748047,near_zero,-,0.5027241706848145,0.6000289916992188
ctrl:furnace,r2_D_muD,1.0,2,2,-0.0287020206451416,-0.07961273193359375,0.022208690643310547,near_zero,-,0.5713269710540771,0.6000289916992188
ctrl:furnace,r2_D_muD,2.0,2,2,0.05723404884338379,-0.032076358795166016,0.1465444564819336,near_zero,+,0.6572630405426025,0.6000289916992188
ctrl:furnace,r2_D_muD,4.0,2,2,0.018517494201660156,-0.151031494140625,0.1880664825439453,near_zero,+,0.6185464859008789,0.6000289916992188
ctrl:furnace,r3_D_dA,0.0,2,2,0.0,0.0,0.0,near_zero,0,0.6000289916992188,0.6000289916992188
ctrl:furnace,r3_D_dA,0.5,2,2,-0.041394710540771484,-0.10377740859985352,0.020987987518310547,near_zero,-,0.5586342811584473,0.6000289916992188
ctrl:furnace,r3_D_dA,1.0,2,2,-0.025687456130981445,-0.03660392761230469,-0.014770984649658203,near_zero,-,0.5743415355682373,0.6000289916992188
ctrl:furnace,r3_D_dA,2.0,2,2,0.13213539123535156,0.09956169128417969,0.16470909118652344,near_zero,+,0.7321643829345703,0.6000289916992188
ctrl:furnace,r3_D_dA,4.0,2,2,0.6449642181396484,0.49318599700927734,0.7967424392700195,nonzero,+,1.2449932098388672,0.6000289916992188
ctrl:furnace,r3_D_muD,0.0,2,2,0.0,0.0,0.0,near_zero,0,0.6000289916992188,0.6000289916992188
ctrl:furnace,r3_D_muD,0.5,2,2,-0.13765501976013184,-0.1848459243774414,-0.09046411514282227,near_zero,-,0.4623739719390869,0.6000289916992188
ctrl:furnace,r3_D_muD,1.0,2,2,0.08483242988586426,0.06470918655395508,0.10495567321777344,near_zero,+,0.684861421585083,0.6000289916992188
ctrl:furnace,r3_D_muD,2.0,2,2,0.11195755004882812,0.03819704055786133,0.18571805953979492,near_zero,+,0.7119865417480469,0.6000289916992188
ctrl:furnace,r3_D_muD,4.0,2,2,0.08043098449707031,-0.013989448547363281,0.1748514175415039,near_zero,+,0.6804599761962891,0.6000289916992188
ctrl:furnace,r4_D_dA,0.0,2,2,0.0,0.0,0.0,near_zero,0,0.6000289916992188,0.6000289916992188
ctrl:furnace,r4_D_dA,0.5,2,2,-0.22738003730773926,-0.29135560989379883,-0.1634044647216797,nonzero,-,0.3726489543914795,0.6000289916992188
ctrl:furnace,r4_D_dA,1.0,2,2,-0.05694127082824707,-0.20830440521240234,0.0944218635559082,near_zero,-,0.5430877208709717,0.6000289916992188
ctrl:furnace,r4_D_dA,2.0,2,2,-0.06044578552246094,-0.06080055236816406,-0.06009101867675781,near_zero,-,0.5395832061767578,0.6000289916992188
ctrl:furnace,r4_D_dA,4.0,2,2,-0.17928385734558105,-0.283719539642334,-0.07484817504882812,near_zero,-,0.4207451343536377,0.6000289916992188
ctrl:furnace,r4_D_muD,0.0,2,2,0.0,0.0,0.0,near_zero,0,0.6000289916992188,0.6000289916992188
ctrl:furnace,r4_D_muD,0.5,2,2,-0.16509032249450684,-0.2440013885498047,-0.08617925643920898,near_zero,-,0.4349386692047119,0.6000289916992188
ctrl:furnace,r4_D_muD,1.0,2,2,-0.10395312309265137,-0.1114501953125,-0.09645605087280273,near_zero,-,0.4960758686065674,0.6000289916992188
ctrl:furnace,r4_D_muD,2.0,2,2,-0.1501021385192871,-0.24497032165527344,-0.05523395538330078,near_zero,-,0.44992685317993164,0.6000289916992188
ctrl:furnace,r4_D_muD,4.0,2,2,-0.06403017044067383,-0.07404804229736328,-0.054012298583984375,near_zero,-,0.5359988212585449,0.6000289916992188
ctrl:furnace,r5_D_dA,0.0,2,2,0.0,0.0,0.0,near_zero,0,0.6000289916992188,0.6000289916992188
ctrl:furnace,r5_D_dA,0.5,2,2,0.015057802200317383,-0.1345510482788086,0.16466665267944336,near_zero,+,0.6150867938995361,0.6000289916992188
ctrl:furnace,r5_D_dA,1.0,2,2,-0.01751399040222168,-0.11292409896850586,0.0778961181640625,near_zero,-,0.5825150012969971,0.6000289916992188
ctrl:furnace,r5_D_dA,2.0,2,2,0.012538909912109375,-0.013593673706054688,0.03867149353027344,near_zero,+,0.6125679016113281,0.6000289916992188
ctrl:furnace,r5_D_dA,4.0,2,2,0.17780351638793945,0.13266468048095703,0.22294235229492188,near_zero,+,0.7778325080871582,0.6000289916992188
ctrl:furnace,r5_D_muD,0.0,2,2,0.0,0.0,0.0,near_zero,0,0.6000289916992188,0.6000289916992188
ctrl:furnace,r5_D_muD,0.5,2,2,-0.0005571842193603516,-0.1482405662536621,0.1471261978149414,near_zero,-,0.5994718074798584,0.6000289916992188
ctrl:furnace,r5_D_muD,1.0,2,2,-0.08618593215942383,-0.1635265350341797,-0.008845329284667969,near_zero,-,0.5138430595397949,0.6000289916992188
ctrl:furnace,r5_D_muD,2.0,2,2,0.01191401481628418,-0.11919546127319336,0.14302349090576172,near_zero,+,0.6119430065155029,0.6000289916992188
ctrl:furnace,r5_D_muD,4.0,2,2,0.050058603286743164,-0.018024444580078125,0.11814165115356445,near_zero,+,0.6500875949859619,0.6000289916992188
ctrl:furnace,r6_D_dA,0.0,2,2,0.0,0.0,0.0,near_zero,0,0.6000289916992188,0.6000289916992188
ctrl:furnace,r6_D_dA,0.5,2,2,-0.14934372901916504,-0.21487045288085938,-0.0838170051574707,near_zero,-,0.4506852626800537,0.6000289916992188
ctrl:furnace,r6_D_dA,1.0,2,2,-0.07848978042602539,-0.13611221313476562,-0.020867347717285156,near_zero,-,0.5215392112731934,0.6000289916992188
ctrl:furnace,r6_D_dA,2.0,2,2,-0.08427596092224121,-0.1943507194519043,0.025798797607421875,near_zero,-,0.5157530307769775,0.6000289916992188
ctrl:furnace,r6_D_dA,4.0,2,2,0.8100810050964355,0.6095161437988281,1.010645866394043,nonzero,+,1.4101099967956543,0.6000289916992188
ctrl:furnace,r6_D_muD,0.0,2,2,0.0,0.0,0.0,near_zero,0,0.6000289916992188,0.6000289916992188
ctrl:furnace,r6_D_muD,0.5,2,2,-0.0526888370513916,-0.1674942970275879,0.06211662292480469,near_zero,-,0.5473401546478271,0.6000289916992188
ctrl:furnace,r6_D_muD,1.0,2,2,-0.08033943176269531,-0.12063360214233398,-0.04004526138305664,near_zero,-,0.5196895599365234,0.6000289916992188
ctrl:furnace,r6_D_muD,2.0,2,2,-0.044841766357421875,-0.0679006576538086,-0.021782875061035156,near_zero,-,0.5551872253417969,0.6000289916992188
ctrl:furnace,r6_D_muD,4.0,2,2,-0.22136664390563965,-0.28672218322753906,-0.15601110458374023,nonzero,-,0.3786623477935791,0.6000289916992188
ctrl:furnace,r7_D_dA,0.0,2,2,0.0,0.0,0.0,near_zero,0,0.6000289916992188,0.6000289916992188
ctrl:furnace,r7_D_dA,0.5,2,2,-0.029618263244628906,-0.10269641876220703,0.04345989227294922,near_zero,-,0.5704107284545898,0.6000289916992188
ctrl:furnace,r7_D_dA,1.0,2,2,0.14436030387878418,0.037522315979003906,0.25119829177856445,near_zero,+,0.7443892955780029,0.6000289916992188
ctrl:furnace,r7_D_dA,2.0,2,2,0.44524097442626953,0.32570362091064453,0.5647783279418945,nonzero,+,1.0452699661254883,0.6000289916992188
ctrl:furnace,r7_D_dA,4.0,2,2,1.0071423053741455,0.575505256652832,1.438779354095459,nonzero,+,1.6071712970733643,0.6000289916992188
ctrl:furnace,r7_D_muD,0.0,2,2,0.0,0.0,0.0,near_zero,0,0.6000289916992188,0.6000289916992188
ctrl:furnace,r7_D_muD,0.5,2,2,-0.04487180709838867,-0.12798595428466797,0.038242340087890625,near_zero,-,0.5551571846008301,0.6000289916992188
ctrl:furnace,r7_D_muD,1.0,2,2,-0.07480788230895996,-0.09132194519042969,-0.058293819427490234,near_zero,-,0.5252211093902588,0.6000289916992188
ctrl:furnace,r7_D_muD,2.0,2,2,0.05838346481323242,-0.07999897003173828,0.19676589965820312,near_zero,+,0.6584124565124512,0.6000289916992188
ctrl:furnace,r7_D_muD,4.0,2,2,0.20958399772644043,0.1153707504272461,0.30379724502563477,nonzero,+,0.8096129894256592,0.6000289916992188
ctrl:furnace,r8_D_dA,0.0,2,2,0.0,0.0,0.0,near_zero,0,0.6000289916992188,0.6000289916992188
ctrl:furnace,r8_D_dA,0.5,2,2,-0.2840235233306885,-0.406954288482666,-0.16109275817871094,nonzero,-,0.3160054683685303,0.6000289916992188
ctrl:furnace,r8_D_dA,1.0,2,2,-0.20072484016418457,-0.25130176544189453,-0.1501479148864746,nonzero,-,0.3993041515350342,0.6000289916992188
ctrl:furnace,r8_D_dA,2.0,2,2,-0.34644150733947754,-0.45740365982055664,-0.23547935485839844,nonzero,-,0.2535874843597412,0.6000289916992188
ctrl:furnace,r8_D_dA,4.0,2,2,-0.14911484718322754,-0.23087406158447266,-0.06735563278198242,near_zero,-,0.4509141445159912,0.6000289916992188
ctrl:furnace,r8_D_muD,0.0,2,2,0.0,0.0,0.0,near_zero,0,0.6000289916992188,0.6000289916992188
ctrl:furnace,r8_D_muD,0.5,2,2,-0.166273832321167,-0.1881723403930664,-0.14437532424926758,near_zero,-,0.43375515937805176,0.6000289916992188
ctrl:furnace,r8_D_muD,1.0,2,2,-0.08019566535949707,-0.08224773406982422,-0.07814359664916992,near_zero,-,0.5198333263397217,0.6000289916992188
ctrl:furnace,r8_D_muD,2.0,2,2,-0.03978133201599121,-0.06485843658447266,-0.014704227447509766,near_zero,-,0.5602476596832275,0.6000289916992188
ctrl:furnace,r8_D_muD,4.0,2,2,-0.0823066234588623,-0.18929767608642578,0.024684429168701172,near_zero,-,0.5177223682403564,0.6000289916992188
ctrl:furnace,r9_D_dA,0.0,2,2,0.0,0.0,0.0,near_zero,0,0.6000289916992188,0.6000289916992188
ctrl:furnace,r9_D_dA,0.5,2,2,-0.09452939033508301,-0.3068509101867676,0.11779212951660156,near_zero,-,0.5054996013641357,0.6000289916992188
ctrl:furnace,r9_D_dA,1.0,2,2,0.08029460906982422,0.016759395599365234,0.1438298225402832,near_zero,+,0.680323600769043,0.6000289916992188
ctrl:furnace,r9_D_dA,2.0,2,2,0.07497859001159668,0.011469364166259766,0.1384878158569336,near_zero,+,0.6750075817108154,0.6000289916992188
ctrl:furnace,r9_D_dA,4.0,2,2,0.049796104431152344,-0.7121725082397461,0.8117647171020508,inconclusive,+,0.6498250961303711,0.6000289916992188
ctrl:furnace,r9_D_muD,0.0,2,2,0.0,0.0,0.0,near_zero,0,0.6000289916992188,0.6000289916992188
ctrl:furnace,r9_D_muD,0.5,2,2,-0.17500543594360352,-0.23962974548339844,-0.1103811264038086,near_zero,-,0.42502355575561523,0.6000289916992188
ctrl:furnace,r9_D_muD,1.0,2,2,-0.05012392997741699,-0.11495351791381836,0.014705657958984375,near_zero,-,0.5499050617218018,0.6000289916992188
ctrl:furnace,r9_D_muD,2.0,2,2,0.0578465461730957,-0.032670021057128906,0.1483631134033203,near_zero,+,0.6578755378723145,0.6000289916992188
ctrl:furnace,r9_D_muD,4.0,2,2,0.18042778968811035,0.04082679748535156,0.32002878189086914,near_zero,+,0.7804567813873291,0.6000289916992188
ctrl:furnace,r10_D_dA,0.0,2,2,0.0,0.0,0.0,near_zero,0,0.6000289916992188,0.6000289916992188
ctrl:furnace,r10_D_dA,0.5,2,2,-0.0646216869354248,-0.242767333984375,0.11352396011352539,near_zero,-,0.535407304763794,0.6000289916992188
ctrl:furnace,r10_D_dA,1.0,2,2,-0.03641366958618164,-0.08197450637817383,0.009147167205810547,near_zero,-,0.5636153221130371,0.6000289916992188
ctrl:furnace,r10_D_dA,2.0,2,2,0.2282419204711914,0.1160883903503418,0.340395450592041,nonzero,+,0.8282709121704102,0.6000289916992188
ctrl:furnace,r10_D_dA,4.0,2,2,0.964447021484375,0.9085550308227539,1.020339012145996,nonzero,+,1.5644760131835938,0.6000289916992188
ctrl:furnace,r10_D_muD,0.0,2,2,0.0,0.0,0.0,near_zero,0,0.6000289916992188,0.6000289916992188
ctrl:furnace,r10_D_muD,0.5,2,2,-0.1325242519378662,-0.17430830001831055,-0.09074020385742188,near_zero,-,0.46750473976135254,0.6000289916992188
ctrl:furnace,r10_D_muD,1.0,2,2,-0.11370301246643066,-0.16872358322143555,-0.05868244171142578,near_zero,-,0.4863259792327881,0.6000289916992188
ctrl:furnace,r10_D_muD,2.0,2,2,-0.024953842163085938,-0.0713200569152832,0.021412372589111328,near_zero,-,0.5750751495361328,0.6000289916992188
ctrl:furnace,r10_D_muD,4.0,2,2,0.06744647026062012,0.03837728500366211,0.09651565551757812,near_zero,+,0.6674754619598389,0.6000289916992188
ctrl:furnace,r11_D_dA,0.0,2,2,0.0,0.0,0.0,near_zero,0,0.6000289916992188,0.6000289916992188
ctrl:furnace,r11_D_dA,0.5,2,2,-0.12447285652160645,-0.1898784637451172,-0.0590672492980957,near_zero,-,0.4755561351776123,0.6000289916992188
ctrl:furnace,r11_D_dA,1.0,2,2,-0.01395726203918457,-0.0705409049987793,0.042626380920410156,near_zero,-,0.5860717296600342,0.6000289916992188
ctrl:furnace,r11_D_dA,2.0,2,2,0.08574509620666504,-0.12888383865356445,0.30037403106689453,near_zero,+,0.6857740879058838,0.6000289916992188
ctrl:furnace,r11_D_dA,4.0,2,2,0.3471193313598633,-0.12015485763549805,0.8143935203552246,inconclusive,+,0.947148323059082,0.6000289916992188
ctrl:furnace,r11_D_muD,0.0,2,2,0.0,0.0,0.0,near_zero,0,0.6000289916992188,0.6000289916992188
ctrl:furnace,r11_D_muD,0.5,2,2,-0.12416410446166992,-0.251436710357666,0.003108501434326172,near_zero,-,0.47586488723754883,0.6000289916992188
ctrl:furnace,r11_D_muD,1.0,2,2,-0.04308009147644043,-0.12743282318115234,0.041272640228271484,near_zero,-,0.5569489002227783,0.6000289916992188
ctrl:furnace,r11_D_muD,2.0,2,2,-0.030773401260375977,-0.10142278671264648,0.03987598419189453,near_zero,-,0.5692555904388428,0.6000289916992188
ctrl:furnace,r11_D_muD,4.0,2,2,0.11592364311218262,0.043364524841308594,0.18848276138305664,near_zero,+,0.7159526348114014,0.6000289916992188
ctrl:furnace,r12_D_dA,0.0,2,2,0.0,0.0,0.0,near_zero,0,0.6000289916992188,0.6000289916992188
ctrl:furnace,r12_D_dA,0.5,2,2,-0.016250133514404297,-0.039581298828125,0.007081031799316406,near_zero,-,0.5837788581848145,0.6000289916992188
ctrl:furnace,r12_D_dA,1.0,2,2,0.013333320617675781,-0.0033922195434570312,0.030058860778808594,near_zero,+,0.6133623123168945,0.6000289916992188
ctrl:furnace,r12_D_dA,2.0,2,2,0.047649383544921875,0.02321338653564453,0.07208538055419922,near_zero,+,0.6476783752441406,0.6000289916992188
ctrl:furnace,r12_D_dA,4.0,2,2,0.25244665145874023,0.15790653228759766,0.3469867706298828,nonzero,+,0.852475643157959,0.6000289916992188
ctrl:furnace,r12_D_muD,0.0,2,2,0.0,0.0,0.0,near_zero,0,0.6000289916992188,0.6000289916992188
ctrl:furnace,r12_D_muD,0.5,2,2,-0.05848264694213867,-0.14387226104736328,0.026906967163085938,near_zero,-,0.5415463447570801,0.6000289916992188
ctrl:furnace,r12_D_muD,1.0,2,2,0.02491927146911621,-0.007422924041748047,0.05726146697998047,near_zero,+,0.624948263168335,0.6000289916992188
ctrl:furnace,r12_D_muD,2.0,2,2,-0.1217963695526123,-0.17865753173828125,-0.06493520736694336,near_zero,-,0.47823262214660645,0.6000289916992188
ctrl:furnace,r12_D_muD,4.0,2,2,0.09966516494750977,0.09682559967041016,0.10250473022460938,near_zero,+,0.6996941566467285,0.6000289916992188
ctrl:furnace,r13_D_dA,0.0,2,2,0.0,0.0,0.0,near_zero,0,0.6000289916992188,0.6000289916992188
ctrl:furnace,r13_D_dA,0.5,2,2,-0.09534573554992676,-0.2105693817138672,0.019877910614013672,near_zero,-,0.504683256149292,0.6000289916992188
ctrl:furnace,r13_D_dA,1.0,2,2,-0.07888507843017578,-0.09892654418945312,-0.05884361267089844,near_zero,-,0.521143913269043,0.6000289916992188
ctrl:furnace,r13_D_dA,2.0,2,2,0.21923494338989258,0.1998434066772461,0.23862648010253906,nonzero,+,0.8192639350891113,0.6000289916992188
ctrl:furnace,r13_D_dA,4.0,2,2,0.18798255920410156,-0.017103195190429688,0.3930683135986328,near_zero,+,0.7880115509033203,0.6000289916992188
ctrl:furnace,r13_D_muD,0.0,2,2,0.0,0.0,0.0,near_zero,0,0.6000289916992188,0.6000289916992188
ctrl:furnace,r13_D_muD,0.5,2,2,0.02365565299987793,-0.04192018508911133,0.08923149108886719,near_zero,+,0.6236846446990967,0.6000289916992188
ctrl:furnace,r13_D_muD,1.0,2,2,-0.0352935791015625,-0.0733194351196289,0.0027322769165039062,near_zero,-,0.5647354125976562,0.6000289916992188
ctrl:furnace,r13_D_muD,2.0,2,2,-0.06410503387451172,-0.06614112854003906,-0.062068939208984375,near_zero,-,0.535923957824707,0.6000289916992188
ctrl:furnace,r13_D_muD,4.0,2,2,0.12071943283081055,0.048839569091796875,0.19259929656982422,near_zero,+,0.7207484245300293,0.6000289916992188
ctrl:furnace,r14_D_dA,0.0,2,2,0.0,0.0,0.0,near_zero,0,0.6000289916992188,0.6000289916992188
ctrl:furnace,r14_D_dA,0.5,2,2,-0.008356809616088867,-0.015642166137695312,-0.0010714530944824219,near_zero,-,0.5916721820831299,0.6000289916992188
ctrl:furnace,r14_D_dA,1.0,2,2,0.053379058837890625,0.0388946533203125,0.06786346435546875,near_zero,+,0.6534080505371094,0.6000289916992188
ctrl:furnace,r14_D_dA,2.0,2,2,0.1111292839050293,0.07016658782958984,0.15209197998046875,near_zero,+,0.711158275604248,0.6000289916992188
ctrl:furnace,r14_D_dA,4.0,2,2,0.45766687393188477,0.41888856887817383,0.4964451789855957,nonzero,+,1.0576958656311035,0.6000289916992188
ctrl:furnace,r14_D_muD,0.0,2,2,0.0,0.0,0.0,near_zero,0,0.6000289916992188,0.6000289916992188
ctrl:furnace,r14_D_muD,0.5,2,2,0.08843564987182617,0.02469778060913086,0.15217351913452148,near_zero,+,0.6884646415710449,0.6000289916992188
ctrl:furnace,r14_D_muD,1.0,2,2,-0.06252622604370117,-0.11532449722290039,-0.009727954864501953,near_zero,-,0.5375027656555176,0.6000289916992188
ctrl:furnace,r14_D_muD,2.0,2,2,0.08481335639953613,0.0031805038452148438,0.16644620895385742,near_zero,+,0.6848423480987549,0.6000289916992188
ctrl:furnace,r14_D_muD,4.0,2,2,0.13428664207458496,0.07294702529907227,0.19562625885009766,near_zero,+,0.7343156337738037,0.6000289916992188
ctrl:furnace,r15_D_dA,0.0,2,2,0.0,0.0,0.0,near_zero,0,0.6000289916992188,0.6000289916992188
ctrl:furnace,r15_D_dA,0.5,2,2,-0.031618356704711914,-0.03861570358276367,-0.024621009826660156,near_zero,-,0.5684106349945068,0.6000289916992188
ctrl:furnace,r15_D_dA,1.0,2,2,-0.16344380378723145,-0.16477584838867188,-0.16211175918579102,near_zero,-,0.4365851879119873,0.6000289916992188
ctrl:furnace,r15_D_dA,2.0,2,2,-0.062386274337768555,-0.14463329315185547,0.01986074447631836,near_zero,-,0.5376427173614502,0.6000289916992188
ctrl:furnace,r15_D_dA,4.0,2,2,0.05838823318481445,0.03183269500732422,0.08494377136230469,near_zero,+,0.6584172248840332,0.6000289916992188
ctrl:furnace,r15_D_muD,0.0,2,2,0.0,0.0,0.0,near_zero,0,0.6000289916992188,0.6000289916992188
ctrl:furnace,r15_D_muD,0.5,2,2,0.053852081298828125,0.04208993911743164,0.06561422348022461,near_zero,+,0.6538810729980469,0.6000289916992188
ctrl:furnace,r15_D_muD,1.0,2,2,-0.07285761833190918,-0.21810245513916016,0.0723872184753418,near_zero,-,0.5271713733673096,0.6000289916992188
ctrl:furnace,r15_D_muD,2.0,2,2,-0.010706186294555664,-0.07657051086425781,0.055158138275146484,near_zero,-,0.5893228054046631,0.6000289916992188
ctrl:furnace,r15_D_muD,4.0,2,2,-0.17064523696899414,-0.2116107940673828,-0.12967967987060547,near_zero,-,0.4293837547302246,0.6000289916992188
ctrl:furnace,r16_D_dA,0.0,2,2,0.0,0.0,0.0,near_zero,0,0.6000289916992188,0.6000289916992188
ctrl:furnace,r16_D_dA,0.5,2,2,-0.02135181427001953,-0.09477090835571289,0.05206727981567383,near_zero,-,0.5786771774291992,0.6000289916992188
ctrl:furnace,r16_D_dA,1.0,2,2,0.18451976776123047,0.06348609924316406,0.3055534362792969,near_zero,+,0.7845487594604492,0.6000289916992188
ctrl:furnace,r16_D_dA,2.0,2,2,0.274397611618042,0.19080829620361328,0.3579869270324707,nonzero,+,0.8744266033172607,0.6000289916992188
ctrl:furnace,r16_D_dA,4.0,2,2,0.46347951889038086,0.4361886978149414,0.4907703399658203,nonzero,+,1.0635085105895996,0.6000289916992188
ctrl:furnace,r16_D_muD,0.0,2,2,0.0,0.0,0.0,near_zero,0,0.6000289916992188,0.6000289916992188
ctrl:furnace,r16_D_muD,0.5,2,2,0.02856612205505371,-0.02816009521484375,0.08529233932495117,near_zero,+,0.6285951137542725,0.6000289916992188
ctrl:furnace,r16_D_muD,1.0,2,2,-0.07928657531738281,-0.08893775939941406,-0.06963539123535156,near_zero,-,0.5207424163818359,0.6000289916992188
ctrl:furnace,r16_D_muD,2.0,2,2,-0.00602412223815918,-0.24449920654296875,0.2324509620666504,near_zero,-,0.5940048694610596,0.6000289916992188
ctrl:furnace,r16_D_muD,4.0,2,2,0.1100606918334961,0.07437896728515625,0.14574241638183594,near_zero,+,0.7100896835327148,0.6000289916992188
ctrl:furnace,r17_D_dA,0.0,2,2,0.0,0.0,0.0,near_zero,0,0.6000289916992188,0.6000289916992188
ctrl:furnace,r17_D_dA,0.5,2,2,-0.1530003547668457,-0.2378854751586914,-0.068115234375,near_zero,-,0.44702863693237305,0.6000289916992188
ctrl:furnace,r17_D_dA,1.0,2,2,-0.13628005981445312,-0.2436695098876953,-0.028890609741210938,near_zero,-,0.4637489318847656,0.6000289916992188
ctrl:furnace,r17_D_dA,2.0,2,2,-0.10032939910888672,-0.1737051010131836,-0.026953697204589844,near_zero,-,0.49969959259033203,0.6000289916992188
ctrl:furnace,r17_D_dA,4.0,2,2,-0.20057344436645508,-0.23244380950927734,-0.1687030792236328,nonzero,-,0.39945554733276367,0.6000289916992188
ctrl:furnace,r17_D_muD,0.0,2,2,0.0,0.0,0.0,near_zero,0,0.6000289916992188,0.6000289916992188
ctrl:furnace,r17_D_muD,0.5,2,2,-0.09224748611450195,-0.1956181526184082,0.011123180389404297,near_zero,-,0.5077815055847168,0.6000289916992188
ctrl:furnace,r17_D_muD,1.0,2,2,-0.0782468318939209,-0.1617274284362793,0.0052337646484375,near_zero,-,0.5217821598052979,0.6000289916992188
ctrl:furnace,r17_D_muD,2.0,2,2,-0.10770940780639648,-0.1762070655822754,-0.03921175003051758,near_zero,-,0.49231958389282227,0.6000289916992188
ctrl:furnace,r17_D_muD,4.0,2,2,-0.14713239669799805,-0.15317344665527344,-0.14109134674072266,near_zero,-,0.4528965950012207,0.6000289916992188
ctrl:furnace,r18_D_dA,0.0,2,2,0.0,0.0,0.0,near_zero,0,0.6000289916992188,0.6000289916992188
ctrl:furnace,r18_D_dA,0.5,2,2,-0.07320713996887207,-0.07470083236694336,-0.07171344757080078,near_zero,-,0.5268218517303467,0.6000289916992188
ctrl:furnace,r18_D_dA,1.0,2,2,-0.24283814430236816,-0.30799245834350586,-0.17768383026123047,nonzero,-,0.3571908473968506,0.6000289916992188
ctrl:furnace,r18_D_dA,2.0,2,2,-0.1405196189880371,-0.19798946380615234,-0.08304977416992188,near_zero,-,0.45950937271118164,0.6000289916992188
ctrl:furnace,r18_D_dA,4.0,2,2,0.07585453987121582,-0.0850820541381836,0.23679113388061523,near_zero,+,0.6758835315704346,0.6000289916992188
ctrl:furnace,r18_D_muD,0.0,2,2,0.0,0.0,0.0,near_zero,0,0.6000289916992188,0.6000289916992188
ctrl:furnace,r18_D_muD,0.5,2,2,-0.07854819297790527,-0.16797113418579102,0.010874748229980469,near_zero,-,0.5214807987213135,0.6000289916992188
ctrl:furnace,r18_D_muD,1.0,2,2,-0.09317970275878906,-0.15414810180664062,-0.0322113037109375,near_zero,-,0.5068492889404297,0.6000289916992188
ctrl:furnace,r18_D_muD,2.0,2,2,-0.1436445713043213,-0.24359893798828125,-0.04369020462036133,near_zero,-,0.45638442039489746,0.6000289916992188
ctrl:furnace,r18_D_muD,4.0,2,2,-0.21996641159057617,-0.22109603881835938,-0.21883678436279297,nonzero,-,0.3800625801086426,0.6000289916992188
ctrl:furnace,r19_D_dA,0.0,2,2,0.0,0.0,0.0,near_zero,0,0.6000289916992188,0.6000289916992188
ctrl:furnace,r19_D_dA,0.5,2,2,-0.030547618865966797,-0.09181404113769531,0.03071880340576172,near_zero,-,0.569481372833252,0.6000289916992188
ctrl:furnace,r19_D_dA,1.0,2,2,-0.023541688919067383,-0.1230630874633789,0.07597970962524414,near_zero,-,0.5764873027801514,0.6000289916992188
ctrl:furnace,r19_D_dA,2.0,2,2,0.15900278091430664,0.07553577423095703,0.24246978759765625,near_zero,+,0.7590317726135254,0.6000289916992188
ctrl:furnace,r19_D_dA,4.0,2,2,0.7131578922271729,0.6779861450195312,0.7483296394348145,nonzero,+,1.3131868839263916,0.6000289916992188
ctrl:furnace,r19_D_muD,0.0,2,2,0.0,0.0,0.0,near_zero,0,0.6000289916992188,0.6000289916992188
ctrl:furnace,r19_D_muD,0.5,2,2,0.01584029197692871,0.0007615089416503906,0.03091907501220703,near_zero,+,0.6158692836761475,0.6000289916992188
ctrl:furnace,r19_D_muD,1.0,2,2,-0.15638160705566406,-0.16792678833007812,-0.14483642578125,near_zero,-,0.4436473846435547,0.6000289916992188
ctrl:furnace,r19_D_muD,2.0,2,2,-0.04603099822998047,-0.141876220703125,0.04981422424316406,near_zero,-,0.5539979934692383,0.6000289916992188
ctrl:furnace,r19_D_muD,4.0,2,2,0.1096653938293457,0.10540199279785156,0.11392879486083984,near_zero,+,0.7096943855285645,0.6000289916992188
ctrl:furnace,r20_D_dA,0.0,2,2,0.0,0.0,0.0,near_zero,0,0.6000289916992188,0.6000289916992188
ctrl:furnace,r20_D_dA,0.5,2,2,-0.19180965423583984,-0.20246315002441406,-0.18115615844726562,near_zero,-,0.4082193374633789,0.6000289916992188
ctrl:furnace,r20_D_dA,1.0,2,2,-0.10679340362548828,-0.1924877166748047,-0.021099090576171875,near_zero,-,0.49323558807373047,0.6000289916992188
ctrl:furnace,r20_D_dA,2.0,2,2,-0.29654383659362793,-0.40963172912597656,-0.1834559440612793,nonzero,-,0.3034851551055908,0.6000289916992188
ctrl:furnace,r20_D_dA,4.0,2,2,0.2632865905761719,0.11725044250488281,0.40932273864746094,nonzero,+,0.8633155822753906,0.6000289916992188
ctrl:furnace,r20_D_muD,0.0,2,2,0.0,0.0,0.0,near_zero,0,0.6000289916992188,0.6000289916992188
ctrl:furnace,r20_D_muD,0.5,2,2,0.08374929428100586,0.03723907470703125,0.13025951385498047,near_zero,+,0.6837782859802246,0.6000289916992188
ctrl:furnace,r20_D_muD,1.0,2,2,-0.1680455207824707,-0.24471473693847656,-0.09137630462646484,near_zero,-,0.43198347091674805,0.6000289916992188
ctrl:furnace,r20_D_muD,2.0,2,2,-0.22950530052185059,-0.37882041931152344,-0.08019018173217773,nonzero,-,0.37052369117736816,0.6000289916992188
ctrl:furnace,r20_D_muD,4.0,2,2,-0.18322443962097168,-0.2220926284790039,-0.14435625076293945,near_zero,-,0.41680455207824707,0.6000289916992188
ctrl:furnace,r21_D_dA,0.0,2,2,0.0,0.0,0.0,near_zero,0,0.6000289916992188,0.6000289916992188
ctrl:furnace,r21_D_dA,0.5,2,2,-0.09635424613952637,-0.19567584991455078,0.002967357635498047,near_zero,-,0.5036747455596924,0.6000289916992188
ctrl:furnace,r21_D_dA,1.0,2,2,-0.10169506072998047,-0.2104034423828125,0.0070133209228515625,near_zero,-,0.4983339309692383,0.6000289916992188
ctrl:furnace,r21_D_dA,2.0,2,2,-0.07638144493103027,-0.08904123306274414,-0.0637216567993164,near_zero,-,0.5236475467681885,0.6000289916992188
ctrl:furnace,r21_D_dA,4.0,2,2,0.3197164535522461,0.09916114807128906,0.5402717590332031,nonzero,+,0.9197454452514648,0.6000289916992188
ctrl:furnace,r21_D_muD,0.0,2,2,0.0,0.0,0.0,near_zero,0,0.6000289916992188,0.6000289916992188
ctrl:furnace,r21_D_muD,0.5,2,2,-0.0939784049987793,-0.20856904983520508,0.020612239837646484,near_zero,-,0.5060505867004395,0.6000289916992188
ctrl:furnace,r21_D_muD,1.0,2,2,-0.2803020477294922,-0.31240177154541016,-0.24820232391357422,nonzero,-,0.31972694396972656,0.6000289916992188
ctrl:furnace,r21_D_muD,2.0,2,2,-0.02882862091064453,-0.08948898315429688,0.03183174133300781,near_zero,-,0.5712003707885742,0.6000289916992188
ctrl:furnace,r21_D_muD,4.0,2,2,0.06206917762756348,0.009515762329101562,0.11462259292602539,near_zero,+,0.6620981693267822,0.6000289916992188
ctrl:furnace,r22_D_dA,0.0,2,2,0.0,0.0,0.0,near_zero,0,0.6000289916992188,0.6000289916992188
ctrl:furnace,r22_D_dA,0.5,2,2,0.0695950984954834,0.04882955551147461,0.09036064147949219,near_zero,+,0.6696240901947021,0.6000289916992188
ctrl:furnace,r22_D_dA,1.0,2,2,0.027170896530151367,-0.10170125961303711,0.15604305267333984,near_zero,+,0.6271998882293701,0.6000289916992188
ctrl:furnace,r22_D_dA,2.0,2,2,0.2597188949584961,0.13536739349365234,0.38407039642333984,nonzero,+,0.8597478866577148,0.6000289916992188
ctrl:furnace,r22_D_dA,4.0,2,2,0.5253884792327881,0.5079131126403809,0.5428638458251953,nonzero,+,1.1254174709320068,0.6000289916992188
ctrl:furnace,r22_D_muD,0.0,2,2,0.0,0.0,0.0,near_zero,0,0.6000289916992188,0.6000289916992188
ctrl:furnace,r22_D_muD,0.5,2,2,-0.06296420097351074,-0.07521677017211914,-0.050711631774902344,near_zero,-,0.537064790725708,0.6000289916992188
ctrl:furnace,r22_D_muD,1.0,2,2,0.0588679313659668,0.03240013122558594,0.08533573150634766,near_zero,+,0.6588969230651855,0.6000289916992188
ctrl:furnace,r22_D_muD,2.0,2,2,-0.027707815170288086,-0.06782007217407227,0.012404441833496094,near_zero,-,0.5723211765289307,0.6000289916992188
ctrl:furnace,r22_D_muD,4.0,2,2,0.20769166946411133,0.10089969635009766,0.314483642578125,nonzero,+,0.8077206611633301,0.6000289916992188
ctrl:odometer,dA_D,0.0,2,2,0.0,0.0,0.0,near_zero,0,-0.015511035919189453,-0.015511035919189453
ctrl:odometer,dA_D,0.5,2,2,-0.1414942741394043,-0.2563905715942383,-0.026597976684570312,near_zero,-,-0.15700531005859375,-0.015511035919189453
ctrl:odometer,dA_D,1.0,2,2,-0.06492805480957031,-0.13912487030029297,0.009268760681152344,near_zero,-,-0.08043909072875977,-0.015511035919189453
ctrl:odometer,dA_D,2.0,2,2,-0.03882646560668945,-0.4061107635498047,0.3284578323364258,near_zero,-,-0.054337501525878906,-0.015511035919189453
ctrl:odometer,dA_D,4.0,2,2,0.06404352188110352,-0.1214742660522461,0.24956130981445312,near_zero,+,0.04853248596191406,-0.015511035919189453
ctrl:odometer,dA_D_matched_muD,0.0,2,2,0.0,0.0,0.0,near_zero,0,-0.015511035919189453,-0.015511035919189453
ctrl:odometer,dA_D_matched_muD,0.5,2,2,-0.0749962329864502,-0.1557636260986328,0.005771160125732422,near_zero,-,-0.09050726890563965,-0.015511035919189453
ctrl:odometer,dA_D_matched_muD,1.0,2,2,-0.13992047309875488,-0.21518182754516602,-0.06465911865234375,near_zero,-,-0.15543150901794434,-0.015511035919189453
ctrl:odometer,dA_D_matched_muD,2.0,2,2,-0.011456966400146484,-0.10069131851196289,0.07777738571166992,near_zero,-,-0.026968002319335938,-0.015511035919189453
ctrl:odometer,dA_D_matched_muD,4.0,2,2,0.034712791442871094,-0.05711174011230469,0.12653732299804688,near_zero,+,0.01920175552368164,-0.015511035919189453
ctrl:odometer,muD_D,0.0,2,2,0.0,0.0,0.0,near_zero,0,-0.015511035919189453,-0.015511035919189453
ctrl:odometer,muD_D,0.5,2,2,-0.07489585876464844,-0.14266061782836914,-0.007131099700927734,near_zero,-,-0.09040689468383789,-0.015511035919189453
ctrl:odometer,muD_D,1.0,2,2,-0.08692169189453125,-0.1401209831237793,-0.0337224006652832,near_zero,-,-0.1024327278137207,-0.015511035919189453
ctrl:odometer,muD_D,2.0,2,2,0.0455167293548584,-0.18332767486572266,0.27436113357543945,near_zero,+,0.030005693435668945,-0.015511035919189453
ctrl:odometer,muD_D,4.0,2,2,0.19788265228271484,0.061020851135253906,0.3347444534301758,near_zero,+,0.1823716163635254,-0.015511035919189453
ctrl:odometer,muD_D_matched_dA,0.0,2,2,0.0,0.0,0.0,near_zero,0,-0.015511035919189453,-0.015511035919189453
ctrl:odometer,muD_D_matched_dA,0.5,2,2,-0.029326200485229492,-0.059142112731933594,0.0004897117614746094,near_zero,-,-0.044837236404418945,-0.015511035919189453
ctrl:odometer,muD_D_matched_dA,1.0,2,2,-0.033804893493652344,-0.23147964477539062,0.16386985778808594,near_zero,-,-0.0493159294128418,-0.015511035919189453
ctrl:odometer,muD_D_matched_dA,2.0,2,2,0.24178647994995117,0.1101689338684082,0.37340402603149414,nonzero,+,0.22627544403076172,-0.015511035919189453
ctrl:odometer,muD_D_matched_dA,4.0,2,2,0.5976059436798096,0.17229747772216797,1.0229144096374512,nonzero,+,0.5820949077606201,-0.015511035919189453
ctrl:odometer,muD_P,0.0,2,2,0.0,0.0,0.0,near_zero,0,-0.015511035919189453,-0.015511035919189453
ctrl:odometer,muD_P,0.5,2,2,-0.05424189567565918,-0.11414194107055664,0.005658149719238281,near_zero,-,-0.06975293159484863,-0.015511035919189453
ctrl:odometer,muD_P,1.0,2,2,-0.06039690971374512,-0.15690135955810547,0.036107540130615234,near_zero,-,-0.07590794563293457,-0.015511035919189453
ctrl:odometer,muD_P,2.0,2,2,0.0025131702423095703,-0.10555887222290039,0.11058521270751953,near_zero,+,-0.012997865676879883,-0.015511035919189453
ctrl:odometer,muD_P,4.0,2,2,0.004336357116699219,-0.11396265029907227,0.1226353645324707,near_zero,+,-0.011174678802490234,-0.015511035919189453
ctrl:odometer,muD_P_plus_dA_D,0.0,2,2,0.0,0.0,0.0,near_zero,0,-0.015511035919189453,-0.015511035919189453
ctrl:odometer,muD_P_plus_dA_D,0.5,2,2,0.05678105354309082,-0.1373143196105957,0.25087642669677734,near_zero,+,0.04127001762390137,-0.015511035919189453
ctrl:odometer,muD_P_plus_dA_D,1.0,2,2,0.021514177322387695,-0.14040088653564453,0.18342924118041992,near_zero,+,0.006003141403198242,-0.015511035919189453
ctrl:odometer,muD_P_plus_dA_D,2.0,2,2,0.09369730949401855,-0.09739351272583008,0.2847881317138672,near_zero,+,0.0781862735748291,-0.015511035919189453
ctrl:odometer,muD_P_plus_dA_D,4.0,2,2,-0.04507589340209961,-0.10907840728759766,0.018926620483398438,near_zero,-,-0.06058692932128906,-0.015511035919189453
ctrl:odometer,dConc_D_matched_dA,0.0,2,2,0.0,0.0,0.0,near_zero,0,-0.015511035919189453,-0.015511035919189453
ctrl:odometer,dConc_D_matched_dA,0.5,2,2,0.06057929992675781,-0.0024709701538085938,0.12362957000732422,near_zero,+,0.04506826400756836,-0.015511035919189453
ctrl:odometer,dConc_D_matched_dA,1.0,2,2,-0.05040240287780762,-0.0682973861694336,-0.03250741958618164,near_zero,-,-0.06591343879699707,-0.015511035919189453
ctrl:odometer,dConc_D_matched_dA,2.0,2,2,0.19484615325927734,-0.013518333435058594,0.4032106399536133,near_zero,+,0.1793351173400879,-0.015511035919189453
ctrl:odometer,dConc_D_matched_dA,4.0,2,2,0.34497714042663574,0.24283266067504883,0.44712162017822266,nonzero,+,0.3294661045074463,-0.015511035919189453
ctrl:odometer,dConc_D_native,0.0,2,2,0.0,0.0,0.0,near_zero,0,-0.015511035919189453,-0.015511035919189453
ctrl:odometer,dConc_D_native,0.5,2,2,-0.16288518905639648,-0.17105960845947266,-0.1547107696533203,near_zero,-,-0.17839622497558594,-0.015511035919189453
ctrl:odometer,dConc_D_native,1.0,2,2,0.1352229118347168,0.003345489501953125,0.26710033416748047,near_zero,+,0.11971187591552734,-0.015511035919189453
ctrl:odometer,dConc_D_native,2.0,2,2,0.255709171295166,0.061923980712890625,0.4494943618774414,nonzero,+,0.24019813537597656,-0.015511035919189453
ctrl:odometer,dConc_D_native,4.0,2,2,-0.013573169708251953,-0.0796060562133789,0.052459716796875,near_zero,-,-0.029084205627441406,-0.015511035919189453
ctrl:odometer,muD_PD_F4S,0.0,2,2,0.0,0.0,0.0,near_zero,0,-0.015511035919189453,-0.015511035919189453
ctrl:odometer,muD_PD_F4S,0.5,2,2,-0.009430646896362305,-0.13705825805664062,0.11819696426391602,near_zero,-,-0.024941682815551758,-0.015511035919189453
ctrl:odometer,muD_PD_F4S,1.0,2,2,-0.10034418106079102,-0.13749408721923828,-0.06319427490234375,near_zero,-,-0.11585521697998047,-0.015511035919189453
ctrl:odometer,muD_PD_F4S,2.0,2,2,0.10532665252685547,0.04531097412109375,0.1653423309326172,near_zero,+,0.08981561660766602,-0.015511035919189453
ctrl:odometer,muD_PD_F4S,4.0,2,2,0.22960638999938965,0.014104366302490234,0.44510841369628906,nonzero,+,0.2140953540802002,-0.015511035919189453
ctrl:odometer,r0_D_dA,0.0,2,2,0.0,0.0,0.0,near_zero,0,-0.015511035919189453,-0.015511035919189453
ctrl:odometer,r0_D_dA,0.5,2,2,-0.15071868896484375,-0.25090694427490234,-0.050530433654785156,near_zero,-,-0.1662297248840332,-0.015511035919189453
ctrl:odometer,r0_D_dA,1.0,2,2,-0.16963934898376465,-0.18447256088256836,-0.15480613708496094,near_zero,-,-0.1851503849029541,-0.015511035919189453
ctrl:odometer,r0_D_dA,2.0,2,2,-0.049407958984375,-0.18623638153076172,0.08742046356201172,near_zero,-,-0.06491899490356445,-0.015511035919189453
ctrl:odometer,r0_D_dA,4.0,2,2,-1.1702821254730225,-1.347935676574707,-0.9926285743713379,nonzero,-,-1.185793161392212,-0.015511035919189453
ctrl:odometer,r0_D_muD,0.0,2,2,0.0,0.0,0.0,near_zero,0,-0.015511035919189453,-0.015511035919189453
ctrl:odometer,r0_D_muD,0.5,2,2,-0.22656917572021484,-0.27641868591308594,-0.17671966552734375,nonzero,-,-0.2420802116394043,-0.015511035919189453
ctrl:odometer,r0_D_muD,1.0,2,2,-0.1198265552520752,-0.17577791213989258,-0.06387519836425781,near_zero,-,-0.13533759117126465,-0.015511035919189453
ctrl:odometer,r0_D_muD,2.0,2,2,-0.2203211784362793,-0.4056820869445801,-0.034960269927978516,nonzero,-,-0.23583221435546875,-0.015511035919189453
ctrl:odometer,r0_D_muD,4.0,2,2,-0.0233612060546875,-0.1182413101196289,0.0715188980102539,near_zero,-,-0.03887224197387695,-0.015511035919189453
ctrl:odometer,r1_D_dA,0.0,2,2,0.0,0.0,0.0,near_zero,0,-0.015511035919189453,-0.015511035919189453
ctrl:odometer,r1_D_dA,0.5,2,2,0.04370403289794922,-0.033448219299316406,0.12085628509521484,near_zero,+,0.028192996978759766,-0.015511035919189453
ctrl:odometer,r1_D_dA,1.0,2,2,-0.05525040626525879,-0.13199281692504883,0.02149200439453125,near_zero,-,-0.07076144218444824,-0.015511035919189453
ctrl:odometer,r1_D_dA,2.0,2,2,0.0910482406616211,0.054581642150878906,0.12751483917236328,near_zero,+,0.07553720474243164,-0.015511035919189453
ctrl:odometer,r1_D_dA,4.0,2,2,-0.03681540489196777,-0.15146589279174805,0.0778350830078125,near_zero,-,-0.05232644081115723,-0.015511035919189453
ctrl:odometer,r1_D_muD,0.0,2,2,0.0,0.0,0.0,near_zero,0,-0.015511035919189453,-0.015511035919189453
ctrl:odometer,r1_D_muD,0.5,2,2,0.02250194549560547,0.008792877197265625,0.03621101379394531,near_zero,+,0.006990909576416016,-0.015511035919189453
ctrl:odometer,r1_D_muD,1.0,2,2,0.03053426742553711,0.010390281677246094,0.050678253173828125,near_zero,+,0.015023231506347656,-0.015511035919189453
ctrl:odometer,r1_D_muD,2.0,2,2,-0.025644779205322266,-0.048961639404296875,-0.0023279190063476562,near_zero,-,-0.04115581512451172,-0.015511035919189453
ctrl:odometer,r1_D_muD,4.0,2,2,0.12054562568664551,0.07758283615112305,0.16350841522216797,near_zero,+,0.10503458976745605,-0.015511035919189453
ctrl:odometer,r2_D_dA,0.0,2,2,0.0,0.0,0.0,near_zero,0,-0.015511035919189453,-0.015511035919189453
ctrl:odometer,r2_D_dA,0.5,2,2,-0.15717244148254395,-0.30602455139160156,-0.008320331573486328,near_zero,-,-0.1726834774017334,-0.015511035919189453
ctrl:odometer,r2_D_dA,1.0,2,2,-0.11168789863586426,-0.21397686004638672,-0.009398937225341797,near_zero,-,-0.1271989345550537,-0.015511035919189453
ctrl:odometer,r2_D_dA,2.0,2,2,-0.1577458381652832,-0.2845306396484375,-0.030961036682128906,near_zero,-,-0.17325687408447266,-0.015511035919189453
ctrl:odometer,r2_D_dA,4.0,2,2,-0.5755159854888916,-0.8516368865966797,-0.2993950843811035,nonzero,-,-0.591027021408081,-0.015511035919189453
ctrl:odometer,r2_D_muD,0.0,2,2,0.0,0.0,0.0,near_zero,0,-0.015511035919189453,-0.015511035919189453
ctrl:odometer,r2_D_muD,0.5,2,2,0.0037894248962402344,-0.08768081665039062,0.0952596664428711,near_zero,+,-0.011721611022949219,-0.015511035919189453
ctrl:odometer,r2_D_muD,1.0,2,2,-0.09874725341796875,-0.2533445358276367,0.05585002899169922,near_zero,-,-0.1142582893371582,-0.015511035919189453
ctrl:odometer,r2_D_muD,2.0,2,2,-0.19368720054626465,-0.420654296875,0.0332798957824707,near_zero,-,-0.2091982364654541,-0.015511035919189453
ctrl:odometer,r2_D_muD,4.0,2,2,-0.23311114311218262,-0.3435020446777344,-0.12272024154663086,nonzero,-,-0.24862217903137207,-0.015511035919189453
ctrl:odometer,r3_D_dA,0.0,2,2,0.0,0.0,0.0,near_zero,0,-0.015511035919189453,-0.015511035919189453
ctrl:odometer,r3_D_dA,0.5,2,2,-0.14232301712036133,-0.1516742706298828,-0.13297176361083984,near_zero,-,-0.15783405303955078,-0.015511035919189453
ctrl:odometer,r3_D_dA,1.0,2,2,0.01709461212158203,-0.0864095687866211,0.12059879302978516,near_zero,+,0.0015835762023925781,-0.015511035919189453
ctrl:odometer,r3_D_dA,2.0,2,2,-0.0253145694732666,-0.13684415817260742,0.08621501922607422,near_zero,-,-0.040825605392456055,-0.015511035919189453
ctrl:odometer,r3_D_dA,4.0,2,2,-0.31119537353515625,-0.5192012786865234,-0.10318946838378906,nonzero,-,-0.3267064094543457,-0.015511035919189453
ctrl:odometer,r3_D_muD,0.0,2,2,0.0,0.0,0.0,near_zero,0,-0.015511035919189453,-0.015511035919189453
ctrl:odometer,r3_D_muD,0.5,2,2,0.0018470287322998047,-0.05854177474975586,0.06223583221435547,near_zero,+,-0.013664007186889648,-0.015511035919189453
ctrl:odometer,r3_D_muD,1.0,2,2,-0.09218549728393555,-0.1056661605834961,-0.078704833984375,near_zero,-,-0.107696533203125,-0.015511035919189453
ctrl:odometer,r3_D_muD,2.0,2,2,-0.07167506217956543,-0.08770132064819336,-0.0556488037109375,near_zero,-,-0.08718609809875488,-0.015511035919189453
ctrl:odometer,r3_D_muD,4.0,2,2,-0.08526396751403809,-0.12616968154907227,-0.044358253479003906,near_zero,-,-0.10077500343322754,-0.015511035919189453
ctrl:odometer,r4_D_dA,0.0,2,2,0.0,0.0,0.0,near_zero,0,-0.015511035919189453,-0.015511035919189453
ctrl:odometer,r4_D_dA,0.5,2,2,-0.0005517005920410156,-0.026173114776611328,0.025069713592529297,near_zero,-,-0.01606273651123047,-0.015511035919189453
ctrl:odometer,r4_D_dA,1.0,2,2,0.10882139205932617,-0.05441093444824219,0.27205371856689453,near_zero,+,0.09331035614013672,-0.015511035919189453
ctrl:odometer,r4_D_dA,2.0,2,2,0.1919248104095459,-0.005665779113769531,0.38951539993286133,near_zero,+,0.17641377449035645,-0.015511035919189453
ctrl:odometer,r4_D_dA,4.0,2,2,0.0712285041809082,0.01920032501220703,0.12325668334960938,near_zero,+,0.05571746826171875,-0.015511035919189453
ctrl:odometer,r4_D_muD,0.0,2,2,0.0,0.0,0.0,near_zero,0,-0.015511035919189453,-0.015511035919189453
ctrl:odometer,r4_D_muD,0.5,2,2,0.08953142166137695,0.061312198638916016,0.11775064468383789,near_zero,+,0.0740203857421875,-0.015511035919189453
ctrl:odometer,r4_D_muD,1.0,2,2,-0.02570199966430664,-0.03682136535644531,-0.014582633972167969,near_zero,-,-0.041213035583496094,-0.015511035919189453
ctrl:odometer,r4_D_muD,2.0,2,2,-0.03608870506286621,-0.21267938613891602,0.1405019760131836,near_zero,-,-0.051599740982055664,-0.015511035919189453
ctrl:odometer,r4_D_muD,4.0,2,2,-0.009592294692993164,-0.1329212188720703,0.11373662948608398,near_zero,-,-0.025103330612182617,-0.015511035919189453
ctrl:odometer,r5_D_dA,0.0,2,2,0.0,0.0,0.0,near_zero,0,-0.015511035919189453,-0.015511035919189453
ctrl:odometer,r5_D_dA,0.5,2,2,-0.05915570259094238,-0.1432938575744629,0.024982452392578125,near_zero,-,-0.07466673851013184,-0.015511035919189453
ctrl:odometer,r5_D_dA,1.0,2,2,0.15982723236083984,-0.0036191940307617188,0.3232736587524414,near_zero,+,0.1443161964416504,-0.015511035919189453
ctrl:odometer,r5_D_dA,2.0,2,2,0.17409348487854004,-0.10252857208251953,0.4507155418395996,near_zero,+,0.15858244895935059,-0.015511035919189453
ctrl:odometer,r5_D_dA,4.0,2,2,0.12682056427001953,0.0025005340576171875,0.2511405944824219,near_zero,+,0.11130952835083008,-0.015511035919189453
ctrl:odometer,r5_D_muD,0.0,2,2,0.0,0.0,0.0,near_zero,0,-0.015511035919189453,-0.015511035919189453
ctrl:odometer,r5_D_muD,0.5,2,2,-0.05496549606323242,-0.0889730453491211,-0.02095794677734375,near_zero,-,-0.07047653198242188,-0.015511035919189453
ctrl:odometer,r5_D_muD,1.0,2,2,-0.07927870750427246,-0.12347030639648438,-0.03508710861206055,near_zero,-,-0.09478974342346191,-0.015511035919189453
ctrl:odometer,r5_D_muD,2.0,2,2,0.008991003036499023,-0.14526700973510742,0.16324901580810547,near_zero,+,-0.00652003288269043,-0.015511035919189453
ctrl:odometer,r5_D_muD,4.0,2,2,0.09588932991027832,-0.13761472702026367,0.3293933868408203,near_zero,+,0.08037829399108887,-0.015511035919189453
ctrl:odometer,r6_D_dA,0.0,2,2,0.0,0.0,0.0,near_zero,0,-0.015511035919189453,-0.015511035919189453
ctrl:odometer,r6_D_dA,0.5,2,2,0.07513046264648438,-0.019947528839111328,0.17020845413208008,near_zero,+,0.05961942672729492,-0.015511035919189453
ctrl:odometer,r6_D_dA,1.0,2,2,-0.10797572135925293,-0.2186260223388672,0.002674579620361328,near_zero,-,-0.12348675727844238,-0.015511035919189453
ctrl:odometer,r6_D_dA,2.0,2,2,0.05164480209350586,-0.009016990661621094,0.11230659484863281,near_zero,+,0.036133766174316406,-0.015511035919189453
ctrl:odometer,r6_D_dA,4.0,2,2,0.09451866149902344,0.036350250244140625,0.15268707275390625,near_zero,+,0.07900762557983398,-0.015511035919189453
ctrl:odometer,r6_D_muD,0.0,2,2,0.0,0.0,0.0,near_zero,0,-0.015511035919189453,-0.015511035919189453
ctrl:odometer,r6_D_muD,0.5,2,2,-0.14992427825927734,-0.23396587371826172,-0.06588268280029297,near_zero,-,-0.1654353141784668,-0.015511035919189453
ctrl:odometer,r6_D_muD,1.0,2,2,-0.026233673095703125,-0.28040504455566406,0.2279376983642578,near_zero,-,-0.04174470901489258,-0.015511035919189453
ctrl:odometer,r6_D_muD,2.0,2,2,0.043369293212890625,0.028154373168945312,0.05858421325683594,near_zero,+,0.027858257293701172,-0.015511035919189453
ctrl:odometer,r6_D_muD,4.0,2,2,-0.026224136352539062,-0.07267284393310547,0.020224571228027344,near_zero,-,-0.041735172271728516,-0.015511035919189453
ctrl:odometer,r7_D_dA,0.0,2,2,0.0,0.0,0.0,near_zero,0,-0.015511035919189453,-0.015511035919189453
ctrl:odometer,r7_D_dA,0.5,2,2,-0.0891273021697998,-0.1313304901123047,-0.04692411422729492,near_zero,-,-0.10463833808898926,-0.015511035919189453
ctrl:odometer,r7_D_dA,1.0,2,2,-0.12914085388183594,-0.1500406265258789,-0.10824108123779297,near_zero,-,-0.1446518898010254,-0.015511035919189453
ctrl:odometer,r7_D_dA,2.0,2,2,-0.14416122436523438,-0.43132972717285156,0.1430072784423828,near_zero,-,-0.15967226028442383,-0.015511035919189453
ctrl:odometer,r7_D_dA,4.0,2,2,-0.04425621032714844,-0.3668079376220703,0.27829551696777344,near_zero,-,-0.05976724624633789,-0.015511035919189453
ctrl:odometer,r7_D_muD,0.0,2,2,0.0,0.0,0.0,near_zero,0,-0.015511035919189453,-0.015511035919189453
ctrl:odometer,r7_D_muD,0.5,2,2,-0.12656688690185547,-0.1927013397216797,-0.06043243408203125,near_zero,-,-0.14207792282104492,-0.015511035919189453
ctrl:odometer,r7_D_muD,1.0,2,2,-0.09299850463867188,-0.16443824768066406,-0.021558761596679688,near_zero,-,-0.10850954055786133,-0.015511035919189453
ctrl:odometer,r7_D_muD,2.0,2,2,0.008087158203125,-0.13890457153320312,0.15507888793945312,near_zero,+,-0.007423877716064453,-0.015511035919189453
ctrl:odometer,r7_D_muD,4.0,2,2,-0.15177655220031738,-0.382169246673584,0.07861614227294922,near_zero,-,-0.16728758811950684,-0.015511035919189453
ctrl:odometer,r8_D_dA,0.0,2,2,0.0,0.0,0.0,near_zero,0,-0.015511035919189453,-0.015511035919189453
ctrl:odometer,r8_D_dA,0.5,2,2,-0.032909393310546875,-0.1550445556640625,0.08922576904296875,near_zero,-,-0.04842042922973633,-0.015511035919189453
ctrl:odometer,r8_D_dA,1.0,2,2,0.0741109848022461,0.0673055648803711,0.0809164047241211,near_zero,+,0.05859994888305664,-0.015511035919189453
ctrl:odometer,r8_D_dA,2.0,2,2,0.06261253356933594,0.0552215576171875,0.07000350952148438,near_zero,+,0.047101497650146484,-0.015511035919189453
ctrl:odometer,r8_D_dA,4.0,2,2,0.1706860065460205,-0.027715206146240234,0.36908721923828125,near_zero,+,0.15517497062683105,-0.015511035919189453
ctrl:odometer,r8_D_muD,0.0,2,2,0.0,0.0,0.0,near_zero,0,-0.015511035919189453,-0.015511035919189453
ctrl:odometer,r8_D_muD,0.5,2,2,-0.06007194519042969,-0.06690359115600586,-0.053240299224853516,near_zero,-,-0.07558298110961914,-0.015511035919189453
ctrl:odometer,r8_D_muD,1.0,2,2,-0.21557331085205078,-0.3072185516357422,-0.12392807006835938,nonzero,-,-0.23108434677124023,-0.015511035919189453
ctrl:odometer,r8_D_muD,2.0,2,2,0.08417439460754395,-0.013654232025146484,0.18200302124023438,near_zero,+,0.06866335868835449,-0.015511035919189453
ctrl:odometer,r8_D_muD,4.0,2,2,0.045830726623535156,-0.09167098999023438,0.1833324432373047,near_zero,+,0.030319690704345703,-0.015511035919189453
ctrl:odometer,r9_D_dA,0.0,2,2,0.0,0.0,0.0,near_zero,0,-0.015511035919189453,-0.015511035919189453
ctrl:odometer,r9_D_dA,0.5,2,2,-0.23317885398864746,-0.36177921295166016,-0.10457849502563477,nonzero,-,-0.24868988990783691,-0.015511035919189453
ctrl:odometer,r9_D_dA,1.0,2,2,0.12803077697753906,0.048378944396972656,0.20768260955810547,near_zero,+,0.11251974105834961,-0.015511035919189453
ctrl:odometer,r9_D_dA,2.0,2,2,0.06894230842590332,0.0663309097290039,0.07155370712280273,near_zero,+,0.05343127250671387,-0.015511035919189453
ctrl:odometer,r9_D_dA,4.0,2,2,-0.4471147060394287,-0.8386120796203613,-0.055617332458496094,nonzero,-,-0.46262574195861816,-0.015511035919189453
ctrl:odometer,r9_D_muD,0.0,2,2,0.0,0.0,0.0,near_zero,0,-0.015511035919189453,-0.015511035919189453
ctrl:odometer,r9_D_muD,0.5,2,2,-0.12654685974121094,-0.27190303802490234,0.01880931854248047,near_zero,-,-0.1420578956604004,-0.015511035919189453
ctrl:odometer,r9_D_muD,1.0,2,2,-0.0886850357055664,-0.10846710205078125,-0.06890296936035156,near_zero,-,-0.10419607162475586,-0.015511035919189453
ctrl:odometer,r9_D_muD,2.0,2,2,-0.10014915466308594,-0.25690364837646484,0.05660533905029297,near_zero,-,-0.11566019058227539,-0.015511035919189453
ctrl:odometer,r9_D_muD,4.0,2,2,-0.0032215118408203125,-0.12236547470092773,0.11592245101928711,near_zero,-,-0.018732547760009766,-0.015511035919189453
ctrl:odometer,r10_D_dA,0.0,2,2,0.0,0.0,0.0,near_zero,0,-0.015511035919189453,-0.015511035919189453
ctrl:odometer,r10_D_dA,0.5,2,2,0.0016398429870605469,-0.016776084899902344,0.020055770874023438,near_zero,+,-0.013871192932128906,-0.015511035919189453
ctrl:odometer,r10_D_dA,1.0,2,2,0.02933669090270996,-0.0005130767822265625,0.059186458587646484,near_zero,+,0.013825654983520508,-0.015511035919189453
ctrl:odometer,r10_D_dA,2.0,2,2,0.15483808517456055,0.09928417205810547,0.21039199829101562,near_zero,+,0.1393270492553711,-0.015511035919189453
ctrl:odometer,r10_D_dA,4.0,2,2,0.0006725788116455078,-0.14465665817260742,0.14600181579589844,near_zero,+,-0.014838457107543945,-0.015511035919189453
ctrl:odometer,r10_D_muD,0.0,2,2,0.0,0.0,0.0,near_zero,0,-0.015511035919189453,-0.015511035919189453
ctrl:odometer,r10_D_muD,0.5,2,2,-0.08312845230102539,-0.12619256973266602,-0.040064334869384766,near_zero,-,-0.09863948822021484,-0.015511035919189453
ctrl:odometer,r10_D_muD,1.0,2,2,-0.04400062561035156,-0.09394311904907227,0.005941867828369141,near_zero,-,-0.059511661529541016,-0.015511035919189453
ctrl:odometer,r10_D_muD,2.0,2,2,0.07060670852661133,0.00421142578125,0.13700199127197266,near_zero,+,0.055095672607421875,-0.015511035919189453
ctrl:odometer,r10_D_muD,4.0,2,2,0.11231231689453125,0.014971733093261719,0.20965290069580078,near_zero,+,0.0968012809753418,-0.015511035919189453
ctrl:odometer,r11_D_dA,0.0,2,2,0.0,0.0,0.0,near_zero,0,-0.015511035919189453,-0.015511035919189453
ctrl:odometer,r11_D_dA,0.5,2,2,-0.026278972625732422,-0.04048442840576172,-0.012073516845703125,near_zero,-,-0.041790008544921875,-0.015511035919189453
ctrl:odometer,r11_D_dA,1.0,2,2,0.05364680290222168,0.007266044616699219,0.10002756118774414,near_zero,+,0.03813576698303223,-0.015511035919189453
ctrl:odometer,r11_D_dA,2.0,2,2,-0.009388446807861328,-0.16144466400146484,0.1426677703857422,near_zero,-,-0.02489948272705078,-0.015511035919189453
ctrl:odometer,r11_D_dA,4.0,2,2,0.05565690994262695,-0.13489151000976562,0.24620532989501953,near_zero,+,0.0401458740234375,-0.015511035919189453
ctrl:odometer,r11_D_muD,0.0,2,2,0.0,0.0,0.0,near_zero,0,-0.015511035919189453,-0.015511035919189453
ctrl:odometer,r11_D_muD,0.5,2,2,-0.14010858535766602,-0.2111668586730957,-0.06905031204223633,near_zero,-,-0.15561962127685547,-0.015511035919189453
ctrl:odometer,r11_D_muD,1.0,2,2,-0.0217592716217041,-0.14497947692871094,0.10146093368530273,near_zero,-,-0.037270307540893555,-0.015511035919189453
ctrl:odometer,r11_D_muD,2.0,2,2,-0.04406905174255371,-0.05505514144897461,-0.03308296203613281,near_zero,-,-0.059580087661743164,-0.015511035919189453
ctrl:odometer,r11_D_muD,4.0,2,2,-0.044297218322753906,-0.19390487670898438,0.10531044006347656,near_zero,-,-0.05980825424194336,-0.015511035919189453
ctrl:odometer,r12_D_dA,0.0,2,2,0.0,0.0,0.0,near_zero,0,-0.015511035919189453,-0.015511035919189453
ctrl:odometer,r12_D_dA,0.5,2,2,-0.014977693557739258,-0.12307167053222656,0.09311628341674805,near_zero,-,-0.03048872947692871,-0.015511035919189453
ctrl:odometer,r12_D_dA,1.0,2,2,-0.0727996826171875,-0.17080402374267578,0.02520465850830078,near_zero,-,-0.08831071853637695,-0.015511035919189453
ctrl:odometer,r12_D_dA,2.0,2,2,0.030250072479248047,-0.19116497039794922,0.2516651153564453,near_zero,+,0.014739036560058594,-0.015511035919189453
ctrl:odometer,r12_D_dA,4.0,2,2,-0.016368389129638672,-0.1315302848815918,0.09879350662231445,near_zero,-,-0.031879425048828125,-0.015511035919189453
ctrl:odometer,r12_D_muD,0.0,2,2,0.0,0.0,0.0,near_zero,0,-0.015511035919189453,-0.015511035919189453
ctrl:odometer,r12_D_muD,0.5,2,2,0.023257017135620117,-0.026522159576416016,0.07303619384765625,near_zero,+,0.007745981216430664,-0.015511035919189453
ctrl:odometer,r12_D_muD,1.0,2,2,0.08032560348510742,-0.057641029357910156,0.218292236328125,near_zero,+,0.06481456756591797,-0.015511035919189453
ctrl:odometer,r12_D_muD,2.0,2,2,0.1094825267791748,0.10026216506958008,0.11870288848876953,near_zero,+,0.09397149085998535,-0.015511035919189453
ctrl:odometer,r12_D_muD,4.0,2,2,0.10512757301330566,0.078887939453125,0.13136720657348633,near_zero,+,0.08961653709411621,-0.015511035919189453
ctrl:odometer,r13_D_dA,0.0,2,2,0.0,0.0,0.0,near_zero,0,-0.015511035919189453,-0.015511035919189453
ctrl:odometer,r13_D_dA,0.5,2,2,-0.05119895935058594,-0.05510902404785156,-0.04728889465332031,near_zero,-,-0.06670999526977539,-0.015511035919189453
ctrl:odometer,r13_D_dA,1.0,2,2,-0.044391632080078125,-0.12405109405517578,0.03526782989501953,near_zero,-,-0.05990266799926758,-0.015511035919189453
ctrl:odometer,r13_D_dA,2.0,2,2,0.2217099666595459,0.15591001510620117,0.2875099182128906,nonzero,+,0.20619893074035645,-0.015511035919189453
ctrl:odometer,r13_D_dA,4.0,2,2,0.22280645370483398,-0.05211925506591797,0.49773216247558594,inconclusive,+,0.20729541778564453,-0.015511035919189453
ctrl:odometer,r13_D_muD,0.0,2,2,0.0,0.0,0.0,near_zero,0,-0.015511035919189453,-0.015511035919189453
ctrl:odometer,r13_D_muD,0.5,2,2,-0.14614033699035645,-0.2591266632080078,-0.03315401077270508,near_zero,-,-0.1616513729095459,-0.015511035919189453
ctrl:odometer,r13_D_muD,1.0,2,2,-0.03446555137634277,-0.12276792526245117,0.053836822509765625,near_zero,-,-0.04997658729553223,-0.015511035919189453
ctrl:odometer,r13_D_muD,2.0,2,2,-0.0064945220947265625,-0.035137176513671875,0.02214813232421875,near_zero,-,-0.022005558013916016,-0.015511035919189453
ctrl:odometer,r13_D_muD,4.0,2,2,0.11605453491210938,0.1054830551147461,0.12662601470947266,near_zero,+,0.10054349899291992,-0.015511035919189453
ctrl:odometer,r14_D_dA,0.0,2,2,0.0,0.0,0.0,near_zero,0,-0.015511035919189453,-0.015511035919189453
ctrl:odometer,r14_D_dA,0.5,2,2,-0.19667744636535645,-0.31634998321533203,-0.07700490951538086,near_zero,-,-0.2121884822845459,-0.015511035919189453
ctrl:odometer,r14_D_dA,1.0,2,2,-0.3804025650024414,-0.5167131423950195,-0.24409198760986328,nonzero,-,-0.39591360092163086,-0.015511035919189453
ctrl:odometer,r14_D_dA,2.0,2,2,-0.2533295154571533,-0.2849001884460449,-0.22175884246826172,nonzero,-,-0.2688405513763428,-0.015511035919189453
ctrl:odometer,r14_D_dA,4.0,2,2,0.00487518310546875,-0.13896942138671875,0.14871978759765625,near_zero,+,-0.010635852813720703,-0.015511035919189453
ctrl:odometer,r14_D_muD,0.0,2,2,0.0,0.0,0.0,near_zero,0,-0.015511035919189453,-0.015511035919189453
ctrl:odometer,r14_D_muD,0.5,2,2,-0.1805880069732666,-0.3751821517944336,0.01400613784790039,near_zero,-,-0.19609904289245605,-0.015511035919189453
ctrl:odometer,r14_D_muD,1.0,2,2,-0.23197245597839355,-0.30599117279052734,-0.15795373916625977,nonzero,-,-0.247483491897583,-0.015511035919189453
ctrl:odometer,r14_D_muD,2.0,2,2,-0.24582386016845703,-0.3905506134033203,-0.10109710693359375,nonzero,-,-0.2613348960876465,-0.015511035919189453
ctrl:odometer,r14_D_muD,4.0,2,2,-0.3484807014465332,-0.5688104629516602,-0.12815093994140625,nonzero,-,-0.36399173736572266,-0.015511035919189453
ctrl:odometer,r15_D_dA,0.0,2,2,0.0,0.0,0.0,near_zero,0,-0.015511035919189453,-0.015511035919189453
ctrl:odometer,r15_D_dA,0.5,2,2,-0.0657796859741211,-0.09862422943115234,-0.032935142517089844,near_zero,-,-0.08129072189331055,-0.015511035919189453
ctrl:odometer,r15_D_dA,1.0,2,2,0.06810975074768066,-0.03231954574584961,0.16853904724121094,near_zero,+,0.05259871482849121,-0.015511035919189453
ctrl:odometer,r15_D_dA,2.0,2,2,0.056813716888427734,0.055902957916259766,0.0577244758605957,near_zero,+,0.04130268096923828,-0.015511035919189453
ctrl:odometer,r15_D_dA,4.0,2,2,0.19979405403137207,0.018682003021240234,0.3809061050415039,near_zero,+,0.18428301811218262,-0.015511035919189453
ctrl:odometer,r15_D_muD,0.0,2,2,0.0,0.0,0.0,near_zero,0,-0.015511035919189453,-0.015511035919189453
ctrl:odometer,r15_D_muD,0.5,2,2,-0.07411861419677734,-0.10256481170654297,-0.04567241668701172,near_zero,-,-0.0896296501159668,-0.015511035919189453
ctrl:odometer,r15_D_muD,1.0,2,2,-0.1290266513824463,-0.25559520721435547,-0.0024580955505371094,near_zero,-,-0.14453768730163574,-0.015511035919189453
ctrl:odometer,r15_D_muD,2.0,2,2,-0.06686735153198242,-0.19559955596923828,0.06186485290527344,near_zero,-,-0.08237838745117188,-0.015511035919189453
ctrl:odometer,r15_D_muD,4.0,2,2,-0.004728078842163086,-0.06729507446289062,0.05783891677856445,near_zero,-,-0.02023911476135254,-0.015511035919189453
ctrl:odometer,r16_D_dA,0.0,2,2,0.0,0.0,0.0,near_zero,0,-0.015511035919189453,-0.015511035919189453
ctrl:odometer,r16_D_dA,0.5,2,2,-0.008509635925292969,-0.015231132507324219,-0.0017881393432617188,near_zero,-,-0.024020671844482422,-0.015511035919189453
ctrl:odometer,r16_D_dA,1.0,2,2,0.09901213645935059,0.04473161697387695,0.15329265594482422,near_zero,+,0.08350110054016113,-0.015511035919189453
ctrl:odometer,r16_D_dA,2.0,2,2,0.12402009963989258,0.10556507110595703,0.14247512817382812,near_zero,+,0.10850906372070312,-0.015511035919189453
ctrl:odometer,r16_D_dA,4.0,2,2,-0.05689406394958496,-0.23060894012451172,0.1168208122253418,near_zero,-,-0.07240509986877441,-0.015511035919189453
ctrl:odometer,r16_D_muD,0.0,2,2,0.0,0.0,0.0,near_zero,0,-0.015511035919189453,-0.015511035919189453
ctrl:odometer,r16_D_muD,0.5,2,2,-0.038347721099853516,-0.07544612884521484,-0.0012493133544921875,near_zero,-,-0.05385875701904297,-0.015511035919189453
ctrl:odometer,r16_D_muD,1.0,2,2,-0.13519668579101562,-0.24155807495117188,-0.028835296630859375,near_zero,-,-0.15070772171020508,-0.015511035919189453
ctrl:odometer,r16_D_muD,2.0,2,2,0.042406320571899414,-0.09388971328735352,0.17870235443115234,near_zero,+,0.02689528465270996,-0.015511035919189453
ctrl:odometer,r16_D_muD,4.0,2,2,0.011452198028564453,-0.1573925018310547,0.1802968978881836,near_zero,+,-0.004058837890625,-0.015511035919189453
ctrl:odometer,r17_D_dA,0.0,2,2,0.0,0.0,0.0,near_zero,0,-0.015511035919189453,-0.015511035919189453
ctrl:odometer,r17_D_dA,0.5,2,2,-0.03273892402648926,-0.11017751693725586,0.044699668884277344,near_zero,-,-0.04824995994567871,-0.015511035919189453
ctrl:odometer,r17_D_dA,1.0,2,2,0.13866543769836426,0.11630916595458984,0.16102170944213867,near_zero,+,0.1231544017791748,-0.015511035919189453
ctrl:odometer,r17_D_dA,2.0,2,2,-0.024162769317626953,-0.034091949462890625,-0.014233589172363281,near_zero,-,-0.039673805236816406,-0.015511035919189453
ctrl:odometer,r17_D_dA,4.0,2,2,-0.21623015403747559,-0.2725033760070801,-0.1599569320678711,nonzero,-,-0.23174118995666504,-0.015511035919189453
ctrl:odometer,r17_D_muD,0.0,2,2,0.0,0.0,0.0,near_zero,0,-0.015511035919189453,-0.015511035919189453
ctrl:odometer,r17_D_muD,0.5,2,2,-0.14493393898010254,-0.29067468643188477,0.0008068084716796875,near_zero,-,-0.160444974899292,-0.015511035919189453
ctrl:odometer,r17_D_muD,1.0,2,2,-0.08033108711242676,-0.0858612060546875,-0.07480096817016602,near_zero,-,-0.09584212303161621,-0.015511035919189453
ctrl:odometer,r17_D_muD,2.0,2,2,0.0909416675567627,0.03666067123413086,0.14522266387939453,near_zero,+,0.07543063163757324,-0.015511035919189453
ctrl:odometer,r17_D_muD,4.0,2,2,0.020438432693481445,-0.11626625061035156,0.15714311599731445,near_zero,+,0.004927396774291992,-0.015511035919189453
ctrl:odometer,r18_D_dA,0.0,2,2,0.0,0.0,0.0,near_zero,0,-0.015511035919189453,-0.015511035919189453
ctrl:odometer,r18_D_dA,0.5,2,2,0.02384042739868164,-0.01583576202392578,0.06351661682128906,near_zero,+,0.008329391479492188,-0.015511035919189453
ctrl:odometer,r18_D_dA,1.0,2,2,0.1755819320678711,-0.016614913940429688,0.3677787780761719,near_zero,+,0.16007089614868164,-0.015511035919189453
ctrl:odometer,r18_D_dA,2.0,2,2,0.2142322063446045,0.07333230972290039,0.3551321029663086,nonzero,+,0.19872117042541504,-0.015511035919189453
ctrl:odometer,r18_D_dA,4.0,2,2,0.022310495376586914,-0.023283004760742188,0.06790399551391602,near_zero,+,0.006799459457397461,-0.015511035919189453
ctrl:odometer,r18_D_muD,0.0,2,2,0.0,0.0,0.0,near_zero,0,-0.015511035919189453,-0.015511035919189453
ctrl:odometer,r18_D_muD,0.5,2,2,0.06926202774047852,0.04100513458251953,0.0975189208984375,near_zero,+,0.05375099182128906,-0.015511035919189453
ctrl:odometer,r18_D_muD,1.0,2,2,-0.04816603660583496,-0.0695953369140625,-0.026736736297607422,near_zero,-,-0.06367707252502441,-0.015511035919189453
ctrl:odometer,r18_D_muD,2.0,2,2,0.015223503112792969,-0.05716228485107422,0.08760929107666016,near_zero,+,-0.0002875328063964844,-0.015511035919189453
ctrl:odometer,r18_D_muD,4.0,2,2,0.14539241790771484,-0.03733968734741211,0.3281245231628418,near_zero,+,0.1298813819885254,-0.015511035919189453
ctrl:odometer,r19_D_dA,0.0,2,2,0.0,0.0,0.0,near_zero,0,-0.015511035919189453,-0.015511035919189453
ctrl:odometer,r19_D_dA,0.5,2,2,-0.033245086669921875,-0.1351938247680664,0.06870365142822266,near_zero,-,-0.04875612258911133,-0.015511035919189453
ctrl:odometer,r19_D_dA,1.0,2,2,-0.034615278244018555,-0.05462932586669922,-0.01460123062133789,near_zero,-,-0.05012631416320801,-0.015511035919189453
ctrl:odometer,r19_D_dA,2.0,2,2,0.20383119583129883,0.09445858001708984,0.3132038116455078,nonzero,+,0.18832015991210938,-0.015511035919189453
ctrl:odometer,r19_D_dA,4.0,2,2,0.31857967376708984,0.19456863403320312,0.44259071350097656,nonzero,+,0.3030686378479004,-0.015511035919189453
ctrl:odometer,r19_D_muD,0.0,2,2,0.0,0.0,0.0,near_zero,0,-0.015511035919189453,-0.015511035919189453
ctrl:odometer,r19_D_muD,0.5,2,2,-0.06735634803771973,-0.12949371337890625,-0.005218982696533203,near_zero,-,-0.08286738395690918,-0.015511035919189453
ctrl:odometer,r19_D_muD,1.0,2,2,0.01528024673461914,-0.0021390914916992188,0.0326995849609375,near_zero,+,-0.0002307891845703125,-0.015511035919189453
ctrl:odometer,r19_D_muD,2.0,2,2,0.11863160133361816,0.05110502243041992,0.1861581802368164,near_zero,+,0.10312056541442871,-0.015511035919189453
ctrl:odometer,r19_D_muD,4.0,2,2,0.13858342170715332,0.09459114074707031,0.18257570266723633,near_zero,+,0.12307238578796387,-0.015511035919189453
ctrl:odometer,r20_D_dA,0.0,2,2,0.0,0.0,0.0,near_zero,0,-0.015511035919189453,-0.015511035919189453
ctrl:odometer,r20_D_dA,0.5,2,2,-0.08255481719970703,-0.23244190216064453,0.06733226776123047,near_zero,-,-0.09806585311889648,-0.015511035919189453
ctrl:odometer,r20_D_dA,1.0,2,2,0.02098870277404785,-0.14410018920898438,0.18607759475708008,near_zero,+,0.0054776668548583984,-0.015511035919189453
ctrl:odometer,r20_D_dA,2.0,2,2,-0.03170514106750488,-0.05126476287841797,-0.012145519256591797,near_zero,-,-0.047216176986694336,-0.015511035919189453
ctrl:odometer,r20_D_dA,4.0,2,2,0.004735708236694336,-0.13388729095458984,0.14335870742797852,near_zero,+,-0.010775327682495117,-0.015511035919189453
ctrl:odometer,r20_D_muD,0.0,2,2,0.0,0.0,0.0,near_zero,0,-0.015511035919189453,-0.015511035919189453
ctrl:odometer,r20_D_muD,0.5,2,2,-0.2095181941986084,-0.3333287239074707,-0.0857076644897461,nonzero,-,-0.22502923011779785,-0.015511035919189453
ctrl:odometer,r20_D_muD,1.0,2,2,-0.13923120498657227,-0.29327964782714844,0.014817237854003906,near_zero,-,-0.15474224090576172,-0.015511035919189453
ctrl:odometer,r20_D_muD,2.0,2,2,0.03617405891418457,-0.053833961486816406,0.12618207931518555,near_zero,+,0.020663022994995117,-0.015511035919189453
ctrl:odometer,r20_D_muD,4.0,2,2,0.07673048973083496,-0.05897378921508789,0.2124347686767578,near_zero,+,0.06121945381164551,-0.015511035919189453
ctrl:odometer,r21_D_dA,0.0,2,2,0.0,0.0,0.0,near_zero,0,-0.015511035919189453,-0.015511035919189453
ctrl:odometer,r21_D_dA,0.5,2,2,-0.07444882392883301,-0.1328282356262207,-0.016069412231445312,near_zero,-,-0.08995985984802246,-0.015511035919189453
ctrl:odometer,r21_D_dA,1.0,2,2,-0.008119821548461914,-0.03357219696044922,0.01733255386352539,near_zero,-,-0.023630857467651367,-0.015511035919189453
ctrl:odometer,r21_D_dA,2.0,2,2,-0.0015418529510498047,-0.06989526748657227,0.06681156158447266,near_zero,-,-0.017052888870239258,-0.015511035919189453
ctrl:odometer,r21_D_dA,4.0,2,2,0.046891212463378906,-0.05106067657470703,0.14484310150146484,near_zero,+,0.03138017654418945,-0.015511035919189453
ctrl:odometer,r21_D_muD,0.0,2,2,0.0,0.0,0.0,near_zero,0,-0.015511035919189453,-0.015511035919189453
ctrl:odometer,r21_D_muD,0.5,2,2,-0.04784679412841797,-0.20413589477539062,0.10844230651855469,near_zero,-,-0.06335783004760742,-0.015511035919189453
ctrl:odometer,r21_D_muD,1.0,2,2,-0.14334654808044434,-0.20261669158935547,-0.0840764045715332,near_zero,-,-0.1588575839996338,-0.015511035919189453
ctrl:odometer,r21_D_muD,2.0,2,2,-0.0752408504486084,-0.17067432403564453,0.020192623138427734,near_zero,-,-0.09075188636779785,-0.015511035919189453
ctrl:odometer,r21_D_muD,4.0,2,2,0.04578709602355957,-0.005538463592529297,0.09711265563964844,near_zero,+,0.030276060104370117,-0.015511035919189453
ctrl:odometer,r22_D_dA,0.0,2,2,0.0,0.0,0.0,near_zero,0,-0.015511035919189453,-0.015511035919189453
ctrl:odometer,r22_D_dA,0.5,2,2,0.0028972625732421875,-0.15055322647094727,0.15634775161743164,near_zero,+,-0.012613773345947266,-0.015511035919189453
ctrl:odometer,r22_D_dA,1.0,2,2,-0.09030866622924805,-0.16750526428222656,-0.013112068176269531,near_zero,-,-0.1058197021484375,-0.015511035919189453
ctrl:odometer,r22_D_dA,2.0,2,2,-0.20307326316833496,-0.4291706085205078,0.02302408218383789,inconclusive,-,-0.21858429908752441,-0.015511035919189453
ctrl:odometer,r22_D_dA,4.0,2,2,-0.13964247703552246,-0.46176624298095703,0.1824812889099121,near_zero,-,-0.15515351295471191,-0.015511035919189453
ctrl:odometer,r22_D_muD,0.0,2,2,0.0,0.0,0.0,near_zero,0,-0.015511035919189453,-0.015511035919189453
ctrl:odometer,r22_D_muD,0.5,2,2,-0.0023887157440185547,-0.09836578369140625,0.09358835220336914,near_zero,-,-0.017899751663208008,-0.015511035919189453
ctrl:odometer,r22_D_muD,1.0,2,2,-0.07582569122314453,-0.18359041213989258,0.031939029693603516,near_zero,-,-0.09133672714233398,-0.015511035919189453
ctrl:odometer,r22_D_muD,2.0,2,2,-0.17865538597106934,-0.3454904556274414,-0.011820316314697266,near_zero,-,-0.1941664218902588,-0.015511035919189453
ctrl:odometer,r22_D_muD,4.0,2,2,-0.07062196731567383,-0.08701419830322266,-0.054229736328125,near_zero,-,-0.08613300323486328,-0.015511035919189453
