item_id,arm,alpha,grid_total_mass,mode,p450_norm,p350_norm,p400_425_norm,grid_total_mass_b,mode_b,p450_norm_b,p350_norm_b,p400_425_norm_b,pnorm_300,pnorm_325,pnorm_350,pnorm_375,pnorm_400,pnorm_425,pnorm_450,pnorm_475,pnorm_500,logp_300,logp_325,logp_350,logp_375,logp_400,logp_425,logp_450,logp_475,logp_500,pnorm_b_300,pnorm_b_325,pnorm_b_350,pnorm_b_375,pnorm_b_400,pnorm_b_425,pnorm_b_450,pnorm_b_475,pnorm_b_500,logp_b_300,logp_b_325,logp_b_350,logp_b_375,logp_b_400,logp_b_425,logp_b_450,logp_b_475,logp_b_500
cake_impl_01,dA_D,0.0,0.8840484397366504,350,0.01709264601102549,0.6857316694659585,0.11496012068155309,0.6855783221063176,350,0.015801097365931088,0.7151481655527989,0.09523338502660611,0.005933019699982429,0.020672962921910048,0.6857316694659585,0.15298833035627232,0.08680757184691233,0.028152548834640766,0.01709264601102549,0.0006623121522014976,0.00195893871109666,-5.250465393066406,-4.002171993255615,-0.5005123019218445,-2.0006370544433594,-2.567304849624634,-3.6933608055114746,-4.192350387573242,-7.44301700592041,-6.358595848083496,0.005501445623133786,0.01903884251404528,0.7151481655527989,0.14688952510936118,0.07195107976223968,0.023282305264366435,0.015801097365931088,0.0006494653398994488,0.001738073468224057,-5.580236911773682,-4.338766574859619,-0.7127580642700195,-2.295567035675049,-3.0092613697052,-4.137554168701172,-4.525168418884277,-7.716853618621826,-6.732470512390137
cake_impl_01,dA_D,0.5,0.8944424425569549,350,0.017074252489104262,0.6967653404321479,0.10133985889828975,0.6964301674090504,350,0.016264659905581465,0.7243994621115217,0.08364032173607024,0.006028451617291715,0.021005635319003436,0.6967653404321479,0.15544597924747486,0.0765253586211211,0.024814500277168645,0.017074252489104262,0.0005838625130496624,0.0017566194836383965,-5.222819805145264,-3.9745192527770996,-0.47286131978034973,-1.9730117321014404,-2.681687831878662,-3.8078818321228027,-4.181738376617432,-7.557399749755859,-6.455918788909912,0.005567085121358389,0.01931117918233686,0.7243994621115217,0.14865479849003982,0.06319217566548208,0.020448146070588164,0.016264659905581465,0.0005527458191468796,0.0016097476339444817,-5.552671432495117,-4.308858871459961,-0.6842000484466553,-2.267916202545166,-3.1233625411987305,-4.251650810241699,-4.48054838180542,-7.862400054931641,-6.793465614318848
cake_impl_01,dA_D,1.0,0.8944044252537375,350,0.014099686570766412,0.6945632538305034,0.10436488701742232,0.7046144598602379,350,0.013276306169716033,0.7296582464939471,0.08514384884728185,0.0060093720011188635,0.02372705681561027,0.6945632538305034,0.15495287710801858,0.08114190509180522,0.023222981925617104,0.014099686570766412,0.0005463422005084194,0.0017365244560517265,-5.226032257080078,-3.852736473083496,-0.47606927156448364,-1.9762314558029175,-2.6231529712677,-3.8742101192474365,-4.373199939727783,-7.623862266540527,-6.467466831207275,0.005661497412839407,0.0222717432143831,0.7296582464939471,0.1418883891417814,0.06622700805341573,0.01891684079386611,0.013276306169716033,0.0005271220840273204,0.0015728466360241365,-5.524171352386475,-4.154541015625,-0.6652835011482239,-2.302819013595581,-3.0647714138031006,-4.317807197570801,-4.671878814697266,-7.8981828689575195,-6.8049726486206055
cake_impl_01,dA_D,2.0,0.8923724210168692,350,0.01573193951245571,0.6969149184990304,0.10275913502913077,0.7065599174698229,350,0.014738013089172849,0.7288524782770456,0.0835054727389559,0.006029656464409776,0.021004895081708705,0.6969149184990304,0.1554705968954484,0.07989591454481933,0.022863220484311438,0.01573193951245571,0.0005379514523828518,0.0015509070654334224,-5.2249369621276855,-3.9768714904785156,-0.4749636650085449,-1.975170373916626,-2.640902280807495,-3.8920974731445312,-4.265933990478516,-7.641613960266113,-6.582787036895752,0.005663667483725496,0.018982990669212507,0.7288524782770456,0.14638732775357172,0.06497647058078844,0.018529002158167458,0.014738013089172849,0.0005162776973926854,0.0013537722909235277,-5.521030902862549,-4.311559200286865,-0.6636312007904053,-2.2688465118408203,-3.0810773372650146,-4.335765361785889,-4.564672470092773,-7.916213035583496,-6.952207565307617
cake_impl_01,dA_D,4.0,0.8752705016678224,350,0.021052043709252212,0.6686209389828398,0.09731277040634606,0.698496145533524,350,0.019609693098564,0.6940540273967061,0.08182179394201083,0.0039759033535908825,0.015698286711536398,0.6686209389828398,0.19153248553480373,0.0734817256276091,0.02383104477873696,0.021052043709252212,0.0007200443461772615,0.0010875269554536243,-5.6607255935668945,-4.287425994873047,-0.5357602834701538,-1.7859201431274414,-2.743940830230713,-3.869988441467285,-3.9939799308776855,-7.369420051574707,-6.957071304321289,0.003705870717511171,0.014550224479274097,0.6940540273967061,0.18459399639970275,0.06181252462299629,0.02000926931901454,0.019609693098564,0.0006881933001644774,0.0009762006660666697,-5.956662654876709,-4.588974475860596,-0.7240310907363892,-2.04842209815979,-3.142474889755249,-4.270385265350342,-4.290556907653809,-7.640266418457031,-7.29066801071167
cake_impl_01,dA_D_matched_muD,0.0,0.8840484397366504,350,0.01709264601102549,0.6857316694659585,0.11496012068155309,0.6855783221063176,350,0.015801097365931088,0.7151481655527989,0.09523338502660611,0.005933019699982429,0.020672962921910048,0.6857316694659585,0.15298833035627232,0.08680757184691233,0.028152548834640766,0.01709264601102549,0.0006623121522014976,0.00195893871109666,-5.250465393066406,-4.002171993255615,-0.5005123019218445,-2.0006370544433594,-2.567304849624634,-3.6933608055114746,-4.192350387573242,-7.44301700592041,-6.358595848083496,0.005501445623133786,0.01903884251404528,0.7151481655527989,0.14688952510936118,0.07195107976223968,0.023282305264366435,0.015801097365931088,0.0006494653398994488,0.001738073468224057,-5.580236911773682,-4.338766574859619,-0.7127580642700195,-2.295567035675049,-3.0092613697052,-4.137554168701172,-4.525168418884277,-7.716853618621826,-6.732470512390137
cake_impl_01,dA_D_matched_muD,0.5,0.8839986896221933,350,0.01753059071187874,0.6699718189964818,0.11451271480992346,0.6856200961015146,350,0.01623038939225558,0.6985706900687325,0.09575824394052328,0.005796570940196859,0.020197820595403676,0.6699718189964818,0.16937430301646425,0.0890316761542591,0.025481038655664364,0.01753059071187874,0.0006794366401014891,0.001936744289549664,-5.2737884521484375,-4.025480270385742,-0.5238193273544312,-1.8989439010620117,-2.542062759399414,-3.7931203842163086,-4.167107582092285,-7.417546272277832,-6.370046615600586,0.005372957363525398,0.019236786597091268,0.6985706900687325,0.16246476175786762,0.07378644118201942,0.021971802758503852,0.01623038939225558,0.0006457215677658114,0.0017204493122386286,-5.603808403015137,-4.328362464904785,-0.7361505031585693,-2.194725751876831,-2.9840118885040283,-4.195426940917969,-4.4983015060424805,-7.722573757171631,-6.74260139465332
cake_impl_01,dA_D_matched_muD,1.0,0.8824359179930567,350,0.015323602787350944,0.6789908009669828,0.10306273011824511,0.6966340350463027,350,0.013939977707158881,0.7115437340407033,0.08387515312563121,0.005184360210997851,0.02320006070239359,0.6789908009669828,0.17165455888304146,0.07782370236110385,0.02523902775714126,0.015323602787350944,0.0005937688598154276,0.0019901174711729505,-5.38717794418335,-3.888669490814209,-0.5122168064117432,-1.8873403072357178,-2.6783783435821533,-3.8044328689575195,-4.303430080413818,-7.554089546203613,-6.344630718231201,0.004721391044249309,0.021697323635308012,0.7115437340407033,0.16191652181917504,0.06336654132282231,0.0205086118028089,0.013939977707158881,0.0005716690195925626,0.0017342296081816334,-5.717146873474121,-4.192061424255371,-0.7018134593963623,-2.1821694374084473,-3.120314359664917,-4.248405456542969,-4.6344895362854,-7.8284454345703125,-6.718687057495117
cake_impl_01,dA_D_matched_muD,2.0,0.8944081688175308,350,0.015336282852924066,0.6967718977450734,0.1031426554065672,0.6920539414591408,350,0.014209947991795523,0.7291653925803994,0.0847260277597709,0.00602842678482013,0.021009801110709495,0.6967718977450734,0.15544999016471578,0.07788683763142741,0.025255817775139786,0.015336282852924066,0.0005244237791742555,0.0017365221560155194,-5.222862243652344,-3.9743592739105225,-0.4728902280330658,-1.9730242490768433,-2.6640913486480713,-3.7902917861938477,-4.289126873016357,-7.664803504943848,-6.467463970184326,0.005593469479309499,0.019413547886748123,0.7291653925803994,0.14484605160386005,0.06473111557624503,0.01999491218352587,0.014209947991795523,0.0004991784560309991,0.001546384242085557,-5.55424690246582,-4.30987548828125,-0.6839460730552673,-2.300175189971924,-3.105604648590088,-4.280368804931641,-4.621904373168945,-7.970638275146484,-6.8399271965026855
cake_impl_01,dA_D_matched_muD,4.0,0.9041301476076414,350,0.014080079997745859,0.704547975048548,0.09196942399200218,0.7135337793497273,350,0.012817437630829105,0.7392863948403171,0.0749086121820047,0.00609575033494623,0.02406818263041482,0.704547975048548,0.15718445089114053,0.0715068989699757,0.020462525022026484,0.014080079997745859,0.0004815081348624316,0.001572628970339965,-5.2009453773498535,-3.827646493911743,-0.4509808123111725,-1.9511172771453857,-2.738743305206299,-3.9899420738220215,-4.363776206970215,-7.7393693923950195,-6.555788516998291,0.005733217502095992,0.02183042069011932,0.7392863948403171,0.1435998427507719,0.05826977618092151,0.016638836001083186,0.012817437630829105,0.0004497278034619932,0.0013743466003999798,-5.499003887176514,-4.161976337432861,-0.6395953893661499,-2.278250217437744,-3.180197238922119,-4.433541297912598,-4.694474220275879,-8.044393539428711,-6.927302360534668
cake_impl_01,muD_D,0.0,0.8840484397366504,350,0.01709264601102549,0.6857316694659585,0.11496012068155309,0.6855783221063176,350,0.015801097365931088,0.7151481655527989,0.09523338502660611,0.005933019699982429,0.020672962921910048,0.6857316694659585,0.15298833035627232,0.08680757184691233,0.028152548834640766,0.01709264601102549,0.0006623121522014976,0.00195893871109666,-5.250465393066406,-4.002171993255615,-0.5005123019218445,-2.0006370544433594,-2.567304849624634,-3.6933608055114746,-4.192350387573242,-7.44301700592041,-6.358595848083496,0.005501445623133786,0.01903884251404528,0.7151481655527989,0.14688952510936118,0.07195107976223968,0.023282305264366435,0.015801097365931088,0.0006494653398994488,0.001738073468224057,-5.580236911773682,-4.338766574859619,-0.7127580642700195,-2.295567035675049,-3.0092613697052,-4.137554168701172,-4.525168418884277,-7.716853618621826,-6.732470512390137
cake_impl_01,muD_D,0.5,0.8943905844682715,350,0.01532366765224919,0.6784793801751494,0.1030626212863823,0.7021065973364499,350,0.014475899654480276,0.7149393660597525,0.08436328820647149,0.005870177514201056,0.0231775246141992,0.6784793801751494,0.1715236367525169,0.07782367925087307,0.025238942035509228,0.01532366765224919,0.0005938192245214071,0.001969172780780419,-5.249483108520508,-3.8761849403381348,-0.4995138943195343,-1.8746469020843506,-2.6649222373962402,-3.7909798622131348,-4.289969444274902,-7.540548324584961,-6.34175443649292,0.0053658227451542865,0.021051927511989442,0.7149393660597525,0.15750044374752484,0.0637296725999148,0.020633615606556688,0.014475899654480276,0.0005747043950648466,0.001728547679562341,-5.581375598907471,-4.214433193206787,-0.6892275810241699,-2.2019970417022705,-3.1067750453948975,-4.234503746032715,-4.588940143585205,-7.815324783325195,-6.714143753051758
cake_impl_01,muD_D,1.0,0.8958879429871579,350,0.01709198234658357,0.6862962966217938,0.11495558323925645,0.6945687061035986,350,0.015807839170089728,0.7162622038850721,0.09841166918069882,0.0052401264712097296,0.02068976293165694,0.6862962966217938,0.1531084957562632,0.08680420132729313,0.028151381911963317,0.01709198234658357,0.0006623420199089271,0.001955410613327233,-5.361349582672119,-3.988056182861328,-0.4863857626914978,-1.9865484237670898,-2.5540401935577393,-3.68009877204895,-4.179085731506348,-7.429668426513672,-6.347095012664795,0.005016539385545205,0.019715884337396454,0.7162622038850721,0.1423374300957882,0.07510755414150122,0.023304115039197604,0.015807839170089728,0.0006479964734675313,0.0018004374719418558,-5.659479141235352,-4.290794849395752,-0.6981731653213501,-2.314018964767456,-2.953298330307007,-4.123589515686035,-4.51171350479126,-7.706089496612549,-6.684189796447754
cake_impl_01,muD_D,2.0,0.8958626307898766,350,0.019042272620886196,0.6699782653384069,0.11302380697549445,0.6947473129754685,350,0.017615377127336383,0.6993098786945369,0.09366940264112747,0.005796617385053212,0.020201970118944736,0.6699782653384069,0.1693689567933,0.08534543144680536,0.027678375528689094,0.019042272620886196,0.000651214274616131,0.0019368964932984113,-5.260448932647705,-4.011943340301514,-0.5104781985282898,-1.8856439590454102,-2.571016550064087,-3.6970720291137695,-4.071062088012695,-7.4466400146484375,-6.3566365242004395,0.00555037487921406,0.01864652585781148,0.6993098786945369,0.1627865514930097,0.07076390543441906,0.02290549720670841,0.017615377127336383,0.0006386367964952363,0.0017832525104687553,-5.558096885681152,-4.346302509307861,-0.7218683958053589,-2.1795225143432617,-3.012613296508789,-4.140585422515869,-4.4031901359558105,-7.720381736755371,-6.693523406982422
cake_impl_01,muD_D,4.0,0.906179143730895,350,0.015668786806994132,0.6938602106174213,0.09032431249697494,0.7164419952648736,350,0.014239402700098849,0.7266692052793717,0.07587964535306377,0.0041259633918460485,0.01846347846693759,0.6938602106174213,0.1754070937598742,0.07022544335450136,0.020098869142473583,0.015668786806994132,0.0005358433095774222,0.0016143111503744163,-5.5889739990234375,-4.090478897094727,-0.4640030264854431,-1.8391640186309814,-2.7545628547668457,-4.00560998916626,-4.254602909088135,-7.630187034606934,-6.527365207672119,0.00387268869069511,0.017248354649199382,0.7266692052793717,0.16011402177069953,0.059555833391086,0.01632381196197777,0.014239402700098849,0.0005160756392722979,0.0014606059175991304,-5.887264251708984,-4.393496513366699,-0.6527419090270996,-2.1653270721435547,-3.154299020767212,-4.4485883712768555,-4.585200309753418,-7.90271520614624,-6.862361907958984
cake_impl_01,muD_D_matched_dA,0.0,0.8840484397366504,350,0.01709264601102549,0.6857316694659585,0.11496012068155309,0.6855783221063176,350,0.015801097365931088,0.7151481655527989,0.09523338502660611,0.005933019699982429,0.020672962921910048,0.6857316694659585,0.15298833035627232,0.08680757184691233,0.028152548834640766,0.01709264601102549,0.0006623121522014976,0.00195893871109666,-5.250465393066406,-4.002171993255615,-0.5005123019218445,-2.0006370544433594,-2.567304849624634,-3.6933608055114746,-4.192350387573242,-7.44301700592041,-6.358595848083496,0.005501445623133786,0.01903884251404528,0.7151481655527989,0.14688952510936118,0.07195107976223968,0.023282305264366435,0.015801097365931088,0.0006494653398994488,0.001738073468224057,-5.580236911773682,-4.338766574859619,-0.7127580642700195,-2.295567035675049,-3.0092613697052,-4.137554168701172,-4.525168418884277,-7.716853618621826,-6.732470512390137
cake_impl_01,muD_D_matched_dA,0.5,0.8891350707817112,350,0.01754207992960365,0.6678966587705589,0.11458786755113273,0.690164624199217,350,0.016234926891335853,0.6966180061120079,0.09577712560186756,0.005778610532313387,0.022820572151643747,0.6678966587705589,0.16883726690371456,0.08909006831305151,0.025497799238081223,0.01754207992960365,0.0005999542169719158,0.001936989944061072,-5.2710981369018555,-3.8975989818573,-0.5211279392242432,-1.8963260650634766,-2.535613536834717,-3.7866692543029785,-4.160658836364746,-7.536163330078125,-6.364126205444336,0.005345631894579135,0.021718787434582335,0.6966180061120079,0.16199796220195073,0.07380849488585592,0.021968630716011642,0.016234926891335853,0.0005879166140901572,0.0017196432495863933,-5.602300643920898,-4.200402736663818,-0.7323431968688965,-2.1909966468811035,-2.9771065711975098,-4.18896484375,-4.491415500640869,-7.809750556945801,-6.73646354675293
cake_impl_01,muD_D_matched_dA,1.0,0.8924000118027753,350,0.0153265955342137,0.6967594449508461,0.10308234146952995,0.69665799024406,350,0.014108770124152754,0.7226592790801498,0.08769631969631543,0.006028325871029384,0.021009524549646275,0.6967594449508461,0.15544258858931778,0.07783847473172686,0.025243866737803086,0.0153265955342137,0.0005939326851260817,0.0017572463502906726,-5.22512674331665,-3.9766201972961426,-0.47515586018562317,-1.9753196239471436,-2.6669602394104004,-3.793012857437134,-4.292006492614746,-7.542585372924805,-6.457848072052002,0.005734307587701667,0.019263576514886634,0.7226592790801498,0.1483515873895885,0.06693350892329313,0.020762810773022305,0.014108770124152754,0.0005778221258169885,0.001608337481388405,-5.522748947143555,-4.310999870300293,-0.6862781047821045,-2.2696309089660645,-3.065516233444214,-4.236052513122559,-4.622419357299805,-7.817705154418945,-6.794014930725098
cake_impl_01,muD_D_matched_dA,2.0,0.9113298297957314,350,0.014773259148711079,0.6713999389030654,0.07990302717698314,0.7372727256214423,350,0.01312615800955119,0.7010444650593171,0.06423784492083456,0.0018858668521491504,0.01227384065416018,0.6713999389030654,0.21794240344303967,0.05843254965485496,0.02147047752212818,0.014773259148711079,0.0005725401528464042,0.0012491236690450292,-6.366218090057373,-4.493135452270508,-0.4912406802177429,-1.6163748502731323,-2.932732582092285,-3.933926820755005,-4.30778694152832,-7.5582780838012695,-6.778163433074951,0.0017334271578378498,0.011213850680963661,0.7010444650593171,0.2070033468857807,0.0464705901321028,0.01776725478873177,0.01312615800955119,0.0005377386339539362,0.001103168651760899,-6.662452220916748,-4.795403003692627,-0.659981369972229,-1.8798177242279053,-3.3737330436706543,-4.335195541381836,-4.637945652008057,-7.832935333251953,-7.114366054534912
cake_impl_01,muD_D_matched_dA,4.0,0.9297100600036576,350,0.004054924795023705,0.6215915208786689,0.03311781855121859,0.8408144025647795,350,0.0036295314123346635,0.6325483163354688,0.02887310892742221,0.0009345335212590358,0.006892369362575881,0.6215915208786689,0.3327105941172759,0.026442351553662955,0.006675466997555638,0.004054924795023705,0.0001386573168847411,0.000559581457093303,-7.048345565795898,-5.050222873687744,-0.5483546257019043,-1.1733647584915161,-3.7056708335876465,-5.082198619842529,-5.580705642700195,-8.956387519836426,-7.561203956604004,0.0009028227148503232,0.006414775483324019,0.6325483163354688,0.3270051129817344,0.023181381931479585,0.005691726995942624,0.0036295314123346635,0.00012648015962408535,0.0004998519852415102,-7.183368682861328,-5.222535610198975,-0.6313830018043518,-1.2911638021469116,-3.9377901554107666,-5.34212589263916,-5.792036056518555,-9.148809432983398,-7.774582862854004
cake_impl_01,muD_P,0.0,0.8840484397366504,350,0.01709264601102549,0.6857316694659585,0.11496012068155309,0.6855783221063176,350,0.015801097365931088,0.7151481655527989,0.09523338502660611,0.005933019699982429,0.020672962921910048,0.6857316694659585,0.15298833035627232,0.08680757184691233,0.028152548834640766,0.01709264601102549,0.0006623121522014976,0.00195893871109666,-5.250465393066406,-4.002171993255615,-0.5005123019218445,-2.0006370544433594,-2.567304849624634,-3.6933608055114746,-4.192350387573242,-7.44301700592041,-6.358595848083496,0.005501445623133786,0.01903884251404528,0.7151481655527989,0.14688952510936118,0.07195107976223968,0.023282305264366435,0.015801097365931088,0.0006494653398994488,0.001738073468224057,-5.580236911773682,-4.338766574859619,-0.7127580642700195,-2.295567035675049,-3.0092613697052,-4.137554168701172,-4.525168418884277,-7.716853618621826,-6.732470512390137
cake_impl_01,muD_P,0.5,0.8945067999869319,350,0.014096237767425796,0.6834676933058874,0.10433906916963295,0.7137807838894143,350,0.013124123596307262,0.7100012836984578,0.08779714478282928,0.004605346553942435,0.018187264709017575,0.6834676933058874,0.17279091205588126,0.08112172887026023,0.023217340299372717,0.014096237767425796,0.0005463312513538006,0.0019671451868587667,-5.492020130157471,-4.118516445159912,-0.492058664560318,-1.8671557903289795,-2.6232872009277344,-3.8743386268615723,-4.373330116271973,-7.623767852783203,-6.342654705047607,0.004151339398968175,0.016353950121361618,0.7100012836984578,0.16636465644502,0.06829851538354872,0.019498629399280556,0.013124123596307262,0.0005060526496826666,0.001701449307373147,-5.821503639221191,-4.450465202331543,-0.6796678900718689,-2.1307525634765625,-3.0210466384887695,-4.274590492248535,-4.670482635498047,-7.92604923248291,-6.713454246520996
cake_impl_01,muD_P,1.0,0.9143893788660996,350,0.013745034578369971,0.685860181051825,0.1047534972202173,0.7444325570652287,350,0.01256968492145331,0.7127354560152297,0.08994466200492748,0.004078393797975018,0.016103047739699755,0.685860181051825,0.1733960944993809,0.07910036215610475,0.025653135064112556,0.013745034578369971,0.0005326817378286032,0.0015310693747035687,-5.591550827026367,-4.218245506286621,-0.46658027172088623,-1.8416755199432373,-2.6265366077423096,-3.7525882720947266,-4.3765764236450195,-7.627085208892822,-6.571287631988525,0.0037327159188987494,0.015120636218790449,0.7127354560152297,0.16404790696500088,0.06794649001913958,0.021998171985787913,0.01256968492145331,0.000499384209649026,0.0013495537460503338,-5.885752201080322,-4.486827850341797,-0.6337779760360718,-2.1027297973632812,-2.9841678142547607,-4.111928939819336,-4.671600341796875,-7.897267818450928,-6.903114318847656
cake_impl_01,muD_P,2.0,0.9332349032100163,350,0.013731337794085275,0.659475154015737,0.09235042791414418,0.8039718764775287,350,0.012270202499198527,0.6807020420571329,0.0778418113723781,0.0030540328213111883,0.015479897607802627,0.659475154015737,0.21408855957895828,0.06973697875621736,0.022613449157926815,0.013731337794085275,0.00046965939011019104,0.0013509308778512157,-5.860390663146973,-4.237311363220215,-0.48540931940078735,-1.6104638576507568,-2.7321228981018066,-3.858308792114258,-4.357172966003418,-7.732601165771484,-6.676059722900391,0.0028734930717844672,0.014165629487169566,0.6807020420571329,0.21053851543630964,0.05879303942349032,0.019048771948887776,0.012270202499198527,0.0004403201741314568,0.0011679859018954115,-6.070417881011963,-4.475127696990967,-0.6028215885162354,-1.7762776613235474,-3.0519227981567383,-4.178943634033203,-4.618772506713867,-7.946199417114258,-6.970665454864502
cake_impl_01,muD_P,4.0,0.9618261337311133,350,0.013376179402056036,0.5891607530145421,0.1052665013405035,0.8854100053712032,350,0.012548466877328416,0.600287845524234,0.09523809150610282,0.0016548445199369907,0.010770389586289073,0.5891607530145421,0.2783013931846455,0.07697729559869186,0.02828920574181164,0.013376179402056036,0.00045755995655743186,0.001012378995469696,-6.442969799041748,-4.569876194000244,-0.567977786064148,-1.317972183227539,-2.603166341781616,-3.604196548461914,-4.353201389312744,-7.728524208068848,-6.93437385559082,0.0015761646550337186,0.010246806230173712,0.600287845524234,0.2787748578090478,0.06965032598444787,0.02558776552165495,0.012548466877328416,0.00043553927717421905,0.0008922281209051838,-6.574465274810791,-4.702493667602539,-0.6320504546165466,-1.3990552425384521,-2.7859723567962646,-3.7873454093933105,-4.499861240386963,-7.860630035400391,-7.143493175506592
cake_impl_01,muD_P_plus_dA_D,0.0,0.8840484397366504,350,0.01709264601102549,0.6857316694659585,0.11496012068155309,0.6855783221063176,350,0.015801097365931088,0.7151481655527989,0.09523338502660611,0.005933019699982429,0.020672962921910048,0.6857316694659585,0.15298833035627232,0.08680757184691233,0.028152548834640766,0.01709264601102549,0.0006623121522014976,0.00195893871109666,-5.250465393066406,-4.002171993255615,-0.5005123019218445,-2.0006370544433594,-2.567304849624634,-3.6933608055114746,-4.192350387573242,-7.44301700592041,-6.358595848083496,0.005501445623133786,0.01903884251404528,0.7151481655527989,0.14688952510936118,0.07195107976223968,0.023282305264366435,0.015801097365931088,0.0006494653398994488,0.001738073468224057,-5.580236911773682,-4.338766574859619,-0.7127580642700195,-2.295567035675049,-3.0092613697052,-4.137554168701172,-4.525168418884277,-7.716853618621826,-6.732470512390137
cake_impl_01,muD_P_plus_dA_D,0.5,0.8992065945371486,350,0.015336575563950657,0.6812864602468333,0.10314927259892363,0.7140643958367965,350,0.013901678137332304,0.7109583928595877,0.08723513831752802,0.0052018418037415685,0.02053896469072062,0.6812864602468333,0.17222961845982937,0.0778889741470227,0.025260298451900934,0.015336575563950657,0.0005245228207246815,0.001732743815276253,-5.36498498916626,-3.9916739463806152,-0.4900148808956146,-1.8651691675186157,-2.6587133407592773,-3.784763813018799,-4.283757209777832,-7.659264087677002,-6.464291572570801,0.004872381997477424,0.019163149871571028,0.7109583928595877,0.16185733147920328,0.06592269827355761,0.02131244004397041,0.013901678137332304,0.0005036835061453655,0.0015082438311548804,-5.660954475402832,-4.291548252105713,-0.6779235005378723,-2.1578221321105957,-3.0560545921325684,-4.185246467590332,-4.612527847290039,-7.930344581604004,-6.833591461181641
cake_impl_01,muD_P_plus_dA_D,1.0,0.9182383269722362,350,0.013747833250975262,0.685989200344907,0.10477563038868691,0.7605550623313064,350,0.012378444793169883,0.7138052472623558,0.08766985721295173,0.004079200871977895,0.016102425519526103,0.685989200344907,0.17342441237441414,0.07911701507035827,0.025658615318328633,0.013747833250975262,0.0005327523462186145,0.001348544903294217,-5.587152481079102,-4.214083671569824,-0.46219170093536377,-1.8373117446899414,-2.6221256256103516,-3.7481741905212402,-4.3721723556518555,-7.6227521896362305,-6.694027423858643,0.003884324471756464,0.014866441900577251,0.7138052472623558,0.1657341399149716,0.06685028168517192,0.020819575527779816,0.012378444793169883,0.0004915892052849213,0.0011699552389322916,-5.824512958526611,-4.48235559463501,-0.6108518838882446,-2.0710771083831787,-2.97900652885437,-4.145568370819092,-4.665505409240723,-7.891573905944824,-7.024496555328369
cake_impl_01,muD_P_plus_dA_D,2.0,0.9385889711803976,350,0.01408729543595331,0.678797607646845,0.09202037084963341,0.8103863095058484,350,0.012574128737549383,0.6996042526660518,0.07798078450353914,0.0031434818518536415,0.01593692526589331,0.678797607646845,0.19446243847406278,0.0715440890303692,0.020476281819264208,0.01408729543595331,0.0004817973869887229,0.0010700830887698622,-5.825801849365234,-4.202494144439697,-0.45080989599227905,-1.7008938789367676,-2.7008190155029297,-3.9518656730651855,-4.325859546661377,-7.701364517211914,-6.9033966064453125,0.0029515364945178436,0.014573146685903796,0.6996042526660518,0.19090399921544388,0.060195597171483296,0.017785187332055842,0.012574128737549383,0.00046142856845611817,0.0009507231285382299,-6.03567361831665,-4.43881893157959,-0.5674846768379211,-1.8662288188934326,-3.020400285720825,-4.239633560180664,-4.586358070373535,-7.891427516937256,-7.168531894683838
cake_impl_01,muD_P_plus_dA_D,4.0,0.945532832696707,350,0.024728990048783962,0.5483850624061043,0.12226465467952635,0.86957942679349,350,0.022829258212648643,0.5594676068761987,0.11006210788275239,0.0015402922414299253,0.007805237066055979,0.5483850624061043,0.29351938199930605,0.08631526977617415,0.0359493849033522,0.024728990048783962,0.0009587571613019428,0.0007976243974915272,-6.531789779663086,-4.908967018127441,-0.6567842364311218,-1.2818182706832886,-2.5057554244995117,-3.381649971008301,-3.7557857036590576,-7.0058794021606445,-7.189879417419434,0.0014907635640916746,0.007434919177375543,0.5594676068761987,0.2970529459909634,0.07820598532147172,0.03185612256128068,0.022829258212648643,0.0009274166085744335,0.0007349816873950904,-6.648212432861328,-5.041313171386719,-0.720515251159668,-1.353590488433838,-2.688154697418213,-3.586271286010742,-3.9194579124450684,-7.1228532791137695,-7.355410575866699
cake_impl_01,dConc_D_matched_dA,0.0,0.8840484397366504,350,0.01709264601102549,0.6857316694659585,0.11496012068155309,0.6855783221063176,350,0.015801097365931088,0.7151481655527989,0.09523338502660611,0.005933019699982429,0.020672962921910048,0.6857316694659585,0.15298833035627232,0.08680757184691233,0.028152548834640766,0.01709264601102549,0.0006623121522014976,0.00195893871109666,-5.250465393066406,-4.002171993255615,-0.5005123019218445,-2.0006370544433594,-2.567304849624634,-3.6933608055114746,-4.192350387573242,-7.44301700592041,-6.358595848083496,0.005501445623133786,0.01903884251404528,0.7151481655527989,0.14688952510936118,0.07195107976223968,0.023282305264366435,0.015801097365931088,0.0006494653398994488,0.001738073468224057,-5.580236911773682,-4.338766574859619,-0.7127580642700195,-2.295567035675049,-3.0092613697052,-4.137554168701172,-4.525168418884277,-7.716853618621826,-6.732470512390137
cake_impl_01,dConc_D_matched_dA,0.5,0.8944262280349894,350,0.015323787670132693,0.6784679316341029,0.10306329610825184,0.7018357050295776,350,0.014002253678894612,0.7153048876396373,0.08442878907882362,0.00587005834357188,0.023181762580804642,0.6784679316341029,0.17150960442448862,0.07782428878075076,0.02523900732750108,0.015323787670132693,0.0005938238754266686,0.001989735363220714,-5.2494635581970215,-3.875962257385254,-0.4994909167289734,-1.8746888637542725,-2.66487455368042,-3.7909374237060547,-4.289921760559082,-7.540500640869141,-6.331326484680176,0.005370054574955873,0.021124753826271,0.7153048876396373,0.15744636421702668,0.06378641210328202,0.020642376975541603,0.014002253678894612,0.0005755656076661681,0.0017473313767249318,-5.580973148345947,-4.211365699768066,-0.6891023516654968,-2.202726364135742,-3.1062710285186768,-4.2344651222229,-4.622592926025391,-7.814213275909424,-6.703721523284912
cake_impl_01,dConc_D_matched_dA,1.0,0.894470832307967,350,0.01572847673162981,0.6967687873368827,0.10274051044389766,0.6946877932219888,350,0.014543027379677161,0.7262053627942078,0.08788943824116166,0.006028404005952123,0.02100981689684948,0.6967687873368827,0.15544940278513333,0.07987901413924929,0.022861496304648374,0.01572847673162981,0.0005378361205951547,0.0017367656790597498,-5.2227959632873535,-3.9742884635925293,-0.4728246331214905,-1.972957968711853,-2.6387650966644287,-3.889824151992798,-4.263805389404297,-7.639479637145996,-6.467253684997559,0.00575129455563882,0.019316441195380746,0.7262053627942078,0.14417431926847343,0.0689990178720881,0.01889042036907356,0.014543027379677161,0.0005251934678301454,0.0015949230976300085,-5.522623062133789,-4.311091423034668,-0.6842151880264282,-2.301024913787842,-3.0379557609558105,-4.333393096923828,-4.594936370849609,-7.916036605834961,-6.805222511291504
cake_impl_01,dConc_D_matched_dA,2.0,0.8991778432964093,350,0.015332320365161845,0.696593323616318,0.10312327563237653,0.7110341569482106,350,0.013904545501641205,0.7289176657603731,0.08389048227712456,0.0060268835688023735,0.02099997131293773,0.696593323616318,0.1554099927567598,0.0778670293467163,0.025256246285660228,0.015332320365161845,0.0005243337840108065,0.0019898989636327148,-5.217799663543701,-3.969508647918701,-0.4678279459476471,-1.9679629802703857,-2.659027099609375,-3.784956216812134,-4.284066677093506,-7.659656524658203,-6.325945854187012,0.005656490495107453,0.018964450859981646,0.7289176657603731,0.14644596052518338,0.0633956376252269,0.020494844651897662,0.013904545501641205,0.0004891058841079898,0.0017312986964808134,-5.515986442565918,-4.3062238693237305,-0.6572293043136597,-2.2621335983276367,-3.0993950366973877,-4.228616714477539,-4.616574287414551,-7.963966369628906,-6.699918270111084
cake_impl_01,dConc_D_matched_dA,4.0,0.9161470687935984,350,0.019057089277219014,0.6826419547541326,0.1131132118322322,0.7097829324691206,350,0.01701385321172003,0.7131213657163673,0.09381712650278183,0.0075838644393009256,0.023314978107496536,0.6826419547541326,0.1522927624689109,0.08541020903151543,0.02770300280071677,0.019057089277219014,0.0006518048916845879,0.0013443342290232426,-4.969310760498047,-3.8462376594543457,-0.46936315298080444,-1.9695289134979248,-2.547868013381958,-3.673792839050293,-4.047894477844238,-7.423343658447266,-6.699434757232666,0.0070278091744005195,0.02077463048541368,0.7131213657163673,0.14645421206943873,0.07085168764115017,0.022965438861631663,0.01701385321172003,0.0006000873453162124,0.00119091549456152,-5.300676345825195,-4.216818809509277,-0.6808997392654419,-2.263838529586792,-2.989962577819824,-4.116560935974121,-4.416523456573486,-7.761231422424316,-7.075829029083252
cake_impl_01,muD_PD_F4S,0.0,0.8840484397366504,350,0.01709264601102549,0.6857316694659585,0.11496012068155309,0.6855783221063176,350,0.015801097365931088,0.7151481655527989,0.09523338502660611,0.005933019699982429,0.020672962921910048,0.6857316694659585,0.15298833035627232,0.08680757184691233,0.028152548834640766,0.01709264601102549,0.0006623121522014976,0.00195893871109666,-5.250465393066406,-4.002171993255615,-0.5005123019218445,-2.0006370544433594,-2.567304849624634,-3.6933608055114746,-4.192350387573242,-7.44301700592041,-6.358595848083496,0.005501445623133786,0.01903884251404528,0.7151481655527989,0.14688952510936118,0.07195107976223968,0.023282305264366435,0.015801097365931088,0.0006494653398994488,0.001738073468224057,-5.580236911773682,-4.338766574859619,-0.7127580642700195,-2.295567035675049,-3.0092613697052,-4.137554168701172,-4.525168418884277,-7.716853618621826,-6.732470512390137
cake_impl_01,muD_PD_F4S,0.5,0.9053594065280991,350,0.014098922684893286,0.6836331195996284,0.10435859981966375,0.7225052963883204,350,0.012719590678251633,0.7098949404829614,0.08783238769579553,0.0046064609559280075,0.018191656989766058,0.6836331195996284,0.17282839737752295,0.08113694803158457,0.023221651788079188,0.014098922684893286,0.0005463550645501814,0.0017364875080473543,-5.4797186851501465,-4.106215476989746,-0.479757159948349,-1.854879379272461,-2.6110401153564453,-3.862093448638916,-4.361080169677734,-7.611664772033691,-6.4553141593933105,0.004292945875209696,0.016866685034179082,0.7098949404829614,0.16636810667827281,0.06830602230240572,0.019526365393389814,0.012719590678251633,0.0005207479790353371,0.0015045955762945178,-5.77581262588501,-4.407445430755615,-0.6676688194274902,-2.1185829639434814,-3.0087878704071045,-4.261020183563232,-4.689642429351807,-7.885274887084961,-6.824261665344238
cake_impl_01,muD_PD_F4S,1.0,0.9089109674195893,350,0.015338948660724718,0.6858651364974282,0.10316468569829582,0.7527448188369085,350,0.013795182611769615,0.713471944041673,0.0870837840573949,0.004078416215309272,0.016106307815083307,0.6858651364974282,0.17339076385988716,0.07790059907653522,0.025264086621760586,0.015338948660724718,0.0005245627092440934,0.001531178544027526,-5.597554683685303,-4.224052429199219,-0.4725823998451233,-1.8477156162261963,-2.64782977104187,-3.7738795280456543,-4.2728681564331055,-7.648453712463379,-6.577225685119629,0.0037816449202275164,0.014437799957289105,0.713471944041673,0.1656043695555815,0.06577911029571862,0.021304673761676284,0.013795182611769615,0.0004967826302828697,0.0013284922257815993,-5.8616251945495605,-4.521934509277344,-0.6216411590576172,-2.0821826457977295,-3.0054819583892822,-4.132857799530029,-4.567464828491211,-7.891386985778809,-6.907739639282227
cake_impl_01,muD_PD_F4S,2.0,0.936093211245158,350,0.013733568535943395,0.6595749381779763,0.09236828758328039,0.8119353490237842,350,0.01252757464834893,0.6763207899138522,0.07926441380645896,0.00305449983795865,0.015485860467369248,0.6595749381779763,0.21411685623022386,0.06974805852641103,0.022620229056869355,0.013733568535943395,0.00046966670615771394,0.0011963224610904827,-5.857179641723633,-4.23386812210083,-0.48219990730285645,-1.6072735786437988,-2.7289059162139893,-3.8549509048461914,-4.353952407836914,-7.729527473449707,-6.794543266296387,0.002919322438390102,0.01444417823893032,0.6763207899138522,0.21301761771818828,0.060339002659697716,0.01892541114676125,0.01252757464834893,0.0004471291592544659,0.001058974076576671,-6.044738292694092,-4.445798397064209,-0.5994223356246948,-1.7547149658203125,-3.016111135482788,-4.175584316253662,-4.588157653808594,-7.920997619628906,-7.058789253234863
cake_impl_01,muD_PD_F4S,4.0,0.9606191785960704,350,0.013746182896198682,0.60017622217724,0.09245566968649588,0.8850320568103233,350,0.012890312816929237,0.6061791859788715,0.0848498460399829,0.0013128738168183929,0.0075407318929914,0.60017622217724,0.2835096451554313,0.06981167311179878,0.0226439965746971,0.013746182896198682,0.0004150029662605145,0.000843671408563685,-6.675714015960693,-4.927613258361816,-0.5507091879844666,-1.3006863594055176,-2.7021312713623047,-3.828037738800049,-4.327171325683594,-7.827402114868164,-7.117924690246582,0.0012494136215300588,0.007271925815917954,0.6061791859788715,0.2863989574163877,0.06437847855504059,0.020471367484942313,0.012890312816929237,0.00040044864527762455,0.0007599096651030618,-6.8072123527526855,-5.045865535736084,-0.6227110624313354,-1.3725008964538574,-2.865107297897339,-4.010859489440918,-4.473410606384277,-7.945056438446045,-7.304442405700684
cake_impl_01,r0_D_dA,0.0,0.8840484397366504,350,0.01709264601102549,0.6857316694659585,0.11496012068155309,0.6855783221063176,350,0.015801097365931088,0.7151481655527989,0.09523338502660611,0.005933019699982429,0.020672962921910048,0.6857316694659585,0.15298833035627232,0.08680757184691233,0.028152548834640766,0.01709264601102549,0.0006623121522014976,0.00195893871109666,-5.250465393066406,-4.002171993255615,-0.5005123019218445,-2.0006370544433594,-2.567304849624634,-3.6933608055114746,-4.192350387573242,-7.44301700592041,-6.358595848083496,0.005501445623133786,0.01903884251404528,0.7151481655527989,0.14688952510936118,0.07195107976223968,0.023282305264366435,0.015801097365931088,0.0006494653398994488,0.001738073468224057,-5.580236911773682,-4.338766574859619,-0.7127580642700195,-2.295567035675049,-3.0092613697052,-4.137554168701172,-4.525168418884277,-7.716853618621826,-6.732470512390137
cake_impl_01,r0_D_dA,0.5,0.8944278784279406,350,0.01409574735428596,0.6971721952883898,0.10433250239178099,0.6925500693050802,350,0.013059283249729011,0.7290377507912416,0.08660338872785683,0.0053231251532580995,0.021021864412903726,0.6971721952883898,0.1555392642018901,0.08111923540137,0.023213266990410993,0.01409574735428596,0.0005462330574329106,0.001969068140058158,-5.347265720367432,-3.9737632274627686,-0.4722938537597656,-1.9724280834197998,-2.623406171798706,-3.8746023178100586,-4.373453140258789,-7.624035835266113,-6.341765880584717,0.0049351794849916844,0.019380510659004153,0.7290377507912416,0.14471523431078948,0.06737496373917942,0.019228424988677408,0.013059283249729011,0.0005196070578376582,0.0017490457185497534,-5.678740978240967,-4.310862064361572,-0.6834045052528381,-2.3003621101379395,-3.06485652923584,-4.318740367889404,-4.705630779266357,-7.929812431335449,-6.716059684753418
cake_impl_01,r0_D_dA,1.0,0.8944506778325856,350,0.014099354124632996,0.6967569110551026,0.10436215804418214,0.6955833862744972,350,0.01299823645775038,0.724983096416643,0.08621273026716716,0.006028370241863824,0.021005366797336573,0.6967569110551026,0.15544819858287443,0.08113981779919156,0.023222340244990584,0.014099354124632996,0.0005463725650991813,0.0017532685889081025,-5.2228240966796875,-3.974522829055786,-0.47286421060562134,-1.972988247871399,-2.623126983642578,-3.8741860389709473,-4.373171806335449,-7.623754978179932,-6.457818984985352,0.005563129732949951,0.01931586173667541,0.724983096416643,0.14884190519123502,0.06705304286278013,0.019159687404387025,0.01299823645775038,0.000533965948362575,0.0015510742492165148,-5.554598808288574,-4.30983304977417,-0.6846113204956055,-2.2678749561309814,-3.0652756690979004,-4.317951202392578,-4.70594596862793,-7.8981828689575195,-6.831811904907227
cake_impl_01,r0_D_dA,2.0,0.9222794907391579,350,0.012588431600227105,0.7318933163400853,0.08222902223911976,0.7184286953248783,350,0.011591840173536714,0.759779513457583,0.06775381055576214,0.005588184677386299,0.0220687211675712,0.7318933163400853,0.14409788736111034,0.06393167798871321,0.018297344250406557,0.012588431600227105,0.00043055879435531063,0.0011038778201447259,-5.268007755279541,-3.894500970840454,-0.39302748441696167,-2.018169403076172,-2.8308472633361816,-4.081906318664551,-4.455883979797363,-7.831333637237549,-6.889832973480225,0.005323197134708485,0.020906513624576586,0.759779513457583,0.13326240635971734,0.0526885620239835,0.01506524853177865,0.011591840173536714,0.0004075732530635207,0.0009751454410519925,-5.566370010375977,-4.198383331298828,-0.6054158210754395,-2.3461239337921143,-3.274045705795288,-4.526053428649902,-4.788142681121826,-8.135978698730469,-7.263612747192383
cake_impl_01,r0_D_dA,4.0,0.8293567110720963,350,0.017486286486453426,0.6900020269099381,0.12943165408740584,0.6691245587467887,350,0.016080279888666144,0.7223048558218831,0.10750289992581936,0.00464929518587991,0.01836423108387462,0.6900020269099381,0.13584767192736472,0.10063094952752169,0.028800704559884142,0.017486286486453426,0.0005979958453282602,0.003620838473754961,-5.558144569396973,-4.184455394744873,-0.5581656694412231,-2.183326005935669,-2.483400344848633,-3.7344603538513184,-4.233443260192871,-7.609031677246094,-5.808154582977295,0.0042733532946483835,0.01683310739513565,0.7223048558218831,0.12923801335238705,0.08363349607439491,0.023869403851424453,0.016080279888666144,0.0005630147331133846,0.0032044755883468275,-5.857141494750977,-4.48619270324707,-0.7270930409431458,-2.4478845596313477,-2.883096218109131,-4.1369428634643555,-4.531946659088135,-7.8839898109436035,-6.144991874694824
cake_impl_01,r1_D_dA,0.0,0.8840484397366504,350,0.01709264601102549,0.6857316694659585,0.11496012068155309,0.6855783221063176,350,0.015801097365931088,0.7151481655527989,0.09523338502660611,0.005933019699982429,0.020672962921910048,0.6857316694659585,0.15298833035627232,0.08680757184691233,0.028152548834640766,0.01709264601102549,0.0006623121522014976,0.00195893871109666,-5.250465393066406,-4.002171993255615,-0.5005123019218445,-2.0006370544433594,-2.567304849624634,-3.6933608055114746,-4.192350387573242,-7.44301700592041,-6.358595848083496,0.005501445623133786,0.01903884251404528,0.7151481655527989,0.14688952510936118,0.07195107976223968,0.023282305264366435,0.015801097365931088,0.0006494653398994488,0.001738073468224057,-5.580236911773682,-4.338766574859619,-0.7127580642700195,-2.295567035675049,-3.0092613697052,-4.137554168701172,-4.525168418884277,-7.716853618621826,-6.732470512390137
cake_impl_01,r1_D_dA,0.5,0.8943973783009319,350,0.015323317436785654,0.6805757554302778,0.10305637088455316,0.694713098645425,350,0.014177294331796547,0.7089785110919309,0.08523848890060728,0.005888327205340629,0.020521786553657193,0.6805757554302778,0.17204988007874708,0.07782160375960928,0.025234767124943883,0.015323317436785654,0.0005938033878682879,0.001990759022770058,-5.2463884353637695,-3.997873306274414,-0.4964212477207184,-1.871575951576233,-2.6649413108825684,-3.7911376953125,-4.289984703063965,-7.540567398071289,-6.330844402313232,0.00545022874055275,0.018867479279282708,0.7089785110919309,0.1649408776586468,0.06440395523675377,0.020834533663853513,0.014177294331796547,0.0005809924372742331,0.0017661275599088306,-5.576354026794434,-4.334571838378906,-0.7081863880157471,-2.166424512863159,-3.1068365573883057,-4.2353997230529785,-4.620369911193848,-7.815029144287109,-6.703222274780273
cake_impl_01,r1_D_dA,1.0,0.9085277683127234,350,0.014079947989455995,0.7067650910030381,0.09197133807395284,0.7050768374097766,350,0.013033558925914852,0.7372788242211983,0.07615556874373346,0.006114942302578959,0.02131119627656766,0.7067650910030381,0.15767510395002093,0.07150609216732871,0.02046524590662413,0.014079947989455995,0.0004815408169109933,0.0016008395874744553,-5.1929497718811035,-3.9444525241851807,-0.44298675656318665,-1.9431484937667847,-2.7339024543762207,-3.984956979751587,-4.358933448791504,-7.73444938659668,-6.533156871795654,0.005654758528801456,0.019606436939260532,0.7372788242211983,0.14637944585127455,0.05924445245080793,0.016911116292925528,0.013033558925914852,0.00047100477072711187,0.0014204020190897956,-5.5247063636779785,-4.281345844268799,-0.6542376279830933,-2.2710015773773193,-3.1755316257476807,-4.429232597351074,-4.689676284790039,-8.010090827941895,-6.906263828277588
cake_impl_01,r1_D_dA,2.0,0.864442106678564,350,0.017101711033403973,0.6690006718475736,0.11501171285813275,0.6642671314292773,350,0.015984814639817012,0.7045303669835141,0.09298317057337457,0.004507901181390336,0.022854351250044706,0.6690006718475736,0.16912124883410992,0.08685300940972586,0.02815870344840689,0.017101711033403973,0.0006626621431032848,0.0017397408522413383,-5.5475945472717285,-3.9242846965789795,-0.5476411581039429,-1.9228103160858154,-2.5892090797424316,-3.7155697345733643,-4.214247703552246,-7.464916229248047,-6.499690055847168,0.004210108399210372,0.021289155564627873,0.7045303669835141,0.15886726767283965,0.06948503158090832,0.023498138992466243,0.015984814639817012,0.0006356891908593702,0.0014994269757570818,-5.879337787628174,-4.2586283683776855,-0.7592947483062744,-2.2487571239471436,-3.0757148265838623,-4.159904956817627,-4.545186996459961,-7.769871711730957,-6.9117431640625
cake_impl_01,r1_D_dA,4.0,0.5646160201503563,350,0.016591201022893073,0.6785639162444834,0.10168345581326632,0.43883264386256365,350,0.014807032992304174,0.707393544124447,0.08411516899976483,0.005181218748948186,0.023181304328529623,0.6785639162444834,0.1715470683009347,0.07436039817599727,0.027323057637269055,0.016591201022893073,0.0006429960235652496,0.0026088395173794366,-5.834324359893799,-4.3360185623168945,-0.9593859910964966,-2.3345069885253906,-3.170441150665283,-4.171633720397949,-4.670492172241211,-7.920981407165527,-6.520459175109863,0.0047943616205072355,0.021356764346036863,0.707393544124447,0.16462586603699889,0.06156484543992033,0.0225503235598445,0.014807032992304174,0.0005910810797539679,0.0023161808001869667,-6.163951873779297,-4.6700239181518555,-1.1698052883148193,-2.6277170181274414,-3.6113014221191406,-4.61564302444458,-5.036290168762207,-8.257194519042969,-6.891472816467285
cake_impl_01,r2_D_dA,0.0,0.8840484397366504,350,0.01709264601102549,0.6857316694659585,0.11496012068155309,0.6855783221063176,350,0.015801097365931088,0.7151481655527989,0.09523338502660611,0.005933019699982429,0.020672962921910048,0.6857316694659585,0.15298833035627232,0.08680757184691233,0.028152548834640766,0.01709264601102549,0.0006623121522014976,0.00195893871109666,-5.250465393066406,-4.002171993255615,-0.5005123019218445,-2.0006370544433594,-2.567304849624634,-3.6933608055114746,-4.192350387573242,-7.44301700592041,-6.358595848083496,0.005501445623133786,0.01903884251404528,0.7151481655527989,0.14688952510936118,0.07195107976223968,0.023282305264366435,0.015801097365931088,0.0006494653398994488,0.001738073468224057,-5.580236911773682,-4.338766574859619,-0.7127580642700195,-2.295567035675049,-3.0092613697052,-4.137554168701172,-4.525168418884277,-7.716853618621826,-6.732470512390137
cake_impl_01,r2_D_dA,0.5,0.8958413366444862,350,0.017092651498202792,0.667888471843524,0.11495636217671268,0.6942012145878068,350,0.01581820610789364,0.6977677896330213,0.0953076655098998,0.005778532466425675,0.02282034002909208,0.667888471843524,0.1688407423379638,0.08680772389372331,0.028148638282989368,0.017092651498202792,0.000662368898144415,0.0019605307499346246,-5.26359748840332,-3.8900949954986572,-0.5136260390281677,-1.8887913227081299,-2.554051637649536,-3.680248260498047,-4.179098606109619,-7.429679870605469,-6.344532012939453,0.0055343280551238905,0.021033985250469428,0.6977677896330213,0.16214727478663665,0.07199490483064999,0.02331276067924981,0.01581820610789364,0.000650142201211645,0.0017406084557436692,-5.561778545379639,-4.226609230041504,-0.7248623371124268,-2.184243679046631,-2.9961533546447754,-4.123747825622559,-4.511587142944336,-7.703312873840332,-6.7185139656066895
cake_impl_01,r2_D_dA,1.0,0.905339763551817,350,0.015731886426296367,0.6940679457179931,0.10276305266138332,0.7177637735596181,350,0.01471731406730199,0.7242645599594568,0.08602980566913283,0.006804586235953582,0.02371005668945674,0.6940679457179931,0.15483674245208698,0.07989646403677109,0.022866588624612234,0.015731886426296367,0.0005380024816659993,0.0015477273351639173,-5.089603424072266,-3.8413009643554688,-0.4646303951740265,-1.9648289680480957,-2.6264686584472656,-3.877523422241211,-4.2515106201171875,-7.627092361450195,-6.570412635803223,0.006370704262178458,0.021361890025488113,0.7242645599594568,0.1453463103983415,0.06754765482082124,0.01848215084831159,0.01471731406730199,0.0005150619053917517,0.0013943537127086747,-5.387660026550293,-4.177761554718018,-0.6542133092880249,-2.2602508068084717,-3.026536703109741,-4.322564601898193,-4.550345420837402,-7.902838230133057,-6.9069390296936035
cake_impl_01,r2_D_dA,2.0,0.890064842022839,350,0.010107529579666088,0.7156251617907199,0.08477403908201259,0.6952422400900414,350,0.009278994045606016,0.741032234553627,0.06966445265947863,0.0070160092283016295,0.021574432888462683,0.7156251617907199,0.15965059132935577,0.06591248359156256,0.018861555490450026,0.010107529579666088,0.0003917152798606477,0.000860520821620819,-5.076021671295166,-3.952707290649414,-0.4510597288608551,-1.9512286186218262,-2.835888385772705,-4.087090492248535,-4.710935592651367,-7.9614362716674805,-7.174433708190918,0.006446158428618367,0.020389184998447166,0.741032234553627,0.15202137363218826,0.05419633541349503,0.015468117245983605,0.009278994045606016,0.0003804202005279314,0.000787181481506795,-5.407765865325928,-4.2562456130981445,-0.6632061004638672,-2.2472290992736816,-3.278636932373047,-4.532469272613525,-5.043497085571289,-8.2377290725708,-7.510546684265137
cake_impl_01,r2_D_dA,4.0,0.034089555483602596,350,0.021074700143876104,0.6258243445000091,0.1559858346067679,0.027502700088948923,350,0.019921552053710233,0.6526069925099313,0.1341533814174934,0.007878262636975445,0.024220550908901274,0.6258243445000091,0.1396080624638743,0.12128421736533486,0.03470161724143305,0.021074700143876104,0.0009253741812598825,0.02448287055833601,-8.222412109375,-7.099318027496338,-3.847449779510498,-5.347680568695068,-5.488382816314697,-6.7397332191467285,-7.238446235656738,-10.364076614379883,-7.088545799255371,0.007428899391134961,0.022703832574239614,0.6526069925099313,0.13924565386247797,0.1043859490563966,0.0297674323610968,0.019921552053710233,0.0009137697677967805,0.02302591842321577,-8.495848655700684,-7.378692626953125,-4.020251274108887,-5.564986705780029,-5.853131294250488,-7.107811450958252,-7.509424209594727,-10.591403007507324,-7.364605903625488
cake_impl_04,dA_D,0.0,0.6490018143270098,350,0.003049678088854872,0.8989862262600079,0.012126112070359567,0.4008470575236816,350,0.001992584105397924,0.9227249039669119,0.00792033369699123,0.0025246228889416046,0.044683687345803344,0.8989862262600079,0.034844232006019916,0.005700287956603321,0.006425824113756247,0.003049678088854872,0.0005974183586499082,0.0031880229813629497,-6.413983345031738,-3.540466547012329,-0.5388073325157166,-3.789187431335449,-5.599558353424072,-5.479750156402588,-6.225039005279541,-7.855212688446045,-6.180674076080322,0.0017325158016625953,0.03657374462024916,0.9227249039669119,0.02817641945356907,0.003733432955714577,0.004186900741276653,0.001992584105397924,0.0001735771266598749,0.000705921228558096,-7.272356033325195,-4.222599983215332,-0.994599461555481,-4.483445167541504,-6.504602432250977,-6.389969825744629,-7.132498264312744,-9.573063850402832,-8.170182228088379
cake_impl_04,dA_D,0.5,0.6523553183503125,350,0.0043257420218597836,0.9029120373938204,0.015184324729283728,0.4199445906567219,350,0.0029076845632101237,0.9282301860218418,0.009187153032771313,0.0028732658321664307,0.0395808721377635,0.9029120373938204,0.030882138759449677,0.007134592579112616,0.008049732150171112,0.0043257420218597836,0.0006596896600498075,0.0035819294656065843,-6.2794718742370605,-3.6565752029418945,-0.5292960405349731,-3.904743194580078,-5.36996603012085,-5.249282360076904,-5.87033748626709,-7.750906944274902,-6.059019565582275,0.0017636023592116836,0.03291620755588478,0.9282301860218418,0.0239576267013146,0.004157275862520655,0.005029877170250659,0.0029076845632101237,0.00020610087332234738,0.0008314388924434221,-7.208029270172119,-4.2814226150512695,-0.9421080350875854,-4.5991010665893555,-6.350527763366699,-6.159992218017578,-6.708030700683594,-9.354777336120605,-7.959985256195068
cake_impl_04,dA_D,1.0,0.6928582809649059,350,0.004326700752437291,0.8898691421482497,0.01517740383884579,0.44508010125844477,350,0.002925331682493196,0.9171090628454565,0.009506190511320716,0.0032088429435554538,0.04420313197097915,0.8898691421482497,0.039083527510410956,0.007135779132815878,0.008041624706029912,0.004326700752437291,0.0006594731959701666,0.003471777639551702,-6.108774662017822,-3.485889434814453,-0.4836106598377228,-3.6089839935302734,-5.309563636779785,-5.190053939819336,-5.809879779815674,-7.6909990310668945,-6.030018329620361,0.0021251098609694433,0.03687232227058077,0.9171090628454565,0.030353247968199035,0.004489302225955314,0.005016888285365403,0.002925331682493196,0.0002064783472559414,0.0009022565137245998,-6.963432788848877,-4.109795093536377,-0.8960298895835876,-4.304352760314941,-6.215559005737305,-6.1044464111328125,-6.643848419189453,-9.294816017150879,-7.820112705230713
cake_impl_04,dA_D,2.0,0.7547690061099156,350,0.00530162336299836,0.8870814541828065,0.016673695588515405,0.4661474152328312,350,0.003972755375568529,0.9113669578143658,0.010977237158515497,0.0031987503900494946,0.04409154181781796,0.8870814541828065,0.0389615296775909,0.0068094839362073025,0.009864211652308101,0.00530162336299836,0.0008095756258942685,0.0038818293543271486,-6.026338577270508,-3.4028308391571045,-0.4011619985103607,-3.526524066925049,-5.270782470703125,-4.900185585021973,-5.521085739135742,-7.400343894958496,-5.832792282104492,0.002209042562808688,0.03845079218255278,0.9113669578143658,0.03167100095636316,0.00414449368988936,0.006832743468626136,0.003972755375568529,0.00027075190290659824,0.0010814620469190518,-6.878449440002441,-4.021629333496094,-0.8560630083084106,-4.215607166290283,-6.249228000640869,-5.749282360076904,-6.291548728942871,-8.977560997009277,-7.5926947593688965
cake_impl_04,dA_D,4.0,0.8274224868438881,350,0.010419508674539233,0.8731182871155951,0.04123642046389549,0.5077839505660581,350,0.00795796633388591,0.9062043297518512,0.02697452021731315,0.0010221202785980447,0.012417495010809779,0.8731182871155951,0.05580847088888655,0.009196280348440137,0.03204014011545535,0.010419508674539233,0.0014096283243455027,0.004568069243330159,-7.075315952301025,-4.578088760375977,-0.3251240849494934,-3.0752694606781006,-4.878396034240723,-3.6302056312561035,-4.753515243530273,-6.75386905670166,-5.578104496002197,0.0007114400781157584,0.010279935929626689,0.9062043297518512,0.04584442126476272,0.005721013078071717,0.021253507139241432,0.00795796633388591,0.0005621785305286184,0.00146520789391596,-7.9259185791015625,-5.255260467529297,-0.7761896848678589,-3.7602009773254395,-5.84130859375,-4.528932571411133,-5.5112810134887695,-8.16139030456543,-7.203457355499268
cake_impl_04,dA_D_matched_muD,0.0,0.6490018143270098,350,0.003049678088854872,0.8989862262600079,0.012126112070359567,0.4008470575236816,350,0.001992584105397924,0.9227249039669119,0.00792033369699123,0.0025246228889416046,0.044683687345803344,0.8989862262600079,0.034844232006019916,0.005700287956603321,0.006425824113756247,0.003049678088854872,0.0005974183586499082,0.0031880229813629497,-6.413983345031738,-3.540466547012329,-0.5388073325157166,-3.789187431335449,-5.599558353424072,-5.479750156402588,-6.225039005279541,-7.855212688446045,-6.180674076080322,0.0017325158016625953,0.03657374462024916,0.9227249039669119,0.02817641945356907,0.003733432955714577,0.004186900741276653,0.001992584105397924,0.0001735771266598749,0.000705921228558096,-7.272356033325195,-4.222599983215332,-0.994599461555481,-4.483445167541504,-6.504602432250977,-6.389969825744629,-7.132498264312744,-9.573063850402832,-8.170182228088379
cake_impl_04,dA_D_matched_muD,0.5,0.65162075047246,350,0.0033695271109947314,0.8986937943374077,0.01182355440070462,0.40389511609281953,350,0.0021930495333817453,0.9210267291860744,0.007438888973733109,0.00285984006322452,0.04466436259387739,0.8986937943374077,0.034831039347269784,0.005558063328469239,0.0062654910722353815,0.0033695271109947314,0.0005819317227527287,0.00317595042376859,-6.285282135009766,-3.536871910095215,-0.5351054668426514,-3.785538911819458,-5.620798110961914,-5.500990867614746,-6.121275424957275,-7.877449989318848,-6.180440902709961,0.0018194392316251333,0.038631552994106984,0.9210267291860744,0.02803277760384139,0.0033817450026722277,0.004057143971060881,0.0021930495333817453,0.00017523501513339807,0.0006823274621038634,-7.215826988220215,-4.160285949707031,-0.9888662695884705,-4.48098087310791,-6.595963478088379,-6.413876056671143,-7.029062271118164,-9.55598258972168,-8.196600914001465
cake_impl_04,dA_D_matched_muD,1.0,0.6491693380717676,350,0.0036385347540687204,0.8961527946374676,0.01356691025513186,0.4008619993342587,350,0.002553281708351051,0.9203640652968199,0.009169896912675612,0.0032315290640047446,0.044543309615936,0.8961527946374676,0.03473651321183503,0.006801046479080342,0.006765863776051518,0.0036385347540687204,0.0006296349282827914,0.0035007735332733395,-6.166861534118652,-3.5433549880981445,-0.5417060256004333,-3.792025566101074,-5.422740459442139,-5.427927017211914,-6.048235893249512,-7.802432060241699,-6.0868330001831055,0.0022205838112798228,0.03651094286453396,0.9203640652968199,0.028142687226134926,0.004434876128619565,0.004735020784056048,0.002553281708351051,0.00019020187264783927,0.0008483403075568232,-7.024123191833496,-4.224281311035156,-0.9971240162849426,-4.48460578918457,-6.332393646240234,-6.266907215118408,-6.884513854980469,-9.481562614440918,-7.9863667488098145
cake_impl_04,dA_D_matched_muD,2.0,0.6732547044146595,350,0.0043254320086266685,0.9072926625885591,0.015172046593539707,0.416548147580937,350,0.003025665920174385,0.9299099370614556,0.01023133440087961,0.0028872412294017936,0.03511827649446378,0.9072926625885591,0.031034626558792057,0.00713479227439631,0.008037254319143396,0.0043254320086266685,0.0006597553122715724,0.003509959214345474,-6.2430853843688965,-3.7446651458740234,-0.49292176961898804,-3.868283271789551,-5.338403701782227,-5.21929931640625,-5.838874816894531,-7.719273090362549,-6.0477824211120605,0.0019845687606407257,0.02868630310488691,0.9299099370614556,0.025023298973463958,0.004652198433030728,0.0055791359678488825,0.003025665920174385,0.00019984845757590263,0.000939043320923045,-7.098106861114502,-4.427088737487793,-0.9484207630157471,-4.563701152801514,-6.246168613433838,-6.064474582672119,-6.676377296447754,-9.393704414367676,-7.846402168273926
cake_impl_04,dA_D_matched_muD,4.0,0.7111581797243336,350,0.004326809068816586,0.8988746949203917,0.015179594323672841,0.45870775202553404,350,0.0029087722575594404,0.922681443380094,0.009847570092749211,0.003241484894811387,0.03940778883480262,0.8988746949203917,0.03483774949183186,0.007135984994371776,0.008043609329301066,0.004326809068816586,0.0006599294799913317,0.003471948985681509,-6.07258415222168,-3.5746521949768066,-0.4474720358848572,-3.6979141235351562,-5.283465385437012,-5.163737773895264,-5.783785343170166,-7.664237976074219,-6.003899574279785,0.0021376185365562655,0.0327654570429809,0.922681443380094,0.028630042644859948,0.004483917239671278,0.005363652853077932,0.0029087722575594404,0.00020825997245589462,0.000820836072744518,-6.927404880523682,-4.197722434997559,-0.8598132133483887,-4.332640647888184,-6.186600208282471,-6.007452011108398,-6.61936616897583,-9.256065368652344,-7.884529113769531
cake_impl_04,muD_D,0.0,0.6490018143270098,350,0.003049678088854872,0.8989862262600079,0.012126112070359567,0.4008470575236816,350,0.001992584105397924,0.9227249039669119,0.00792033369699123,0.0025246228889416046,0.044683687345803344,0.8989862262600079,0.034844232006019916,0.005700287956603321,0.006425824113756247,0.003049678088854872,0.0005974183586499082,0.0031880229813629497,-6.413983345031738,-3.540466547012329,-0.5388073325157166,-3.789187431335449,-5.599558353424072,-5.479750156402588,-6.225039005279541,-7.855212688446045,-6.180674076080322,0.0017325158016625953,0.03657374462024916,0.9227249039669119,0.02817641945356907,0.003733432955714577,0.004186900741276653,0.001992584105397924,0.0001735771266598749,0.000705921228558096,-7.272356033325195,-4.222599983215332,-0.994599461555481,-4.483445167541504,-6.504602432250977,-6.389969825744629,-7.132498264312744,-9.573063850402832,-8.170182228088379
cake_impl_04,muD_D,0.5,0.6488706386042544,350,0.003217321081952243,0.9079870472702278,0.011991494188525739,0.4014604774401489,350,0.002238930112643204,0.9295044790712058,0.007821913572907018,0.002250187821407442,0.039830616204790475,0.9079870472702278,0.031060862949508734,0.006013745843255809,0.00597774834526993,0.003217321081952243,0.0005557940145954589,0.003106676468992281,-6.529263496398926,-3.6556413173675537,-0.5290470719337463,-3.9043285846710205,-5.546229362487793,-5.5522332191467285,-6.171728134155273,-7.9276347160339355,-6.206723690032959,0.0015437402278415135,0.03454686167323475,0.9295044790712058,0.023580648923302205,0.003933606548889152,0.003888307024017866,0.002238930112643204,0.00015148932252793818,0.0006119370963375239,-7.38619327545166,-4.278084754943848,-0.9857498407363892,-4.659975051879883,-6.450844764709473,-6.462427616119385,-7.014403343200684,-9.7076416015625,-8.311527252197266
cake_impl_04,muD_D,1.0,0.6698446789125061,350,0.0028456033090553876,0.9044631512542356,0.01060461459023429,0.41459214993498866,350,0.0018579896072278095,0.9264310933958216,0.0066809963949010474,0.002539907450565319,0.04495257133223234,0.9044631512542356,0.030939168736291003,0.005319177567773684,0.005285437022460606,0.0028456033090553876,0.0004907736408823821,0.0031642096865036194,-6.376337051391602,-3.502856731414795,-0.5011231303215027,-3.876441717147827,-5.63714599609375,-5.643509387969971,-6.262689590454102,-8.02023696899414,-6.156561374664307,0.001741979124447517,0.03890704668167177,0.9264310933958216,0.023556539223878854,0.0032467543269525073,0.0034342420679485406,0.0018579896072278095,0.0001465775421067571,0.0006777780299446744,-7.233193397521973,-4.127039909362793,-0.9568756222724915,-4.628811836242676,-6.610559463500977,-6.554419040679932,-7.168720245361328,-9.708415985107422,-8.17715072631836
cake_impl_04,muD_D,2.0,0.6898567778632521,350,0.00353246467063194,0.9156834160632642,0.011613998336061335,0.4451827934460504,350,0.002212939772481936,0.9393496682768274,0.006971060476819206,0.002002702717802872,0.03542828976014156,0.9156834160632642,0.027643788840565203,0.005826544031183507,0.005787454304877829,0.00353246467063194,0.0006090933347730972,0.0034862462767597307,-6.584528923034668,-3.7115159034729004,-0.4593558609485626,-3.959625482559204,-5.516602516174316,-5.52333402633667,-6.017030715942383,-7.774810314178467,-6.030200958251953,0.0013180406046894165,0.027856657187777415,0.9393496682768274,0.021410525764846935,0.003378609649402979,0.0035924508274162268,0.002212939772481936,0.00015711896129282037,0.0007239889552648577,-7.4408793449401855,-4.38995361328125,-0.8718377947807312,-4.653142929077148,-6.499561309814453,-6.438190937042236,-6.922703742980957,-9.567777633666992,-8.04000473022461
cake_impl_04,muD_D,4.0,0.7725361063784412,350,0.0022754354849085843,0.950098667238363,0.007037831781634847,0.5056281740313856,350,0.0015073086579594638,0.9627383021640998,0.004155151340395348,0.0008661026419042634,0.025254055242086182,0.950098667238363,0.011957364070929854,0.0033125929882592163,0.00372523879337563,0.0022754354849085843,0.00030517894218296253,0.002205364597990329,-7.30958366394043,-3.936845064163208,-0.30926597118377686,-4.684484481811523,-5.968100547790527,-5.850700855255127,-6.343660354614258,-8.352688789367676,-6.37493896484375,0.0005604201699595805,0.02188058272787698,0.9627383021640998,0.008646851609368723,0.0018851010285663853,0.002270050311828963,0.0015073086579594638,9.392268815288991e-05,0.00041746064218708056,-8.168777465820312,-4.5041093826293945,-0.7199273705482483,-5.43251371383667,-6.955727577209473,-6.769906997680664,-7.179383277893066,-9.954992294311523,-8.463274002075195
cake_impl_04,muD_D_matched_dA,0.0,0.6490018143270098,350,0.003049678088854872,0.8989862262600079,0.012126112070359567,0.4008470575236816,350,0.001992584105397924,0.9227249039669119,0.00792033369699123,0.0025246228889416046,0.044683687345803344,0.8989862262600079,0.034844232006019916,0.005700287956603321,0.006425824113756247,0.003049678088854872,0.0005974183586499082,0.0031880229813629497,-6.413983345031738,-3.540466547012329,-0.5388073325157166,-3.789187431335449,-5.599558353424072,-5.479750156402588,-6.225039005279541,-7.855212688446045,-6.180674076080322,0.0017325158016625953,0.03657374462024916,0.9227249039669119,0.02817641945356907,0.003733432955714577,0.004186900741276653,0.001992584105397924,0.0001735771266598749,0.000705921228558096,-7.272356033325195,-4.222599983215332,-0.994599461555481,-4.483445167541504,-6.504602432250977,-6.389969825744629,-7.132498264312744,-9.573063850402832,-8.170182228088379
cake_impl_04,muD_D_matched_dA,0.5,0.6701075485286377,350,0.0035513897326486443,0.9188134527912847,0.011680596099136461,0.41517249438390175,350,0.0023210549917224493,0.939315558891751,0.007352701730276317,0.0022770288480186375,0.035560676505774644,0.9188134527912847,0.024476246895408168,0.005857622682020644,0.005822973417115817,0.0035513897326486443,0.000541378699707032,0.0030992304280216573,-6.485200881958008,-3.7368319034576416,-0.4849892258644104,-4.1103692054748535,-5.540328502655029,-5.546261310577393,-6.040733337402344,-7.921708583831787,-6.1769185066223145,0.0014493823454220362,0.02900966148614825,0.939315558891751,0.019784021230453745,0.0035708891580521025,0.003781812572224215,0.0023210549917224493,0.00015704421606048202,0.000610575108165852,-7.415678977966309,-4.419187545776367,-0.94166499376297,-4.801941871643066,-6.514001846313477,-6.456613063812256,-6.944794654846191,-9.638044357299805,-8.280170440673828
cake_impl_04,muD_D_matched_dA,1.0,0.710448976644985,350,0.00299228137634071,0.9262446719036125,0.010484019695796667,0.4428737659248173,350,0.0020813547220204535,0.9440707084361384,0.006543948468702037,0.0017877068552555311,0.03582766901629309,0.9262446719036125,0.019217350621136452,0.004936259342943306,0.0055477603528533625,0.00299228137634071,0.00045464261538894407,0.0029916579161763136,-6.668679714202881,-3.6708929538726807,-0.4184750020503998,-4.293799877166748,-5.653005599975586,-5.536219120025635,-6.1535773277282715,-8.037857055664062,-6.153785705566406,0.0012171741333364178,0.030789456170253394,0.9440707084361384,0.014539291244373654,0.0029662683273589193,0.003577680141343118,0.0020813547220204535,0.00013374169392877164,0.000624325131246848,-7.525693893432617,-4.295053482055664,-0.8720247149467468,-5.045371055603027,-6.634921073913574,-6.447511196136475,-6.989206790924072,-9.734070777893066,-8.193309783935547
cake_impl_04,muD_D_matched_dA,2.0,0.8239289488527669,350,0.0011693667077684307,0.9658716096035135,0.003873816880868438,0.5655578876072784,350,0.0007974543366185566,0.9725628123644608,0.0024676987163645154,0.00028584655642616385,0.022668106564719653,0.9658716096035135,0.005067792855943583,0.0017024840902166729,0.002171332790651765,0.0011693667077684307,0.0001383618111864813,0.000925099019573817,-8.353726387023926,-3.9804673194885254,-0.22839534282684326,-5.47852087020874,-6.569337844848633,-6.326085090637207,-6.9449639320373535,-9.079309463500977,-7.179280757904053,0.00018942239415822677,0.019790440688923775,0.9725628123644608,0.0039418730116945406,0.0010040891633260598,0.0014636095530384554,0.0007974543366185566,4.5790673010289954e-05,0.00020450781476924522,-9.141473770141602,-4.492498874664307,-0.5977632403373718,-6.10604190826416,-7.473617076873779,-7.096792221069336,-7.704028606414795,-10.561372756958008,-9.064846992492676
cake_impl_04,muD_D_matched_dA,4.0,0.887193327833052,350,0.00019615015093976755,0.9881330069985759,0.0006986082695871895,0.7475079969555051,350,0.0001593735943687772,0.9904958202951283,0.0004967771316251402,0.00012191290574195628,0.00966782209835971,0.9881330069985759,0.0009010343792618467,0.00028545748720320636,0.00041315078238398316,0.00019615015093976755,1.2443324450979398e-05,0.0002690218730827177,-9.131896018981934,-4.7586445808410645,-0.1316303312778473,-7.131659507751465,-8.281109809875488,-7.91139030456543,-8.656322479248047,-11.414018630981445,-8.340410232543945,8.402235599443258e-05,0.007942641276916077,0.9904958202951283,0.0007057792494148383,0.00019101918653666465,0.0003057579450884755,0.0001593735943687772,5.150061738866766e-06,0.00011043603481383951,-9.675437927246094,-5.126519680023193,-0.3005599081516266,-7.547218322753906,-8.854146957397461,-8.383727073669434,-9.035269737243652,-12.467512130737305,-9.402084350585938
cake_impl_04,muD_P,0.0,0.6490018143270098,350,0.003049678088854872,0.8989862262600079,0.012126112070359567,0.4008470575236816,350,0.001992584105397924,0.9227249039669119,0.00792033369699123,0.0025246228889416046,0.044683687345803344,0.8989862262600079,0.034844232006019916,0.005700287956603321,0.006425824113756247,0.003049678088854872,0.0005974183586499082,0.0031880229813629497,-6.413983345031738,-3.540466547012329,-0.5388073325157166,-3.789187431335449,-5.599558353424072,-5.479750156402588,-6.225039005279541,-7.855212688446045,-6.180674076080322,0.0017325158016625953,0.03657374462024916,0.9227249039669119,0.02817641945356907,0.003733432955714577,0.004186900741276653,0.001992584105397924,0.0001735771266598749,0.000705921228558096,-7.272356033325195,-4.222599983215332,-0.994599461555481,-4.483445167541504,-6.504602432250977,-6.389969825744629,-7.132498264312744,-9.573063850402832,-8.170182228088379
cake_impl_04,muD_P,0.5,0.6461416180357111,350,0.0038239144953464456,0.896441966986353,0.01341456010579851,0.3981617337688774,350,0.0025107205502816164,0.9233586398546442,0.00878984783902415,0.0028524807658791814,0.04455828581968041,0.896441966986353,0.034742186380520776,0.0063068874128752546,0.007107672692923255,0.0038239144953464456,0.0005836080406612898,0.0035829974057602736,-6.296302795410156,-3.5476937294006348,-0.5460582971572876,-3.796537160873413,-5.502849578857422,-5.383316993713379,-6.0032172203063965,-7.883017539978027,-6.068292140960693,0.0018239265332097583,0.03442998766183136,0.9233586398546442,0.028119702606539516,0.0038341445420690093,0.004955703296955141,0.0025107205502816164,0.00017261986135438224,0.0007945550931150599,-7.227660655975342,-4.289724349975586,-1.0006345510482788,-4.492181777954102,-6.484705924987793,-6.228113174438477,-6.908082485198975,-9.585315704345703,-8.058625221252441
cake_impl_04,muD_P,1.0,0.667488771976754,350,0.004509430459485031,0.9106130194193048,0.014947212797264183,0.3944887224450893,350,0.0031075797001581993,0.9344091238860104,0.00955255043311372,0.002556972168715055,0.03523708544937508,0.9106130194193048,0.02748562436910739,0.006563247814665663,0.00838396498259852,0.004509430459485031,0.0006879516793676262,0.003962703657380459,-6.373164176940918,-3.7498888969421387,-0.49786996841430664,-3.9983248710632324,-5.430502414703369,-5.185667037963867,-5.805817127227783,-7.6860246658325195,-5.935061454772949,0.0015838887054047117,0.02839164470305849,0.9344091238860104,0.021858102017327904,0.0038594648469631723,0.005693085586150548,0.0031075797001581993,0.00024743777598250615,0.0008496727789439635,-7.378036975860596,-4.491825103759766,-0.9980056285858154,-4.753348350524902,-6.487391471862793,-6.098667621612549,-6.704075813293457,-9.234516143798828,-8.000823974609375
cake_impl_04,muD_P,2.0,0.7000308566756592,350,0.005001953009162893,0.9108071636305094,0.014631349591219426,0.4136295982705389,350,0.0034830655703193708,0.933972518504999,0.009334792346746902,0.0025572229749073667,0.035213707587829136,0.9108071636305094,0.02748813685280057,0.006423961018301367,0.008207388572918058,0.005001953009162893,0.0005235264541117668,0.003776939899459316,-6.325464248657227,-3.7029507160186768,-0.45005494356155396,-3.950631618499756,-5.404351234436035,-5.159351348876953,-5.654557704925537,-7.911553859710693,-5.935472011566162,0.0015790942381362005,0.03009341403553699,0.933972518504999,0.02047059561565453,0.0037594263037875873,0.005575366042959314,0.0034830655703193708,0.00021021173433871535,0.0008563079542683997,-7.333688259124756,-4.386233329772949,-0.9510926604270935,-4.771550178527832,-6.466273307800293,-6.072181701660156,-6.542626857757568,-9.350179672241211,-7.945664882659912
cake_impl_04,muD_P,4.0,0.8115949185265736,350,0.005331839451394359,0.9367668155165699,0.012136257534106763,0.5319825604583055,350,0.003871145220352115,0.9526625505870135,0.007879303769815126,0.0009673063124850702,0.01935038007555586,0.9367668155165699,0.02201889780703366,0.005332230998322889,0.006804026535783873,0.005331839451394359,0.00038296764875012074,0.0030455356541042454,-7.149749279022217,-4.153797149658203,-0.27407482266426086,-4.024608135223389,-5.442739486694336,-5.1989946365356445,-5.442812919616699,-8.076313972473145,-6.002832412719727,0.0006730497289953064,0.01681349991718496,0.9526625505870135,0.017058447829677165,0.0030698441832433046,0.004809459586571822,0.003871145220352115,0.0002482725604296552,0.0007937303865317929,-7.934835910797119,-4.716717720031738,-0.6796391010284424,-4.702254295349121,-6.417273044586182,-5.968315124511719,-6.185349464416504,-8.932127952575684,-7.769911289215088
cake_impl_04,muD_P_plus_dA_D,0.0,0.6490018143270098,350,0.003049678088854872,0.8989862262600079,0.012126112070359567,0.4008470575236816,350,0.001992584105397924,0.9227249039669119,0.00792033369699123,0.0025246228889416046,0.044683687345803344,0.8989862262600079,0.034844232006019916,0.005700287956603321,0.006425824113756247,0.003049678088854872,0.0005974183586499082,0.0031880229813629497,-6.413983345031738,-3.540466547012329,-0.5388073325157166,-3.789187431335449,-5.599558353424072,-5.479750156402588,-6.225039005279541,-7.855212688446045,-6.180674076080322,0.0017325158016625953,0.03657374462024916,0.9227249039669119,0.02817641945356907,0.003733432955714577,0.004186900741276653,0.001992584105397924,0.0001735771266598749,0.000705921228558096,-7.272356033325195,-4.222599983215332,-0.994599461555481,-4.483445167541504,-6.504602432250977,-6.389969825744629,-7.132498264312744,-9.573063850402832,-8.170182228088379
cake_impl_04,muD_P_plus_dA_D,0.5,0.6872658119366434,350,0.004511934428530937,0.9029589032102696,0.01495373017410597,0.40732637723859644,350,0.003308951627682609,0.9229940149216184,0.010287180492107147,0.002873277872094798,0.03960509040582296,0.9029589032102696,0.030883961680689548,0.006567493459348848,0.008386236714757122,0.004511934428530937,0.0006866015333280063,0.003526500695158219,-6.2273359298706055,-3.6038317680358887,-0.47711238265037537,-3.8525524139404297,-5.4006571769714355,-5.156197547912598,-5.776063442230225,-7.658790588378906,-6.0224833488464355,0.001915529096990166,0.03576664859180398,0.9229940149216184,0.024548135121174264,0.0041662177410545795,0.006120962751052566,0.003308951627682609,0.00023649261786899564,0.0009430475307546044,-7.155901908874512,-4.228879928588867,-0.9782730340957642,-4.605259895324707,-6.378887176513672,-5.994176387786865,-6.609264373779297,-9.247734069824219,-7.864534378051758
cake_impl_04,muD_P_plus_dA_D,1.0,0.7057396262748384,350,0.00511818357426883,0.8998147537336412,0.01696752821547681,0.43461085381364944,350,0.0033857764085181226,0.9280691028199082,0.011175956354451183,0.003244351958719009,0.0394498016517816,0.8998147537336412,0.030774627207702805,0.007449001419106786,0.009518526796370023,0.00511818357426883,0.000688548225526489,0.003942205432883223,-6.079348564147949,-3.58123517036438,-0.45407527685165405,-3.829573631286621,-5.2481842041015625,-5.003024101257324,-5.623464584350586,-7.629434108734131,-5.884523868560791,0.002085702496825161,0.0305430515307866,0.9280691028199082,0.023475110813987815,0.004511385928607754,0.006664570425843429,0.0033857764085181226,0.00023571787243243517,0.0010295817030903285,-7.005953788757324,-4.321922302246094,-0.9079533219337463,-4.585118770599365,-6.234455108642578,-5.844254016876221,-6.5214762687683105,-9.186179161071777,-7.711906909942627
cake_impl_04,muD_P_plus_dA_D,2.0,0.7693163444730724,350,0.008264357140461602,0.8971217065312074,0.02364619140885895,0.4541951503475794,350,0.00619063935353227,0.9249047731737117,0.01536741683745265,0.0028543154984237424,0.03467516506551913,0.8971217065312074,0.027070449848340658,0.008265338446107598,0.015380852962751351,0.008264357140461602,0.0008674515817160676,0.005500362925472353,-6.121176242828369,-3.6239845752716064,-0.37081676721572876,-3.871565580368042,-5.0579376220703125,-4.436884880065918,-5.058056354522705,-7.312203884124756,-5.465194225311279,0.001774986337790204,0.02967935539517736,0.9249047731737117,0.020213154785035527,0.004855507750331116,0.010511909087121534,0.00619063935353227,0.000435270001027406,0.001434404116273094,-7.123190879821777,-4.30653190612793,-0.8672928214073181,-4.69064998626709,-6.116869926452637,-5.344474792480469,-5.873945236206055,-8.528772354125977,-7.336234092712402
cake_impl_04,muD_P_plus_dA_D,4.0,0.8850660616055448,350,0.053352127849811144,0.741922496788882,0.14513681127257594,0.5524469149531382,350,0.04401386210215912,0.794421559485531,0.11209846262142839,0.0009837664206340216,0.00926557697709601,0.741922496788882,0.0418335753201996,0.03235882950115998,0.11277798177141594,0.053352127849811144,0.0020684196823285332,0.005437225688472793,-7.046215057373047,-4.803542137145996,-0.420603483915329,-3.2961490154266357,-3.5529613494873047,-2.304427146911621,-3.052934408187866,-6.30306339263916,-5.336579322814941,0.0007224987095307983,0.008507255834905504,0.794421559485531,0.03617434898453681,0.021479517136318387,0.09061894548511,0.04401386210215912,0.0019618659866472987,0.0021001462752610017,-7.826192855834961,-5.360233783721924,-0.8235389590263367,-3.9128029346466064,-4.434053421020508,-2.994489908218384,-3.716648578643799,-6.82725715637207,-6.759146213531494
cake_impl_04,dConc_D_matched_dA,0.0,0.6490018143270098,350,0.003049678088854872,0.8989862262600079,0.012126112070359567,0.4008470575236816,350,0.001992584105397924,0.9227249039669119,0.00792033369699123,0.0025246228889416046,0.044683687345803344,0.8989862262600079,0.034844232006019916,0.005700287956603321,0.006425824113756247,0.003049678088854872,0.0005974183586499082,0.0031880229813629497,-6.413983345031738,-3.540466547012329,-0.5388073325157166,-3.789187431335449,-5.599558353424072,-5.479750156402588,-6.225039005279541,-7.855212688446045,-6.180674076080322,0.0017325158016625953,0.03657374462024916,0.9227249039669119,0.02817641945356907,0.003733432955714577,0.004186900741276653,0.001992584105397924,0.0001735771266598749,0.000705921228558096,-7.272356033325195,-4.222599983215332,-0.994599461555481,-4.483445167541504,-6.504602432250977,-6.389969825744629,-7.132498264312744,-9.573063850402832,-8.170182228088379
cake_impl_04,dConc_D_matched_dA,0.5,0.651438339785832,350,0.0033685570288746187,0.9077283604658395,0.011815158974260102,0.40258154610366487,350,0.002197523099065093,0.930314173281066,0.007403973267327716,0.0025491580770110743,0.03981667909567002,0.9077283604658395,0.031048928461289434,0.005556129339334692,0.006259029634925411,0.0033685570288746187,0.0005824147904469449,0.003090743106608412,-6.400564670562744,-3.6520419120788574,-0.5253826379776001,-3.900763511657715,-5.621426105499268,-5.502302646636963,-6.121843338012695,-7.8769001960754395,-6.207916259765625,0.0016281697909164344,0.03257697073036968,0.930314173281066,0.02508403587044067,0.0033715828878615895,0.004032390379466126,0.002197523099065093,0.0001797381876976258,0.0006154157731167976,-7.330156326293945,-4.334007263183594,-0.9820905327796936,-4.595381259918213,-6.602230548858643,-6.423253536224365,-7.030282020568848,-9.533866882324219,-8.303070068359375
cake_impl_04,dConc_D_matched_dA,1.0,0.6557425327577844,350,0.0029906359558942467,0.9141594777679753,0.010491073435455838,0.4067284497654099,350,0.001939710741091506,0.9337076642636484,0.006332099876117546,0.002265380462690935,0.035381031125971005,0.9141594777679753,0.03127146445829437,0.004933507311987487,0.005557566123468351,0.0029906359558942467,0.00045564800378666793,0.0029852887899316474,-6.511999607086182,-3.763566493988037,-0.5117372870445251,-3.8870363235473633,-5.733692169189453,-5.614582061767578,-6.234256267547607,-8.115777015686035,-6.236045837402344,0.0014412912381088037,0.030561192779681366,0.9337076642636484,0.02530611469161126,0.0027641825370709762,0.0035679173390465698,0.001939710741091506,0.0001264048302582384,0.0005855215794827451,-7.4418253898620605,-4.387633800506592,-0.9682013988494873,-4.576318740844727,-6.790619850158691,-6.5353827476501465,-7.1448259353637695,-9.875630378723145,-8.34261703491211
cake_impl_04,dConc_D_matched_dA,2.0,0.6794181373190552,350,0.0031511230525998525,0.901881062533388,0.010371160670227045,0.42003769458126056,350,0.002021546341392362,0.9247968719743425,0.006271805287420312,0.0025323220959721795,0.03955736794037796,0.901881062533388,0.039621589979546554,0.005199286353972948,0.0051718743162540975,0.0031511230525998525,0.000422883642087515,0.002462490085801004,-6.365137100219727,-3.6165218353271484,-0.4897911548614502,-3.6148996353149414,-5.645752429962158,-5.651038646697998,-6.146514892578125,-8.154932022094727,-6.393100738525391,0.0016116311912074944,0.03434664475250014,0.9247968719743425,0.030389999442641306,0.00292308211565128,0.003348723171769032,0.002021546341392362,0.000127708643095002,0.0004337923674008971,-7.297919273376465,-4.238661766052246,-0.9455919861793518,-4.361052513122559,-6.7025275230407715,-6.566586971282959,-7.071303367614746,-9.833169937133789,-8.610355377197266
cake_impl_04,dConc_D_matched_dA,4.0,0.8065839467043301,350,0.0038671989482762,0.8230066950041617,0.013583293059512766,0.4942387327271472,350,0.0026861947725837507,0.8512828449531786,0.008903051644216469,0.005542825376300721,0.05251939730707793,0.8230066950041617,0.0983098059920323,0.007230599916200057,0.00635269314331271,0.0038671989482762,0.0004050878758874545,0.002765696436750706,-5.410198211669922,-3.161520004272461,-0.4097382426261902,-2.534578800201416,-5.144380569458008,-5.2738237380981445,-5.770172119140625,-8.02635383605957,-6.105410099029541,0.003820411218595568,0.0461432385402089,0.8512828449531786,0.0863158586361513,0.004441647011623285,0.004461404632593184,0.0026861947725837507,0.00012216177627966322,0.0007262384587857453,-6.272133827209473,-3.7807414531707764,-0.8657474517822266,-3.1544785499572754,-6.121466636657715,-6.11702823638916,-6.624366283416748,-9.714900970458984,-7.932368755340576
cake_impl_04,muD_PD_F4S,0.0,0.6490018143270098,350,0.003049678088854872,0.8989862262600079,0.012126112070359567,0.4008470575236816,350,0.001992584105397924,0.9227249039669119,0.00792033369699123,0.0025246228889416046,0.044683687345803344,0.8989862262600079,0.034844232006019916,0.005700287956603321,0.006425824113756247,0.003049678088854872,0.0005974183586499082,0.0031880229813629497,-6.413983345031738,-3.540466547012329,-0.5388073325157166,-3.789187431335449,-5.599558353424072,-5.479750156402588,-6.225039005279541,-7.855212688446045,-6.180674076080322,0.0017325158016625953,0.03657374462024916,0.9227249039669119,0.02817641945356907,0.003733432955714577,0.004186900741276653,0.001992584105397924,0.0001735771266598749,0.000705921228558096,-7.272356033325195,-4.222599983215332,-0.994599461555481,-4.483445167541504,-6.504602432250977,-6.389969825744629,-7.132498264312744,-9.573063850402832,-8.170182228088379
cake_impl_04,muD_PD_F4S,0.5,0.667149590732457,350,0.003990324623767644,0.9088058480011154,0.013229545126321237,0.411981383870551,350,0.0026318379883147843,0.9331058033981944,0.008130976022106811,0.0025520583171897626,0.039864697705962904,0.9088058480011154,0.02743156131019223,0.005808288822910945,0.007421256303410292,0.003990324623767644,0.0006091505757594561,0.003516814339691275,-6.375596046447754,-3.627005100250244,-0.5003647804260254,-4.000802040100098,-5.553210258483887,-5.30814790725708,-5.928623676300049,-7.808186054229736,-6.054940700531006,0.0016312803482951502,0.03275601873402461,0.9331058033981944,0.020855133642625045,0.003285793556422385,0.004845182465684426,0.0026318379883147843,0.00018934203119678444,0.0006996078352424974,-7.305167198181152,-4.305445671081543,-0.9560137987136841,-4.756932258605957,-6.604924201965332,-6.21654748916626,-6.826849937438965,-9.458732604980469,-8.15176773071289
cake_impl_04,muD_PD_F4S,1.0,0.6700641602319168,350,0.0045284920341689865,0.9093432113481775,0.015008332917846423,0.39622359387362927,350,0.003123584938138031,0.9331818750640252,0.009575421405097524,0.0025534376363020514,0.03988226868277482,0.9093432113481775,0.024220520249347545,0.006591248688974839,0.008417084228871585,0.0045284920341689865,0.0006094094787014112,0.0038543276526814153,-6.370696544647217,-3.6222052574157715,-0.49541449546813965,-4.120936870574951,-5.422394275665283,-5.177873611450195,-5.79774808883667,-7.803401947021484,-5.958940505981445,0.001703111536000163,0.03215315248222221,0.9331818750640252,0.019227064076361943,0.0038764597949446926,0.005698961610152832,0.003123584938138031,0.00021503440391998962,0.0008207560942349785,-7.301074981689453,-4.363021373748779,-0.9949317574501038,-4.877213001251221,-6.478609561920166,-6.093247890472412,-6.694550514221191,-9.370489120483398,-8.031061172485352
cake_impl_04,muD_PD_F4S,2.0,0.7323883538252626,350,0.004760389185170708,0.9230722862861434,0.012564574517984905,0.43405111432818816,350,0.0033027080109078984,0.9439222829546434,0.007872002910598863,0.0022869695068621983,0.03148862706256052,0.9230722862861434,0.021697707306123994,0.004761537908555101,0.0078030366094298045,0.004760389185170708,0.0004972642611738048,0.0036321818739804934,-6.391972064971924,-3.769573211669922,-0.39149209856987,-4.141993045806885,-5.658628940582275,-5.164686679840088,-5.658870220184326,-7.91783332824707,-5.929366111755371,0.0014101044140994207,0.025239766744589102,0.9439222829546434,0.01723756923584796,0.0025809507764459104,0.005291052134152952,0.0033027080109078984,0.00021575069237309022,0.0007998150369402077,-7.398684501647949,-4.513927459716797,-0.8923044204711914,-4.895256996154785,-6.794190406799316,-6.07633113861084,-6.547605514526367,-9.275979995727539,-7.965723037719727
cake_impl_04,muD_PD_F4S,4.0,0.8717172757442812,350,0.0027317318279769334,0.9594759110504979,0.006674818141466506,0.5990250003538906,350,0.0020095714218466235,0.9691477934656765,0.003967991556642346,0.0005300882872808794,0.01982261771647359,0.9594759110504979,0.008298395643662183,0.002732463982352732,0.003942354159113775,0.0027317318279769334,0.0002195999531062225,0.0022468373795358912,-7.679757118225098,-4.058221817016602,-0.17865820229053497,-4.928983211517334,-6.039841651916504,-5.673267364501953,-6.040109634399414,-8.560993194580078,-6.2355217933654785,0.0003511824250739259,0.017308132230519115,0.9691477934656765,0.0064783794372096845,0.0014974326131207839,0.0024705589435215615,0.0020095714218466235,0.00012287508843376237,0.0006140743745979774,-8.466656684875488,-4.56903076171875,-0.5437901020050049,-5.551736831665039,-7.016455173492432,-6.515762805938721,-6.722285747528076,-9.516794204711914,-7.907846450805664
cake_impl_04,r0_D_dA,0.0,0.6490018143270098,350,0.003049678088854872,0.8989862262600079,0.012126112070359567,0.4008470575236816,350,0.001992584105397924,0.9227249039669119,0.00792033369699123,0.0025246228889416046,0.044683687345803344,0.8989862262600079,0.034844232006019916,0.005700287956603321,0.006425824113756247,0.003049678088854872,0.0005974183586499082,0.0031880229813629497,-6.413983345031738,-3.540466547012329,-0.5388073325157166,-3.789187431335449,-5.599558353424072,-5.479750156402588,-6.225039005279541,-7.855212688446045,-6.180674076080322,0.0017325158016625953,0.03657374462024916,0.9227249039669119,0.02817641945356907,0.003733432955714577,0.004186900741276653,0.001992584105397924,0.0001735771266598749,0.000705921228558096,-7.272356033325195,-4.222599983215332,-0.994599461555481,-4.483445167541504,-6.504602432250977,-6.389969825744629,-7.132498264312744,-9.573063850402832,-8.170182228088379
cake_impl_04,r0_D_dA,0.5,0.6669990793084591,350,0.002922375807998763,0.9184868384011494,0.012346368521131856,0.41412448123458195,350,0.0018993197974848878,0.9383846669491094,0.008018978088287432,0.0025793417931169803,0.03553337528054835,0.9184868384011494,0.024464331437263825,0.006189416725425613,0.006156951795706244,0.002922375807998763,0.0005046961939586332,0.003162672564832108,-6.365187644958496,-3.7422494888305664,-0.4899943172931671,-4.115505695343018,-5.4898810386657715,-5.495140075683594,-6.240324974060059,-7.996520519256592,-6.161304473876953,0.0017629988318535272,0.030567467695627033,0.9383846669491094,0.0185544159761706,0.0037385989168884875,0.004280379171398945,0.0018993197974848878,0.00013703797337898682,0.0006751146880880649,-7.222327709197998,-4.369407653808594,-0.9451839923858643,-4.868636131286621,-6.470633029937744,-6.335302352905273,-7.147848129272461,-9.776841163635254,-8.18221664428711
cake_impl_04,r0_D_dA,1.0,0.7000222262919078,350,0.0037487429344558025,0.9068965264878813,0.01583557101322603,0.4343629069018523,350,0.002446613745016765,0.9286096645893271,0.010322021207901422,0.003270156080781851,0.035085176946122835,0.9068965264878813,0.031021754092109523,0.007939873978948487,0.007895697034277543,0.0037487429344558025,0.0005714130818885905,0.0035706593635343713,-6.07956075668335,-3.7066197395324707,-0.4543701112270355,-3.829709768295288,-5.192501068115234,-5.198080539703369,-5.9429779052734375,-7.824041366577148,-5.991648197174072,0.0022369342005378805,0.030305201387160346,0.9286096645893271,0.025037428069362988,0.0048312572098325865,0.005490763998068837,0.002446613745016765,0.00017527197836752587,0.0008668648223257706,-6.936523914337158,-4.330310821533203,-0.9079416990280151,-4.521258354187012,-6.166523456573486,-6.038562774658203,-6.846925258636475,-9.483046531677246,-7.884502410888672
cake_impl_04,r0_D_dA,2.0,0.7460727833512347,350,0.003070924784654256,0.8963582456808767,0.01666482043272799,0.4627754360842332,350,0.002142924482329821,0.9179262047247911,0.010474204724602343,0.004150099910800834,0.04454849613451322,0.8963582456808767,0.030655942244737198,0.00835169213517559,0.008313128297552399,0.003070924784654256,0.0004141705776530255,0.004137300234036617,-5.777554988861084,-3.404109001159668,-0.40234723687171936,-3.7778608798980713,-5.07822322845459,-5.082851409912109,-6.078708648681641,-8.082164764404297,-5.780643939971924,0.002643744571083818,0.040740800551105544,0.9179262047247911,0.02479497757352164,0.004690302825872492,0.00578390189872985,0.002142924482329821,0.00016456983614772093,0.0011125735364179061,-6.7060723304748535,-3.971038579940796,-0.8561516404151917,-4.46762752532959,-6.1327714920043945,-5.923190116882324,-6.916097164154053,-9.482688903808594,-7.571592807769775
cake_impl_04,r0_D_dA,4.0,0.5973796344786292,350,0.005197944714652454,0.7181087504847018,0.01912751471975474,0.3716480574516278,350,0.003758753535483587,0.7684330214729365,0.013595909564467061,0.07567829838521531,0.12466204431677494,0.7181087504847018,0.05198439379745696,0.006674811904119813,0.012452702815634929,0.005197944714652454,0.0014893781259559219,0.0037516754554876683,-3.096466302871704,-2.597351312637329,-0.8463367223739624,-3.4720141887664795,-5.524616718292236,-4.901020050048828,-5.774694442749023,-7.024599075317383,-6.100755214691162,0.056048865726165596,0.11422306348366763,0.7684330214729365,0.04204410723448694,0.0041495172642168,0.009446392300250262,0.003758753535483587,0.0007526854188308817,0.0011435935639617755,-3.8713393211364746,-3.159409999847412,-1.2532098293304443,-4.158843994140625,-6.474571228027344,-5.651930332183838,-6.5734758377075195,-8.181671142578125,-7.763387680053711
cake_impl_04,r1_D_dA,0.0,0.6490018143270098,350,0.003049678088854872,0.8989862262600079,0.012126112070359567,0.4008470575236816,350,0.001992584105397924,0.9227249039669119,0.00792033369699123,0.0025246228889416046,0.044683687345803344,0.8989862262600079,0.034844232006019916,0.005700287956603321,0.006425824113756247,0.003049678088854872,0.0005974183586499082,0.0031880229813629497,-6.413983345031738,-3.540466547012329,-0.5388073325157166,-3.789187431335449,-5.599558353424072,-5.479750156402588,-6.225039005279541,-7.855212688446045,-6.180674076080322,0.0017325158016625953,0.03657374462024916,0.9227249039669119,0.02817641945356907,0.003733432955714577,0.004186900741276653,0.001992584105397924,0.0001735771266598749,0.000705921228558096,-7.272356033325195,-4.222599983215332,-0.994599461555481,-4.483445167541504,-6.504602432250977,-6.389969825744629,-7.132498264312744,-9.573063850402832,-8.170182228088379
cake_impl_04,r1_D_dA,0.5,0.6675319972439061,350,0.00391757188878646,0.8854074220059366,0.015581287996442067,0.41158049033773847,350,0.0025735376239473797,0.910455269689522,0.009903526444146337,0.00319249292683863,0.04400695721906512,0.8854074220059366,0.04407148878762771,0.007322153927363429,0.008259134069078638,0.00391757188878646,0.0006765559100516512,0.0031462232652518128,-6.151121139526367,-3.5275754928588867,-0.5258753299713135,-3.5261101722717285,-5.321018695831299,-5.200603485107422,-5.946451187133789,-7.702663421630859,-6.165720462799072,0.002045414471987316,0.03827128991566822,0.910455269689522,0.035806697888241375,0.004493779396562952,0.005409747047583386,0.0025735376239473797,0.0001831670416250622,0.0007610969248622738,-7.0799055099487305,-4.150805950164795,-0.9815611839294434,-4.217370986938477,-6.292811870574951,-6.107303619384766,-6.850224494934082,-9.492862701416016,-8.068500518798828
cake_impl_04,r1_D_dA,1.0,0.6814432809798272,350,0.005278522993087334,0.8838614936429943,0.019694244918192376,0.40203859142099285,350,0.0038928581678946052,0.9078303019274965,0.013558924505714286,0.004092361107845869,0.038739037658638176,0.8838614936429943,0.04398905677605875,0.009864805594757352,0.009829439323435026,0.005278522993087334,0.0008062764605500836,0.0035390064426334107,-5.882175445556641,-3.6344497203826904,-0.5069971680641174,-3.507356643676758,-5.002324104309082,-5.005915641784668,-5.627651214599609,-7.506626129150391,-6.027451515197754,0.0029503571983651466,0.03322700782301149,0.9078303019274965,0.037401869591590975,0.006352192848286193,0.007206731657428094,0.0038928581678946052,0.0002570516689187916,0.0008816291170083108,-6.737036228179932,-4.31559944152832,-1.0079050064086914,-4.19724178314209,-5.970162391662598,-5.843946933746338,-6.4598188400268555,-9.177440643310547,-7.9449462890625
cake_impl_04,r1_D_dA,2.0,0.7286645669500603,350,0.0064713851171257645,0.8725164261277027,0.029646574673190637,0.4636395809389901,350,0.004450185132943286,0.9089012527158389,0.019277615152042918,0.004039652639872281,0.03374894118924151,0.8725164261277027,0.04920874968668227,0.012092612533861543,0.017553962139329096,0.0064713851171257645,0.0009910278062158562,0.003377242759968912,-5.82813835144043,-3.705348014831543,-0.45291557908058167,-3.328225612640381,-4.7317023277282715,-4.359017372131348,-5.356906890869141,-7.233309745788574,-6.007237434387207,0.002704569344027162,0.02696701202494987,0.9089012527158389,0.03648177249685047,0.007231710543030564,0.012045904609012354,0.004450185132943286,0.0003447243924549145,0.0008728687408925716,-6.681460380554199,-4.381788730621338,-0.8641666173934937,-4.079590320587158,-5.697927474975586,-5.187678337097168,-6.183457374572754,-8.741413116455078,-7.812373161315918
cake_impl_04,r1_D_dA,4.0,0.8084709368194848,350,0.004496176823367687,0.8781570702136573,0.02406751596127282,0.5189942592775177,350,0.003083560186710208,0.9086078378516431,0.0156465148057153,0.0027943540539865177,0.023342537613027535,0.8781570702136573,0.0636079245790362,0.008401217962628129,0.01566629799864469,0.004496176823367687,0.0006084138984085805,0.0029260068572432196,-6.092764854431152,-3.970088481903076,-0.34254035353660583,-2.967627763748169,-4.9919891357421875,-4.36885404586792,-5.617138385772705,-7.617265701293945,-6.046727180480957,0.001989390068764356,0.01964162716262314,0.9086078378516431,0.05003946650823688,0.004973472940457162,0.010673041865258139,0.003083560186710208,0.00022767731357693018,0.0007639261027300701,-6.875789642333984,-4.58596658706665,-0.7517041563987732,-3.650805711746216,-5.959499359130859,-5.195896625518799,-6.437532901763916,-9.04344367980957,-7.832901954650879
cake_impl_04,r2_D_dA,0.0,0.6490018143270098,350,0.003049678088854872,0.8989862262600079,0.012126112070359567,0.4008470575236816,350,0.001992584105397924,0.9227249039669119,0.00792033369699123,0.0025246228889416046,0.044683687345803344,0.8989862262600079,0.034844232006019916,0.005700287956603321,0.006425824113756247,0.003049678088854872,0.0005974183586499082,0.0031880229813629497,-6.413983345031738,-3.540466547012329,-0.5388073325157166,-3.789187431335449,-5.599558353424072,-5.479750156402588,-6.225039005279541,-7.855212688446045,-6.180674076080322,0.0017325158016625953,0.03657374462024916,0.9227249039669119,0.02817641945356907,0.003733432955714577,0.004186900741276653,0.001992584105397924,0.0001735771266598749,0.000705921228558096,-7.272356033325195,-4.222599983215332,-0.994599461555481,-4.483445167541504,-6.504602432250977,-6.389969825744629,-7.132498264312744,-9.573063850402832,-8.170182228088379
cake_impl_04,r2_D_dA,0.5,0.6517163189331929,350,0.0032176676024415624,0.9024450085157476,0.011993025684010217,0.40207974582766115,350,0.0021042317355282757,0.9273692981141886,0.007571847808651376,0.0028718101116388174,0.04486324362264044,0.9024450085157476,0.030868111589002357,0.006013992061052447,0.00597903362295777,0.0032176676024415624,0.0005562356818382643,0.003184897192681051,-6.280958652496338,-3.5322823524475098,-0.5307934284210205,-3.906177520751953,-5.541812419891357,-5.547642230987549,-6.1672444343566895,-7.922464370727539,-6.177481174468994,0.0018380252372284947,0.03670927006145671,0.9273692981141886,0.023539840581482844,0.003673063039951299,0.0038987847687000773,0.0021042317355282757,0.00016632402126497443,0.0007011624401987108,-7.210168361663818,-4.2158308029174805,-0.9865082502365112,-4.660165786743164,-6.517834186553955,-6.458195209503174,-7.074909687042236,-9.612677574157715,-8.17387580871582
cake_impl_04,r2_D_dA,1.0,0.6721384012705399,350,0.002979240290076087,0.9101259085709424,0.010450560287994584,0.39819734282845926,350,0.002182470734429122,0.9300607293679349,0.006668029905937776,0.0032817806830972456,0.04522869722569239,0.9101259085709424,0.024238868708410553,0.00491374065728647,0.005536819630708115,0.002979240290076087,0.0005149916801507736,0.0031799525536361935,-6.116660118103027,-3.493314504623413,-0.4914633333683014,-4.117088794708252,-5.713010787963867,-5.593626022338867,-6.213377952575684,-7.968650817871094,-6.14818000793457,0.002349573552253215,0.03858279241991968,0.9300607293679349,0.01914085861447554,0.0028999722939157544,0.0037680576120220216,0.002182470734429122,0.0001787525167798278,0.0008367928882698644,-6.974328994750977,-4.175756454467773,-0.9933129549026489,-4.876737594604492,-6.763861656188965,-6.502003192901611,-7.048105239868164,-9.550315856933594,-8.006741523742676
cake_impl_04,r2_D_dA,2.0,0.7091714339965983,350,0.0030911429559292852,0.8864396665116342,0.010245731254304218,0.43914875590464714,350,0.002172127790994702,0.90862356269059,0.0067608982690065544,0.005971468906708582,0.06412742627512007,0.8864396665116342,0.026750848057081632,0.004499399028189933,0.005746332226114285,0.0030911429559292852,0.0006073774478550201,0.002766338591366825,-5.464420318603516,-3.090541124343872,-0.4642001986503601,-3.9648470878601074,-5.747469425201416,-5.502851486206055,-6.122872352600098,-7.750018119812012,-6.233888626098633,0.004088970546798681,0.05587913006141418,0.90862356269059,0.02157653000959186,0.002729768104250021,0.004031130164756534,0.002172127790994702,0.00023432315662601377,0.0006644574749780245,-6.322379112243652,-3.7074813842773438,-0.9187414646148682,-4.659066200256348,-6.7264556884765625,-6.336625576019287,-6.954965114593506,-9.181726455688477,-8.139456748962402
cake_impl_04,r2_D_dA,4.0,0.06485973041957493,350,0.025668958449424965,0.5769514108852442,0.14379544303101108,0.03962036457340753,350,0.020870009526627303,0.6489911444219132,0.11233108505098802,0.028708814662233056,0.06069419637141507,0.5769514108852442,0.12867207958220991,0.05435717545605303,0.08943826757495804,0.025668958449424965,0.0073563665645260045,0.02815273045393561,-6.286079406738281,-5.537435531616211,-3.2855255603790283,-4.786016464233398,-5.647706985473633,-5.149734973907471,-6.398001194000244,-7.647717475891113,-6.305639266967773,0.02269783213285053,0.0621178183306653,0.6489911444219132,0.11861330705513129,0.0392165792125486,0.07311450583843943,0.020870009526627303,0.0053917475598274376,0.008987055921996803,-7.013897895812988,-6.007134437561035,-3.660748243331909,-5.3602986335754395,-6.467067718505859,-5.844140529632568,-7.097854137420654,-8.451297760009766,-7.94038200378418
cake_impl_03,dA_D,0.0,0.7953732722407499,350,0.0008148341070938743,0.9885499910857621,0.0015252090419594253,0.5490950519945839,350,0.0006510861842070361,0.9905980229117942,0.0011268541205221951,0.0007019638135924417,0.005183282278526435,0.9885499910857621,0.0027747775560390104,0.00118615283834126,0.0003390562036181654,0.0008148341070938743,0.0001246681828116322,0.0003252739342150293,-7.490572452545166,-5.491260528564453,-0.24045981466770172,-6.116128444671631,-6.965983867645264,-8.21828842163086,-7.341469764709473,-9.218798637390137,-8.259786605834961,0.00039799284067271146,0.004275253159277499,0.9905980229117942,0.0026321694091041292,0.0008256573704637251,0.00030119675005846997,0.0006510861842070361,0.00011827305572735429,0.00020034831869503885,-8.428560256958008,-6.05439567565918,-0.6089301705360413,-6.539430618286133,-7.698814392089844,-8.707230567932129,-7.936352252960205,-9.641998291015625,-9.114936828613281
cake_impl_03,dA_D,0.5,0.796967268065244,350,0.0006760984609939698,0.989440922922534,0.0013965401371794704,0.5502476311223203,350,0.0005409385620346631,0.9913040691042655,0.001039665798448241,0.000796146138441434,0.00457770283333264,0.989440922922534,0.002777281141718976,0.0011152215931454863,0.0002813185440339842,0.0006760984609939698,0.00010344167608311034,0.0002318666897165008,-7.362669467926025,-5.613499641418457,-0.23755688965320587,-6.113224506378174,-7.025643825531006,-8.40296459197998,-7.526113510131836,-9.403444290161133,-8.59628963470459,0.00043330793337194415,0.003795942781750199,0.9913040691042655,0.002650634610358321,0.0007852387434011076,0.0002544270550471336,0.0005409385620346631,9.883151440922918e-05,0.00013660969536150895,-8.341448783874512,-6.171209335327148,-0.6061208248138428,-6.530343055725098,-7.7469096183776855,-8.873883247375488,-8.11959171295166,-9.819480895996094,-9.495769500732422
cake_impl_03,dA_D,1.0,0.7981231119127955,350,0.0005526725425010551,0.9903333606427777,0.0012936596727369507,0.5296113775628469,350,0.0004410348032188005,0.991650604016691,0.0010469137659179194,0.0007032131148119938,0.004042902861447441,0.9903333606427777,0.0027798086763495154,0.0010330660271468848,0.000260593645590066,0.0005526725425010551,7.462545200926598e-05,0.00021975703736610988,-7.485342979431152,-5.7362847328186035,-0.23520608246326447,-6.110865592956543,-7.100716590881348,-8.47804069519043,-7.7262372970581055,-9.728521347045898,-8.648480415344238,0.0003999729697889369,0.0035991407009137895,0.991650604016691,0.002642791578225771,0.0008067980087638375,0.00024011575715408197,0.0004410348032188005,7.494449183924954e-05,0.0001445976734046564,-8.459725379943848,-6.262671947479248,-0.6439962387084961,-6.571531295776367,-7.758049011230469,-8.970001220703125,-8.361998558044434,-10.134374618530273,-9.477167129516602
cake_impl_03,dA_D,2.0,0.798373362363092,350,0.0004739346301239677,0.987868576709915,0.0013905170358206455,0.5514650382694383,350,0.00036695108741190656,0.9899877849660762,0.0010846868860850498,0.0010205760771229986,0.005868066277428323,0.987868576709915,0.003141825827564409,0.0011374382236209704,0.00025307881219967503,0.0004739346301239677,5.645260842044899e-05,0.0001800508336040603,-7.112566947937012,-5.363409042358398,-0.23738452792167664,-5.98813009262085,-7.00415563583374,-8.506988525390625,-7.87962007522583,-10.007287979125977,-8.847450256347656,0.0005951218867909248,0.004898419149515355,0.9899877849660762,0.0028950189668571756,0.0008572930730670207,0.00022739381301802914,0.00036695108741190656,5.312054108210015e-05,0.00011889651618111846,-8.021921157836914,-5.914019584655762,-0.6052395105361938,-6.439940452575684,-7.656907558441162,-8.984004020690918,-8.50545883178711,-10.43812370300293,-9.632433891296387
cake_impl_03,dA_D,4.0,0.7980109754535109,350,0.0004997974665153065,0.9821753608424092,0.0016260863183430849,0.5516289493553295,350,0.0003908455906522517,0.9848611111656773,0.0012768298904334533,0.0021483417933808166,0.010900658462749747,0.9821753608424092,0.0024319038395019805,0.0013590620706045878,0.0002670242477384971,0.0004997974665153065,5.2574225099859605e-05,0.0001652770519998324,-6.368691921234131,-4.744565010070801,-0.24361833930015564,-6.24471378326416,-6.826593399047852,-8.453804016113281,-7.826940536499023,-10.078917503356934,-8.933520317077637,0.0014389291048393978,0.009627596252491873,0.9848611111656773,0.0022415251205478203,0.00103601164579262,0.00024081824464083332,0.0003908455906522517,5.1893141587066405e-05,0.00011126973377086874,-7.138735771179199,-5.238001346588135,-0.6101343035697937,-6.695478439331055,-7.467256546020508,-8.926347732543945,-8.44207763671875,-10.461203575134277,-9.698432922363281
cake_impl_03,dA_D_matched_muD,0.0,0.7953732722407499,350,0.0008148341070938743,0.9885499910857621,0.0015252090419594253,0.5490950519945839,350,0.0006510861842070361,0.9905980229117942,0.0011268541205221951,0.0007019638135924417,0.005183282278526435,0.9885499910857621,0.0027747775560390104,0.00118615283834126,0.0003390562036181654,0.0008148341070938743,0.0001246681828116322,0.0003252739342150293,-7.490572452545166,-5.491260528564453,-0.24045981466770172,-6.116128444671631,-6.965983867645264,-8.21828842163086,-7.341469764709473,-9.218798637390137,-8.259786605834961,0.00039799284067271146,0.004275253159277499,0.9905980229117942,0.0026321694091041292,0.0008256573704637251,0.00030119675005846997,0.0006510861842070361,0.00011827305572735429,0.00020034831869503885,-8.428560256958008,-6.05439567565918,-0.6089301705360413,-6.539430618286133,-7.698814392089844,-8.707230567932129,-7.936352252960205,-9.641998291015625,-9.114936828613281
cake_impl_03,dA_D_matched_muD,0.5,0.7957648230150796,350,0.0008198601414130403,0.9891607076908002,0.001534589795947036,0.5279612488637772,350,0.0006443778809668875,0.9907586651139926,0.0011889131129613631,0.0007024010491327124,0.004577025166053173,0.9891607076908002,0.0027765376697069144,0.001193446465872614,0.00034114333007442187,0.0008198601414130403,0.00011069621360166687,0.00031818227334530773,-7.489457607269287,-5.615157604217529,-0.23935005068778992,-6.115002155303955,-6.959361553192139,-8.21165943145752,-7.3348283767700195,-9.337172508239746,-8.28133773803711,0.00041554972936082356,0.004043884300750286,0.9907586651139926,0.002635880182821384,0.0008713278763296811,0.0003175852366316821,0.0006443778809668875,0.00010960923046183054,0.0002031204486845814,-8.424640655517578,-6.149281978607178,-0.6480166912078857,-6.5772705078125,-7.684224605560303,-8.693496704101562,-7.985957622528076,-9.75732135772705,-9.140443801879883
cake_impl_03,dA_D_matched_muD,1.0,0.7965972913847015,350,0.0007237121784694503,0.9888200820300438,0.0013547755887486402,0.5491051095330739,350,0.0005546669233545878,0.9908978773428601,0.0010164720415057585,0.0007956583803885657,0.005184083436646557,0.9888200820300438,0.0027755372918320926,0.0010535655545613508,0.00030121003418728934,0.0007237121784694503,9.773040482600764e-05,0.00024842068904490854,-7.363746643066406,-5.48956823348999,-0.2386488914489746,-6.114316940307617,-7.082981109619141,-8.335108757019043,-7.458522796630859,-9.46070384979248,-8.527792930603027,0.00046781371547062684,0.004178233955730335,0.9908978773428601,0.002634381335221962,0.0007435987175149968,0.0002728733239907617,0.0005546669233545878,9.423255479595659e-05,0.00015632213106064977,-8.266905784606934,-6.077332019805908,-0.6086091995239258,-6.538572311401367,-7.803474426269531,-8.805968284606934,-8.09660816192627,-9.869210243225098,-9.363057136535645
cake_impl_03,dA_D_matched_muD,2.0,0.797315433710233,350,0.0006799334836553505,0.9900547216381573,0.0014044799750072708,0.5506384009904933,350,0.0005199693154322455,0.9916682577067292,0.001096731000776261,0.0007030244678538327,0.004042248103364145,0.9900547216381573,0.0027791875208603386,0.0011215565385997446,0.00028292343640752614,0.0006799334836553505,9.180914201776916e-05,0.0002445956690838988,-7.486623764038086,-5.737459182739258,-0.23649996519088745,-6.1121015548706055,-7.019542694091797,-8.396839141845703,-7.520020484924316,-9.522303581237793,-8.54240894317627,0.00038425385255378975,0.003448250154963768,0.9916682577067292,0.002639979983488165,0.0008402995001037965,0.00025643150067246464,0.0005199693154322455,8.83245406792675e-05,0.00015423344537759915,-8.460884094238281,-6.266565322875977,-0.6050435900688171,-6.533660888671875,-7.678429126739502,-8.865325927734375,-8.158417701721191,-9.931169509887695,-9.373720169067383
cake_impl_03,dA_D_matched_muD,4.0,0.798349106198672,350,0.0005179515044608987,0.9897314876701344,0.0013413621279032843,0.5299386186989687,350,0.0004151251577979028,0.99122983630268,0.0010817746691228383,0.0007963397585626435,0.004578597785838095,0.9897314876701344,0.002777842651259251,0.0010971220537743936,0.0002442400741288906,0.0005179515044608987,6.168516610903862e-05,0.000194733335732324,-7.36069393157959,-5.611571788787842,-0.23553089797496796,-6.111289978027344,-7.040274143218994,-8.54256820678711,-7.790838241577148,-9.918676376342773,-8.769088745117188,0.0004696489573409135,0.0039497637343850756,0.99122983630268,0.002661094012865077,0.0008569864704366994,0.00022478819868613896,0.0004151251577979028,6.177497275606829e-05,0.00013098219305193398,-8.298519134521484,-6.169093608856201,-0.6438029408454895,-6.564012050628662,-7.69708251953125,-9.035346031188965,-8.421924591064453,-10.327006340026855,-9.575443267822266
cake_impl_03,muD_D,0.0,0.7953732722407499,350,0.0008148341070938743,0.9885499910857621,0.0015252090419594253,0.5490950519945839,350,0.0006510861842070361,0.9905980229117942,0.0011268541205221951,0.0007019638135924417,0.005183282278526435,0.9885499910857621,0.0027747775560390104,0.00118615283834126,0.0003390562036181654,0.0008148341070938743,0.0001246681828116322,0.0003252739342150293,-7.490572452545166,-5.491260528564453,-0.24045981466770172,-6.116128444671631,-6.965983867645264,-8.21828842163086,-7.341469764709473,-9.218798637390137,-8.259786605834961,0.00039799284067271146,0.004275253159277499,0.9905980229117942,0.0026321694091041292,0.0008256573704637251,0.00030119675005846997,0.0006510861842070361,0.00011827305572735429,0.00020034831869503885,-8.428560256958008,-6.05439567565918,-0.6089301705360413,-6.539430618286133,-7.698814392089844,-8.707230567932129,-7.936352252960205,-9.641998291015625,-9.114936828613281
cake_impl_03,muD_D,0.5,0.796182615298816,350,0.0007357668619623237,0.9888794970607204,0.0013413103535200603,0.5495433689933623,350,0.0005565200530584793,0.9907527649234571,0.0010398278712202848,0.0007021945083893497,0.005185017864039777,0.9888794970607204,0.0027757979978811644,0.0010710608919075092,0.00027024946161255116,0.0007357668619623237,9.934302003204825e-05,0.0002810723334547552,-7.489226818084717,-5.489908695220947,-0.23910950124263763,-6.114743709564209,-7.067032337188721,-8.444091796875,-7.442523956298828,-9.44485855102539,-8.404825210571289,0.000427722163544876,0.004313174084788877,0.9907527649234571,0.002633764450776989,0.0007954994108999853,0.00024432846032029955,0.0005565200530584793,9.154543989337062e-05,0.0001846810132602093,-8.355704307556152,-6.044748783111572,-0.6079578399658203,-6.538008689880371,-7.735208034515381,-8.915664672851562,-8.092474937438965,-9.897342681884766,-9.195548057556152
cake_impl_03,muD_D,1.0,0.7962002493897352,350,0.0007702522578416939,0.9891975196495512,0.0015910781858431968,0.5485661174166138,350,0.000616346107906622,0.9911190491284769,0.0011824916247130737,0.0007024281103262416,0.004577282259885731,0.9891975196495512,0.002776632724496429,0.0012705757504321903,0.00032050243541100664,0.0007702522578416939,0.00010396095082216631,0.00028084586123319863,-7.488872051239014,-5.614554405212402,-0.23876580595970154,-6.1144208908081055,-6.8961896896362305,-8.27352523803711,-7.396697044372559,-9.399399757385254,-8.405609130859375,0.0003831106386443304,0.0037826505821115697,0.9911190491284769,0.002644524972928119,0.0008923816578739806,0.00029010996683909325,0.000616346107906622,9.935479982115576e-05,0.00017247214539800563,-8.467634201049805,-6.1777777671813965,-0.609368085861206,-6.535711288452148,-7.622064113616943,-8.745697975158691,-7.992149353027344,-9.8172607421875,-9.265722274780273
cake_impl_03,muD_D,2.0,0.7965372777010723,350,0.000774015983011341,0.9873862852120673,0.0015988662093795675,0.548219776784249,350,0.0005888737510041845,0.9896967543869624,0.0011954436201504761,0.0009002698838370035,0.00586588848232906,0.9873862852120673,0.003140397746491272,0.0012768603378194602,0.00032200587156010717,0.000774015983011341,9.220864062075308e-05,0.00024206784226384021,-7.240297317504883,-5.366082668304443,-0.2401752918958664,-5.99088716506958,-6.890832424163818,-8.26842212677002,-7.391399383544922,-9.518938064575195,-8.553773880004883,0.0005101894155819074,0.00489368168636628,0.9896967543869624,0.0028746448058346416,0.0009020020285749782,0.000293441591575498,0.0005888737510041845,8.817321225211856e-05,0.00015223912184821113,-8.181807518005371,-5.920889377593994,-0.6114357113838196,-6.452905178070068,-7.611972808837891,-8.73491096496582,-8.03837776184082,-9.937286376953125,-9.39113712310791
cake_impl_03,muD_D,4.0,0.7978473352007112,350,0.0004813425160650202,0.9878597126361823,0.00138245669612643,0.5497284419867965,350,0.00036962822211214876,0.9897069364156172,0.0011200957087083194,0.001020651127700446,0.005869328959390223,0.9878597126361823,0.0031420568694709196,0.001155495286427737,0.00022696140969869286,0.0004813425160650202,5.729755413136803e-05,0.0001871536409332478,-7.113152503967285,-5.3638529777526855,-0.2380525916814804,-5.988715648651123,-6.9890642166137695,-8.616568565368652,-7.864769458770752,-9.993090629577637,-8.809418678283691,0.0005966489915215262,0.0050224416057964875,0.9897069364156172,0.003003069457876828,0.0009113419796927216,0.0002087537290155978,0.00036962822211214876,5.5272204368736996e-05,0.00012590739399854836,-8.022512435913086,-5.892169952392578,-0.6086772680282593,-6.406451225280762,-7.598923206329346,-9.072686195373535,-8.501343727111816,-10.401571273803711,-9.57829475402832
cake_impl_03,muD_D_matched_dA,0.0,0.7953732722407499,350,0.0008148341070938743,0.9885499910857621,0.0015252090419594253,0.5490950519945839,350,0.0006510861842070361,0.9905980229117942,0.0011268541205221951,0.0007019638135924417,0.005183282278526435,0.9885499910857621,0.0027747775560390104,0.00118615283834126,0.0003390562036181654,0.0008148341070938743,0.0001246681828116322,0.0003252739342150293,-7.490572452545166,-5.491260528564453,-0.24045981466770172,-6.116128444671631,-6.965983867645264,-8.21828842163086,-7.341469764709473,-9.218798637390137,-8.259786605834961,0.00039799284067271146,0.004275253159277499,0.9905980229117942,0.0026321694091041292,0.0008256573704637251,0.00030119675005846997,0.0006510861842070361,0.00011827305572735429,0.00020034831869503885,-8.428560256958008,-6.05439567565918,-0.6089301705360413,-6.539430618286133,-7.698814392089844,-8.707230567932129,-7.936352252960205,-9.641998291015625,-9.114936828613281
cake_impl_03,muD_D_matched_dA,0.5,0.7962471816696579,350,0.0007208184793739224,0.9873852149783424,0.001647352969706425,0.5483756901070197,350,0.0005452208854549956,0.9895782052723928,0.0012188876220448127,0.000900254393059875,0.005866520415522525,0.9873852149783424,0.003140306274657833,0.00134740680168369,0.000299946168022735,0.0007208184793739224,9.729861609980636e-05,0.0002422338732371345,-7.240678787231445,-5.366339206695557,-0.24054063856601715,-5.991280555725098,-6.837419033050537,-8.339753150939941,-7.462968826293945,-9.465571403503418,-8.553452491760254,0.0005301599382314396,0.004891347951549364,0.9895782052723928,0.0029914071814304615,0.0009492525614482838,0.0002696350605965289,0.0005452208854549956,9.282142374047244e-05,0.0001519497251556662,-8.143126487731934,-5.921082019805908,-0.6112711429595947,-6.412806034088135,-7.5606303215026855,-8.819235801696777,-8.115114212036133,-9.885627746582031,-9.392755508422852
cake_impl_03,muD_D_matched_dA,1.0,0.7969846016871478,350,0.0006391492031775985,0.9877011861215312,0.001460780125828679,0.5488769929071201,350,0.0005139833489425329,0.9896069870240641,0.0011356029808073788,0.0009005590946797239,0.005868497612955083,0.9877011861215312,0.003141418579814269,0.001194861960682934,0.0002659181651457449,0.0006391492031775985,7.611878029009242e-05,0.0002122904817232648,-7.239414691925049,-5.365076541900635,-0.23929499089717865,-5.9900007247924805,-6.956644535064697,-8.45924186706543,-7.582292556762695,-9.710135459899902,-8.68447494506836,0.0005089646248563803,0.005022807318994931,0.9896069870240641,0.003005399755839785,0.0008943164115609802,0.00024128656924639867,0.0005139833489425329,7.334778458892585e-05,0.00013290716190597312,-8.183012962341309,-5.893647193908691,-0.6103283166885376,-6.407225608825684,-7.6193318367004395,-8.92940616607666,-8.173200607299805,-10.120179176330566,-9.525740623474121
cake_impl_03,muD_D_matched_dA,2.0,0.7987428164446047,350,0.0003421834730258889,0.9881673572240391,0.0011136880320003115,0.5503195758037407,350,0.0002773696730193641,0.9897411413749874,0.0009144453550081505,0.0011568655865713498,0.005871536261015092,0.9881673572240391,0.003142689997491589,0.0009308947711533021,0.00018279326084700935,0.0003421834730258889,4.0753523731414954e-05,0.00016492590212532896,-6.986757278442383,-5.3623552322387695,-0.2366194725036621,-5.987392425537109,-7.204080581665039,-8.831871032714844,-8.204879760742188,-10.332684516906738,-8.934730529785156,0.0006493726427486376,0.005159501140333549,0.9897411413749874,0.0031047478550823727,0.0007385792776986761,0.00017586607730947441,0.0002773696730193641,4.096059343122724e-05,0.00011246136538929123,-7.936759948730469,-5.864171504974365,-0.6075679659843445,-6.372078895568848,-7.808038234710693,-9.243043899536133,-8.787415504455566,-10.700156211853027,-9.690156936645508
cake_impl_03,muD_D_matched_dA,4.0,0.7987474431413941,350,0.00019645782513961777,0.9863905091047694,0.0009504339420114843,0.5929437686257646,350,0.00016893962928091706,0.9881573672670348,0.0008221792682225411,0.001680367240627909,0.007524451163943854,0.9863905091047694,0.0031371694717501177,0.0007774004595178236,0.00017303348249366078,0.00019645782513961777,2.06538837103517e-05,9.995736804717392e-05,-6.613453388214111,-5.114307880401611,-0.23841342329978943,-5.989144802093506,-7.384265422821045,-8.886735916137695,-8.759773254394531,-11.012317657470703,-9.435477256774902,0.0010113372963331095,0.006708368153421005,0.9881573672670348,0.0030309724470005068,0.0006493065663154735,0.0001728727019070677,0.00016893962928091706,2.1358586783755525e-05,7.947735192328392e-05,-7.419137477874756,-5.527055263519287,-0.5345690250396729,-6.321527481079102,-7.8622612953186035,-9.1856107711792,-9.208624839782715,-11.276712417602539,-9.96269416809082
cake_impl_03,muD_P,0.0,0.7953732722407499,350,0.0008148341070938743,0.9885499910857621,0.0015252090419594253,0.5490950519945839,350,0.0006510861842070361,0.9905980229117942,0.0011268541205221951,0.0007019638135924417,0.005183282278526435,0.9885499910857621,0.0027747775560390104,0.00118615283834126,0.0003390562036181654,0.0008148341070938743,0.0001246681828116322,0.0003252739342150293,-7.490572452545166,-5.491260528564453,-0.24045981466770172,-6.116128444671631,-6.965983867645264,-8.21828842163086,-7.341469764709473,-9.218798637390137,-8.259786605834961,0.00039799284067271146,0.004275253159277499,0.9905980229117942,0.0026321694091041292,0.0008256573704637251,0.00030119675005846997,0.0006510861842070361,0.00011827305572735429,0.00020034831869503885,-8.428560256958008,-6.05439567565918,-0.6089301705360413,-6.539430618286133,-7.698814392089844,-8.707230567932129,-7.936352252960205,-9.641998291015625,-9.114936828613281
cake_impl_03,muD_P,0.5,0.7903674606412858,350,0.0008148999592930278,0.9891716724664268,0.0015254515513448994,0.5446005896654267,350,0.0006520643406997806,0.9909852081398111,0.0011907042716637253,0.000702399917620062,0.004577109458415398,0.9891716724664268,0.0027765477604582635,0.0011862730223829855,0.0003391785289619138,0.0008148999592930278,0.0001246966298644435,0.00030722225657708977,-7.496264934539795,-5.621944904327393,-0.24614468216896057,-6.121804237365723,-6.972196102142334,-8.224241256713867,-7.347702503204346,-9.224884033203125,-8.323196411132812,0.00039832666360325574,0.0038137640305229126,0.9909852081398111,0.002650038992043163,0.0008829315164196408,0.00030777275524408444,0.0006520643406997806,0.00011842352167884051,0.00019147003997710356,-8.435940742492676,-6.1768412590026855,-0.6167582869529724,-6.540883541107178,-7.639965534210205,-8.693851470947266,-7.943069934844971,-9.648945808410645,-9.168481826782227
cake_impl_03,muD_P,1.0,0.756690821798311,350,0.0008524129128518479,0.9885485946057194,0.0014971881271961082,0.5222037571620789,350,0.0006444468193423449,0.990404571096301,0.0011800724010388101,0.0007019722674585599,0.0051829467874965245,0.9885485946057194,0.0027748149425450763,0.0010951181153253356,0.00040207001187077273,0.0008524129128518479,0.00011510120610970701,0.00032696915062268927,-7.540417194366455,-5.541182041168213,-0.29031801223754883,-6.165971755981445,-7.095693588256836,-8.097684860229492,-7.346240043640137,-9.348499298095703,-8.304445266723633,0.0004127772672484722,0.004400877365145293,0.990404571096301,0.0026416824998844275,0.0008161182497859183,0.00036395415125289177,0.0006444468193423449,0.000110258054810352,0.00020531449622930632,-8.442299842834473,-6.075648784637451,-0.659339189529419,-6.586036682128906,-7.760648727416992,-8.568180084228516,-7.9968156814575195,-9.762384414672852,-9.140665054321289
cake_impl_03,muD_P,2.0,0.7364362469679162,350,0.0008471501299489088,0.9877321346766149,0.0014880058789162331,0.5094494149457117,350,0.0006496248256780789,0.98942599948162,0.001173320215799315,0.0007013546623968641,0.005178606525773063,0.9877321346766149,0.003560202209016524,0.001088375557652708,0.00039963032126352505,0.0008471501299489088,0.0001295742881012652,0.00036297162923231357,-7.568429470062256,-5.569151878356934,-0.3182763457298279,-5.943870544433594,-7.129001617431641,-8.130903244018555,-7.379565238952637,-9.25718879699707,-8.227118492126465,0.0004397250157622627,0.0045430773449537856,0.98942599948162,0.003426004586095757,0.0008108698774892324,0.00036245033831008264,0.0006496248256780789,0.00012473985401701283,0.0002175086760737478,-8.403785705566406,-6.068575382232666,-0.6850550174713135,-6.350785255432129,-7.79182767868042,-8.597047805786133,-8.013540267944336,-9.663704872131348,-9.107696533203125
cake_impl_03,muD_P,4.0,0.6693065355146655,350,0.000893449268312794,0.9857279969208845,0.0017612466937833742,0.44664194976270033,350,0.0007669672533399196,0.98667199863824,0.001529814710758947,0.0006176610656012837,0.005855431404899097,0.9857279969208845,0.004561852240603738,0.0011478950168823164,0.0006133516769010579,0.000893449268312794,0.00013673919073905008,0.0004456232151761938,-7.791083812713623,-5.541898727416992,-0.4158879518508911,-5.791539669036865,-7.1713385581970215,-7.7980852127075195,-7.421934127807617,-9.298948287963867,-8.117549896240234,0.0004297939152845956,0.005568211936079657,0.98667199863824,0.004589752910257076,0.0009520933191913998,0.0005777213915675471,0.0007669672533399196,0.00013427819904269692,0.0003091824369972471,-8.558202743530273,-5.996679306030273,-0.8194156289100647,-6.189927101135254,-7.762845516204834,-8.26241683959961,-7.979064464569092,-9.72159481048584,-8.887577056884766
cake_impl_03,muD_P_plus_dA_D,0.0,0.7953732722407499,350,0.0008148341070938743,0.9885499910857621,0.0015252090419594253,0.5490950519945839,350,0.0006510861842070361,0.9905980229117942,0.0011268541205221951,0.0007019638135924417,0.005183282278526435,0.9885499910857621,0.0027747775560390104,0.00118615283834126,0.0003390562036181654,0.0008148341070938743,0.0001246681828116322,0.0003252739342150293,-7.490572452545166,-5.491260528564453,-0.24045981466770172,-6.116128444671631,-6.965983867645264,-8.21828842163086,-7.341469764709473,-9.218798637390137,-8.259786605834961,0.00039799284067271146,0.004275253159277499,0.9905980229117942,0.0026321694091041292,0.0008256573704637251,0.00030119675005846997,0.0006510861842070361,0.00011827305572735429,0.00020034831869503885,-8.428560256958008,-6.05439567565918,-0.6089301705360413,-6.539430618286133,-7.698814392089844,-8.707230567932129,-7.936352252960205,-9.641998291015625,-9.114936828613281
cake_impl_03,muD_P_plus_dA_D,0.5,0.791621166342056,350,0.0006799523466085032,0.9895020194029318,0.001404678279335746,0.5465232097778386,350,0.0005492017385798284,0.991172421100499,0.0010392535683145716,0.0007026193537859278,0.004578425863407502,0.9895020194029318,0.0027774575597180893,0.0011216775056779253,0.00028300077365782085,0.0006799523466085032,9.181006920215261e-05,0.0002630371250100846,-7.494367599487305,-5.620072364807129,-0.24422580003738403,-6.11989164352417,-7.026602268218994,-8.403733253479004,-7.527160167694092,-9.529460906982422,-8.476887702941895,0.0004139930657348134,0.003911816048806991,0.991172421100499,0.002656125832770086,0.0007906540420840975,0.000248599526230474,0.0005492017385798284,8.820988608767847e-05,0.00016897875920721873,-8.393839836120605,-6.147932052612305,-0.6130452752113342,-6.535065174102783,-7.746828556060791,-8.90384578704834,-8.111223220825195,-9.939970016479492,-9.289916038513184
cake_impl_03,muD_P_plus_dA_D,1.0,0.7591369390382819,350,0.0006261312823935822,0.9885852796441179,0.00146558667012002,0.5241676072795121,350,0.00048803620039972493,0.9906432877607292,0.00110622816834326,0.0007019453472198172,0.0051826491722928554,0.9885852796441179,0.0031445854933897996,0.0011703603166100859,0.00029522635350993416,0.0006261312823935822,8.45418308490186e-05,0.0002092805596170251,-7.537228107452393,-5.5380120277404785,-0.2870534658432007,-6.037646293640137,-7.026016712188721,-8.403341293334961,-7.651523590087891,-9.653837203979492,-8.747407913208008,0.00042660054036430014,0.004218955729981959,0.9906432877607292,0.002898101787503005,0.0008311550986004356,0.0002750730697428244,0.00048803620039972493,8.228357062419764e-05,0.00013650624205441468,-8.405606269836426,-6.114111423492432,-0.655344545841217,-6.489643096923828,-7.738637924194336,-8.844417572021484,-8.271064758300781,-10.05128288269043,-9.545083999633789
cake_impl_03,muD_P_plus_dA_D,2.0,0.7400035557166763,350,0.0005953994217346083,0.985758059065401,0.0017894376535899535,0.4931871374068636,350,0.00048682674708587265,0.9870871495116108,0.0014713355583320764,0.0008987099827868505,0.006634601702481112,0.985758059065401,0.004025582478365461,0.0014290553622938228,0.0003603822912961308,0.0005953994217346083,8.039360225646135e-05,0.00021781609338436954,-7.315650463104248,-5.316556930541992,-0.31544461846351624,-5.81618595123291,-6.851841926574707,-8.229445457458496,-7.7273783683776855,-9.729676246643066,-8.732959747314453,0.0005695550490236028,0.006286790332409656,0.9870871495116108,0.003874091629048131,0.0011301312249388227,0.0003412043333932536,0.00048682674708587265,7.930556585238222e-05,0.00014494560663749051,-8.177521705627441,-5.7761712074279785,-0.7198635339736938,-6.260310649871826,-7.492288112640381,-8.689895629882812,-8.334468841552734,-10.149068832397461,-9.546018600463867
cake_impl_03,muD_P_plus_dA_D,4.0,0.6715611737293795,350,0.003820907886223107,0.9597887809062551,0.011791264132185586,0.4477447922357434,350,0.003054280032443756,0.9640852908782269,0.009993043884372096,0.0018525789268713047,0.013678500316101978,0.9597887809062551,0.008297581109870673,0.009167511919843179,0.0026237522123424076,0.003820907886223107,0.00027649477226854486,0.0004938919502236277,-6.689326763153076,-4.690080165863037,-0.4391922056674957,-5.18994140625,-5.090239524841309,-6.341300010681152,-5.965417385101318,-8.591468811035156,-8.011343955993652,0.0012666419432843462,0.013203477279195781,0.9640852908782269,0.007769374207067245,0.007409524437497864,0.0025835194468742315,0.003054280032443756,0.00028326053812792587,0.0003446312372820237,-7.474917888641357,-5.130806922912598,-0.8401073813438416,-5.661097526550293,-5.708520889282227,-6.762134552001953,-6.594743251800537,-8.972675323486328,-8.776567459106445
cake_impl_03,dConc_D_matched_dA,0.0,0.7953732722407499,350,0.0008148341070938743,0.9885499910857621,0.0015252090419594253,0.5490950519945839,350,0.0006510861842070361,0.9905980229117942,0.0011268541205221951,0.0007019638135924417,0.005183282278526435,0.9885499910857621,0.0027747775560390104,0.00118615283834126,0.0003390562036181654,0.0008148341070938743,0.0001246681828116322,0.0003252739342150293,-7.490572452545166,-5.491260528564453,-0.24045981466770172,-6.116128444671631,-6.965983867645264,-8.21828842163086,-7.341469764709473,-9.218798637390137,-8.259786605834961,0.00039799284067271146,0.004275253159277499,0.9905980229117942,0.0026321694091041292,0.0008256573704637251,0.00030119675005846997,0.0006510861842070361,0.00011827305572735429,0.00020034831869503885,-8.428560256958008,-6.05439567565918,-0.6089301705360413,-6.539430618286133,-7.698814392089844,-8.707230567932129,-7.936352252960205,-9.641998291015625,-9.114936828613281
cake_impl_03,dConc_D_matched_dA,0.5,0.7951784410154565,350,0.0008197760607916025,0.9889009601389317,0.001534612941042719,0.5476206540072781,350,0.0006494225983445169,0.990823880574417,0.0011889906007027501,0.0007022342451738472,0.005185135733212768,0.9889009601389317,0.0024493535994484393,0.001193404875921802,0.00034120806512091714,0.0008197760607916025,0.0001106658097152155,0.0002972614716836153,-7.490432262420654,-5.491147994995117,-0.24034982919692993,-6.241119861602783,-6.9601335525512695,-8.212206840515137,-7.335668087005615,-9.338184356689453,-8.35008716583252,0.0004118125512793146,0.004311677649748813,0.990823880574417,0.0023257471582594585,0.000882899705585809,0.00030609089511694125,0.0006494225983445169,0.00010540284304024085,0.0001830660242080408,-8.397114753723145,-6.048600673675537,-0.6113909482955933,-6.665886402130127,-7.634471416473389,-8.693800926208496,-7.941599369049072,-9.759893417358398,-9.207836151123047
cake_impl_03,dConc_D_matched_dA,1.0,0.7960443982662216,350,0.0007060964294194992,0.9891253309887835,0.001361105476466739,0.5484287445184726,350,0.0005592653932516393,0.9909593759221866,0.0010986912202851462,0.000795911128119146,0.005186247035618911,0.9891253309887835,0.0024501157109866815,0.0010280071734941063,0.0003330983029726327,0.0007060964294194992,0.00010806067024220434,0.00026713256036327423,-7.364123344421387,-5.489845275878906,-0.23903454840183258,-6.239720344543457,-7.108233451843262,-8.235173225402832,-7.483859062194824,-9.360918045043945,-8.455865859985352,0.00046814816871532886,0.0043203968534665065,0.9909593759221866,0.002326530957404821,0.0007978851027832255,0.00030080611750192066,0.0005592653932516393,0.0001039527392330342,0.00016363874545691472,-8.267423629760742,-6.045105934143066,-0.6097796559333801,-6.664074897766113,-7.734243869781494,-8.709742546081543,-8.089584350585938,-9.772272109985352,-9.318547248840332
cake_impl_03,dConc_D_matched_dA,2.0,0.7965938031908196,350,0.0005320218926351868,0.9864285946549349,0.0013166200849766608,0.5488957241738298,350,0.00042303405671925134,0.9885598739826033,0.0010242821348589164,0.0011548907495843295,0.007525438370443954,0.9864285946549349,0.0027682864144408436,0.0009944573783497977,0.00032216270662686306,0.0005320218926351868,7.186063757036789e-05,0.00020228719541385884,-6.991159915924072,-5.116876602172852,-0.24107472598552704,-6.116937160491943,-7.140723705291748,-8.267864227294922,-7.766236305236816,-9.768192291259766,-8.733232498168945,0.0007268704158194822,0.006421672531541045,0.9885598739826033,0.002646068015686837,0.0007325727284175049,0.00029170940644141153,0.00042303405671925134,7.104198876503405e-05,0.00012715687400594356,-7.826609134674072,-5.647923469543457,-0.6113528609275818,-6.53452730178833,-7.8187947273254395,-8.739599227905273,-8.367904663085938,-10.15208625793457,-9.56993579864502
cake_impl_03,dConc_D_matched_dA,4.0,0.795673610996818,350,0.00041124483099474763,0.9665426172365834,0.001718268870349023,0.5450953664515898,350,0.0003330156074993202,0.9711017031769699,0.0014055170446555987,0.004475896942065423,0.02271487781417509,0.9665426172365834,0.003946975337388758,0.001436005056180501,0.0002822638141685219,0.00041124483099474763,4.9017409283469504e-05,0.00014110155915999874,-5.637614727020264,-4.013301372528076,-0.26259610056877136,-5.76337194442749,-6.77445650100708,-8.40123462677002,-8.024888038635254,-10.151901245117188,-9.094596862792969,0.002673892703010827,0.020550531722221897,0.9711017031769699,0.0037939690328169613,0.0011316182699814376,0.00027389877467416104,0.0003330156074993202,4.9638276225809575e-05,9.173243659972206e-05,-6.531014442443848,-4.491662979125977,-0.6361185908317566,-6.1811370849609375,-7.3909010887146,-8.80954647064209,-8.614115715026855,-10.517542839050293,-9.90342903137207
cake_impl_03,muD_PD_F4S,0.0,0.7953732722407499,350,0.0008148341070938743,0.9885499910857621,0.0015252090419594253,0.5490950519945839,350,0.0006510861842070361,0.9905980229117942,0.0011268541205221951,0.0007019638135924417,0.005183282278526435,0.9885499910857621,0.0027747775560390104,0.00118615283834126,0.0003390562036181654,0.0008148341070938743,0.0001246681828116322,0.0003252739342150293,-7.490572452545166,-5.491260528564453,-0.24045981466770172,-6.116128444671631,-6.965983867645264,-8.21828842163086,-7.341469764709473,-9.218798637390137,-8.259786605834961,0.00039799284067271146,0.004275253159277499,0.9905980229117942,0.0026321694091041292,0.0008256573704637251,0.00030119675005846997,0.0006510861842070361,0.00011827305572735429,0.00020034831869503885,-8.428560256958008,-6.05439567565918,-0.6089301705360413,-6.539430618286133,-7.698814392089844,-8.707230567932129,-7.936352252960205,-9.641998291015625,-9.114936828613281
cake_impl_03,muD_PD_F4S,0.5,0.7903853653205944,350,0.0008198062381084647,0.9880971756573912,0.001534567779861005,0.5450902713099806,350,0.0006230847985563894,0.9902259772643884,0.0011965185512190415,0.0007950454492136128,0.00518074204243108,0.9880971756573912,0.0031428048555337566,0.0011933998671952578,0.000341167912665747,0.0008198062381084647,0.00011065342001998833,0.00031920455744082117,-7.372345924377441,-5.49804162979126,-0.2472088783979416,-5.9978742599487305,-6.966183662414551,-8.21837043762207,-7.341677188873291,-9.344342231750488,-8.284913063049316,0.00045040030882204915,0.004210343427057414,0.9902259772643884,0.002990752827174072,0.0008873933720834979,0.0003091251791355437,0.0006230847985563894,0.00010552447884593487,0.00019739834393647782,-8.312177658081055,-6.077014923095703,-0.616625964641571,-6.419034004211426,-7.634026050567627,-8.688568115234375,-7.987631797790527,-9.763371467590332,-9.137090682983398
cake_impl_03,muD_PD_F4S,1.0,0.7571440532416819,350,0.0007570211333107207,0.988227612109468,0.0016058596725142063,0.5217035385478611,350,0.0005821636063394625,0.9901358661797719,0.0012533027092222959,0.000701721352836209,0.005181422774780303,0.988227612109468,0.0031434756143810688,0.0012488342048624056,0.00035702546765180077,0.0007570211333107207,0.00010222075882912614,0.00028066658388032516,-7.540175914764404,-5.540877342224121,-0.29004397988319397,-6.040627956390381,-6.963746547698975,-8.21590518951416,-7.464321136474609,-9.466577529907227,-8.456544876098633,0.0004121698763262131,0.004432562472037581,0.9901358661797719,0.0028948778757274273,0.000938216410414553,0.00031508629880774283,0.0005821636063394625,9.859169742456289e-05,0.00019046558315038842,-8.444730758666992,-6.069433212280273,-0.66056889295578,-6.4954681396484375,-7.622185707092285,-8.713319778442383,-8.099414825439453,-9.875179290771484,-9.216694831848145
cake_impl_03,muD_PD_F4S,2.0,0.7372509280672941,350,0.0008070003752082986,0.9863369963816726,0.0018892288800016503,0.5089812259481987,350,0.0006258138882274937,0.9882798782792601,0.001475907180174454,0.0007003451750228073,0.005859898894054854,0.9863369963816726,0.00402838104549611,0.0015086848840122175,0.00038054399598943264,0.0008070003752082986,9.612808314879434e-05,0.0002820211653950187,-7.5687642097473145,-5.4444499015808105,-0.3185841739177704,-5.819217681884766,-6.80134391784668,-8.178735733032227,-7.427013397216797,-9.554656028747559,-8.478355407714844,0.00042607259419707056,0.005181746385174172,0.9882798782792601,0.003724373135706776,0.0011360624654531703,0.00033984471472128363,0.0006258138882274937,9.011784009221848e-05,0.00019609069716753938,-8.43624496459961,-5.937957286834717,-0.6871334910392761,-6.268200874328613,-7.455531120300293,-8.662365913391113,-8.051801681518555,-9.989736557006836,-9.21227741241455
cake_impl_03,muD_PD_F4S,4.0,0.6718611570113389,350,0.0006496628350860508,0.9811394967745963,0.0020648486816228924,0.4662682114453448,350,0.0005197736447203543,0.9825934095883505,0.001663818191397387,0.0007892955821656052,0.007483812444504182,0.9811394967745963,0.0074870319778190695,0.0015597120608554721,0.0005051366207674204,0.0006496628350860508,7.73622204219683e-05,0.000308489483783922,-7.5420732498168945,-5.2927165031433105,-0.416744202375412,-5.292286396026611,-6.860957622528076,-7.988385200500488,-7.73676061630249,-9.864715576171875,-8.481526374816895,0.0004933890470794955,0.007168578318954789,0.9825934095883505,0.007272427863641464,0.001190082955811722,0.000473735235585665,0.0005197736447203543,7.713230328327899e-05,0.0002114710425727205,-8.377206802368164,-5.701042175292969,-0.7805541157722473,-5.686659336090088,-7.4967265129089355,-8.417856216430664,-8.325111389160156,-10.232982635498047,-9.224416732788086
cake_impl_03,r0_D_dA,0.0,0.7953732722407499,350,0.0008148341070938743,0.9885499910857621,0.0015252090419594253,0.5490950519945839,350,0.0006510861842070361,0.9905980229117942,0.0011268541205221951,0.0007019638135924417,0.005183282278526435,0.9885499910857621,0.0027747775560390104,0.00118615283834126,0.0003390562036181654,0.0008148341070938743,0.0001246681828116322,0.0003252739342150293,-7.490572452545166,-5.491260528564453,-0.24045981466770172,-6.116128444671631,-6.965983867645264,-8.21828842163086,-7.341469764709473,-9.218798637390137,-8.259786605834961,0.00039799284067271146,0.004275253159277499,0.9905980229117942,0.0026321694091041292,0.0008256573704637251,0.00030119675005846997,0.0006510861842070361,0.00011827305572735429,0.00020034831869503885,-8.428560256958008,-6.05439567565918,-0.6089301705360413,-6.539430618286133,-7.698814392089844,-8.707230567932129,-7.936352252960205,-9.641998291015625,-9.114936828613281
cake_impl_03,r0_D_dA,0.5,0.7953858854815485,350,0.000762358562498364,0.9897707539735328,0.001296756532764732,0.5482819505958366,350,0.00061034959932802,0.991613050111846,0.0010176739622279297,0.0007027966759702718,0.004579801895155132,0.9897707539735328,0.0024517992898291556,0.0009794317090696702,0.00031732482369506204,0.000762358562498364,0.00011665759420870132,0.00031907547604088785,-7.489370822906494,-5.61502742767334,-0.23920981585979462,-6.239861011505127,-7.157465934753418,-8.284512519836426,-7.408021450042725,-9.285195350646973,-8.279010772705078,0.00037015938316574436,0.003775553600327301,0.991613050111846,0.002318653777238346,0.0007301118538098746,0.0002875621084180552,0.00061034959932802,0.00011098312544345684,0.00018357644042309393,-8.502542495727539,-6.180173873901367,-0.6093879342079163,-6.667734146118164,-7.823278427124023,-8.755037307739258,-8.00244426727295,-9.707098007202148,-9.203845024108887
cake_impl_03,r0_D_dA,1.0,0.7951959048837728,350,0.0006304486511943828,0.9899705913557791,0.0011801812610570935,0.5494229090061704,350,0.0005037361909604848,0.9917101278549423,0.000916229628544883,0.0007029568718789897,0.004580153441711948,0.9899705913557791,0.002452297347702953,0.0009177978986369572,0.0002623833624201363,0.0006304486511943828,0.00010933927879938713,0.00037403179187627265,-7.489381790161133,-5.615189552307129,-0.23924681544303894,-6.239896774291992,-7.222700119018555,-8.474870681762695,-7.598245620727539,-9.350221633911133,-8.120336532592773,0.00040869148671717956,0.003884118834172008,0.9917101278549423,0.0022438324581369623,0.0006809628287349236,0.00023526679980995934,0.0005037361909604848,0.00010060149116631638,0.00023266205535999132,-8.401436805725098,-6.149745941162109,-0.6072112321853638,-6.698456764221191,-7.890889644622803,-8.9536771774292,-8.192344665527344,-9.803230285644531,-8.964810371398926
cake_impl_03,r0_D_dA,2.0,0.7928923906313663,350,0.0007190184708625721,0.9878257518723125,0.0013459271506217345,0.5476083009805197,350,0.0005815533295130422,0.9894794860207862,0.0010149417328541256,0.0009006444731216213,0.005868399150083308,0.9878257518723125,0.0027725787935834177,0.0010466966138497902,0.0002992305367719443,0.0007190184708625721,0.00011002545145925449,0.0004576546379556816,-7.244467735290527,-5.370241165161133,-0.2443167269229889,-6.120045185089111,-7.094183921813965,-8.34636402130127,-7.469691276550293,-9.346866607666016,-7.921463489532471,0.0005423879151687368,0.0053487371019609415,0.9894794860207862,0.0026535349344916116,0.0007396382138704818,0.0002753035189836438,0.0005815533295130422,0.00010693541428359328,0.00027242355094168154,-8.121724128723145,-5.833089828491211,-0.6127712726593018,-6.5340576171875,-7.811544418334961,-8.79983139038086,-8.052002906799316,-9.74548053741455,-8.810347557067871
cake_impl_03,r0_D_dA,4.0,0.38520668329732205,350,0.010559214308112446,0.9571947669487639,0.011388840030890532,0.26490010336834097,350,0.009041404513057285,0.9616209904416971,0.01012358535225422,0.0014388577826226765,0.012039443515657163,0.9571947669487639,0.00501504047512035,0.004988040856412228,0.006400799174478305,0.010559214308112446,0.0009815016735476765,0.0013823352652851063,-7.497880935668945,-5.373542308807373,-0.9977236390113831,-6.249289035797119,-6.254687309265137,-6.005307674407959,-5.50473165512085,-7.880402088165283,-7.537956237792969,0.0009111995305084898,0.011596043017789362,0.9616209904416971,0.0047441342569098975,0.0039042573141581226,0.006219328038096096,0.009041404513057285,0.0010353473636599542,0.0009272955241237079,-8.329151153564453,-5.785493850708008,-1.3675373792648315,-6.679248809814453,-6.874090194702148,-6.408495903015137,-6.034343242645264,-8.201420783996582,-8.311640739440918
cake_impl_03,r1_D_dA,0.0,0.7953732722407499,350,0.0008148341070938743,0.9885499910857621,0.0015252090419594253,0.5490950519945839,350,0.0006510861842070361,0.9905980229117942,0.0011268541205221951,0.0007019638135924417,0.005183282278526435,0.9885499910857621,0.0027747775560390104,0.00118615283834126,0.0003390562036181654,0.0008148341070938743,0.0001246681828116322,0.0003252739342150293,-7.490572452545166,-5.491260528564453,-0.24045981466770172,-6.116128444671631,-6.965983867645264,-8.21828842163086,-7.341469764709473,-9.218798637390137,-8.259786605834961,0.00039799284067271146,0.004275253159277499,0.9905980229117942,0.0026321694091041292,0.0008256573704637251,0.00030119675005846997,0.0006510861842070361,0.00011827305572735429,0.00020034831869503885,-8.428560256958008,-6.05439567565918,-0.6089301705360413,-6.539430618286133,-7.698814392089844,-8.707230567932129,-7.936352252960205,-9.641998291015625,-9.114936828613281
cake_impl_03,r1_D_dA,0.5,0.7946600183366572,350,0.0009713495434239435,0.9877014360732369,0.00206025937983184,0.5470239609240565,350,0.0007380489586854273,0.98989773333167,0.0015979283192946775,0.0007947742450223173,0.005178688341581599,0.9877014360732369,0.0027723817280331,0.0016022744596211023,0.0004579849202107376,0.0009713495434239435,0.00013116120405562288,0.0003899494848146454,-7.367293357849121,-5.493044376373291,-0.24221572279930115,-6.117889404296875,-6.666172027587891,-7.918515205383301,-7.166665077209473,-9.168924331665039,-8.079334259033203,0.00047007339017426334,0.0042966692034745145,0.98989773333167,0.002640261064336557,0.0011897235741563806,0.00040820474513829694,0.0007380489586854273,0.00012145570599122592,0.00023783002637335228,-8.265884399414062,-6.053177833557129,-0.613416314125061,-6.540140151977539,-7.337296962738037,-8.407004356384277,-7.814763069152832,-9.619223594665527,-8.947216987609863
cake_impl_03,r1_D_dA,1.0,0.7935232116080632,350,0.000785267763562994,0.9873096175805433,0.0018872299693178513,0.5477691773019332,350,0.0006242781114993396,0.9892585167011165,0.001460253430578837,0.0009002705679039645,0.0058659237074177644,0.9873096175805433,0.0027706508046168926,0.0014676953610739756,0.0004195346082438757,0.000785267763562994,0.00012018263052716814,0.00036085697611014644,-7.2440876960754395,-5.36986780166626,-0.24404408037662506,-6.119945526123047,-6.755334377288818,-8.007637023925781,-7.380758285522461,-9.257770538330078,-8.15830135345459,0.0005461984515898844,0.0051474026474557415,0.9892585167011165,0.0026294622872976934,0.001086238593017753,0.0003740148375610841,0.0006242781114993396,0.00011571642032184329,0.0002181719501399471,-8.114429473876953,-5.871164321899414,-0.612700879573822,-6.542877197265625,-7.42693567276001,-8.49311637878418,-7.980815887451172,-9.666269302368164,-9.03212833404541
cake_impl_03,r1_D_dA,2.0,0.7905211328439871,350,0.0007088815004162233,0.9855280453360798,0.0019875110940072538,0.5645370904175654,350,0.0005473097307607351,0.9881063603103332,0.001525659496894161,0.00130754331801182,0.007518270206644868,0.9855280453360798,0.0024406422511548333,0.0015012031451491505,0.00048630794885810326,0.0007088815004162233,9.579442212354713e-05,0.00041331187156154594,-6.874668121337891,-5.125482082366943,-0.2496405839920044,-6.250556945800781,-6.736551284790039,-7.863731384277344,-7.486885070800781,-9.48836898803711,-8.026371002197266,0.0007954197729155357,0.006536318317599707,0.9881063603103332,0.0021665458343820797,0.0010811875674505951,0.00044447192944356583,0.0005473097307607351,9.282112444452888e-05,0.00022956541266978792,-7.708389759063721,-5.60213041305542,-0.5837141275405884,-6.7063703536987305,-7.401444435119629,-8.290372848510742,-8.082244873046875,-9.856585502624512,-8.951071739196777
cake_impl_03,r1_D_dA,4.0,0.7830479870228407,350,0.00033374939065061704,0.9810809311063848,0.00132230315982541,0.5585390416490981,350,0.0002722741173341679,0.9839704265136606,0.0010487513267359756,0.002431854754067122,0.012340988358426432,0.9810809311063848,0.0021436558044025836,0.0010283548660539642,0.00029394829377144585,0.00033374939065061704,3.979637442648908e-05,0.0003067210518166025,-6.263662338256836,-4.639390468597412,-0.26366162300109863,-6.389803886413574,-7.124356269836426,-8.376667976379395,-8.24968147277832,-10.376296043395996,-8.33413314819336,0.0015557663658275645,0.010952412544410652,0.9839704265136606,0.001971724711682145,0.0007763127944730264,0.00027243853226294933,0.0002722741173341679,3.759416685590086e-05,0.00019105025349275184,-7.0482177734375,-5.096626281738281,-0.5985901951789856,-6.811277389526367,-7.7433857917785645,-8.790528297424316,-8.791131973266602,-10.771092414855957,-9.145404815673828
cake_impl_03,r2_D_dA,0.0,0.7953732722407499,350,0.0008148341070938743,0.9885499910857621,0.0015252090419594253,0.5490950519945839,350,0.0006510861842070361,0.9905980229117942,0.0011268541205221951,0.0007019638135924417,0.005183282278526435,0.9885499910857621,0.0027747775560390104,0.00118615283834126,0.0003390562036181654,0.0008148341070938743,0.0001246681828116322,0.0003252739342150293,-7.490572452545166,-5.491260528564453,-0.24045981466770172,-6.116128444671631,-6.965983867645264,-8.21828842163086,-7.341469764709473,-9.218798637390137,-8.259786605834961,0.00039799284067271146,0.004275253159277499,0.9905980229117942,0.0026321694091041292,0.0008256573704637251,0.00030119675005846997,0.0006510861842070361,0.00011827305572735429,0.00020034831869503885,-8.428560256958008,-6.05439567565918,-0.6089301705360413,-6.539430618286133,-7.698814392089844,-8.707230567932129,-7.936352252960205,-9.641998291015625,-9.114936828613281
cake_impl_03,r2_D_dA,0.5,0.796241780317246,350,0.0007672985788206968,0.9895258470140927,0.001305064767115089,0.5495741626125215,350,0.0005807349942337435,0.9914270255839828,0.0010144613641773282,0.0007026802384558795,0.004578835701756856,0.9895258470140927,0.002777561815947961,0.000985770349342731,0.0003192944177723581,0.0007672985788206968,0.00010360812971197841,0.00023910375409885522,-7.488461017608643,-5.614162921905518,-0.2383817881345749,-6.114034175872803,-7.14993953704834,-8.277249336242676,-7.400486946105957,-9.40274715423584,-8.566465377807617,0.0003986239600494489,0.003810031756533413,0.9914270255839828,0.0025332946953634493,0.0007302365582383798,0.00028422480593894847,0.0005807349942337435,9.835181982482513e-05,0.00013747582583511635,-8.426103591918945,-6.168729305267334,-0.6072214841842651,-6.576846122741699,-7.820753574371338,-8.76435661315918,-8.049827575683594,-9.825571060180664,-9.490674018859863
cake_impl_03,r2_D_dA,1.0,0.797473622611928,350,0.0007674493584426632,0.9889345110550184,0.0013053253601991166,0.5500757898792665,350,0.0005858768833180214,0.9906790920647689,0.0010316618349607114,0.0007022253904607438,0.00518493684232454,0.9889345110550184,0.002776126574652952,0.000985872856443947,0.00031945250375516943,0.0007674493584426632,0.00010362028706038572,0.00022580513184131728,-7.487562656402588,-5.488304138183594,-0.23743368685245514,-6.1130051612854,-7.148289680480957,-8.275208473205566,-7.398744583129883,-9.401083946228027,-8.62214469909668,0.0003980580576360445,0.004418137377525663,0.9906790920647689,0.002648864497151542,0.0007328589428965464,0.0002988028920641651,0.0005858768833180214,9.875129231381626e-05,0.00013955799232528307,-8.42661190032959,-6.019736289978027,-0.6070638298988342,-6.531323432922363,-7.816256523132324,-8.713425636291504,-8.04010009765625,-9.820605278015137,-9.474729537963867
cake_impl_03,r2_D_dA,2.0,0.7977384859163467,350,0.0005533473103061819,0.9876611445622374,0.0010664525849688228,0.5301863676490377,350,0.0004617023284971363,0.9890451181859584,0.0008752913609116169,0.0010204370729058004,0.006649267662878735,0.9876611445622374,0.0027718099651515404,0.0008055614275784145,0.0002608911573904084,0.0005533473103061819,7.469896558174836e-05,0.00020284187596981051,-7.113498687744141,-5.239223003387451,-0.23839005827903748,-6.114229202270508,-7.349945545196533,-8.477381706237793,-7.725499153137207,-9.728018760681152,-8.729058265686035,0.0006048110300431831,0.006055694301491384,0.9890451181859584,0.0027546746378359363,0.000617722294391506,0.00025756906652011095,0.0004617023284971363,7.42704237727109e-05,0.00012843773148955693,-8.045121192932129,-5.741282939910889,-0.6455420255661011,-6.528982639312744,-8.023998260498047,-8.898749351501465,-8.315116882324219,-10.142324447631836,-9.594593048095703
cake_impl_03,r2_D_dA,4.0,0.6104995073724798,350,0.00035472418037628563,0.9730689585530786,0.0006990400981220127,0.43528759265427314,350,0.00028847574105782714,0.9756478892165857,0.0005744440975329736,0.002732820571930899,0.017805958811057766,0.9730689585530786,0.005095657756455636,0.00045553568003180243,0.00024350441809021028,0.00035472418037628563,4.2319727228625585e-05,0.00020052030175013842,-6.395898818969727,-4.521699905395508,-0.5207781195640564,-5.772844314575195,-8.187514305114746,-8.81385326385498,-8.437647819519043,-10.563735008239746,-9.008072853088379,0.0016534738167034452,0.01686732250025987,0.9756478892165857,0.0048068426513104235,0.0003398378037457185,0.00023460629378725515,0.00028847574105782714,4.2289765910774345e-05,0.00011926221063909025,-7.2366251945495605,-4.914125442504883,-0.8564018607139587,-6.169463157653809,-8.818790435791016,-9.189350128173828,-8.982647895812988,-10.902713775634766,-9.865934371948242
cake_impl_16,dA_D,0.0,0.924932503463838,350,0.005337760241231812,0.90543806070441,0.014055024806450607,0.16331146688917564,350,0.004053204676063374,0.8966056532729898,0.011006545025421862,0.0032593930026243046,0.03492891306222017,0.90543806070441,0.03492638985970837,0.009986815100255064,0.004068209706195543,0.005337760241231812,0.0004878714519603769,0.001566586871394205,-5.804248809814453,-3.4324748516082764,-0.17737092077732086,-3.432547092437744,-4.684524059295654,-5.582586765289307,-5.310983657836914,-7.703493118286133,-6.536890506744385,0.002658472151703045,0.04317303874961859,0.8966056532729898,0.04123570092561555,0.008155777699432811,0.0028507673259890497,0.004053204676063374,0.0003814749911534974,0.0008859102074341852,-7.742099761962891,-4.954635143280029,-1.921235203742981,-5.000546932220459,-6.621124744415283,-7.672263145446777,-7.320343494415283,-9.683561325073242,-8.840991020202637
cake_impl_16,dA_D,0.5,0.9209547061369542,350,0.007233629848925532,0.8863694598201113,0.017464236529446304,0.1520116259903104,350,0.005658706660098079,0.8665307312567848,0.013971212601685094,0.003615132068612364,0.038710515203229594,0.8863694598201113,0.04390393330388521,0.011947248130930448,0.005516988398515856,0.007233629848925532,0.0006604188939008516,0.0020426743318887846,-5.7049713134765625,-3.3339884281158447,-0.2029658406972885,-3.2080957889556885,-4.509598731994629,-5.2822675704956055,-5.011358737945557,-7.404980659484863,-6.275839805603027,0.003036175366139055,0.05374830402277262,0.8665307312567848,0.05537096218339636,0.01029613486182591,0.003675077739859184,0.005658706660098079,0.0005176357604058931,0.0011662721487183077,-7.680954933166504,-4.807241439819336,-2.0270559787750244,-4.777498245239258,-6.459784984588623,-7.489979267120361,-7.058358192443848,-9.450037002563477,-8.637741088867188
cake_impl_16,dA_D,1.0,0.9184802352271323,350,0.01100929858368668,0.8595491567612034,0.024441739892726876,0.1451542996867501,350,0.008457951834719412,0.8405327968816361,0.020365168786025567,0.004501455009859956,0.04255707420313422,0.8595491567612034,0.054687335903877275,0.016045558137871247,0.008396181754855628,0.01100929858368668,0.0010056309789777801,0.0022483086665339375,-5.488389492034912,-3.2419440746307373,-0.2363821566104889,-2.9911580085754395,-4.217358112335205,-4.865013122558594,-4.59404993057251,-6.987174987792969,-6.18261194229126,0.003911297632282961,0.05317247030363942,0.8405327968816361,0.07146426024211112,0.014480458749831185,0.005884710036194384,0.008457951834719412,0.0008189472234048815,0.001277107096180476,-7.473844051361084,-4.864172458648682,-2.103677272796631,-4.568515777587891,-6.164913177490234,-7.0653557777404785,-6.702606201171875,-9.03744888305664,-8.59311580657959
cake_impl_16,dA_D,2.0,0.9096981642496618,350,0.024853356952034077,0.7999939402921897,0.0472235551850719,0.15054180760972188,350,0.018170225225853858,0.8049572528623242,0.03628540666975634,0.005382581534951039,0.0508270318935429,0.7999939402921897,0.0652566970670765,0.028209523009736216,0.019014032175335687,0.024853356952034077,0.002277124206130974,0.004185712869002992,-5.319229602813721,-3.0739693641662598,-0.3177935481071472,-2.824069023132324,-3.662738084793091,-4.057220458984375,-3.78940486907959,-6.1794843673706055,-5.570720672607422,0.004502965304569789,0.05781492004900219,0.8049572528623242,0.07409956198367117,0.02396393762065951,0.012321469049096832,0.018170225225853858,0.0017601488967945152,0.0024095190080277904,-7.296533584594727,-4.744022846221924,-2.110480546951294,-4.4958600997924805,-5.624719619750977,-6.289926528930664,-5.901485443115234,-8.235871315002441,-7.921842575073242
cake_impl_16,dA_D,4.0,0.9129787262240108,350,0.28682699982886095,0.3845460876308317,0.17696972713911244,0.1538635727897271,350,0.24570211671403158,0.4510603461449217,0.1353892675928751,0.0037634570827732344,0.021492776931334046,0.3845460876308317,0.08527285545722325,0.0725716677106377,0.10439805942847474,0.28682699982886095,0.030140507943531833,0.010987587986332469,-5.673460006713867,-3.9310810565948486,-1.04673433303833,-2.5529417991638184,-2.7142233848571777,-2.3505868911743164,-1.3399187326431274,-3.592927932739258,-4.602031707763672,0.0031313829539526754,0.02796538366857158,0.4510603461449217,0.10995847863388876,0.059444804121160315,0.07594446347171478,0.24570211671403158,0.021427218387980496,0.0053658059037780675,-7.637969493865967,-5.448476791381836,-2.6678431034088135,-4.079341411590576,-4.694396018981934,-4.449441909790039,-3.2753243446350098,-5.714782238006592,-7.099397659301758
cake_impl_16,dA_D_matched_muD,0.0,0.924932503463838,350,0.005337760241231812,0.90543806070441,0.014055024806450607,0.16331146688917564,350,0.004053204676063374,0.8966056532729898,0.011006545025421862,0.0032593930026243046,0.03492891306222017,0.90543806070441,0.03492638985970837,0.009986815100255064,0.004068209706195543,0.005337760241231812,0.0004878714519603769,0.001566586871394205,-5.804248809814453,-3.4324748516082764,-0.17737092077732086,-3.432547092437744,-4.684524059295654,-5.582586765289307,-5.310983657836914,-7.703493118286133,-6.536890506744385,0.002658472151703045,0.04317303874961859,0.8966056532729898,0.04123570092561555,0.008155777699432811,0.0028507673259890497,0.004053204676063374,0.0003814749911534974,0.0008859102074341852,-7.742099761962891,-4.954635143280029,-1.921235203742981,-5.000546932220459,-6.621124744415283,-7.672263145446777,-7.320343494415283,-9.683561325073242,-8.840991020202637
cake_impl_16,dA_D_matched_muD,0.5,0.9240847574603583,350,0.006567580059696907,0.8940378239557302,0.015270592553990967,0.16561231867088694,350,0.0049147183636714465,0.8859686890741252,0.011428322310529804,0.0036453218531139232,0.03905046534698941,0.8940378239557302,0.03907929153443025,0.010851068381122682,0.004419524172868285,0.006567580059696907,0.0005991686017198322,0.0017497560943285013,-5.693262100219727,-3.321851968765259,-0.1909586787223816,-3.3211140632629395,-4.602443218231201,-5.500674724578857,-5.1045613288879395,-7.4989190101623535,-6.427230358123779,0.0031346152475001552,0.04769028998873206,0.8859686890741252,0.04542483362321905,0.008668360986910777,0.0027599613236190266,0.0049147183636714465,0.0004814047736121625,0.0009571266186101939,-7.5633544921875,-4.841133117675781,-1.9191793203353882,-4.889801979064941,-6.5461812019348145,-7.690644264221191,-7.113626480102539,-9.436907768249512,-8.749680519104004
cake_impl_16,dA_D_matched_muD,1.0,0.9241252156038197,350,0.006779487066193244,0.8913317111508622,0.017857451630125143,0.15291648556987808,350,0.0054967798950869996,0.8695971132145428,0.014951556095572888,0.003636150688263104,0.03893312081959976,0.8913317111508622,0.038958321349493515,0.012689143748456142,0.005168307881668999,0.006779487066193244,0.0007013289991725092,0.0018024282962906368,-5.695737361907959,-3.324817657470703,-0.19394633173942566,-3.3241705894470215,-4.445916175842285,-5.344117641448975,-5.072761535644531,-7.3414411544799805,-6.397528171539307,0.0031425621993609767,0.05129001197142495,0.8695971132145428,0.05388095926466919,0.011481467755082962,0.0034700883404899254,0.0054967798950869996,0.0005683879439495249,0.0010726294153924,-7.640580177307129,-4.848122596740723,-2.0175886154174805,-4.79884147644043,-6.344884395599365,-7.541438579559326,-7.081456184387207,-9.350569725036621,-8.715505599975586
cake_impl_16,dA_D_matched_muD,2.0,0.9209956499960211,350,0.007699856960392284,0.8829022754048351,0.020296218225924763,0.15919161738855858,350,0.0053867046520672075,0.874906022870039,0.015593813152263145,0.004079477133703327,0.03859483783127709,0.8829022754048351,0.04373706966583072,0.014411027414056442,0.00588519081186832,0.007699856960392284,0.0007030711765417083,0.0019871936014950226,-5.5840864181518555,-3.3369367122650146,-0.20684072375297546,-3.2118592262268066,-4.322061538696289,-5.217616081237793,-4.948853492736816,-7.342352390289307,-6.3033318519592285,0.0033744163211123835,0.04686685102189807,0.874906022870039,0.0522097334003477,0.011966785058942041,0.003627028093321103,0.0053867046520672075,0.0005268115146873647,0.0011356470675848878,-7.529179573059082,-4.8980913162231445,-1.9712854623794556,-4.790132999420166,-6.2632670402526855,-7.456988334655762,-7.061468124389648,-9.386314392089844,-8.618199348449707
cake_impl_16,dA_D_matched_muD,4.0,0.9120152587097597,350,0.01579344003967236,0.8327481984363552,0.03506474792485807,0.15373070001117392,350,0.0119797777567996,0.8223918901399199,0.027116955029918177,0.004943712780227909,0.046681136140685094,0.8327481984363552,0.05998704344267813,0.023020764985344055,0.012043982939514019,0.01579344003967236,0.0014463885613408554,0.0033353326741825218,-5.401737213134766,-3.1565136909484863,-0.2751225233078003,-2.9057252407073975,-3.863457202911377,-4.511288642883301,-4.240259170532227,-6.630784034729004,-5.795281410217285,0.00408113197759984,0.057705287902106786,0.8223918901399199,0.07383476977634658,0.019194057999293333,0.007922897030624843,0.0119797777567996,0.0010100296287420746,0.0018801577885669777,-7.373933792114258,-4.724959373474121,-2.0680911540985107,-4.47847843170166,-5.82570743560791,-6.7105512619018555,-6.297088146209717,-8.770328521728516,-8.14895248413086
cake_impl_16,muD_D,0.0,0.924932503463838,350,0.005337760241231812,0.90543806070441,0.014055024806450607,0.16331146688917564,350,0.004053204676063374,0.8966056532729898,0.011006545025421862,0.0032593930026243046,0.03492891306222017,0.90543806070441,0.03492638985970837,0.009986815100255064,0.004068209706195543,0.005337760241231812,0.0004878714519603769,0.001566586871394205,-5.804248809814453,-3.4324748516082764,-0.17737092077732086,-3.432547092437744,-4.684524059295654,-5.582586765289307,-5.310983657836914,-7.703493118286133,-6.536890506744385,0.002658472151703045,0.04317303874961859,0.8966056532729898,0.04123570092561555,0.008155777699432811,0.0028507673259890497,0.004053204676063374,0.0003814749911534974,0.0008859102074341852,-7.742099761962891,-4.954635143280029,-1.921235203742981,-5.000546932220459,-6.621124744415283,-7.672263145446777,-7.320343494415283,-9.683561325073242,-8.840991020202637
cake_impl_16,muD_D,0.5,0.9260232181281645,350,0.004997739147670645,0.9051044949870577,0.01441634321819636,0.1516439296876673,350,0.004082198784766573,0.8882540235516555,0.012257541411357223,0.00325697931962228,0.03956336759673258,0.9051044949870577,0.030828639886242497,0.010603628530858085,0.0038127146873382753,0.004997739147670645,0.00045605397355884855,0.00137638187091896,-5.803811073303223,-3.3067076206207275,-0.17656084895133972,-3.5561671257019043,-4.623414993286133,-5.646269798278809,-5.3756256103515625,-7.7697553634643555,-6.6651530265808105,0.002843126229677357,0.052858496475423365,0.8882540235516555,0.038590902688799646,0.009374580491212373,0.0028829609201448505,0.004082198784766573,0.0003757404886129267,0.0007379703697073535,-7.74907112121582,-4.826356887817383,-2.0047175884246826,-5.140958786010742,-6.555973529815674,-7.735157489776611,-7.3873395919799805,-9.772831916809082,-9.097826957702637
cake_impl_16,muD_D,1.0,0.9244245676628593,350,0.005325892232426833,0.9011850777896017,0.014026677505741918,0.16131580882307145,350,0.004095815410096536,0.8861969449558467,0.011348183289730427,0.0032437379465830845,0.039424350211501466,0.9011850777896017,0.0347501099729278,0.00996756147064023,0.0040591160351016895,0.005325892232426833,0.0004854219216433742,0.0015587324195740137,-5.80961275100708,-3.311955451965332,-0.18262845277786255,-3.4381563663482666,-4.687003135681152,-5.585373878479004,-5.313758850097656,-7.709075927734375,-6.542466163635254,0.00265885876777073,0.04948890416081326,0.8861969449558467,0.045004823671397014,0.00850780017544759,0.0028403831142828372,0.004095815410096536,0.00037110553127665515,0.0008353642130686222,-7.754249572753906,-4.830398082733154,-1.9452073574066162,-4.925376892089844,-6.591163158416748,-7.688207626342773,-7.32218074798584,-9.72341537475586,-8.912034034729004
cake_impl_16,muD_D,2.0,0.9280470707606474,350,0.004289812681310524,0.9036632989096153,0.012808914618025366,0.14988857205428435,350,0.0031976939721745173,0.8896936683065082,0.010320873302435966,0.003253163557284162,0.039503611897852356,0.9036632989096153,0.03486085930785277,0.009102095908309788,0.0037068187097155786,0.004289812681310524,0.00044223868063993636,0.001178100347419593,-5.802800178527832,-3.3060359954833984,-0.17597126960754395,-3.431063413619995,-4.773923397064209,-5.6722540855407715,-5.526185035705566,-7.798333644866943,-6.8185248374938965,0.003049117054429,0.04844200870925382,0.8896936683065082,0.044327197457730755,0.008019663086591702,0.002301210215844264,0.0031976939721745173,0.0003273760704933198,0.0006420651269743904,-7.690766334533691,-4.925251007080078,-2.0147411823272705,-5.014019966125488,-6.723721981048584,-7.9721832275390625,-7.6431884765625,-9.922264099121094,-9.24868392944336
cake_impl_16,muD_D,4.0,0.9324201932253412,350,0.002697848453452345,0.9174339485480715,0.00912206876425647,0.1333898719145213,350,0.002253061609189918,0.8930646302460712,0.008207090092351127,0.0029129025631546186,0.03542543541995697,0.9174339485480715,0.031229350860329817,0.006488577576881182,0.0026334911873752876,0.002697848453452345,0.0002788332032909246,0.0008996121874872256,-5.908576965332031,-3.41029691696167,-0.15614640712738037,-3.5363686084747314,-5.1076836585998535,-6.009416580200195,-5.985272407531738,-8.254868507385254,-7.0835185050964355,0.002794858002882111,0.051505880304407246,0.8930646302460712,0.041317518571240566,0.006378617247303923,0.0018284728450472052,0.002253061609189918,0.0002454700582654348,0.0006114911155925518,-7.894453048706055,-4.980538368225098,-2.127575397491455,-5.2009477615356445,-7.0692830085754395,-8.318753242492676,-8.109944343566895,-10.326814651489258,-9.41408920288086
cake_impl_16,muD_D_matched_dA,0.0,0.924932503463838,350,0.005337760241231812,0.90543806070441,0.014055024806450607,0.16331146688917564,350,0.004053204676063374,0.8966056532729898,0.011006545025421862,0.0032593930026243046,0.03492891306222017,0.90543806070441,0.03492638985970837,0.009986815100255064,0.004068209706195543,0.005337760241231812,0.0004878714519603769,0.001566586871394205,-5.804248809814453,-3.4324748516082764,-0.17737092077732086,-3.432547092437744,-4.684524059295654,-5.582586765289307,-5.310983657836914,-7.703493118286133,-6.536890506744385,0.002658472151703045,0.04317303874961859,0.8966056532729898,0.04123570092561555,0.008155777699432811,0.0028507673259890497,0.004053204676063374,0.0003814749911534974,0.0008859102074341852,-7.742099761962891,-4.954635143280029,-1.921235203742981,-5.000546932220459,-6.621124744415283,-7.672263145446777,-7.320343494415283,-9.683561325073242,-8.840991020202637
cake_impl_16,muD_D_matched_dA,0.5,0.9274074791051367,350,0.00471052732405395,0.9072493457341285,0.01240801641762515,0.1511925285021726,350,0.003660367396051931,0.8904766127374965,0.009949966834981713,0.0032647280230799114,0.03965729453936065,0.9072493457341285,0.030901851913525312,0.00881696445683517,0.00359105196078998,0.00471052732405395,0.0004293747544403604,0.0013788612937861659,-5.799941062927246,-3.302842617034912,-0.1727001965045929,-3.5523014068603516,-4.8064398765563965,-5.704672336578369,-5.4333176612854,-7.828542709350586,-6.661859512329102,0.00286912750407434,0.05302303601815299,0.8904766127374965,0.038852664492832825,0.00767497678453868,0.0022749900504430336,0.003660367396051931,0.0003353251120321951,0.0008328999043774491,-7.742948532104492,-4.826230049133301,-2.005199670791626,-5.137179851531982,-6.758991241455078,-7.97498083114624,-7.499392986297607,-9.88961124420166,-8.979798316955566
cake_impl_16,muD_D_matched_dA,1.0,0.9279109457404787,350,0.0039048865254610993,0.9054770276755644,0.011255606993118224,0.13709165781265545,350,0.0031632680376211574,0.8809977304599725,0.00958332889570751,0.0032603966394969862,0.039624665722660234,0.9054770276755644,0.03493844389454581,0.008285962699187181,0.0029696442939310427,0.0039048865254610993,0.00035530515597990915,0.0011836673931734296,-5.800725936889648,-3.3031229972839355,-0.17411288619041443,-3.4289870262145996,-4.868011951446533,-5.894132614135742,-5.6203460693359375,-8.017353057861328,-6.813957214355469,0.003162207835619289,0.05339962819801875,0.8809977304599725,0.048641599525714015,0.007615987619350706,0.0019673412763568034,0.0031632680376211574,0.00030696629595057935,0.0007452707513961359,-7.743590354919434,-4.917057037353516,-2.1138057708740234,-5.010381698608398,-6.8646111488342285,-8.218177795410156,-7.743255138397217,-10.075878143310547,-9.188868522644043
cake_impl_16,muD_D_matched_dA,2.0,0.9333182090930119,350,0.002967012521344285,0.9254894903269131,0.0088487689107648,0.15711232866946548,350,0.0022679062339524404,0.9143515266105546,0.006855729669163294,0.0022899107010594805,0.0315493962157381,0.9254894903269131,0.027816938201110097,0.006300693907649042,0.002548075003115757,0.002967012521344285,0.0002706646714464471,0.0007678184516236737,-6.148251533508301,-3.525209903717041,-0.14644157886505127,-3.6511192321777344,-5.136104583740234,-6.041426181793213,-5.889208793640137,-8.283638954162598,-7.240966320037842,0.0020087228541391063,0.03944288399594657,0.9143515266105546,0.034384392341619975,0.0050586869339468935,0.0017970427352164001,0.0022679062339524404,0.00021931747238740427,0.0004695208222365968,-8.061050415039062,-5.083695888519287,-1.940334439277649,-5.220946788787842,-7.137442588806152,-8.172407150268555,-7.939692497253418,-10.275784492492676,-9.514592170715332
cake_impl_16,muD_D_matched_dA,4.0,0.9348587447339751,350,0.0030803235036644117,0.9081812014249818,0.010411017103646236,0.21398005107653853,350,0.002263314938036704,0.906724830383238,0.007649174625802505,0.0015426489861766935,0.030957272385862596,0.9081812014249818,0.04502249885067666,0.0065362804567681045,0.0038747366468781315,0.0030803235036644117,0.000283130003490143,0.0005219077415014975,-6.541614055633545,-3.5425071716308594,-0.16367119550704956,-3.1679527759552,-5.097746849060059,-5.6206374168396,-5.850080490112305,-8.236964225769043,-7.62537956237793,0.0013778497143949553,0.036075831535706815,0.906724830383238,0.04539759552671739,0.00530591975662282,0.0023432548691796847,0.002263314938036704,0.0002254537263785385,0.0002859495497250761,-8.129103660583496,-4.864004611968994,-1.6397887468338013,-4.63416862487793,-6.780804634094238,-7.598086833953857,-7.6327972412109375,-9.939268112182617,-9.701567649841309
cake_impl_16,muD_P,0.0,0.924932503463838,350,0.005337760241231812,0.90543806070441,0.014055024806450607,0.16331146688917564,350,0.004053204676063374,0.8966056532729898,0.011006545025421862,0.0032593930026243046,0.03492891306222017,0.90543806070441,0.03492638985970837,0.009986815100255064,0.004068209706195543,0.005337760241231812,0.0004878714519603769,0.001566586871394205,-5.804248809814453,-3.4324748516082764,-0.17737092077732086,-3.432547092437744,-4.684524059295654,-5.582586765289307,-5.310983657836914,-7.703493118286133,-6.536890506744385,0.002658472151703045,0.04317303874961859,0.8966056532729898,0.04123570092561555,0.008155777699432811,0.0028507673259890497,0.004053204676063374,0.0003814749911534974,0.0008859102074341852,-7.742099761962891,-4.954635143280029,-1.921235203742981,-5.000546932220459,-6.621124744415283,-7.672263145446777,-7.320343494415283,-9.683561325073242,-8.840991020202637
cake_impl_16,muD_P,0.5,0.9191713300126371,350,0.006026084887789086,0.8982085764433789,0.015871421768879797,0.1346206250999957,350,0.0045904583887888565,0.8793660523506343,0.012477783838398518,0.0036625054063313617,0.03930494159196986,0.8982085764433789,0.03464941851762543,0.011278191271277712,0.004593230497602085,0.006026084887789086,0.0005481765386160043,0.0017288748454097112,-5.693890571594238,-3.320687770843506,-0.19163571298122406,-3.4467570781707764,-4.569167137145996,-5.467454433441162,-5.1959404945373535,-7.593195915222168,-6.4445672035217285,0.003166199098451714,0.05277436569155524,0.8793660523506343,0.04610673640766446,0.009599178167363803,0.002878605671034715,0.0045904583887888565,0.00044228769159051503,0.0010761165329164816,-7.7605180740356445,-4.947024345397949,-2.1338486671447754,-5.082090854644775,-6.65137243270874,-7.855743885040283,-7.3890700340271,-9.72884464263916,-8.839691162109375
cake_impl_16,muD_P,1.0,0.9199672986074127,350,0.006009747681221652,0.898384870159457,0.015831407114770546,0.11760590634575645,350,0.0045735324107091645,0.8827777262025356,0.012458381915043943,0.0036633677659033193,0.03922593392445271,0.898384870159457,0.034618952377603006,0.011251954908068712,0.004579452206701836,0.006009747681221652,0.0005480021478433222,0.0017177188287484772,-5.692789554595947,-3.3218343257904053,-0.19057387113571167,-3.4467711448669434,-4.5706305503845215,-5.469593048095703,-5.197789669036865,-7.592648506164551,-6.4501752853393555,0.0030166450593909007,0.0507232420436119,0.8827777262025356,0.04491028241301221,0.009494812082045797,0.002963569832998145,0.0045735324107091645,0.0004518130715640916,0.001088376884132155,-7.944025993347168,-5.121787071228027,-2.2650978565216064,-5.243504524230957,-6.797425746917725,-7.9617767333984375,-7.527885437011719,-9.842658042907715,-8.963483810424805
cake_impl_16,muD_P,2.0,0.9103370330000742,350,0.007198122568584151,0.8910521329446432,0.01738319351368528,0.08509439496152667,350,0.0060101051059290415,0.8536713443596247,0.013926285608306131,0.004114987047186824,0.03884736852743426,0.8910521329446432,0.03887078975515055,0.01190670671646158,0.0054764867972236985,0.007198122568584151,0.0006570496079292897,0.001876356035386278,-5.58705997467041,-3.342055320739746,-0.2092927247285843,-3.3414525985717773,-4.524593830108643,-5.301231861114502,-5.0278754234313965,-7.421691417694092,-6.372364044189453,0.003971702023401174,0.05981854523770169,0.8536713443596247,0.06055305386411011,0.010893101497680508,0.003033184110625622,0.0060101051059290415,0.0006422643918758756,0.0014066994090513462,-7.992554664611816,-5.280433654785156,-2.6222031116485596,-5.2682294845581055,-6.983619689941406,-8.262136459350586,-7.578307151794434,-9.814504623413086,-9.030503273010254
cake_impl_16,muD_P,4.0,0.9009909169704127,350,0.005451765927641234,0.8912836162368687,0.013701846464200026,0.06465979334521384,350,0.005146683301303264,0.8365785185915431,0.009834698466615615,0.003205471949415563,0.03435003414453197,0.8912836162368687,0.05011505496858514,0.009012734105572977,0.0046891123586270496,0.005451765927641234,0.0005664567384060738,0.0013257535703512387,-5.847156047821045,-3.475412368774414,-0.21935269236564636,-3.097693920135498,-4.8133769035339355,-5.466772079467773,-5.316075801849365,-7.58036994934082,-6.730034351348877,0.002649040454096985,0.053079884688551,0.8365785185915431,0.09082487131490015,0.0067347457742892485,0.003099952692326367,0.005146683301303264,0.0006654280927037102,0.001220875090286278,-8.672173500061035,-5.674572944641113,-2.91705060005188,-5.13743782043457,-7.739090919494629,-8.514984130859375,-8.008018493652344,-10.053695678710938,-9.446803092956543
cake_impl_16,muD_P_plus_dA_D,0.0,0.924932503463838,350,0.005337760241231812,0.90543806070441,0.014055024806450607,0.16331146688917564,350,0.004053204676063374,0.8966056532729898,0.011006545025421862,0.0032593930026243046,0.03492891306222017,0.90543806070441,0.03492638985970837,0.009986815100255064,0.004068209706195543,0.005337760241231812,0.0004878714519603769,0.001566586871394205,-5.804248809814453,-3.4324748516082764,-0.17737092077732086,-3.432547092437744,-4.684524059295654,-5.582586765289307,-5.310983657836914,-7.703493118286133,-6.536890506744385,0.002658472151703045,0.04317303874961859,0.8966056532729898,0.04123570092561555,0.008155777699432811,0.0028507673259890497,0.004053204676063374,0.0003814749911534974,0.0008859102074341852,-7.742099761962891,-4.954635143280029,-1.921235203742981,-5.000546932220459,-6.621124744415283,-7.672263145446777,-7.320343494415283,-9.683561325073242,-8.840991020202637
cake_impl_16,muD_P_plus_dA_D,0.5,0.9179275380689502,350,0.00816214862506887,0.8783687780220948,0.019712721011772214,0.14236206293612488,350,0.005540522802373868,0.870896331166296,0.014396436948453216,0.004059968181395868,0.043485329143751604,0.8783687780220948,0.043519919207796215,0.013486902333113504,0.006225818678658709,0.00816214862506887,0.0007450515470453343,0.0019460842610750796,-5.592216968536377,-3.22096848487854,-0.21532557904720306,-3.2201733589172363,-4.3916730880737305,-5.164687156677246,-4.893884658813477,-7.287693977355957,-6.327572822570801,0.0033147009184926863,0.049485906018670645,0.870896331166296,0.05464705383177853,0.01068763535849133,0.003708801589961886,0.005540522802373868,0.0005636262199646907,0.0011554220939705394,-7.658769607543945,-4.955449104309082,-2.087614059448242,-4.856241703033447,-6.488049507141113,-7.546428203582764,-7.145048141479492,-9.430500984191895,-8.712671279907227
cake_impl_16,muD_P_plus_dA_D,1.0,0.9133958910018136,350,0.010365978878871125,0.8651436280779077,0.025012865887272494,0.1167433028128678,350,0.007285299383360123,0.8504329006518487,0.01771788504169555,0.004529664368966965,0.04279688283087594,0.8651436280779077,0.048527756846111825,0.01712766472801945,0.007885201159253043,0.010365978878871125,0.0010723376449084515,0.002550885465085647,-5.4876933097839355,-3.2418758869171143,-0.23544561862945557,-3.1162052154541016,-4.157646179199219,-4.933353424072266,-4.659811973571777,-6.928500175476074,-6.061900615692139,0.003581049238050014,0.055436455877057485,0.8504329006518487,0.06314851354989458,0.012959093119549037,0.004758791922146511,0.007285299383360123,0.0008719340623618291,0.001525962195731765,-7.779877185821533,-5.040295600891113,-2.3097875118255615,-4.910043716430664,-6.493735313415527,-7.49553918838501,-7.069674491882324,-9.192574501037598,-8.63290786743164
cake_impl_16,muD_P_plus_dA_D,2.0,0.8964465519583454,350,0.029114421179742153,0.7760692246369741,0.051349273563647664,0.08142760849331508,350,0.021867715566531897,0.7533870324584458,0.0342768690119567,0.005908655858242752,0.04913303650270049,0.7760692246369741,0.08122200452957755,0.029192547363993723,0.02215672619965394,0.029114421179742153,0.0026700693951676726,0.004533314333947641,-5.2406535148620605,-3.122540235519409,-0.36283016204833984,-2.6198856830596924,-3.643158435821533,-3.918930768966675,-3.6458382606506348,-6.034967422485352,-5.505618572235107,0.005219866939591444,0.07012272305573944,0.7533870324584458,0.10970090453951768,0.022151010503181776,0.012125858508774921,0.021867715566531897,0.002169125972983158,0.003255762455233781,-7.76332426071167,-5.165549278259277,-2.791217088699341,-4.718038558959961,-6.317913055419922,-6.9204559326171875,-6.330784797668457,-8.641471862792969,-8.235369682312012
cake_impl_16,muD_P_plus_dA_D,4.0,0.8889350107823863,450,0.3773115411418225,0.1800194047455774,0.2420505213711128,0.04866659687606597,450,0.3393886934167911,0.21227973222330931,0.14902570597640055,0.001993055905605247,0.010018785849496743,0.1800194047455774,0.09584832445145638,0.06562919989479135,0.17642132147632145,0.3773115411418225,0.07431585321469829,0.018442513320230662,-6.335817337036133,-4.721024513244629,-1.8324217796325684,-2.462719440460205,-2.841465711593628,-1.8526114225387573,-1.0924152135849,-2.7171621322631836,-4.110827922821045,0.002187299378498618,0.018934491165098103,0.21227973222330931,0.18669333995217666,0.052173940887081834,0.09685176508931873,0.3393886934167911,0.07788970100556787,0.013601036882157549,-9.147850036621094,-6.989532470703125,-4.572612762451172,-4.701050281524658,-5.9759345054626465,-5.357336044311523,-4.103371620178223,-5.575223922729492,-7.320371627807617
cake_impl_16,dConc_D_matched_dA,0.0,0.924932503463838,350,0.005337760241231812,0.90543806070441,0.014055024806450607,0.16331146688917564,350,0.004053204676063374,0.8966056532729898,0.011006545025421862,0.0032593930026243046,0.03492891306222017,0.90543806070441,0.03492638985970837,0.009986815100255064,0.004068209706195543,0.005337760241231812,0.0004878714519603769,0.001566586871394205,-5.804248809814453,-3.4324748516082764,-0.17737092077732086,-3.432547092437744,-4.684524059295654,-5.582586765289307,-5.310983657836914,-7.703493118286133,-6.536890506744385,0.002658472151703045,0.04317303874961859,0.8966056532729898,0.04123570092561555,0.008155777699432811,0.0028507673259890497,0.004053204676063374,0.0003814749911534974,0.0008859102074341852,-7.742099761962891,-4.954635143280029,-1.921235203742981,-5.000546932220459,-6.621124744415283,-7.672263145446777,-7.320343494415283,-9.683561325073242,-8.840991020202637
cake_impl_16,dConc_D_matched_dA,0.5,0.9244198600944027,350,0.006034130716484451,0.8945084292507217,0.01589722400991625,0.15160559263798748,350,0.004706655132444726,0.8719576578351451,0.013378769548438106,0.003220347399308616,0.039099583084318414,0.8945084292507217,0.03912701822631337,0.011294870551911087,0.004602353458005165,0.006034130716484451,0.0005493019818898774,0.0015639653310471047,-5.816854953765869,-3.320232391357422,-0.19006986916065216,-3.319530963897705,-4.561995506286621,-5.459776401519775,-5.188912391662598,-7.585451126098633,-6.539119720458984,0.0027119369976068637,0.05195433627773511,0.8719576578351451,0.053926211410474226,0.010255285580737843,0.003123483967700263,0.004706655132444726,0.00042836296169284006,0.0009360698364629415,-7.796565055847168,-4.843863010406494,-2.0234873294830322,-4.80661153793335,-6.466434955596924,-7.655279159545898,-7.245250701904297,-9.642012596130371,-8.8602933883667
cake_impl_16,dConc_D_matched_dA,1.0,0.9232480728682977,350,0.006214294413357468,0.8820223402427,0.01853332193199706,0.1590344014080741,350,0.004717318842690596,0.8726398367713231,0.013167140795094482,0.0035999635148542732,0.043712318837775606,0.8820223402427,0.04370904650597692,0.013179822456043617,0.005353499475953446,0.006214294413357468,0.000642790370582991,0.0015659241827556724,-5.70668888092041,-3.2099826335906982,-0.20539520680904388,-3.210057497024536,-4.408925533294678,-5.30986213684082,-5.160760402679443,-7.429549217224121,-6.5391364097595215,0.002689331833769821,0.05283937747347606,0.8726398367713231,0.052675808216741525,0.009724730563976412,0.003442410231118071,0.004717318842690596,0.00047377309799857863,0.0007974129689057766,-7.757097244262695,-4.779133319854736,-1.9748671054840088,-4.782233715057373,-6.471717834472656,-7.510218143463135,-7.1951494216918945,-9.493416786193848,-8.972772598266602
cake_impl_16,dConc_D_matched_dA,2.0,0.9231136309899229,350,0.007704101706213085,0.8619256624671738,0.020293263867034634,0.1442534478403792,350,0.005637851641196006,0.8426194608853491,0.016221918007235908,0.00451564231605719,0.048347220410805886,0.8619256624671738,0.05475457054212516,0.014420133873207733,0.0058731299938269005,0.007704101706213085,0.0007012841496548156,0.0017582545409352817,-5.480210781097412,-3.109349489212036,-0.22858919203281403,-2.9848973751068115,-4.3191328048706055,-5.217370510101318,-4.946005344390869,-7.342600345611572,-6.423436641693115,0.0039034160989399732,0.05785897558424342,0.8426194608853491,0.07221262187923973,0.012302966497292952,0.003918951509942957,0.005637851641196006,0.0005677996168202022,0.000977956286975775,-7.482086658477783,-4.785930156707764,-2.1074233055114746,-4.564323902130127,-6.3340983390808105,-7.478114604949951,-7.11443567276001,-9.40992546081543,-8.866229057312012
cake_impl_16,dConc_D_matched_dA,4.0,0.9170604894145169,350,0.014544005290884732,0.7990616519485533,0.036564555613453134,0.15528928387527421,350,0.011670705179127617,0.7860846664234411,0.027878566818790747,0.005376421960999534,0.05740648925092845,0.7990616519485533,0.08374042035352806,0.02402185832845732,0.012542697284995814,0.014544005290884732,0.0013284955921258233,0.001977959989526814,-5.312314033508301,-2.9441797733306885,-0.310899019241333,-2.566615343093872,-3.815372943878174,-4.465198516845703,-4.317158222198486,-6.71028995513916,-6.3122711181640625,0.00433498966842957,0.06355875418442439,0.7860846664234411,0.10426323948210307,0.019087775781001074,0.008790791037789673,0.011670705179127617,0.0010732865869122568,0.001135791656771326,-7.303501605987549,-4.618256092071533,-2.103156328201294,-4.123301982879639,-5.821172714233398,-6.596516132354736,-6.313138961791992,-8.699495315551758,-8.642890930175781
cake_impl_16,muD_PD_F4S,0.0,0.924932503463838,350,0.005337760241231812,0.90543806070441,0.014055024806450607,0.16331146688917564,350,0.004053204676063374,0.8966056532729898,0.011006545025421862,0.0032593930026243046,0.03492891306222017,0.90543806070441,0.03492638985970837,0.009986815100255064,0.004068209706195543,0.005337760241231812,0.0004878714519603769,0.001566586871394205,-5.804248809814453,-3.4324748516082764,-0.17737092077732086,-3.432547092437744,-4.684524059295654,-5.582586765289307,-5.310983657836914,-7.703493118286133,-6.536890506744385,0.002658472151703045,0.04317303874961859,0.8966056532729898,0.04123570092561555,0.008155777699432811,0.0028507673259890497,0.004053204676063374,0.0003814749911534974,0.0008859102074341852,-7.742099761962891,-4.954635143280029,-1.921235203742981,-5.000546932220459,-6.621124744415283,-7.672263145446777,-7.320343494415283,-9.683561325073242,-8.840991020202637
cake_impl_16,muD_PD_F4S,0.5,0.9218631922085418,350,0.005324416451723848,0.896072153145365,0.014034168716243151,0.14605757376159378,350,0.0039637391592279615,0.883548652996435,0.010616009797522835,0.0036535943505777947,0.044343277210169556,0.896072153145365,0.034528601877046615,0.009973184829362568,0.004060983886880583,0.005324416451723848,0.0004847460010689541,0.0015590422478048685,-5.693402290344238,-3.197152614593506,-0.19109278917312622,-3.4473257064819336,-4.689213752746582,-5.587688446044922,-5.316810607910156,-7.7132439613342285,-6.545042037963867,0.002920407225429747,0.05528150368169193,0.883548652996435,0.04250087552725015,0.008270692056655609,0.0023453177408672256,0.0039637391592279615,0.0003586006192681727,0.0008102109931743051,-7.759786605834961,-4.819071292877197,-2.047563314437866,-5.081984996795654,-6.718791484832764,-7.97908878326416,-7.45432186126709,-9.8570556640625,-9.041970252990723
cake_impl_16,muD_PD_F4S,1.0,0.9203652736465583,350,0.005846231385075409,0.9032059768072682,0.01598701980071607,0.10721145063102812,350,0.004833030927205773,0.8746641264470542,0.012541321562689531,0.00324930199255516,0.03481777704072775,0.9032059768072682,0.03483743153815218,0.010949715954056687,0.005037303846659385,0.005846231385075409,0.0005333631227070664,0.0015228983127980396,-5.812299728393555,-3.4406118392944336,-0.18478929996490479,-3.4400475025177,-4.597426414489746,-5.373868942260742,-5.224942684173584,-7.619292736053467,-6.570124626159668,0.0028957146918234156,0.04937741947686906,0.8746641264470542,0.05420972518709202,0.00915928772464722,0.003382033838042312,0.004833030927205773,0.00048136789786705606,0.0009972938093990196,-8.077475547790527,-5.241214275360107,-2.3668675422668457,-5.1478471755981445,-6.925939083099365,-7.922230243682861,-7.5652337074279785,-9.871830940246582,-9.143417358398438
cake_impl_16,muD_PD_F4S,2.0,0.9141730983772058,350,0.005803295381661532,0.8983489167000029,0.01586452213332748,0.07639791916795433,350,0.004396721932018435,0.8682199907313407,0.01216467487217007,0.004149257903540301,0.03916488725882132,0.8983489167000029,0.034635541458242804,0.010878632041312626,0.004985890092014855,0.005803295381661532,0.0005979229031852112,0.0014356562612184418,-5.57456111907959,-3.329710006713867,-0.19693207740783691,-3.4526102542877197,-4.610690116882324,-5.390878677368164,-5.239064693450928,-7.511784076690674,-6.635868549346924,0.0041017399165446,0.056722976944423305,0.8682199907313407,0.05268790668296858,0.009185131254671406,0.0029795436174986645,0.004396721932018435,0.0005379793687918454,0.0011680095517427494,-8.068143844604492,-5.441375732421875,-2.7131099700927734,-5.515169143676758,-7.261969089508057,-8.387784957885742,-7.9986958503723145,-10.09949016571045,-9.324254035949707
cake_impl_16,muD_PD_F4S,4.0,0.9040151131743664,350,0.004816054746674634,0.8957009072842682,0.014343621092449115,0.056468829818635914,350,0.00424975281118933,0.8453759237617732,0.009999680104823189,0.00284109844906425,0.030451918923400646,0.8957009072842682,0.05037743599466475,0.00903693477147016,0.005306686320978955,0.004816054746674634,0.0004999060067617918,0.0009690575027166435,-5.964473724365234,-3.592515468597412,-0.21105793118476868,-3.089121103286743,-4.807344436645508,-5.339696884155273,-5.436709403991699,-7.701999664306641,-7.040095806121826,0.0026886211612686746,0.048843432567799216,0.8453759237617732,0.08734687720259249,0.006699324196048859,0.003300355908774329,0.00424975281118933,0.0005578009614971656,0.0009379114290569252,-8.792793273925781,-5.89320182800293,-3.0420403480529785,-5.311934471130371,-7.879815101623535,-8.587791442871094,-8.3349609375,-10.365574836730957,-9.845921516418457
cake_impl_16,r0_D_dA,0.0,0.924932503463838,350,0.005337760241231812,0.90543806070441,0.014055024806450607,0.16331146688917564,350,0.004053204676063374,0.8966056532729898,0.011006545025421862,0.0032593930026243046,0.03492891306222017,0.90543806070441,0.03492638985970837,0.009986815100255064,0.004068209706195543,0.005337760241231812,0.0004878714519603769,0.001566586871394205,-5.804248809814453,-3.4324748516082764,-0.17737092077732086,-3.432547092437744,-4.684524059295654,-5.582586765289307,-5.310983657836914,-7.703493118286133,-6.536890506744385,0.002658472151703045,0.04317303874961859,0.8966056532729898,0.04123570092561555,0.008155777699432811,0.0028507673259890497,0.004053204676063374,0.0003814749911534974,0.0008859102074341852,-7.742099761962891,-4.954635143280029,-1.921235203742981,-5.000546932220459,-6.621124744415283,-7.672263145446777,-7.320343494415283,-9.683561325073242,-8.840991020202637
cake_impl_16,r0_D_dA,0.5,0.9239269481884382,350,0.00530451944595373,0.8964398192187117,0.013963739125446633,0.16058543396875757,350,0.003929121909843476,0.8843882401447652,0.010855612393486464,0.003656782860270593,0.03918845845438092,0.8964398192187117,0.039188009980631176,0.009931491538888955,0.004032247586557678,0.00530451944595373,0.0005482533159152326,0.0017104175986900859,-5.690293788909912,-3.318495273590088,-0.18844638764858246,-3.3185067176818848,-4.691166877746582,-5.592553615570068,-5.3183183670043945,-7.587895393371582,-6.450139999389648,0.0029137182369163945,0.0494261173440639,0.8843882401447652,0.04710153299133929,0.008246465950270792,0.0026091464432156718,0.003929121909843476,0.00042064092414987643,0.0009650160554353518,-7.667254447937012,-4.83620548248291,-1.951788306236267,-4.884378910064697,-6.626899719238281,-7.777661323547363,-7.3682684898376465,-9.602660179138184,-8.772294998168945
cake_impl_16,r0_D_dA,1.0,0.9209978204783196,350,0.00528751678035928,0.9051633971657934,0.013933517812357684,0.15165582380594897,350,0.003870075883841927,0.8885689980328612,0.011758557469968262,0.00325648229229936,0.03491786994344273,0.9051633971657934,0.034919068773948854,0.009903926235920077,0.004029591576437606,0.00528751678035928,0.0005463870747243005,0.0019757601570743605,-5.809405326843262,-3.43705415725708,-0.18193741142749786,-3.4370198249816895,-4.697121620178223,-5.59638786315918,-5.324704170227051,-7.594480514526367,-6.3090996742248535,0.00304997105840737,0.04692582713973971,0.8885689980328612,0.04423098756580222,0.009011489758151432,0.0027470677118168296,0.003870075883841927,0.0004298753615194292,0.0011657074878600325,-7.678764820098877,-4.945328712463379,-2.004284620285034,-5.004471302032471,-6.595396518707275,-7.783362865447998,-7.440622806549072,-9.63815689086914,-8.640568733215332
cake_impl_16,r0_D_dA,2.0,0.9137619395502852,350,0.004675222706762092,0.8979389527216782,0.012296521981444986,0.14680405530395377,350,0.0038413133311486197,0.8733033122499871,0.010678945924394043,0.004146691425045474,0.03921668799940177,0.8979389527216782,0.039227862825737904,0.008757077324193998,0.0035394446572509877,0.004675222706762092,0.0004793549407948506,0.0020187053991346003,-5.575629711151123,-3.3288381099700928,-0.19783839583396912,-3.3285531997680664,-4.828078269958496,-5.733970642089844,-5.455663681030273,-7.733254432678223,-6.2954840660095215,0.0035567325973832596,0.05363570696826208,0.8733033122499871,0.05333748483384972,0.007956540167846278,0.0027224057565477635,0.0038413133311486197,0.00038190261120663895,0.0012646014837685053,-7.55756950378418,-4.844196796417236,-2.054128885269165,-4.8497724533081055,-6.75241756439209,-7.824895858764648,-7.480597496032715,-9.78900146484375,-8.591654777526855
cake_impl_16,r0_D_dA,4.0,0.9193048389832567,350,0.004439756803537397,0.8563394568939741,0.014986846450378993,0.1751106482278974,350,0.0034706015229258287,0.8314947820008176,0.012456039937462953,0.004482896517970648,0.04806475980106773,0.8563394568939741,0.06986475191010103,0.010668080297631445,0.004318766152747547,0.004439756803537397,0.00035473419332239525,0.0014667974296478346,-5.491623401641846,-3.1193435192108154,-0.23922592401504517,-2.7453315258026123,-4.624636650085449,-5.528923034667969,-5.501293182373047,-8.028279304504395,-6.608811378479004,0.0038619430835312276,0.06206195767789005,0.8314947820008176,0.08548099488852821,0.008996871530592504,0.0034591684068704495,0.0034706015229258287,0.00030400833879966707,0.0008696725500446064,-7.298922061920166,-4.52195930480957,-1.9268674850463867,-4.201798439025879,-6.453215599060059,-7.409064292907715,-7.405764579772949,-9.840792655944824,-8.7897310256958
cake_impl_16,r1_D_dA,0.0,0.924932503463838,350,0.005337760241231812,0.90543806070441,0.014055024806450607,0.16331146688917564,350,0.004053204676063374,0.8966056532729898,0.011006545025421862,0.0032593930026243046,0.03492891306222017,0.90543806070441,0.03492638985970837,0.009986815100255064,0.004068209706195543,0.005337760241231812,0.0004878714519603769,0.001566586871394205,-5.804248809814453,-3.4324748516082764,-0.17737092077732086,-3.432547092437744,-4.684524059295654,-5.582586765289307,-5.310983657836914,-7.703493118286133,-6.536890506744385,0.002658472151703045,0.04317303874961859,0.8966056532729898,0.04123570092561555,0.008155777699432811,0.0028507673259890497,0.004053204676063374,0.0003814749911534974,0.0008859102074341852,-7.742099761962891,-4.954635143280029,-1.921235203742981,-5.000546932220459,-6.621124744415283,-7.672263145446777,-7.320343494415283,-9.683561325073242,-8.840991020202637
cake_impl_16,r1_D_dA,0.5,0.921070544639564,350,0.006799460843631909,0.8913964622552912,0.01789882984946052,0.1654589090336169,350,0.005078586593804031,0.880043391068477,0.014034694514353761,0.003635624609046976,0.03893009602425604,0.8913964622552912,0.03895707786895297,0.012727347873705,0.005171481975755519,0.006799460843631909,0.0006201157656254581,0.0017623327837350293,-5.699193000793457,-3.3282063007354736,-0.19718463718891144,-3.3275134563446045,-4.446220874786377,-5.3468146324157715,-5.0731306076049805,-7.467823028564453,-6.423335552215576,0.0026525556284780027,0.04723303636296269,0.880043391068477,0.049620912166688354,0.01060639837628963,0.0034282961380641313,0.005078586593804031,0.00046701409502768236,0.0008698095702084506,-7.731264114379883,-4.851694107055664,-1.926816463470459,-4.802375316619873,-6.345330238342285,-7.474724292755127,-7.081754684448242,-9.468183517456055,-8.846268653869629
cake_impl_16,r1_D_dA,1.0,0.919259893805571,350,0.006776701765430856,0.8753396861915647,0.01784920665484759,0.1506004930669334,350,0.005570739888395205,0.8468555976424266,0.015012290743065742,0.005193395527544029,0.04904924888854601,0.8753396861915647,0.043333308910284786,0.012682418557913485,0.005166788096934103,0.006776701765430856,0.0007007320546400715,0.0017577200071420777,-5.3445539474487305,-3.099116802215576,-0.21732965111732483,-3.223020076751709,-4.451725006103516,-5.3496904373168945,-5.078451156616211,-7.34757137298584,-6.427924156188965,0.0042935125453006946,0.0660852226773194,0.8468555976424266,0.06057956750528412,0.011193372255405903,0.003818918487659839,0.005570739888395205,0.000582790798936111,0.00102027819927228,-7.343774795532227,-4.6099348068237305,-2.059349775314331,-4.696922302246094,-6.385558128356934,-7.460912704467773,-7.083352088928223,-9.34080696105957,-8.780804634094238
cake_impl_16,r1_D_dA,2.0,0.9125163060638773,350,0.008112816804264187,0.8656544406857489,0.019546376482980764,0.15173214458090978,350,0.006613970699883786,0.8420965103414615,0.01620664412228145,0.005820430948619868,0.05491920039162241,0.8656544406857489,0.04280619960900966,0.013396556742576822,0.006149819740403944,0.008112816804264187,0.000837239676167049,0.002303295401587104,-5.2379302978515625,-2.993441581726074,-0.2358188033103943,-3.242621660232544,-4.404306888580322,-5.182881832122803,-4.905859470367432,-7.176949501037598,-6.164963722229004,0.005101756926020082,0.07197156085202584,0.8420965103414615,0.055969941748522614,0.012002915396301002,0.00420372872598045,0.006613970699883786,0.000727862951221614,0.001311752358583218,-7.163808822631836,-4.517122745513916,-2.0574991703033447,-4.768579006195068,-6.308244228363037,-7.357421875,-6.904209613800049,-9.11103630065918,-8.522029876708984
cake_impl_16,r1_D_dA,4.0,0.9057852313237746,350,0.009783465016225387,0.8628646676687197,0.017656082817032744,0.15005739942660923,350,0.007989388577344183,0.8395411735128178,0.01493176731459574,0.006570622652632738,0.06193389374997016,0.8628646676687197,0.037606869124396876,0.011103338428084654,0.006552744388948091,0.009783465016225387,0.001010861976599419,0.0025735369944229593,-5.1240997314453125,-2.880640745162964,-0.24645046889781952,-3.379521608352661,-4.599462509155273,-5.126824378967285,-4.726014614105225,-6.995904922485352,-6.061427116394043,0.005373708566614849,0.08553402514349316,0.8395411735128178,0.04451856385718575,0.009959187513128515,0.004972579801467226,0.007989388577344183,0.000842002284972849,0.0012693707429758947,-7.122974395751953,-4.355578422546387,-2.0716371536254883,-5.008586406707764,-6.505997180938721,-7.200553894042969,-6.726378440856934,-8.976465225219727,-8.565971374511719
cake_impl_16,r2_D_dA,0.0,0.924932503463838,350,0.005337760241231812,0.90543806070441,0.014055024806450607,0.16331146688917564,350,0.004053204676063374,0.8966056532729898,0.011006545025421862,0.0032593930026243046,0.03492891306222017,0.90543806070441,0.03492638985970837,0.009986815100255064,0.004068209706195543,0.005337760241231812,0.0004878714519603769,0.001566586871394205,-5.804248809814453,-3.4324748516082764,-0.17737092077732086,-3.432547092437744,-4.684524059295654,-5.582586765289307,-5.310983657836914,-7.703493118286133,-6.536890506744385,0.002658472151703045,0.04317303874961859,0.8966056532729898,0.04123570092561555,0.008155777699432811,0.0028507673259890497,0.004053204676063374,0.0003814749911534974,0.0008859102074341852,-7.742099761962891,-4.954635143280029,-1.921235203742981,-5.000546932220459,-6.621124744415283,-7.672263145446777,-7.320343494415283,-9.683561325073242,-8.840991020202637
cake_impl_16,r2_D_dA,0.5,0.925660143566542,350,0.005325940080538479,0.8965490722744305,0.014027446498401139,0.1520391303526037,350,0.004196813524607159,0.8733253853459326,0.011684236261350381,0.003656592168415865,0.03915132047370391,0.8965490722744305,0.039205936782987214,0.009967527443926129,0.004059919054475009,0.005325940080538479,0.00048605142049705003,0.001597640301025893,-5.688471794128418,-3.3175692558288574,-0.18645037710666656,-3.3161752223968506,-4.685670852661133,-5.583840370178223,-5.312414169311523,-7.706444263458252,-6.516475677490234,0.0031844474847358317,0.05206398787390955,0.8733253853459326,0.054204676752613735,0.008621035283455727,0.003063200977894655,0.004196813524607159,0.00038684709390660374,0.0009536056629440753,-7.63309383392334,-4.8388991355896,-2.019064426422119,-4.798605442047119,-6.637167453765869,-7.67191219329834,-7.357047080993652,-9.741098403930664,-8.83887767791748
cake_impl_16,r2_D_dA,1.0,0.9233794376888157,350,0.006014939931556036,0.8942733418800981,0.015844610894846903,0.1599112189031635,350,0.004913743585830338,0.8847456646948487,0.012356046215637084,0.0036475357893004197,0.03906159820699105,0.8942733418800981,0.039054614073383405,0.011259995595604961,0.004584615299241942,0.006014939931556036,0.0005474751077231575,0.0015558841161009678,-5.693418502807617,-3.3223304748535156,-0.1914588361978531,-3.322509288787842,-4.566214084625244,-5.46476411819458,-5.19322395324707,-7.589908599853516,-6.545426368713379,0.003205196212832548,0.04452069212169582,0.8847456646948487,0.0489714318227027,0.009308085615712959,0.003047960599924124,0.004913743585830338,0.0004490441519231882,0.0008381811945294458,-7.576118469238281,-4.944937705993652,-1.9555915594100952,-4.849654674530029,-6.510008335113525,-7.6264190673828125,-7.148855686187744,-9.541525840759277,-8.917412757873535
cake_impl_16,r2_D_dA,2.0,0.9184315580789979,350,0.005483395627644261,0.8786917446034154,0.016353163272804477,0.1440654194777602,350,0.004917539624452113,0.8504480976902168,0.014547394804806714,0.00460300384251381,0.0434609677420216,0.8786917446034154,0.04929425870558909,0.01163186420011929,0.004721299072685188,0.005483395627644261,0.000566643402831684,0.0015468228031797948,-5.466134071350098,-3.220979928970337,-0.2144090235233307,-3.0950355529785156,-4.539094924926758,-5.440759181976318,-5.291118621826172,-7.560868263244629,-6.556640148162842,0.004453545795104407,0.05716064391990639,0.8504480976902168,0.06696922945528981,0.010998480598580954,0.003548914206225761,0.004917539624452113,0.0004897127685390597,0.0010138359416848655,-7.3515424728393555,-4.79937744140625,-2.0994796752929688,-4.64100980758667,-6.44748592376709,-7.578601360321045,-7.252434730529785,-9.559179306030273,-8.831501960754395
cake_impl_16,r2_D_dA,4.0,0.6453028823176304,350,0.008636551563525201,0.8386956646476844,0.01621681004312847,0.12539202906598115,350,0.007711528880626567,0.8160248830413915,0.014610578520419921,0.005632275986921245,0.04146466988081827,0.8386956646476844,0.08760740136802528,0.011103361757880681,0.00511344828524779,0.008636551563525201,0.0006162342603357694,0.0011303922495613029,-5.617277145385742,-3.6209490299224854,-0.6139428615570068,-2.872925281524658,-4.93854284286499,-5.713916778564453,-5.1897873878479,-7.82991886138916,-7.223226070404053,0.004678331519566264,0.05301049654482813,0.8160248830413915,0.10272443355363113,0.010476522408186133,0.00413405611223379,0.007711528880626567,0.0006171667794487845,0.0006225811600876368,-7.441123962402344,-5.013575553894043,-2.27962064743042,-4.352015495300293,-6.6349287033081055,-7.5648064613342285,-6.941349029541016,-9.466681480407715,-9.45794677734375
cake_impl_17,dA_D,0.0,0.5019056480571122,350,0.009759444599102619,0.8463851731151159,0.020489486349445026,0.10403371953532087,350,0.008861068648325572,0.8526771122013262,0.02002618465068636,0.00439009184164877,0.04744031204147442,0.8463851731151159,0.06835539797519374,0.009797128091970997,0.010692358257474029,0.009759444599102619,0.0014216106446872769,0.0017584834333320787,-6.117748260498047,-3.737626075744629,-0.8561238646507263,-3.372377872467041,-5.315009117126465,-5.227569103240967,-5.3188629150390625,-7.245307922363281,-7.032646656036377,0.007049604407461149,0.05530219823586223,0.8526771122013262,0.051768021847206004,0.010743162759693226,0.009283021890993136,0.008861068648325572,0.0020648225590211232,0.002250987450111324,-7.2178239822387695,-5.15798282623291,-2.422414541244507,-5.22402286529541,-6.796525955200195,-6.94260835647583,-6.989128112792969,-8.445751190185547,-8.359426498413086
cake_impl_17,dA_D,0.5,0.5021126713712425,350,0.011028709862200647,0.842296908546299,0.023169131059571933,0.10190133394948782,350,0.009912916422341865,0.845130321737669,0.02318008854031697,0.004938877408436218,0.0470834786312976,0.842296908546299,0.06783746209707577,0.01106902445919412,0.012100106600377811,0.011028709862200647,0.0016054507200376146,0.0020399816750812437,-5.999547958374023,-3.7447638511657715,-0.8605534434318542,-3.3795714378356934,-5.192535400390625,-5.103471755981445,-5.196184158325195,-7.123281478881836,-6.883745193481445,0.008055739898195677,0.05591573176715546,0.845130321737669,0.05256715740739203,0.011804594123004752,0.011375494417312218,0.009912916422341865,0.00237706552912611,0.0028609786978029588,-7.105120658874512,-5.167659759521484,-2.452014684677124,-5.229413986206055,-6.723016738891602,-6.760044097900391,-6.897666931152344,-8.325638771057129,-8.140341758728027
cake_impl_17,dA_D,1.0,0.4989989078332064,350,0.011545625867322091,0.8244029269543259,0.027452689870975724,0.1091710869304246,350,0.008999437687439247,0.8421320449988736,0.025457263647777,0.005481607073897912,0.052245388974090236,0.8244029269543259,0.07509789495887835,0.013119359940068437,0.014333329930907286,0.011545625867322091,0.0014712503786361816,0.0023026159218735845,-5.901508331298828,-3.6469550132751465,-0.8882472515106201,-3.284114122390747,-5.028817653656006,-4.940319061279297,-5.156599998474121,-7.216794013977051,-6.768860816955566,0.0076085237381082775,0.05720049868034533,0.8421320449988736,0.05384462185422249,0.01287725764304145,0.012580006004735552,0.008999437687439247,0.0020180981034189013,0.0027395112898150062,-7.093325138092041,-5.076031684875488,-2.386657476425171,-5.136491775512695,-6.567131519317627,-6.590485572814941,-6.925432205200195,-8.420438766479492,-8.114814758300781
cake_impl_17,dA_D,2.0,0.493996962849966,350,0.011549782284624126,0.810738615093471,0.027416840844908287,0.10826374965163871,350,0.009625602277339152,0.8239690816186301,0.02485284211857875,0.006897531936721487,0.06585848109800362,0.810738615093471,0.07362484153798565,0.013139868931933198,0.014276971912975089,0.011549782284624126,0.0014691401233969214,0.0024447670808889982,-5.681817531585693,-3.4254729747772217,-0.9150354862213135,-3.3139986991882324,-5.037330150604248,-4.954333305358887,-5.166314601898193,-7.228303909301758,-6.71903133392334,0.009934154480447325,0.06953223901588264,0.8239690816186301,0.05739832913684555,0.013128437583033711,0.01172440453554504,0.009625602277339152,0.0018422917183182825,0.002845459633958155,-6.834961414337158,-4.8891496658325195,-2.416807174682617,-5.080924987792969,-6.556159496307373,-6.669267654418945,-6.866513729095459,-8.519929885864258,-8.08521556854248
cake_impl_17,dA_D,4.0,0.47832312069178223,350,0.017568816809196284,0.753807346704196,0.031343561310342605,0.12029654922242022,350,0.012837368253150593,0.7656879748103761,0.027527649931568976,0.015416668417583332,0.1291097005795878,0.753807346704196,0.045902921411881493,0.012094307457001057,0.019249253853341548,0.017568816809196284,0.002889976230082523,0.003961008537129971,-4.9097747802734375,-2.7845616340637207,-1.0200872421264648,-3.818695306777954,-5.152489185333252,-4.687751770019531,-4.7790985107421875,-6.583975791931152,-6.268725395202637,0.018795157369456583,0.1293735627677506,0.7656879748103761,0.0378575279208533,0.012663872915125557,0.014863777016443418,0.012837368253150593,0.003647897900541119,0.0042728610463027795,-6.091951370239258,-4.162846565246582,-2.3847758769989014,-5.391720771789551,-6.486797332763672,-6.326623439788818,-6.4731903076171875,-7.7313995361328125,-7.573266983032227
cake_impl_17,dA_D_matched_muD,0.0,0.5019056480571122,350,0.009759444599102619,0.8463851731151159,0.020489486349445026,0.10403371953532087,350,0.008861068648325572,0.8526771122013262,0.02002618465068636,0.00439009184164877,0.04744031204147442,0.8463851731151159,0.06835539797519374,0.009797128091970997,0.010692358257474029,0.009759444599102619,0.0014216106446872769,0.0017584834333320787,-6.117748260498047,-3.737626075744629,-0.8561238646507263,-3.372377872467041,-5.315009117126465,-5.227569103240967,-5.3188629150390625,-7.245307922363281,-7.032646656036377,0.007049604407461149,0.05530219823586223,0.8526771122013262,0.051768021847206004,0.010743162759693226,0.009283021890993136,0.008861068648325572,0.0020648225590211232,0.002250987450111324,-7.2178239822387695,-5.15798282623291,-2.422414541244507,-5.22402286529541,-6.796525955200195,-6.94260835647583,-6.989128112792969,-8.445751190185547,-8.359426498413086
cake_impl_17,dA_D_matched_muD,0.5,0.5026667304957745,350,0.009764305715583618,0.8381497063816857,0.020493734620023275,0.109694453465416,350,0.008146808718725909,0.8592899852478211,0.017829864758733306,0.0049203971230730795,0.0469674407651731,0.8381497063816857,0.0764568946168059,0.009799666603263877,0.010694068016759399,0.009764305715583618,0.0014222929678761802,0.0018252278097793202,-6.002193927764893,-3.746128559112549,-0.8643864393234253,-3.2588560581207275,-5.313234806060791,-5.225893974304199,-5.316849708557129,-7.243312835693359,-6.993878364562988,0.007489690436221052,0.04774126709933937,0.8592899852478211,0.05547051235875288,0.009306782926584078,0.008523081832149228,0.008146808718725909,0.001860152494641746,0.0021717188857648777,-7.104284286499023,-5.252015590667725,-2.3617053031921387,-5.101960182189941,-6.887068271636963,-6.975033760070801,-7.020185470581055,-8.497153282165527,-8.342292785644531
cake_impl_17,dA_D_matched_muD,1.0,0.5024749445312257,350,0.011023260124754745,0.8429602567070075,0.023155152195023967,0.11035062609945986,350,0.008544455724833724,0.8587605914737061,0.021371074739566072,0.004369701067472562,0.047260353656143325,0.8429602567070075,0.06788983515626452,0.011064409466936976,0.01209074272808699,0.011023260124754745,0.0016058093805709607,0.0017356317127624897,-6.121270179748535,-3.740293025970459,-0.8590449690818787,-3.3780784606933594,-5.192231178283691,-5.103524684906006,-5.195957183837891,-7.1223368644714355,-7.044593334197998,0.00660230676489212,0.051874118630470076,0.8587605914737061,0.048456182262935514,0.010794299608364257,0.010576775131201815,0.008544455724833724,0.002201022849461038,0.0021902475541354166,-7.224428653717041,-5.163027763366699,-2.3563575744628906,-5.23118782043457,-6.732829570770264,-6.75318717956543,-6.966565132141113,-8.322925567626953,-8.32783317565918
cake_impl_17,dA_D_matched_muD,2.0,0.5007115564048222,350,0.012536044459257654,0.8382259428400899,0.026332251622512227,0.1097037743865235,350,0.010773932258674356,0.8558888366753642,0.022793398236071592,0.004922980984821266,0.046886370623092186,0.8382259428400899,0.0675502333827171,0.012584293033989726,0.013747958588522501,0.012536044459257654,0.0016015452261941353,0.0019446308613155253,-6.005566120147705,-3.751753330230713,-0.8681926727294922,-3.386608839035034,-5.067030906677246,-4.97859001159668,-5.0708723068237305,-7.128511428833008,-6.934408187866211,0.006836882083786833,0.05112476068758408,0.8558888366753642,0.04831648419351195,0.011875361944866585,0.010918036291205009,0.010773932258674356,0.002022577857435925,0.0022431280075708524,-7.195394992828369,-5.183457851409912,-2.365586280822754,-5.239953994750977,-6.643260955810547,-6.727310657501221,-6.740597248077393,-8.41335391998291,-8.309855461120605
cake_impl_17,dA_D_matched_muD,4.0,0.49772933115692736,350,0.011486772284320748,0.8322801714447199,0.027340904582855957,0.10711113713438997,350,0.008900765399338512,0.8410187620845416,0.02571497632254842,0.005530579000136604,0.05270530581190427,0.8322801714447199,0.06671686338419633,0.013066358520043104,0.014274546062812851,0.011486772284320748,0.001666362617713351,0.0022730408741526856,-5.8951616287231445,-3.640738010406494,-0.8812850117683411,-3.404996395111084,-5.0354132652282715,-4.946976184844971,-5.164258003234863,-7.094810962677002,-6.784335613250732,0.008144571442275235,0.05869977709278262,0.8410187620845416,0.052625341521121784,0.013010315804871518,0.012704660517676901,0.008900765399338512,0.002111678918461589,0.0027841272189303256,-7.044291973114014,-5.069207668304443,-2.407029628753662,-5.178445816040039,-6.575901031494141,-6.599674701690674,-6.955506324768066,-8.394160270690918,-8.117709159851074
cake_impl_17,muD_D,0.0,0.5019056480571122,350,0.009759444599102619,0.8463851731151159,0.020489486349445026,0.10403371953532087,350,0.008861068648325572,0.8526771122013262,0.02002618465068636,0.00439009184164877,0.04744031204147442,0.8463851731151159,0.06835539797519374,0.009797128091970997,0.010692358257474029,0.009759444599102619,0.0014216106446872769,0.0017584834333320787,-6.117748260498047,-3.737626075744629,-0.8561238646507263,-3.372377872467041,-5.315009117126465,-5.227569103240967,-5.3188629150390625,-7.245307922363281,-7.032646656036377,0.007049604407461149,0.05530219823586223,0.8526771122013262,0.051768021847206004,0.010743162759693226,0.009283021890993136,0.008861068648325572,0.0020648225590211232,0.002250987450111324,-7.2178239822387695,-5.15798282623291,-2.422414541244507,-5.22402286529541,-6.796525955200195,-6.94260835647583,-6.989128112792969,-8.445751190185547,-8.359426498413086
cake_impl_17,muD_D,0.5,0.5025021776920588,350,0.009763759282891674,0.8388763090948687,0.020462850700266738,0.10998730467712665,350,0.0075898549532079015,0.8578209652411161,0.018119307863752574,0.004352277822748492,0.04702009226717854,0.8388763090948687,0.07655317142899383,0.009804745597662768,0.010658105102603972,0.009763759282891674,0.0014241094266234861,0.001547429976428367,-6.125211238861084,-3.745335578918457,-0.8638473153114319,-3.257925033569336,-5.31304407119751,-5.229589939117432,-5.317233085632324,-7.242363929748535,-7.15931510925293,0.006117883980640763,0.05168479586305702,0.8578209652411161,0.054911271418289664,0.00965379936958139,0.008465508494171185,0.0075898549532079015,0.0019307386408383882,0.0018251820390977002,-7.303929328918457,-5.169981956481934,-2.360750198364258,-5.109426975250244,-6.847794055938721,-6.979145526885986,-7.0883331298828125,-8.457242965698242,-8.513465881347656
cake_impl_17,muD_D,1.0,0.5026514899478814,350,0.009363402956762315,0.8387623947223045,0.020998794617886705,0.1083246144861246,350,0.007401591606168969,0.8520350274702972,0.01869731115323054,0.004348164289137782,0.047013421393464816,0.8387623947223045,0.07654103318669632,0.00938992575333028,0.011608868864556424,0.009363402956762315,0.0013640154989681525,0.0016087733347797321,-6.12585973739624,-3.745180368423462,-0.8636860251426697,-3.257786512374878,-5.355976104736328,-5.143844127655029,-5.358804702758789,-7.285180568695068,-7.120141506195068,0.006188568137313957,0.050917548696423696,0.8520350274702972,0.06075559094813051,0.009332569670416952,0.00936474148281359,0.007401591606168969,0.0018991590964228537,0.0021052028920124223,-7.307674407958984,-5.200170516967773,-2.3827505111694336,-5.023519039154053,-6.896867752075195,-6.893426418304443,-7.128683090209961,-8.488966941833496,-8.385966300964355
cake_impl_17,muD_D,2.0,0.5008118927366535,350,0.01111547917571213,0.8206241726637993,0.023312138652757126,0.10640630770790199,350,0.009502635293651359,0.8386738566583155,0.022156157907942634,0.004802553219780992,0.052046774605808574,0.8206241726637993,0.08487915170448689,0.011147278513721845,0.012164860139035281,0.01111547917571213,0.0014269712830783086,0.0017927586945768398,-6.030132293701172,-3.64713716506958,-0.8892147541046143,-3.1580514907836914,-5.188084602355957,-5.100728511810303,-5.190941333770752,-7.243725776672363,-7.015524387359619,0.00743595162108281,0.05644280411779144,0.8386738566583155,0.06160609472869351,0.011206439134768015,0.010949718773174617,0.009502635293651359,0.0020113165043189754,0.002171183168203715,-7.141919136047363,-5.115017890930176,-2.416423797607422,-5.027484893798828,-6.731757164001465,-6.754931926727295,-6.896676540374756,-8.449456214904785,-8.372973442077637
cake_impl_17,muD_D,4.0,0.500771896275081,350,0.007912789384535284,0.8201602629805045,0.02262249552567258,0.09754904042730039,350,0.007179462575813245,0.8292428777899388,0.022505772615208593,0.004801821590854783,0.045872491046414665,0.8201602629805045,0.09591337461370229,0.01155362705162265,0.01106886847404993,0.007912789384535284,0.0011482699497078158,0.0015684949086081075,-6.030364513397217,-3.773494243621826,-0.8898600935935974,-3.035914421081543,-5.152360439300537,-5.195223331451416,-5.530879497528076,-7.461103439331055,-7.149243354797363,0.007961015545309286,0.05394591757669648,0.8292428777899388,0.07545627183010786,0.01271039461742406,0.009795377997784533,0.007179462575813245,0.0015838478097595476,0.0021248342571665063,-7.1605987548828125,-5.247173309326172,-2.5146422386169434,-4.911602020263672,-6.692735195159912,-6.953244686126709,-7.263930797576904,-8.775298118591309,-8.481461524963379
cake_impl_17,muD_D_matched_dA,0.0,0.5019056480571122,350,0.009759444599102619,0.8463851731151159,0.020489486349445026,0.10403371953532087,350,0.008861068648325572,0.8526771122013262,0.02002618465068636,0.00439009184164877,0.04744031204147442,0.8463851731151159,0.06835539797519374,0.009797128091970997,0.010692358257474029,0.009759444599102619,0.0014216106446872769,0.0017584834333320787,-6.117748260498047,-3.737626075744629,-0.8561238646507263,-3.372377872467041,-5.315009117126465,-5.227569103240967,-5.3188629150390625,-7.245307922363281,-7.032646656036377,0.007049604407461149,0.05530219823586223,0.8526771122013262,0.051768021847206004,0.010743162759693226,0.009283021890993136,0.008861068648325572,0.0020648225590211232,0.002250987450111324,-7.2178239822387695,-5.15798282623291,-2.422414541244507,-5.22402286529541,-6.796525955200195,-6.94260835647583,-6.989128112792969,-8.445751190185547,-8.359426498413086
cake_impl_17,muD_D_matched_dA,0.5,0.5021652827224382,350,0.009345469462898163,0.8385163198232003,0.020977850180313867,0.10737409421394888,350,0.0072741177471297574,0.8522029091918057,0.02002713219793357,0.004922340443246827,0.04691423853163522,0.8385163198232003,0.07623097790872581,0.009380597226620477,0.011597252953693392,0.009345469462898163,0.0013523030418431709,0.0017405006081366921,-6.0027971267700195,-3.748260021209717,-0.8649471998214722,-3.2628133296966553,-5.357937812805176,-5.14581298828125,-5.361689567565918,-7.294772148132324,-7.042408466339111,0.007605687462188894,0.05302301152828544,0.8522029091918057,0.05587324148286337,0.009934393732666061,0.010092738465267505,0.0072741177471297574,0.0018935032295721388,0.002100397160221034,-7.110295295715332,-5.168465614318848,-2.391366958618164,-5.116106033325195,-6.843188762664795,-6.827375411987305,-7.154869079589844,-8.500762939453125,-8.397065162658691
cake_impl_17,muD_D_matched_dA,1.0,0.5015553858470274,350,0.008658782990916275,0.8389787016310896,0.02184671473390734,0.10749169317926534,350,0.0072453661675679765,0.8516512076783139,0.020266041723025346,0.004342845495499157,0.04692777708434788,0.8389787016310896,0.07642325982431895,0.011153270238183606,0.010693444495723734,0.008658782990916275,0.0012598508576801431,0.0015620673822406524,-6.129266738891602,-3.7491867542266846,-0.86561119556427,-3.261509418487549,-5.186063766479492,-5.228165626525879,-5.43922233581543,-7.366803169250488,-7.1517863273620605,0.006869191925941607,0.050169073668025664,0.8516512076783139,0.06029608538675179,0.011666410940538998,0.008599630782486347,0.0072453661675679765,0.0016071519535658908,0.001895881496807612,-7.211050510406494,-5.222698211669922,-2.3909199237823486,-5.038829803466797,-6.68138313293457,-6.986377716064453,-7.1577348709106445,-8.663633346557617,-8.4984130859375
cake_impl_17,muD_D_matched_dA,2.0,0.49915084916819996,350,0.007902143908299979,0.8092025321945305,0.02257576619669365,0.11074996880452191,350,0.00622396324991748,0.8382831884065707,0.019144827633904037,0.005370550072241776,0.04519718830956564,0.8092025321945305,0.10706124767283313,0.011526200134216767,0.011049566062476883,0.007902143908299979,0.0011394631839058492,0.0015511084619295882,-5.9216718673706055,-3.791567325592041,-0.9065529704093933,-2.929201126098633,-5.157979488372803,-5.200211048126221,-5.535468101501465,-7.472044944763184,-7.163632392883301,0.007295043073460385,0.04579369153734271,0.8382831884065707,0.07977274728433353,0.010991801034263554,0.008153026599640482,0.00622396324991748,0.001539511595658173,0.0019470272188129832,-7.121040344238281,-5.284089088439941,-2.3768794536590576,-4.729053497314453,-6.711085796356201,-7.009846210479736,-7.2798285484313965,-8.676770210266113,-8.44193172454834
cake_impl_17,muD_D_matched_dA,4.0,0.49845070506523864,350,0.0067832634518154595,0.7876755482443552,0.02050237819166767,0.17015138222151088,350,0.005819335708755414,0.8319716678269208,0.019297764775210773,0.005184521815875339,0.043911659577639234,0.7876755482443552,0.13383924203682174,0.009883445404718234,0.010618932786949436,0.0067832634518154595,0.000983521460126167,0.0011198652216991853,-5.9583282470703125,-3.8218259811401367,-0.9349195957183838,-2.707366466522217,-5.313144683837891,-5.241367340087891,-5.689547538757324,-7.620621681213379,-7.490797519683838,0.0059381765254538175,0.036528491639427396,0.8319716678269208,0.0981607553515529,0.009998546001593257,0.009299218773617517,0.005819335708755414,0.0011416650498334779,0.00114214312284543,-6.8974199295043945,-5.0807294845581055,-1.9550236463546753,-4.092215538024902,-6.376382350921631,-6.448891639709473,-6.917635917663574,-8.546334266662598,-8.545915603637695
cake_impl_17,muD_P,0.0,0.5019056480571122,350,0.009759444599102619,0.8463851731151159,0.020489486349445026,0.10403371953532087,350,0.008861068648325572,0.8526771122013262,0.02002618465068636,0.00439009184164877,0.04744031204147442,0.8463851731151159,0.06835539797519374,0.009797128091970997,0.010692358257474029,0.009759444599102619,0.0014216106446872769,0.0017584834333320787,-6.117748260498047,-3.737626075744629,-0.8561238646507263,-3.372377872467041,-5.315009117126465,-5.227569103240967,-5.3188629150390625,-7.245307922363281,-7.032646656036377,0.007049604407461149,0.05530219823586223,0.8526771122013262,0.051768021847206004,0.010743162759693226,0.009283021890993136,0.008861068648325572,0.0020648225590211232,0.002250987450111324,-7.2178239822387695,-5.15798282623291,-2.422414541244507,-5.22402286529541,-6.796525955200195,-6.94260835647583,-6.989128112792969,-8.445751190185547,-8.359426498413086
cake_impl_17,muD_P,0.5,0.47763522410665976,350,0.008995212794419626,0.8328418250256255,0.021349848757403277,0.10579930485239192,350,0.007468859944347773,0.8419929150048417,0.019847776192476616,0.004891354007489796,0.05283060505844036,0.8328418250256255,0.07599536271015828,0.010230956271879428,0.011118892485523847,0.008995212794419626,0.0013172329108431162,0.0017785587356199382,-6.059194087982178,-3.679572582244873,-0.9218195080757141,-3.315990924835205,-5.321245193481445,-5.238017559051514,-5.449970722198486,-7.371129989624023,-7.070859909057617,0.007080990899765286,0.060904031121556096,0.8419929150048417,0.05859541678690077,0.010502944698812883,0.009344831493663735,0.007468859944347773,0.0017891745884235154,0.0023208354616880834,-7.196552753448486,-5.0446672439575195,-2.4181950092315674,-5.083310127258301,-6.802310943603516,-6.919143199920654,-7.143224239349365,-8.572212219238281,-8.312039375305176
cake_impl_17,muD_P,1.0,0.4480535977955236,350,0.009013384337636184,0.8384269923763529,0.021439932873939777,0.10480014818825203,350,0.00707276510223713,0.8610988900452012,0.018970223436066844,0.00434935529647359,0.046953455277488204,0.8384269923763529,0.07672620307867695,0.010253804621941776,0.011186128251998002,0.009013384337636184,0.0013192722234950782,0.0017714045359372684,-6.240570068359375,-3.861440896987915,-0.9790701866149902,-3.370354413986206,-5.382948875427246,-5.295923233032227,-5.511887073516846,-7.4335174560546875,-7.138824939727783,0.006401207747465075,0.0515683285360708,0.8610988900452012,0.05090453574008363,0.010590476952346762,0.00837974648372008,0.00707276510223713,0.0017685892753606111,0.0022154601175148427,-7.306968688964844,-5.220547676086426,-2.4052460193634033,-5.233503341674805,-6.803500175476074,-7.037637710571289,-7.2072038650512695,-8.593273162841797,-8.367995262145996
cake_impl_17,muD_P,2.0,0.37328421767273245,350,0.009775513316937321,0.8050724301463796,0.024745092674644337,0.0808466010993903,350,0.008618312054259843,0.8134393459020502,0.025752311948370844,0.004715553125428973,0.05788691257549618,0.8050724301463796,0.09459377167341496,0.012595235577072905,0.012149857097571432,0.009775513316937321,0.0014346364373892878,0.001776090050309285,-6.342304229736328,-3.834679126739502,-1.2022382020950317,-3.343578815460205,-5.359851837158203,-5.395853042602539,-5.613289833068848,-7.532258987426758,-7.318756103515625,0.007186770802485079,0.0654569853969483,0.8134393459020502,0.07481063633018867,0.015281911242938352,0.010470400705432491,0.008618312054259843,0.00209610808593525,0.002639529479761781,-7.450715065002441,-5.24156379699707,-2.7216856479644775,-5.107996940612793,-6.696287155151367,-7.074404716491699,-7.269067764282227,-8.68287467956543,-8.452356338500977
cake_impl_17,muD_P,4.0,0.21914184486209112,350,0.010667425298676253,0.7721931656627158,0.028877256613817612,0.060471003019733204,350,0.01014690112721856,0.7845295502146955,0.029503988836460257,0.005101972902634119,0.06296386810100012,0.7721931656627158,0.11725907241678216,0.01559465606796969,0.013282600545847921,0.010667425298676253,0.0012285023743735192,0.0017087366300002585,-6.796164035797119,-4.283230304718018,-1.7765566110610962,-3.661405563354492,-5.678863048553467,-5.839336395263672,-6.058596611022949,-8.219995498657227,-7.8900370597839355,0.006906870841569546,0.0665167379355628,0.7845295502146955,0.09845130443021452,0.017749082580169315,0.01175490625629094,0.01014690112721856,0.001655837476013429,0.0022888091382654383,-7.780829906463623,-5.51589298248291,-3.048262357711792,-5.12378454208374,-6.837012767791748,-7.249075889587402,-7.396178245544434,-9.209039688110352,-8.88531494140625
cake_impl_17,muD_P_plus_dA_D,0.0,0.5019056480571122,350,0.009759444599102619,0.8463851731151159,0.020489486349445026,0.10403371953532087,350,0.008861068648325572,0.8526771122013262,0.02002618465068636,0.00439009184164877,0.04744031204147442,0.8463851731151159,0.06835539797519374,0.009797128091970997,0.010692358257474029,0.009759444599102619,0.0014216106446872769,0.0017584834333320787,-6.117748260498047,-3.737626075744629,-0.8561238646507263,-3.372377872467041,-5.315009117126465,-5.227569103240967,-5.3188629150390625,-7.245307922363281,-7.032646656036377,0.007049604407461149,0.05530219823586223,0.8526771122013262,0.051768021847206004,0.010743162759693226,0.009283021890993136,0.008861068648325572,0.0020648225590211232,0.002250987450111324,-7.2178239822387695,-5.15798282623291,-2.422414541244507,-5.22402286529541,-6.796525955200195,-6.94260835647583,-6.989128112792969,-8.445751190185547,-8.359426498413086
cake_impl_17,muD_P_plus_dA_D,0.5,0.47588342926675425,350,0.011137803154241304,0.8204004281937833,0.023334447314983818,0.10247211741725028,350,0.009361666758559487,0.8308239268446509,0.022612751412634496,0.004810200304353312,0.0520582697656326,0.8204004281937833,0.08483774241884892,0.011182013778115769,0.012152433536868049,0.011137803154241304,0.0014319181686289354,0.0019891906795278624,-6.079598903656006,-3.6979739665985107,-0.9405450820922852,-3.209597110748291,-5.2360310554504395,-5.15280818939209,-5.239992618560791,-7.291322708129883,-6.962609767913818,0.007113539593926676,0.05808535404432533,0.8308239268446509,0.06736721047100283,0.011849863221646315,0.010762888190988184,0.009361666758559487,0.00196306159676863,0.0026724892781315786,-7.223919868469238,-5.124006271362305,-2.4635019302368164,-4.975761413574219,-6.713603496551514,-6.809815883636475,-6.949296474456787,-8.511414527893066,-8.202909469604492
cake_impl_17,muD_P_plus_dA_D,1.0,0.4449504683956301,350,0.011593276526538474,0.8244287632644572,0.027595309144956594,0.09586986842756894,350,0.009886717841354005,0.8352867072452924,0.026906809983308806,0.005486427723334305,0.052241252970583595,0.8244287632644572,0.07517135719347587,0.013188671918863479,0.014406637226093113,0.011593276526538474,0.0014911089317405203,0.0019925042449136583,-6.015270233154297,-3.7616751194000244,-1.0028568506240845,-3.3977773189544678,-5.138189315795898,-5.049858570098877,-5.267122268676758,-7.318027496337891,-7.028155326843262,0.008057776632035302,0.061524031241340045,0.8352867072452924,0.05373298604954932,0.014079948853767729,0.012826861129541078,0.009886717841354005,0.0019588895484517663,0.0026460814586682035,-7.165881156921387,-5.133090972900391,-2.5247437953948975,-5.268491744995117,-6.607767105102539,-6.700977325439453,-6.961326599121094,-8.580141067504883,-8.279438972473145
cake_impl_17,muD_P_plus_dA_D,2.0,0.36889813782468417,350,0.01119372753704819,0.7850433849578586,0.02836075467417489,0.08690996103425438,350,0.009085570025967602,0.8076320506448991,0.026661779830718976,0.007564645348801994,0.07234326937797819,0.7850433849578586,0.09204645292512016,0.014438163587819143,0.01392259108635575,0.01119372753704819,0.0012717803413220883,0.0021759848376956006,-5.881504535675049,-3.623567581176758,-1.2392510175704956,-3.3826966285705566,-5.235115051269531,-5.271477222442627,-5.489636421203613,-7.664572238922119,-7.127508640289307,0.010379520511821923,0.07165203042550174,0.8076320506448991,0.07027161631531802,0.015571708887993422,0.011090070942725556,0.009085570025967602,0.0016181286162706581,0.0026993036295019784,-7.01080322265625,-5.0788164138793945,-2.65653133392334,-5.098269939422607,-6.60518217086792,-6.944587707519531,-7.143950462341309,-8.869367599487305,-8.357644081115723
cake_impl_17,muD_P_plus_dA_D,4.0,0.21110229742600456,350,0.027821763978396735,0.6864244036445127,0.05159555705623292,0.0668293344871403,350,0.02449601791860375,0.7066788804397964,0.049201551102804615,0.012193856621619658,0.13363689664102513,0.6864244036445127,0.08076678888465928,0.01691130745467498,0.03468424960155794,0.027821763978396735,0.003650319285699252,0.003910413887854324,-5.962235450744629,-3.5680413246154785,-1.9316716194152832,-4.071601867675781,-5.635185241699219,-4.916882038116455,-5.1373491287231445,-7.168353080749512,-7.09952449798584,0.013319231967182927,0.125926635803114,0.7066788804397964,0.07167020424683214,0.01798081785914198,0.031220733243662636,0.02449601791860375,0.004049696689072395,0.0046577818325934765,-7.0241594314575195,-4.7776689529418945,-3.0527920722961426,-5.3412933349609375,-6.724062919616699,-6.172286033630371,-6.414857864379883,-8.214726448059082,-8.0748291015625
cake_impl_17,dConc_D_matched_dA,0.0,0.5019056480571122,350,0.009759444599102619,0.8463851731151159,0.020489486349445026,0.10403371953532087,350,0.008861068648325572,0.8526771122013262,0.02002618465068636,0.00439009184164877,0.04744031204147442,0.8463851731151159,0.06835539797519374,0.009797128091970997,0.010692358257474029,0.009759444599102619,0.0014216106446872769,0.0017584834333320787,-6.117748260498047,-3.737626075744629,-0.8561238646507263,-3.372377872467041,-5.315009117126465,-5.227569103240967,-5.3188629150390625,-7.245307922363281,-7.032646656036377,0.007049604407461149,0.05530219823586223,0.8526771122013262,0.051768021847206004,0.010743162759693226,0.009283021890993136,0.008861068648325572,0.0020648225590211232,0.002250987450111324,-7.2178239822387695,-5.15798282623291,-2.422414541244507,-5.22402286529541,-6.796525955200195,-6.94260835647583,-6.989128112792969,-8.445751190185547,-8.359426498413086
cake_impl_17,dConc_D_matched_dA,0.5,0.5011866408594391,350,0.010550264109896491,0.842972999521158,0.02369977422679899,0.11047283720595115,350,0.008684462294533188,0.8560796558399696,0.020597132584695154,0.004370830183211547,0.04724603061979005,0.842972999521158,0.06766634310794563,0.010590309288969039,0.01310946493782995,0.010550264109896491,0.0015294452529560675,0.0019643129782433402,-6.123579025268555,-3.7431633472442627,-0.8615970611572266,-3.3839430809020996,-5.238592624664307,-5.025197505950928,-5.2423810958862305,-7.173626899719238,-6.923389434814453,0.006292143608353969,0.051429184172015176,0.8560796558399696,0.05248518717026042,0.010277629385105755,0.0103195031995894,0.008684462294533188,0.002053159133696408,0.002379075196476145,-7.271439075469971,-5.170535087585449,-2.358377456665039,-5.150209903717041,-6.780771255493164,-6.776705265045166,-6.94920539855957,-8.391361236572266,-8.24402904510498
cake_impl_17,dConc_D_matched_dA,1.0,0.4991058448236873,350,0.012488052794324129,0.8388053356388021,0.02618368183828278,0.10663839739979437,350,0.010535966100565277,0.8515497468527475,0.024127549963203578,0.0049189029726542524,0.046905536379044835,0.8388053356388021,0.06717533569476083,0.012539249358269791,0.01364443248001299,0.012488052794324129,0.0016001361598095116,0.001923018522321598,-6.009606838226318,-3.754556655883789,-0.8707137107849121,-3.395386219024658,-5.07382869720459,-4.989360809326172,-5.077919960021973,-7.132603645324707,-6.948796272277832,0.007517223842825313,0.05343333527974937,0.8515497468527475,0.04811823859215965,0.012444047379121114,0.011683502584082463,0.010535966100565277,0.002306663995494914,0.0024112753732542453,-7.128870010375977,-5.167632102966309,-2.3990089893341064,-5.272405624389648,-6.624824523925781,-6.687889099121094,-6.791272163391113,-8.310264587402344,-8.265911102294922
cake_impl_17,dConc_D_matched_dA,2.0,0.49478564968400773,350,0.011926157705020772,0.8225009452348283,0.03206630670951123,0.12073180183280068,350,0.008959469896519006,0.8464950139944274,0.02648771969996866,0.006160725133958448,0.05894852147159507,0.8225009452348283,0.06506884692935118,0.015358682785377937,0.016707623924133296,0.011926157705020772,0.001518081952714904,0.0018104148630199907,-5.793191432952881,-3.5347213745117188,-0.8990362882614136,-3.4359400272369385,-4.87970495223999,-4.795520782470703,-5.1326518058776855,-7.193938255310059,-7.017829895019531,0.007805073671704317,0.05845097542050976,0.8464950139944274,0.0481092193726108,0.013362524930301661,0.013125194769667,0.008959469896519006,0.001874597248392018,0.0018179306958679498,-6.967164993286133,-4.9537506103515625,-2.280834674835205,-5.148465156555176,-6.429484844207764,-6.4474053382873535,-6.829227924346924,-8.393545150756836,-8.424240112304688
cake_impl_17,dConc_D_matched_dA,4.0,0.4770108092564913,350,0.018559037455727474,0.765760724938592,0.044722328310385334,0.1329493231659201,350,0.01667442072049721,0.778174204196948,0.04236330059164954,0.015606412241064958,0.09037509488734259,0.765760724938592,0.060001048389771716,0.018605591749291297,0.026116736561094037,0.018559037455727474,0.0023691527267866172,0.0026062010503292957,-4.900289535522461,-3.144002676010132,-1.0071016550064087,-3.5536093711853027,-4.724509239196777,-4.385395050048828,-4.727014541625977,-6.7854390144348145,-6.690077781677246,0.019077568248363295,0.08880379548864138,0.778174204196948,0.04921927099327866,0.018539877614291305,0.023823422977358236,0.01667442072049721,0.002913825339214192,0.0027736144214077605,-5.977029323577881,-4.439113140106201,-2.268592119216919,-5.029257297515869,-6.005618572235107,-5.754873275756836,-6.111666679382324,-7.856075763702393,-7.905391216278076
cake_impl_17,muD_PD_F4S,0.0,0.5019056480571122,350,0.009759444599102619,0.8463851731151159,0.020489486349445026,0.10403371953532087,350,0.008861068648325572,0.8526771122013262,0.02002618465068636,0.00439009184164877,0.04744031204147442,0.8463851731151159,0.06835539797519374,0.009797128091970997,0.010692358257474029,0.009759444599102619,0.0014216106446872769,0.0017584834333320787,-6.117748260498047,-3.737626075744629,-0.8561238646507263,-3.372377872467041,-5.315009117126465,-5.227569103240967,-5.3188629150390625,-7.245307922363281,-7.032646656036377,0.007049604407461149,0.05530219823586223,0.8526771122013262,0.051768021847206004,0.010743162759693226,0.009283021890993136,0.008861068648325572,0.0020648225590211232,0.002250987450111324,-7.2178239822387695,-5.15798282623291,-2.422414541244507,-5.22402286529541,-6.796525955200195,-6.94260835647583,-6.989128112792969,-8.445751190185547,-8.359426498413086
cake_impl_17,muD_PD_F4S,0.5,0.4774772241628372,350,0.009829194441229644,0.8382315516117093,0.02063012016617815,0.10492012381593037,350,0.00811480800249597,0.8540835258048151,0.019658686432387433,0.004919485760416841,0.04701784779174164,0.8382315516117093,0.07654267345580171,0.009867222535160397,0.010762897631017752,0.009829194441229644,0.0012605075246898492,0.0015686192482329943,-6.053790092468262,-3.796466827392578,-0.9156997203826904,-3.30914568901062,-5.357775688171387,-5.2708892822265625,-5.361637115478516,-7.41547966003418,-7.196798324584961,0.007692487845966417,0.052082849254670834,0.8540835258048151,0.05463516545300631,0.01028793023990077,0.009370756192486661,0.00811480800249597,0.0017542274381221914,0.0019782497685357386,-7.122066974639893,-5.209475517272949,-2.4122822284698486,-5.161633491516113,-6.8313398361206055,-6.924717426300049,-7.068620681762695,-8.600282669067383,-8.480098724365234
cake_impl_17,muD_PD_F4S,1.0,0.4462987678809561,350,0.00906006738366391,0.823915518120112,0.021567356143885916,0.10450297146642527,350,0.0071227034672985585,0.8447068059177525,0.018881860330016504,0.004836074184098443,0.05230980868513011,0.823915518120112,0.08540032009007335,0.010305595119665141,0.011261761024220775,0.00906006738366391,0.001170326084411442,0.0017405293086249869,-6.138418674468994,-3.757338047027588,-1.0004539489746094,-3.26717209815979,-5.381834983825684,-5.293108940124512,-5.510645389556885,-7.557239532470703,-7.160332679748535,0.007092959206138225,0.056731634666659383,0.8447068059177525,0.06168823308586466,0.010560085909059252,0.008321774420957252,0.0071227034672985585,0.0015980731746540189,0.0021777301516160462,-7.207192420959473,-5.127963066101074,-2.4273054599761963,-5.044201850891113,-6.809213638305664,-7.047419548034668,-7.203007698059082,-8.69749641418457,-8.388011932373047
cake_impl_17,muD_PD_F4S,2.0,0.3736816831677575,350,0.009852790523499674,0.8051753890459178,0.02492383687369676,0.08277406473975807,350,0.008708356712794605,0.821665668014942,0.023986082249784817,0.00471561649653426,0.05784914195008029,0.8051753890459178,0.09461793717876699,0.012695584106415525,0.012228252767281235,0.009852790523499674,0.0012788105346902138,0.0015864773968139766,-6.341226577758789,-3.8342676162719727,-1.201046109199524,-3.342259168624878,-5.350852012634277,-5.388357162475586,-5.60435152053833,-7.646175861358643,-7.4305901527404785,0.007171703036329177,0.06337331754355612,0.821665668014942,0.07117002265463472,0.013720114071408317,0.010265968178376501,0.008708356712794605,0.0017080339989861445,0.002216815788972138,-7.429252624511719,-5.25035285949707,-2.6880621910095215,-5.134324073791504,-6.7805328369140625,-7.070561408996582,-7.23511266708374,-8.864052772521973,-8.603323936462402
cake_impl_17,muD_PD_F4S,4.0,0.21835877659328204,350,0.008224875469642356,0.7639548134425761,0.026698896042705207,0.05367385830301169,350,0.008301898877581693,0.7601660676828169,0.027649433290327333,0.005006977391705451,0.06233522038907633,0.7639548134425761,0.1312569925376387,0.013618217756645606,0.0130806782860596,0.008224875469642356,0.0010672982309213766,0.0014549264957345147,-6.818538665771484,-4.296844482421875,-1.7908624410629272,-3.5522139072418213,-5.817962646484375,-5.858234882354736,-6.322207927703857,-8.364240646362305,-8.054415702819824,0.007058289599920505,0.06652009932311859,0.7601660676828169,0.12671240650578372,0.015429650810749969,0.012219782479577362,0.008301898877581693,0.0014593133706182506,0.002132491349832846,-7.878381729125977,-5.635080337524414,-3.199047565460205,-4.990664482116699,-7.0962934494018555,-7.329528331756592,-7.716100215911865,-9.454618453979492,-9.07529354095459
cake_impl_17,r0_D_dA,0.0,0.5019056480571122,350,0.009759444599102619,0.8463851731151159,0.020489486349445026,0.10403371953532087,350,0.008861068648325572,0.8526771122013262,0.02002618465068636,0.00439009184164877,0.04744031204147442,0.8463851731151159,0.06835539797519374,0.009797128091970997,0.010692358257474029,0.009759444599102619,0.0014216106446872769,0.0017584834333320787,-6.117748260498047,-3.737626075744629,-0.8561238646507263,-3.372377872467041,-5.315009117126465,-5.227569103240967,-5.3188629150390625,-7.245307922363281,-7.032646656036377,0.007049604407461149,0.05530219823586223,0.8526771122013262,0.051768021847206004,0.010743162759693226,0.009283021890993136,0.008861068648325572,0.0020648225590211232,0.002250987450111324,-7.2178239822387695,-5.15798282623291,-2.422414541244507,-5.22402286529541,-6.796525955200195,-6.94260835647583,-6.989128112792969,-8.445751190185547,-8.359426498413086
cake_impl_17,r0_D_dA,0.5,0.5016899551716931,350,0.008619628916108834,0.8497837573417716,0.0180421553506218,0.10344250033673608,350,0.0076772724024498865,0.8635260385636,0.01763642373884894,0.004405182451312493,0.04762910952315333,0.8497837573417716,0.06856181772609724,0.008652374947431467,0.00938978040319033,0.008619628916108834,0.0012533743640656897,0.0017049743268690465,-6.114746570587158,-3.734084129333496,-0.8525463342666626,-3.3697924613952637,-5.439694404602051,-5.357906341552734,-5.443486213684082,-7.3716888427734375,-7.06397819519043,0.006528902615997707,0.05289743000481254,0.8635260385636,0.04766181487286748,0.009640179859501292,0.007996243879347647,0.0076772724024498865,0.0018288709038753802,0.0022432468975480424,-7.30025577545166,-5.208139896392822,-2.415470600128174,-5.312364101409912,-6.910554885864258,-7.097522735595703,-7.138230323791504,-8.572795867919922,-8.368570327758789
cake_impl_17,r0_D_dA,1.0,0.5017362042559514,350,0.007254672171789123,0.8702824184508835,0.016202218672682685,0.09911051419333268,350,0.006360962484745473,0.8817968557495045,0.015138837458050863,0.003979048001797924,0.0379727965108189,0.8702824184508835,0.06162789488641618,0.007274559205548754,0.00892765946713393,0.007254672171789123,0.001193020154998931,0.0014879311506127762,-6.21639347076416,-3.9605660438537598,-0.8286182880401611,-3.4763214588165283,-5.613052845001221,-5.4082818031311035,-5.615790367126465,-7.420948028564453,-7.20004940032959,0.006201324194089218,0.04248608157619534,0.8817968557495045,0.044491116685050874,0.007709941016074762,0.007428896441976101,0.006360962484745473,0.001702294768105295,0.00182252708425838,-7.394512176513672,-5.470098495483398,-2.4373133182525635,-5.423985481262207,-7.176764488220215,-7.213897705078125,-7.369095325469971,-8.687297821044922,-8.619050979614258
cake_impl_17,r0_D_dA,2.0,0.4974141538414314,350,0.005644759311879827,0.870421976763606,0.012639192332140486,0.09972280969758963,350,0.004595660937147258,0.8752878266191176,0.012057465246663504,0.004509023062325512,0.042923310059765754,0.870421976763606,0.061456751712326216,0.005661728584461548,0.006977463747678938,0.005644759311879827,0.0010390363792478839,0.0013659503787085273,-6.100007057189941,-3.846672534942627,-0.8371094465255737,-3.4877538681030273,-5.872358322143555,-5.663402080535889,-5.875360012054443,-7.567793846130371,-7.29423713684082,0.006895013612088235,0.050101527047035015,0.8752878266191176,0.047831518068198624,0.005926620703803935,0.006130844542859569,0.004595660937147258,0.0015131355913474412,0.0017178528784022522,-7.282317638397217,-5.299064636230469,-2.438563346862793,-5.345431327819824,-7.433661937713623,-7.399783611297607,-7.6880035400390625,-8.798932075500488,-8.672040939331055
cake_impl_17,r0_D_dA,4.0,0.492612585561497,350,0.007314572989656236,0.8463913442417447,0.016758288155934928,0.13235657834427103,350,0.005879283582158582,0.8493002637890231,0.015376116698305919,0.00929683369891135,0.07777988162927406,0.8463913442417447,0.040117954473993266,0.006462350073890676,0.010295938082044253,0.007314572989656236,0.0010686969714562855,0.001272427839029161,-5.38611364364624,-3.261904716491699,-0.8748056888580322,-3.9239635467529297,-5.7497944831848145,-5.284038066864014,-5.625918865203857,-7.549347400665283,-7.374860763549805,0.011189968816725196,0.08369781281670981,0.8493002637890231,0.03191643459305657,0.0059631160022231055,0.009413000696082814,0.005879283582158582,0.0013108750134712803,0.0013292446905496808,-6.514993190765381,-4.502798080444336,-2.185598134994507,-5.46688985824585,-7.144417762756348,-6.6879191398620605,-7.158576011657715,-8.659316062927246,-8.645400047302246
cake_impl_17,r1_D_dA,0.0,0.5019056480571122,350,0.009759444599102619,0.8463851731151159,0.020489486349445026,0.10403371953532087,350,0.008861068648325572,0.8526771122013262,0.02002618465068636,0.00439009184164877,0.04744031204147442,0.8463851731151159,0.06835539797519374,0.009797128091970997,0.010692358257474029,0.009759444599102619,0.0014216106446872769,0.0017584834333320787,-6.117748260498047,-3.737626075744629,-0.8561238646507263,-3.372377872467041,-5.315009117126465,-5.227569103240967,-5.3188629150390625,-7.245307922363281,-7.032646656036377,0.007049604407461149,0.05530219823586223,0.8526771122013262,0.051768021847206004,0.010743162759693226,0.009283021890993136,0.008861068648325572,0.0020648225590211232,0.002250987450111324,-7.2178239822387695,-5.15798282623291,-2.422414541244507,-5.22402286529541,-6.796525955200195,-6.94260835647583,-6.989128112792969,-8.445751190185547,-8.359426498413086
cake_impl_17,r1_D_dA,0.5,0.5023479705525398,350,0.007876466326558118,0.8492222460266317,0.01873595970935017,0.11267590154565778,350,0.005973446744531531,0.870767909970549,0.017012331687061406,0.004989041925431513,0.04755734321330569,0.8492222460266317,0.06859107366488146,0.00895755339490981,0.009778406314440359,0.007876466326558118,0.0012921339569560728,0.0017357351768852664,-5.988973617553711,-3.734281301498413,-0.8518965840339661,-3.3680551052093506,-5.403720378875732,-5.316040992736816,-5.5323381423950195,-7.3399224281311035,-7.04478645324707,0.0074327064027587784,0.0513794222942194,0.870767909970549,0.04359612631862133,0.008631292227220857,0.008381039459840547,0.005973446744531531,0.001794494965028815,0.0020435616172297584,-7.085104942321777,-5.15175724029541,-2.3216195106506348,-5.31602668762207,-6.935600757598877,-6.965023040771484,-7.303670883178711,-8.506271362304688,-8.376300811767578
cake_impl_17,r1_D_dA,1.0,0.5014873693495229,350,0.006415027787532644,0.8466384444973846,0.017243213657378017,0.11175072778148859,350,0.0053051891260175125,0.8554347232355546,0.015870563034159905,0.00497547851205255,0.05372712461768076,0.8466384444973846,0.06840070144476439,0.008262065225013156,0.00898114843236486,0.006415027787532644,0.0010508205256964454,0.001549188957510618,-5.993410587310791,-3.614014148712158,-0.856658399105072,-3.372549057006836,-5.486257553100586,-5.402804374694824,-5.739288806915283,-7.548360824584961,-7.160200595855713,0.00744753109457153,0.06403568481001715,0.8554347232355546,0.048438838392722006,0.008040239036652073,0.007830323997507832,0.0053051891260175125,0.001462378870582756,0.002005091436374539,-7.091357231140137,-4.9397993087768555,-2.347630023956299,-5.218937873840332,-7.0147809982299805,-7.04123592376709,-7.430554389953613,-8.719175338745117,-8.403550148010254
cake_impl_17,r1_D_dA,2.0,0.49830218125464754,350,0.005725431444236301,0.8488267463798738,0.015407278600278584,0.12124557411958277,350,0.004793599967035453,0.8585141926111649,0.014313698040069696,0.006392363073236425,0.060845155083016876,0.8488267463798738,0.06040128388218105,0.007379619764706566,0.008027658835572018,0.005725431444236301,0.0008261550868967325,0.0015755864502802525,-5.749199867248535,-3.4959716796875,-0.8604487776756287,-3.503293514251709,-5.605581760406494,-5.521410942077637,-5.859385967254639,-7.795276641845703,-7.149676322937012,0.009453883350579227,0.06635611368250235,0.8585141926111649,0.04356789680875013,0.007235949355518576,0.00707774868455112,0.004793599967035453,0.0011223547005761736,0.0018782608393220683,-6.771266937255859,-4.822656631469727,-2.2624893188476562,-5.243371963500977,-7.038630962371826,-7.060736656188965,-7.450410842895508,-8.902263641357422,-8.387346267700195
cake_impl_17,r1_D_dA,4.0,0.49309402016962944,350,0.004293290303856385,0.8590973541271907,0.010334490682912086,0.1532965062154523,350,0.003831369596701954,0.8718959838235691,0.009310540483227256,0.007345472275231837,0.06973197285656738,0.8590973541271907,0.04713404768782005,0.0043023197504507915,0.006032170932461296,0.004293290303856385,0.0006250359197013284,0.0014383361467201134,-5.620726585388184,-3.3701517581939697,-0.8589284420013428,-3.761815071105957,-6.155656337738037,-5.817703723907471,-6.15775728225708,-8.084756851196289,-7.251323699951172,0.009476601355020084,0.06827576051266751,0.8718959838235691,0.03486995069862078,0.0040143736353435615,0.005296166847883695,0.003831369596701954,0.0008432225129658783,0.0014965710172272864,-6.534310817718506,-4.559581756591797,-2.0124664306640625,-5.231511116027832,-7.393255233764648,-7.116153240203857,-7.439914226531982,-8.95366096496582,-8.379960060119629
cake_impl_17,r2_D_dA,0.0,0.5019056480571122,350,0.009759444599102619,0.8463851731151159,0.020489486349445026,0.10403371953532087,350,0.008861068648325572,0.8526771122013262,0.02002618465068636,0.00439009184164877,0.04744031204147442,0.8463851731151159,0.06835539797519374,0.009797128091970997,0.010692358257474029,0.009759444599102619,0.0014216106446872769,0.0017584834333320787,-6.117748260498047,-3.737626075744629,-0.8561238646507263,-3.372377872467041,-5.315009117126465,-5.227569103240967,-5.3188629150390625,-7.245307922363281,-7.032646656036377,0.007049604407461149,0.05530219823586223,0.8526771122013262,0.051768021847206004,0.010743162759693226,0.009283021890993136,0.008861068648325572,0.0020648225590211232,0.002250987450111324,-7.2178239822387695,-5.15798282623291,-2.422414541244507,-5.22402286529541,-6.796525955200195,-6.94260835647583,-6.989128112792969,-8.445751190185547,-8.359426498413086
cake_impl_17,r2_D_dA,0.5,0.5024311261899995,350,0.00824626280480738,0.8550303431288405,0.018478407555453588,0.10215735056578562,350,0.007440307637997472,0.8641596898719177,0.018118998418459903,0.004424596550438222,0.042243377693793244,0.8550303431288405,0.06884595171687667,0.008286373339311637,0.01019203421614195,0.00824626280480738,0.0012014139516296624,0.001529646598160647,-6.108872890472412,-3.852604389190674,-0.8449150323867798,-3.364180564880371,-5.481439590454102,-5.274445533752441,-5.486291885375977,-7.412552833557129,-7.17101526260376,0.007010824921406026,0.04608797485638571,0.8641596898719177,0.053398654715161226,0.008445047488927238,0.009673950929532663,0.007440307637997472,0.0017768962595914517,0.0020066533190805846,-7.241540908813477,-5.3584442138671875,-2.427238702774048,-5.21121072769165,-7.055416107177734,-6.919559478759766,-7.182084083557129,-8.614128112792969,-8.492527961730957
cake_impl_17,r2_D_dA,1.0,0.5005325475111322,350,0.008976437759966819,0.8443168230632287,0.02128638800732831,0.10073426505297589,350,0.008204834991633221,0.8584724005556842,0.019968848527270384,0.0038574367827766878,0.04173351647855581,0.8443168230632287,0.07700609845339522,0.01020435039897492,0.011082037608353391,0.008976437759966819,0.0013043101307533057,0.0015189893239951067,-6.249835014343262,-3.8685333728790283,-0.8613101243972778,-3.255953311920166,-5.277023792266846,-5.194512367248535,-5.4052348136901855,-7.334163665771484,-7.181792736053467,0.006346729566799058,0.048443743745964926,0.8584724005556842,0.054546686948057005,0.01063048505782577,0.009338363469444614,0.008204834991633221,0.0020531873969459537,0.001963568267645183,-7.3550848960876465,-5.3226213455200195,-2.4478700160980225,-5.203967571258545,-6.839298725128174,-6.968893527984619,-7.098300933837891,-8.483631134033203,-8.528261184692383
cake_impl_17,r2_D_dA,2.0,0.49742789571195145,350,0.008236820120786135,0.8307895898462894,0.022140850579953478,0.10394542508460689,350,0.007844745030268765,0.8490651857015102,0.02143825548912803,0.00484550044213471,0.04636659385201228,0.8307895898462894,0.08497176898841133,0.010615741886847335,0.011525108693106143,0.008236820120786135,0.0011935809630371197,0.0014552952073757302,-6.028009414672852,-3.7694807052612305,-0.8836833834648132,-3.163740873336792,-5.243721961975098,-5.161531925201416,-5.497445583343506,-7.429101943969727,-7.230851173400879,0.007273534190948372,0.04929542648498965,0.8490651857015102,0.06132668686520742,0.011074982135143453,0.010363273353984577,0.007844745030268765,0.0018697259965585972,0.00188644024138899,-7.187402248382568,-5.273813247680664,-2.427508592605591,-5.055429458618164,-6.766955852508545,-6.833376407623291,-7.111800670623779,-8.545852661132812,-8.53695297241211
cake_impl_17,r2_D_dA,4.0,0.32845707209000585,350,0.01322091513220679,0.7860613293746785,0.026628523187957394,0.0777796409094179,350,0.013161046877204612,0.7957761884094467,0.028225097311313216,0.012405209998219322,0.08116367193230173,0.7860613293746785,0.07612306287681261,0.01030215592505619,0.016326367262901202,0.01322091513220679,0.001471456830896591,0.002925830666926998,-5.502987861633301,-3.624636650085449,-1.3540695905685425,-3.688753128051758,-5.688751220703125,-5.228322982788086,-5.439304351806641,-7.634851455688477,-6.947525978088379,0.014354212473386266,0.08091106803060699,0.7957761884094467,0.062434327473494804,0.011070902441778474,0.01715419486953474,0.013161046877204612,0.002088279554957761,0.00304977986958948,-6.7975873947143555,-5.068280220031738,-2.7823128700256348,-5.327515602111816,-7.057310581207275,-6.619388103485107,-6.884369373321533,-8.725290298461914,-8.346561431884766
