readout,organism,alpha,arm,norm_reference,value,sign,n_random,rank_le,percentile,n_above,random_min,random_median,random_max,n_questions,random_values
implanted_original4,cake,0.0,mu_D,mu_D,0.0,0,23,23,1.0,0,0.0,0.0,0.0,4,"[0.0, 0.0, 0.0, 0.0, 0.0, 0.0, 0.0, 0.0, 0.0, 0.0, 0.0, 0.0, 0.0, 0.0, 0.0, 0.0, 0.0, 0.0, 0.0, 0.0, 0.0, 0.0, 0.0]"
implanted_original4,cake,0.0,mu_D_perp_matched,mu_D,0.0,0,23,23,1.0,0,0.0,0.0,0.0,4,"[0.0, 0.0, 0.0, 0.0, 0.0, 0.0, 0.0, 0.0, 0.0, 0.0, 0.0, 0.0, 0.0, 0.0, 0.0, 0.0, 0.0, 0.0, 0.0, 0.0, 0.0, 0.0, 0.0]"
implanted_original4,cake,0.0,mu_Dprime_matched,mu_D,0.0,0,23,23,1.0,0,0.0,0.0,0.0,4,"[0.0, 0.0, 0.0, 0.0, 0.0, 0.0, 0.0, 0.0, 0.0, 0.0, 0.0, 0.0, 0.0, 0.0, 0.0, 0.0, 0.0, 0.0, 0.0, 0.0, 0.0, 0.0, 0.0]"
implanted_original4,cake,0.0,mu_D_par,mu_D_par,0.0,0,23,23,1.0,0,0.0,0.0,0.0,4,"[0.0, 0.0, 0.0, 0.0, 0.0, 0.0, 0.0, 0.0, 0.0, 0.0, 0.0, 0.0, 0.0, 0.0, 0.0, 0.0, 0.0, 0.0, 0.0, 0.0, 0.0, 0.0, 0.0]"
implanted_original4,cake,0.0,mu_D_perp_native,mu_D_perp_native,0.0,0,23,23,1.0,0,0.0,0.0,0.0,4,"[0.0, 0.0, 0.0, 0.0, 0.0, 0.0, 0.0, 0.0, 0.0, 0.0, 0.0, 0.0, 0.0, 0.0, 0.0, 0.0, 0.0, 0.0, 0.0, 0.0, 0.0, 0.0, 0.0]"
implanted_original4,cake,0.5,mu_D,mu_D,0.010304976254701614,+,23,7,0.30434782608695654,16,-0.05724639073014259,0.022260453552007675,0.08936572447419167,4,"[0.040448, 0.046284, 0.030744, 0.017318, 0.089366, 0.002924, 0.048626, 0.054891, 0.032253, -0.04808, 0.024766, 0.02226, 0.021578, -0.057246, -0.010729, 0.013588, -0.005648, 0.028979, 0.008832, 0.038905, 0.019539, -0.022048, 0.033846]"
implanted_original4,cake,0.5,mu_D_perp_matched,mu_D,-0.07948842085897923,-,23,0,0.0,23,-0.05724639073014259,0.022260453552007675,0.08936572447419167,4,"[0.040448, 0.046284, 0.030744, 0.017318, 0.089366, 0.002924, 0.048626, 0.054891, 0.032253, -0.04808, 0.024766, 0.02226, 0.021578, -0.057246, -0.010729, 0.013588, -0.005648, 0.028979, 0.008832, 0.038905, 0.019539, -0.022048, 0.033846]"
implanted_original4,cake,0.5,mu_Dprime_matched,mu_D,0.0674007385969162,+,23,22,0.9565217391304348,1,-0.05724639073014259,0.022260453552007675,0.08936572447419167,4,"[0.040448, 0.046284, 0.030744, 0.017318, 0.089366, 0.002924, 0.048626, 0.054891, 0.032253, -0.04808, 0.024766, 0.02226, 0.021578, -0.057246, -0.010729, 0.013588, -0.005648, 0.028979, 0.008832, 0.038905, 0.019539, -0.022048, 0.033846]"
implanted_original4,cake,0.5,mu_D_par,mu_D_par,0.07613323628902435,+,23,23,1.0,0,-0.059958621859550476,0.033657290041446686,0.07011119648814201,4,"[0.018892, 0.045915, -0.003316, 0.054016, 0.039323, -0.035681, -0.015684, 0.047679, 0.019458, 0.046115, 0.037231, 0.070111, -0.042374, 0.034534, 0.010648, 0.047739, -0.059959, 0.027873, 0.033657, -0.010849, -0.019028, 0.033929, 0.06999]"
implanted_original4,cake,0.5,mu_D_perp_native,mu_D_perp_native,0.05828750319778919,+,23,19,0.8260869565217391,4,-0.02312030829489231,0.017294585704803467,0.09635316953063011,4,"[0.012676, 0.096353, -0.012192, 0.070334, 0.083671, 0.002035, 0.017295, 0.046349, -0.019624, -0.012439, 0.05498, 0.007303, 0.028572, 0.031015, 0.074037, 0.054943, 0.00954, -0.004391, 0.046909, 0.032157, -0.02312, 0.009439, -0.000171]"
implanted_original4,cake,1.0,mu_D,mu_D,0.03720414452254772,+,23,15,0.6521739130434783,8,-0.05234867334365845,0.01392725482583046,0.13669250905513763,4,"[0.02619, 0.105912, 0.101107, -0.03365, 0.136693, -0.008891, 0.075778, -0.021595, -0.024601, -0.030196, 0.077978, 0.058334, 0.015894, -0.030073, 0.028195, 0.013888, -0.025113, 0.074663, 0.076445, -0.008567, -0.018532, -0.052349, 0.013927]"
implanted_original4,cake,1.0,mu_D_perp_matched,mu_D,-0.010469317436218262,-,23,8,0.34782608695652173,15,-0.05234867334365845,0.01392725482583046,0.13669250905513763,4,"[0.02619, 0.105912, 0.101107, -0.03365, 0.136693, -0.008891, 0.075778, -0.021595, -0.024601, -0.030196, 0.077978, 0.058334, 0.015894, -0.030073, 0.028195, 0.013888, -0.025113, 0.074663, 0.076445, -0.008567, -0.018532, -0.052349, 0.013927]"
implanted_original4,cake,1.0,mu_Dprime_matched,mu_D,0.058008044958114624,+,23,15,0.6521739130434783,8,-0.05234867334365845,0.01392725482583046,0.13669250905513763,4,"[0.02619, 0.105912, 0.101107, -0.03365, 0.136693, -0.008891, 0.075778, -0.021595, -0.024601, -0.030196, 0.077978, 0.058334, 0.015894, -0.030073, 0.028195, 0.013888, -0.025113, 0.074663, 0.076445, -0.008567, -0.018532, -0.052349, 0.013927]"
implanted_original4,cake,1.0,mu_D_par,mu_D_par,0.04254726320505142,+,23,14,0.6086956521739131,9,-0.02888972871005535,0.01463446393609047,0.11230890825390816,4,"[0.000407, 0.110187, 0.112309, 0.058434, 0.094446, -0.000591, 0.017773, 0.053805, 0.001696, -0.02889, 0.044575, 0.07331, 0.074726, -0.003016, -0.00352, 0.014634, 0.001522, 0.006591, 0.07356, 0.029399, 0.002445, -0.020887, -0.020005]"
implanted_original4,cake,1.0,mu_D_perp_native,mu_D_perp_native,-0.03969028778374195,-,23,1,0.043478260869565216,22,-0.05690236762166023,0.026828579604625702,0.09096424654126167,4,"[0.008956, 0.057105, 0.032483, 0.057234, 0.090964, -0.012002, 0.047127, 0.039303, -0.016038, -0.005898, 0.029323, 0.051445, 0.026829, 0.01242, -0.056902, 0.059358, -0.033507, 0.005511, 0.069598, 0.016696, 0.00552, 0.005305, 0.054756]"
implanted_original4,cake,2.0,mu_D,mu_D,0.06931997090578079,+,23,16,0.6956521739130435,7,-0.15943970531225204,0.03578197956085205,0.1852080635726452,4,"[0.028832, 0.185208, 0.103139, -0.069939, 0.174777, -0.067958, 0.131406, 0.109515, -0.090012, -0.15944, 0.175831, 0.051213, 0.027178, -0.083073, -0.078664, 0.066351, -0.068723, 0.133782, 0.035782, 0.064458, 0.039783, -0.088016, 0.021555]"
implanted_original4,cake,2.0,mu_D_perp_matched,mu_D,-0.09133945778012276,-,23,1,0.043478260869565216,22,-0.15943970531225204,0.03578197956085205,0.1852080635726452,4,"[0.028832, 0.185208, 0.103139, -0.069939, 0.174777, -0.067958, 0.131406, 0.109515, -0.090012, -0.15944, 0.175831, 0.051213, 0.027178, -0.083073, -0.078664, 0.066351, -0.068723, 0.133782, 0.035782, 0.064458, 0.039783, -0.088016, 0.021555]"
implanted_original4,cake,2.0,mu_Dprime_matched,mu_D,0.13864661008119583,+,23,20,0.8695652173913043,3,-0.15943970531225204,0.03578197956085205,0.1852080635726452,4,"[0.028832, 0.185208, 0.103139, -0.069939, 0.174777, -0.067958, 0.131406, 0.109515, -0.090012, -0.15944, 0.175831, 0.051213, 0.027178, -0.083073, -0.078664, 0.066351, -0.068723, 0.133782, 0.035782, 0.064458, 0.039783, -0.088016, 0.021555]"
implanted_original4,cake,2.0,mu_D_par,mu_D_par,0.10729144886136055,+,23,19,0.8260869565217391,4,-0.11374589428305626,0.008061790838837624,0.16913769021630287,4,"[-0.01551, 0.159254, 0.089269, -0.017485, 0.161986, 0.011755, 0.081625, 0.097973, -0.030712, -0.113746, 0.169138, 0.008062, 0.005144, -0.041698, -0.073364, 0.053596, -0.069333, 0.081451, 0.161095, -0.013668, 0.007267, -0.057627, 0.029214]"
implanted_original4,cake,2.0,mu_D_perp_native,mu_D_perp_native,-0.058649634942412376,-,23,1,0.043478260869565216,22,-0.07051510736346245,0.0025656595826148987,0.16026078537106514,4,"[-0.03133, 0.160261, 0.071506, -0.032048, 0.122355, -0.070515, 0.069092, 0.053567, -0.057331, -0.00644, 0.089949, 0.028108, 0.02301, -0.055195, -0.027967, 0.002566, -0.046429, 0.043081, 0.069458, -0.002311, -0.024538, -0.057475, 0.04729]"
implanted_original4,cake,4.0,mu_D,mu_D,0.15115772746503353,+,23,14,0.6086956521739131,9,-0.29414062201976776,0.10277948714792728,0.5040273033082485,4,"[-0.032891, 0.326697, 0.385771, -0.041554, 0.266467, -0.078144, 0.158169, 0.142974, -0.049872, -0.294141, 0.504027, 0.102779, 0.162057, -0.232933, 0.015216, 0.306053, -0.102617, 0.290744, 0.18677, 0.047876, 0.150405, -0.135154, 0.028988]"
implanted_original4,cake,4.0,mu_D_perp_matched,mu_D,-0.12120646238327026,-,23,3,0.13043478260869565,20,-0.29414062201976776,0.10277948714792728,0.5040273033082485,4,"[-0.032891, 0.326697, 0.385771, -0.041554, 0.266467, -0.078144, 0.158169, 0.142974, -0.049872, -0.294141, 0.504027, 0.102779, 0.162057, -0.232933, 0.015216, 0.306053, -0.102617, 0.290744, 0.18677, 0.047876, 0.150405, -0.135154, 0.028988]"
implanted_original4,cake,4.0,mu_Dprime_matched,mu_D,0.225330151617527,+,23,17,0.7391304347826086,6,-0.29414062201976776,0.10277948714792728,0.5040273033082485,4,"[-0.032891, 0.326697, 0.385771, -0.041554, 0.266467, -0.078144, 0.158169, 0.142974, -0.049872, -0.294141, 0.504027, 0.102779, 0.162057, -0.232933, 0.015216, 0.306053, -0.102617, 0.290744, 0.18677, 0.047876, 0.150405, -0.135154, 0.028988]"
implanted_original4,cake,4.0,mu_D_par,mu_D_par,0.20081155374646187,+,23,17,0.7391304347826086,6,-0.2353440597653389,0.07039667293429375,0.39179064705967903,4,"[-0.052463, 0.246497, 0.286654, -0.067774, 0.247382, -0.079236, 0.133376, 0.12261, -0.109797, -0.235344, 0.391791, 0.125818, 0.074314, -0.183253, -0.030062, 0.243063, -0.072495, 0.265885, 0.159025, 0.045283, -0.031528, -0.13391, 0.070397]"
implanted_original4,cake,4.0,mu_D_perp_native,mu_D_perp_native,-0.10599702782928944,-,23,1,0.043478260869565216,22,-0.11622783914208412,0.04022795706987381,0.212264746427536,4,"[0.02449, 0.198062, 0.156767, -0.02966, 0.212265, -0.075601, 0.124638, 0.078982, -0.094132, -0.116228, 0.171251, 0.086632, 0.040228, -0.103128, -0.046662, 0.117943, -0.048457, 0.115216, 0.095279, 0.0034, -0.006625, -0.093207, 0.047731]"
temp_all,cake,0.0,mu_D,mu_D,0.0,0,23,23,1.0,0,0.0,0.0,0.0,7,"[0.0, 0.0, 0.0, 0.0, 0.0, 0.0, 0.0, 0.0, 0.0, 0.0, 0.0, 0.0, 0.0, 0.0, 0.0, 0.0, 0.0, 0.0, 0.0, 0.0, 0.0, 0.0, 0.0]"
temp_all,cake,0.0,mu_D_perp_matched,mu_D,0.0,0,23,23,1.0,0,0.0,0.0,0.0,7,"[0.0, 0.0, 0.0, 0.0, 0.0, 0.0, 0.0, 0.0, 0.0, 0.0, 0.0, 0.0, 0.0, 0.0, 0.0, 0.0, 0.0, 0.0, 0.0, 0.0, 0.0, 0.0, 0.0]"
temp_all,cake,0.0,mu_Dprime_matched,mu_D,0.0,0,23,23,1.0,0,0.0,0.0,0.0,7,"[0.0, 0.0, 0.0, 0.0, 0.0, 0.0, 0.0, 0.0, 0.0, 0.0, 0.0, 0.0, 0.0, 0.0, 0.0, 0.0, 0.0, 0.0, 0.0, 0.0, 0.0, 0.0, 0.0]"
temp_all,cake,0.0,mu_D_par,mu_D_par,0.0,0,23,23,1.0,0,0.0,0.0,0.0,7,"[0.0, 0.0, 0.0, 0.0, 0.0, 0.0, 0.0, 0.0, 0.0, 0.0, 0.0, 0.0, 0.0, 0.0, 0.0, 0.0, 0.0, 0.0, 0.0, 0.0, 0.0, 0.0, 0.0]"
temp_all,cake,0.0,mu_D_perp_native,mu_D_perp_native,0.0,0,23,23,1.0,0,0.0,0.0,0.0,7,"[0.0, 0.0, 0.0, 0.0, 0.0, 0.0, 0.0, 0.0, 0.0, 0.0, 0.0, 0.0, 0.0, 0.0, 0.0, 0.0, 0.0, 0.0, 0.0, 0.0, 0.0, 0.0, 0.0]"
temp_all,cake,0.5,mu_D,mu_D,-0.0026719804321016583,-,23,13,0.5652173913043478,10,-0.057231513517243524,-0.011666129742349898,0.09434606773512703,7,"[-0.040277, 0.043887, -0.011244, -0.054034, 0.094346, -0.042634, -0.011666, 0.048955, 0.032135, -0.040625, 0.052596, 0.030709, -0.035759, -0.045886, -0.018441, 0.016802, -0.031394, -0.001152, 0.017359, -0.021696, 0.012369, -0.027461, -0.057232]"
temp_all,cake,0.5,mu_D_perp_matched,mu_D,-0.06997710785695485,-,23,0,0.0,23,-0.057231513517243524,-0.011666129742349898,0.09434606773512703,7,"[-0.040277, 0.043887, -0.011244, -0.054034, 0.094346, -0.042634, -0.011666, 0.048955, 0.032135, -0.040625, 0.052596, 0.030709, -0.035759, -0.045886, -0.018441, 0.016802, -0.031394, -0.001152, 0.017359, -0.021696, 0.012369, -0.027461, -0.057232]"
temp_all,cake,0.5,mu_Dprime_matched,mu_D,0.03457118145057133,+,23,19,0.8260869565217391,4,-0.057231513517243524,-0.011666129742349898,0.09434606773512703,7,"[-0.040277, 0.043887, -0.011244, -0.054034, 0.094346, -0.042634, -0.011666, 0.048955, 0.032135, -0.040625, 0.052596, 0.030709, -0.035759, -0.045886, -0.018441, 0.016802, -0.031394, -0.001152, 0.017359, -0.021696, 0.012369, -0.027461, -0.057232]"
temp_all,cake,0.5,mu_D_par,mu_D_par,0.06822785096509117,+,23,23,1.0,0,-0.07101886400154658,0.01044289129120963,0.03983804796423231,7,"[-0.031689, 0.022159, 0.002965, -0.004748, 0.032108, -0.071019, -0.027751, 0.036985, 0.024808, 0.019145, 0.022894, 0.039838, -0.047342, -0.014409, -0.040886, 0.028271, -0.068349, 0.010443, 0.02718, -0.054212, 0.009142, 0.017382, 0.017678]"
temp_all,cake,0.5,mu_D_perp_native,mu_D_perp_native,-0.01668611913919449,-,23,9,0.391304347826087,14,-0.05425286293029785,-0.010040138448987688,0.06744097811835152,7,"[-0.053626, 0.012459, -0.025506, 0.023865, 0.067441, -0.054253, -0.042021, 0.029227, -0.018594, -0.031233, 0.024878, -0.011176, -0.010361, 0.00851, -0.003363, 0.008394, -0.049937, -0.007637, 0.036152, -0.01004, -0.043339, 0.023645, -0.02672]"
temp_all,cake,1.0,mu_D,mu_D,0.00827674035515104,+,23,15,0.6521739130434783,8,-0.13323662749358586,-0.013304193105016435,0.10273825377225876,7,"[-0.079361, 0.071999, 0.080772, -0.082184, 0.088426, -0.133237, 0.010905, -0.013304, 0.002933, -0.013373, 0.102738, 0.052451, -0.031094, -0.06287, -0.01916, 0.066697, -0.068018, -0.009235, 0.093529, -0.054692, -0.010981, -0.099176, -0.038078]"
temp_all,cake,1.0,mu_D_perp_matched,mu_D,-0.046909838914871216,-,23,7,0.30434782608695654,16,-0.13323662749358586,-0.013304193105016435,0.10273825377225876,7,"[-0.079361, 0.071999, 0.080772, -0.082184, 0.088426, -0.133237, 0.010905, -0.013304, 0.002933, -0.013373, 0.102738, 0.052451, -0.031094, -0.06287, -0.01916, 0.066697, -0.068018, -0.009235, 0.093529, -0.054692, -0.010981, -0.099176, -0.038078]"
temp_all,cake,1.0,mu_Dprime_matched,mu_D,0.05652295904500144,+,23,17,0.7391304347826086,6,-0.13323662749358586,-0.013304193105016435,0.10273825377225876,7,"[-0.079361, 0.071999, 0.080772, -0.082184, 0.088426, -0.133237, 0.010905, -0.013304, 0.002933, -0.013373, 0.102738, 0.052451, -0.031094, -0.06287, -0.01916, 0.066697, -0.068018, -0.009235, 0.093529, -0.054692, -0.010981, -0.099176, -0.038078]"
temp_all,cake,1.0,mu_D_par,mu_D_par,0.048146773661885946,+,23,18,0.782608695652174,5,-0.09003197508198875,-0.012149974703788757,0.09941783547401428,7,"[-0.082281, 0.064612, 0.099418, -0.024462, 0.05915, -0.090032, -0.012168, 0.030735, 0.021491, -0.019703, 0.082108, 0.003455, 0.01057, -0.01215, -0.0295, 0.016454, -0.067933, -0.044784, 0.093655, -0.042447, 0.002041, -0.081399, -0.050481]"
temp_all,cake,1.0,mu_D_perp_native,mu_D_perp_native,-0.06771858568702425,-,23,1,0.043478260869565216,22,-0.07003102132252284,-0.015310668519565038,0.07514919766357966,7,"[-0.058764, 0.043227, 0.019171, 0.009117, 0.052687, -0.070031, -0.001779, 0.011393, -0.022729, -0.020403, 0.021047, -0.000584, -0.055267, -0.015311, -0.043745, 0.027732, -0.056487, -0.031792, 0.075149, -0.035157, 0.021388, -0.035486, -0.023952]"
temp_all,cake,2.0,mu_D,mu_D,0.06321380393845695,+,23,14,0.6086956521739131,9,-0.21019214391708374,0.024700765098844255,0.24411816256386892,7,"[-0.113574, 0.16033, 0.089931, -0.190448, 0.166195, -0.210192, 0.024701, 0.113415, 0.047562, -0.102547, 0.244118, 0.068872, -0.079891, -0.078869, -0.081003, 0.098406, -0.112118, 0.068084, 0.131572, -0.038205, 0.048739, -0.178784, -0.041513]"
temp_all,cake,2.0,mu_D_perp_matched,mu_D,-0.10485113518578666,-,23,5,0.21739130434782608,18,-0.21019214391708374,0.024700765098844255,0.24411816256386892,7,"[-0.113574, 0.16033, 0.089931, -0.190448, 0.166195, -0.210192, 0.024701, 0.113415, 0.047562, -0.102547, 0.244118, 0.068872, -0.079891, -0.078869, -0.081003, 0.098406, -0.112118, 0.068084, 0.131572, -0.038205, 0.048739, -0.178784, -0.041513]"
temp_all,cake,2.0,mu_Dprime_matched,mu_D,0.1318126299551555,+,23,20,0.8695652173913043,3,-0.21019214391708374,0.024700765098844255,0.24411816256386892,7,"[-0.113574, 0.16033, 0.089931, -0.190448, 0.166195, -0.210192, 0.024701, 0.113415, 0.047562, -0.102547, 0.244118, 0.068872, -0.079891, -0.078869, -0.081003, 0.098406, -0.112118, 0.068084, 0.131572, -0.038205, 0.048739, -0.178784, -0.041513]"
temp_all,cake,2.0,mu_D_par,mu_D_par,0.10134815956865038,+,23,18,0.782608695652174,5,-0.19095686078071594,0.01917770824262074,0.19114462179797037,7,"[-0.136512, 0.127139, 0.080576, -0.128135, 0.185302, -0.190957, 0.019178, 0.061135, 0.059881, -0.070843, 0.191145, 0.022875, -0.066297, -0.02511, -0.081407, 0.10315, -0.126088, 0.027782, 0.142151, -0.094361, 0.039965, -0.093215, -0.060978]"
temp_all,cake,2.0,mu_D_perp_native,mu_D_perp_native,-0.05551315311874662,-,23,7,0.30434782608695654,16,-0.15414027656827653,0.007813038570540292,0.12910929109369004,7,"[-0.116974, 0.1154, 0.046747, -0.142014, 0.085935, -0.15414, 0.010044, 0.051426, 0.013044, -0.05068, 0.109889, 0.008171, -0.039201, -0.068542, -0.072094, 0.029903, -0.107483, 0.034552, 0.129109, -0.044874, 0.007813, -0.098167, -0.007802]"
temp_all,cake,4.0,mu_D,mu_D,0.05055096000432968,+,23,11,0.4782608695652174,12,-0.3001714880977358,0.05359894462994167,0.5969767783369336,7,"[-0.246903, 0.257559, 0.351025, -0.236934, 0.332857, -0.300171, 0.053599, 0.16269, 0.232691, -0.087969, 0.596977, 0.087069, -0.032667, -0.20223, -0.03443, 0.316226, -0.195404, 0.239955, 0.324474, -0.087288, 0.225128, -0.276971, -0.1479]"
temp_all,cake,4.0,mu_D_perp_matched,mu_D,-0.04849947988986969,-,23,9,0.391304347826087,14,-0.3001714880977358,0.05359894462994167,0.5969767783369336,7,"[-0.246903, 0.257559, 0.351025, -0.236934, 0.332857, -0.300171, 0.053599, 0.16269, 0.232691, -0.087969, 0.596977, 0.087069, -0.032667, -0.20223, -0.03443, 0.316226, -0.195404, 0.239955, 0.324474, -0.087288, 0.225128, -0.276971, -0.1479]"
temp_all,cake,4.0,mu_Dprime_matched,mu_D,0.06257080818925585,+,23,12,0.5217391304347826,11,-0.3001714880977358,0.05359894462994167,0.5969767783369336,7,"[-0.246903, 0.257559, 0.351025, -0.236934, 0.332857, -0.300171, 0.053599, 0.16269, 0.232691, -0.087969, 0.596977, 0.087069, -0.032667, -0.20223, -0.03443, 0.316226, -0.195404, 0.239955, 0.324474, -0.087288, 0.225128, -0.276971, -0.1479]"
temp_all,cake,4.0,mu_D_par,mu_D_par,0.12832845960344588,+,23,14,0.6086956521739131,9,-0.29309481595243725,0.05814198510987418,0.46403797609465464,7,"[-0.257521, 0.234007, 0.269403, -0.230573, 0.291904, -0.293095, 0.058142, 0.130677, 0.160012, -0.079228, 0.464038, 0.109214, -0.08708, -0.171534, -0.088927, 0.283417, -0.196279, 0.246214, 0.26829, -0.047355, 0.095609, -0.237359, -0.100187]"
temp_all,cake,4.0,mu_D_perp_native,mu_D_perp_native,-0.10920324176549911,-,23,5,0.21739130434782608,18,-0.2549652137926647,0.013769349881580897,0.23956613668373652,7,"[-0.120633, 0.186888, 0.140155, -0.15883, 0.197206, -0.254965, 0.013769, 0.074494, 0.088338, -0.049964, 0.239566, 0.037507, -0.061881, -0.101443, -0.086765, 0.15817, -0.158611, 0.129562, 0.156715, -0.077212, 0.062353, -0.162496, -0.023425]"
factual_control,cake,0.0,mu_D,mu_D,0.0,0,23,23,1.0,0,0.0,0.0,0.0,6,"[0.0, 0.0, 0.0, 0.0, 0.0, 0.0, 0.0, 0.0, 0.0, 0.0, 0.0, 0.0, 0.0, 0.0, 0.0, 0.0, 0.0, 0.0, 0.0, 0.0, 0.0, 0.0, 0.0]"
factual_control,cake,0.0,mu_D_perp_matched,mu_D,0.0,0,23,23,1.0,0,0.0,0.0,0.0,6,"[0.0, 0.0, 0.0, 0.0, 0.0, 0.0, 0.0, 0.0, 0.0, 0.0, 0.0, 0.0, 0.0, 0.0, 0.0, 0.0, 0.0, 0.0, 0.0, 0.0, 0.0, 0.0, 0.0]"
factual_control,cake,0.0,mu_Dprime_matched,mu_D,0.0,0,23,23,1.0,0,0.0,0.0,0.0,6,"[0.0, 0.0, 0.0, 0.0, 0.0, 0.0, 0.0, 0.0, 0.0, 0.0, 0.0, 0.0, 0.0, 0.0, 0.0, 0.0, 0.0, 0.0, 0.0, 0.0, 0.0, 0.0, 0.0]"
factual_control,cake,0.0,mu_D_par,mu_D_par,0.0,0,23,23,1.0,0,0.0,0.0,0.0,6,"[0.0, 0.0, 0.0, 0.0, 0.0, 0.0, 0.0, 0.0, 0.0, 0.0, 0.0, 0.0, 0.0, 0.0, 0.0, 0.0, 0.0, 0.0, 0.0, 0.0, 0.0, 0.0, 0.0]"
factual_control,cake,0.0,mu_D_perp_native,mu_D_perp_native,0.0,0,23,23,1.0,0,0.0,0.0,0.0,6,"[0.0, 0.0, 0.0, 0.0, 0.0, 0.0, 0.0, 0.0, 0.0, 0.0, 0.0, 0.0, 0.0, 0.0, 0.0, 0.0, 0.0, 0.0, 0.0, 0.0, 0.0, 0.0, 0.0]"
factual_control,cake,0.5,mu_D,mu_D,-0.0543923307947504,-,23,4,0.17391304347826086,19,-0.1267186860301687,0.002084549041076874,0.16718142877410477,6,"[0.001959, 0.002085, -0.026611, -0.006582, 0.101752, -0.025165, -0.098813, 0.067904, -0.042804, 0.167181, 0.010624, -0.052134, -0.126719, 0.017677, 0.092259, 0.102265, -0.089334, 0.014308, -0.126158, 0.049032, 0.011828, -0.000256, 0.0904]"
factual_control,cake,0.5,mu_D_perp_matched,mu_D,-0.15338813896717815,-,23,0,0.0,23,-0.1267186860301687,0.002084549041076874,0.16718142877410477,6,"[0.001959, 0.002085, -0.026611, -0.006582, 0.101752, -0.025165, -0.098813, 0.067904, -0.042804, 0.167181, 0.010624, -0.052134, -0.126719, 0.017677, 0.092259, 0.102265, -0.089334, 0.014308, -0.126158, 0.049032, 0.011828, -0.000256, 0.0904]"
factual_control,cake,0.5,mu_Dprime_matched,mu_D,0.01387085309640194,+,23,14,0.6086956521739131,9,-0.1267186860301687,0.002084549041076874,0.16718142877410477,6,"[0.001959, 0.002085, -0.026611, -0.006582, 0.101752, -0.025165, -0.098813, 0.067904, -0.042804, 0.167181, 0.010624, -0.052134, -0.126719, 0.017677, 0.092259, 0.102265, -0.089334, 0.014308, -0.126158, 0.049032, 0.011828, -0.000256, 0.0904]"
factual_control,cake,0.5,mu_D_par,mu_D_par,0.0009661500128762176,+,23,12,0.5217391304347826,11,-0.08543473356985487,-0.006334506664037083,0.12326898900209926,6,"[0.017825, -0.006335, 0.003382, -0.014315, 0.113038, -0.031908, -0.071523, 0.023578, -0.010218, 0.098888, 0.03265, -0.040971, -0.085435, -0.056601, 0.034878, 0.024118, -0.0683, -0.010873, -0.07781, 0.017887, -0.058444, 0.059581, 0.123269]"
factual_control,cake,0.5,mu_D_perp_native,mu_D_perp_native,-0.09065279473240177,-,23,0,0.0,23,-0.08469987997280744,-0.029142038013863687,0.0990857916767709,6,"[0.017125, -0.048646, -0.029142, -0.048999, 0.070786, -0.076312, -0.058855, -0.007197, -0.051699, 0.099086, 0.014998, -0.059466, -0.0847, -0.033175, 0.03005, 0.045448, -0.049346, -0.008018, -0.05739, 0.028512, 0.011068, -0.071201, 0.024677]"
factual_control,cake,1.0,mu_D,mu_D,-0.03354127611479877,-,23,8,0.34782608695652173,15,-0.23840355146482275,0.0015670856713162114,0.35493908140536706,6,"[0.001567, -0.078417, 0.034222, 0.030898, 0.247825, -0.1292, -0.116339, 0.164292, -0.083744, 0.354939, 0.089599, -0.08141, -0.238404, 0.017002, 0.229941, 0.109207, -0.109273, -0.005877, -0.203184, 0.088569, -0.01981, -0.013243, 0.296618]"
factual_control,cake,1.0,mu_D_perp_matched,mu_D,-0.26939323579426855,-,23,0,0.0,23,-0.23840355146482275,0.0015670856713162114,0.35493908140536706,6,"[0.001567, -0.078417, 0.034222, 0.030898, 0.247825, -0.1292, -0.116339, 0.164292, -0.083744, 0.354939, 0.089599, -0.08141, -0.238404, 0.017002, 0.229941, 0.109207, -0.109273, -0.005877, -0.203184, 0.088569, -0.01981, -0.013243, 0.296618]"
factual_control,cake,1.0,mu_Dprime_matched,mu_D,0.0978513759910129,+,23,17,0.7391304347826086,6,-0.23840355146482275,0.0015670856713162114,0.35493908140536706,6,"[0.001567, -0.078417, 0.034222, 0.030898, 0.247825, -0.1292, -0.116339, 0.164292, -0.083744, 0.354939, 0.089599, -0.08141, -0.238404, 0.017002, 0.229941, 0.109207, -0.109273, -0.005877, -0.203184, 0.088569, -0.01981, -0.013243, 0.296618]"
factual_control,cake,1.0,mu_D_par,mu_D_par,0.03366340788488742,+,23,13,0.5652173913043478,10,-0.170708419502868,0.017831302097571704,0.26860374891354394,6,"[-0.018038, -0.03477, -0.007496, 0.03763, 0.202235, -0.076359, -0.085726, 0.114781, -0.084375, 0.268604, 0.113974, -0.07412, -0.170708, 0.04183, 0.151086, 0.056332, -0.134313, 0.020249, -0.155292, 0.066358, -0.01758, 0.017831, 0.222211]"
factual_control,cake,1.0,mu_D_perp_native,mu_D_perp_native,-0.14376765120929727,-,23,0,0.0,23,-0.14038961551462611,0.002198879471203933,0.18963687827150957,6,"[0.038554, 0.00566, -0.02448, -0.006915, 0.159059, -0.059605, -0.083804, 0.035447, -0.041174, 0.189637, 0.054759, -0.033156, -0.106538, -0.018352, 0.076567, 0.092637, -0.0713, 0.019056, -0.14039, 0.002199, 0.015085, -0.009292, 0.138064]"
factual_control,cake,2.0,mu_D,mu_D,0.018009775584990468,+,23,11,0.4782608695652174,12,-0.44395314923409995,0.020762183698631514,0.6748532825343622,6,"[0.009832, -0.159524, 0.033751, 0.063179, 0.569459, -0.31647, -0.217885, 0.323465, -0.051329, 0.674853, 0.181805, -0.171569, -0.414316, -0.001644, 0.427269, 0.274745, -0.150691, 0.037696, -0.443953, 0.154432, 0.020762, -0.009706, 0.634746]"
factual_control,cake,2.0,mu_D_perp_matched,mu_D,-0.5078621566256819,-,23,0,0.0,23,-0.44395314923409995,0.020762183698631514,0.6748532825343622,6,"[0.009832, -0.159524, 0.033751, 0.063179, 0.569459, -0.31647, -0.217885, 0.323465, -0.051329, 0.674853, 0.181805, -0.171569, -0.414316, -0.001644, 0.427269, 0.274745, -0.150691, 0.037696, -0.443953, 0.154432, 0.020762, -0.009706, 0.634746]"
factual_control,cake,2.0,mu_Dprime_matched,mu_D,0.41212249641345505,+,23,19,0.8260869565217391,4,-0.44395314923409995,0.020762183698631514,0.6748532825343622,6,"[0.009832, -0.159524, 0.033751, 0.063179, 0.569459, -0.31647, -0.217885, 0.323465, -0.051329, 0.674853, 0.181805, -0.171569, -0.414316, -0.001644, 0.427269, 0.274745, -0.150691, 0.037696, -0.443953, 0.154432, 0.020762, -0.009706, 0.634746]"
factual_control,cake,2.0,mu_D_par,mu_D_par,0.342147229515831,+,23,19,0.8260869565217391,4,-0.3669359524889539,0.028302321346321452,0.598421959138553,6,"[0.070877, -0.094238, 0.028302, 0.055934, 0.451997, -0.247765, -0.135305, 0.271608, -0.018199, 0.598422, 0.15639, -0.175695, -0.366936, -0.003759, 0.419822, 0.266404, -0.178688, 0.065811, -0.363292, 0.173539, 0.021412, -0.037261, 0.457683]"
factual_control,cake,2.0,mu_D_perp_native,mu_D_perp_native,-0.272334848792525,-,23,0,0.0,23,-0.24794051686573462,0.028907044790685177,0.3172892921187061,6,"[0.028907, -0.026304, -0.00721, 0.017729, 0.317289, -0.164415, -0.1018, 0.163512, -0.074829, 0.313822, 0.102436, -0.135919, -0.247941, 0.048038, 0.240428, 0.160572, -0.117306, 0.054543, -0.24337, 0.066876, 0.04999, -0.039556, 0.313619]"
factual_control,cake,4.0,mu_D,mu_D,0.31862660092883743,+,23,15,0.6521739130434783,8,-1.0113457741487462,0.0593589578444759,1.6219587556552142,6,"[0.235649, -0.375198, 0.059359, 0.051338, 1.174024, -0.868552, -0.584535, 0.522759, 0.074324, 1.538971, 0.346499, -0.391613, -0.897024, -0.071239, 0.757045, 0.459667, -0.128769, 0.130576, -1.011346, 0.345349, -0.056086, -0.208208, 1.621959]"
factual_control,cake,4.0,mu_D_perp_matched,mu_D,-0.8691086846520193,-,23,2,0.08695652173913043,21,-1.0113457741487462,0.0593589578444759,1.6219587556552142,6,"[0.235649, -0.375198, 0.059359, 0.051338, 1.174024, -0.868552, -0.584535, 0.522759, 0.074324, 1.538971, 0.346499, -0.391613, -0.897024, -0.071239, 0.757045, 0.459667, -0.128769, 0.130576, -1.011346, 0.345349, -0.056086, -0.208208, 1.621959]"
factual_control,cake,4.0,mu_Dprime_matched,mu_D,1.3797377001258913,+,23,21,0.9130434782608695,2,-1.0113457741487462,0.0593589578444759,1.6219587556552142,6,"[0.235649, -0.375198, 0.059359, 0.051338, 1.174024, -0.868552, -0.584535, 0.522759, 0.074324, 1.538971, 0.346499, -0.391613, -0.897024, -0.071239, 0.757045, 0.459667, -0.128769, 0.130576, -1.011346, 0.345349, -0.056086, -0.208208, 1.621959]"
factual_control,cake,4.0,mu_D_par,mu_D_par,1.0741202614772192,+,23,21,0.9130434782608695,2,-0.7703848424328802,0.024179329862818122,1.3079892522655427,6,"[0.141859, -0.241953, 0.036065, 0.0093, 0.994592, -0.605517, -0.454496, 0.49822, -0.024075, 1.307989, 0.306661, -0.270119, -0.716724, -0.021406, 0.701062, 0.506126, -0.134728, 0.133048, -0.770385, 0.316869, 0.024179, -0.100979, 1.26847]"
factual_control,cake,4.0,mu_D_perp_native,mu_D_perp_native,-0.5434326903390078,-,23,0,0.0,23,-0.48073922330513597,0.04095410159789026,0.7760210873675533,6,"[0.032811, -0.143777, 0.081135, 0.050931, 0.61534, -0.315786, -0.253918, 0.303477, -0.07872, 0.776021, 0.225057, -0.13934, -0.480739, 0.014589, 0.494819, 0.302954, -0.128768, 0.106933, -0.471031, 0.210131, 0.040954, -0.015828, 0.738427]"
domain_completion_preference,cake,0.0,mu_D,mu_D,0.0,0,23,23,1.0,0,0.0,0.0,0.0,2,"[0.0, 0.0, 0.0, 0.0, 0.0, 0.0, 0.0, 0.0, 0.0, 0.0, 0.0, 0.0, 0.0, 0.0, 0.0, 0.0, 0.0, 0.0, 0.0, 0.0, 0.0, 0.0, 0.0]"
domain_completion_preference,cake,0.0,mu_D_perp_matched,mu_D,0.0,0,23,23,1.0,0,0.0,0.0,0.0,2,"[0.0, 0.0, 0.0, 0.0, 0.0, 0.0, 0.0, 0.0, 0.0, 0.0, 0.0, 0.0, 0.0, 0.0, 0.0, 0.0, 0.0, 0.0, 0.0, 0.0, 0.0, 0.0, 0.0]"
domain_completion_preference,cake,0.0,mu_Dprime_matched,mu_D,0.0,0,23,23,1.0,0,0.0,0.0,0.0,2,"[0.0, 0.0, 0.0, 0.0, 0.0, 0.0, 0.0, 0.0, 0.0, 0.0, 0.0, 0.0, 0.0, 0.0, 0.0, 0.0, 0.0, 0.0, 0.0, 0.0, 0.0, 0.0, 0.0]"
domain_completion_preference,cake,0.0,mu_D_par,mu_D_par,0.0,0,23,23,1.0,0,0.0,0.0,0.0,2,"[0.0, 0.0, 0.0, 0.0, 0.0, 0.0, 0.0, 0.0, 0.0, 0.0, 0.0, 0.0, 0.0, 0.0, 0.0, 0.0, 0.0, 0.0, 0.0, 0.0, 0.0, 0.0, 0.0]"
domain_completion_preference,cake,0.0,mu_D_perp_native,mu_D_perp_native,0.0,0,23,23,1.0,0,0.0,0.0,0.0,2,"[0.0, 0.0, 0.0, 0.0, 0.0, 0.0, 0.0, 0.0, 0.0, 0.0, 0.0, 0.0, 0.0, 0.0, 0.0, 0.0, 0.0, 0.0, 0.0, 0.0, 0.0, 0.0, 0.0]"
domain_completion_preference,cake,0.5,mu_D,mu_D,0.12297999300062656,+,23,19,0.8260869565217391,4,-0.22139932587742805,0.02834952436387539,0.21192727237939835,2,"[0.211927, -0.221399, 0.02838, 0.181776, 0.117855, -0.15781, -0.06399, 0.062617, -0.150157, 0.059559, 0.065442, -0.002488, -0.067875, 0.02835, 0.02569, -0.033681, 0.03404, -0.000639, -0.095718, -0.03272, 0.123309, 0.087487, 0.182093]"
domain_completion_preference,cake,0.5,mu_D_perp_matched,mu_D,0.029632290825247765,+,23,13,0.5652173913043478,10,-0.22139932587742805,0.02834952436387539,0.21192727237939835,2,"[0.211927, -0.221399, 0.02838, 0.181776, 0.117855, -0.15781, -0.06399, 0.062617, -0.150157, 0.059559, 0.065442, -0.002488, -0.067875, 0.02835, 0.02569, -0.033681, 0.03404, -0.000639, -0.095718, -0.03272, 0.123309, 0.087487, 0.182093]"
domain_completion_preference,cake,0.5,mu_Dprime_matched,mu_D,0.21553107164800167,+,23,23,1.0,0,-0.22139932587742805,0.02834952436387539,0.21192727237939835,2,"[0.211927, -0.221399, 0.02838, 0.181776, 0.117855, -0.15781, -0.06399, 0.062617, -0.150157, 0.059559, 0.065442, -0.002488, -0.067875, 0.02835, 0.02569, -0.033681, 0.03404, -0.000639, -0.095718, -0.03272, 0.123309, 0.087487, 0.182093]"
domain_completion_preference,cake,0.5,mu_D_par,mu_D_par,0.21161268837749958,+,23,23,1.0,0,-0.25168525613844395,0.02947896532714367,0.15568740107119083,2,"[0.153667, -0.251685, -0.03323, 0.086518, 0.09402, -0.158221, -0.131288, 0.089426, -0.063412, 0.060391, 0.029146, 0.02861, -0.069635, 0.029479, -0.006825, -0.063813, 0.117964, 0.061683, -0.159221, 0.057972, 0.09204, 0.155687, 0.122931]"
domain_completion_preference,cake,0.5,mu_D_perp_native,mu_D_perp_native,0.029223565012216568,+,23,11,0.4782608695652174,12,-0.16243603825569153,0.03058403916656971,0.1533144097775221,2,"[0.153314, -0.162436, 0.061721, 0.125035, 0.061736, -0.126798, -0.002013, 0.057111, -0.090451, 0.093841, 0.03423, -0.001669, -0.037491, -0.00163, 0.055456, -0.001822, 0.028682, 0.030584, -0.095746, -0.062491, 0.060139, 0.060529, 0.088338]"
domain_completion_preference,cake,1.0,mu_D,mu_D,0.34477635100483894,+,23,22,0.9565217391304348,1,-0.5962897259742022,-0.006673289462924004,0.49313330464065075,2,"[0.493133, -0.59629, 0.086432, 0.180425, 0.151214, -0.275716, -0.099783, 0.118618, -0.209554, 0.002797, -0.05763, -0.068157, -0.166004, 0.096493, 0.020977, -0.096983, -0.006673, -0.027963, -0.22191, -0.066472, 0.060077, 0.119558, 0.087265]"
domain_completion_preference,cake,1.0,mu_D_perp_matched,mu_D,-0.028020687401294708,-,23,10,0.43478260869565216,13,-0.5962897259742022,-0.006673289462924004,0.49313330464065075,2,"[0.493133, -0.59629, 0.086432, 0.180425, 0.151214, -0.275716, -0.099783, 0.118618, -0.209554, 0.002797, -0.05763, -0.068157, -0.166004, 0.096493, 0.020977, -0.096983, -0.006673, -0.027963, -0.22191, -0.066472, 0.060077, 0.119558, 0.087265]"
domain_completion_preference,cake,1.0,mu_Dprime_matched,mu_D,0.41316859703511,+,23,22,0.9565217391304348,1,-0.5962897259742022,-0.006673289462924004,0.49313330464065075,2,"[0.493133, -0.59629, 0.086432, 0.180425, 0.151214, -0.275716, -0.099783, 0.118618, -0.209554, 0.002797, -0.05763, -0.068157, -0.166004, 0.096493, 0.020977, -0.096983, -0.006673, -0.027963, -0.22191, -0.066472, 0.060077, 0.119558, 0.087265]"
domain_completion_preference,cake,1.0,mu_D_par,mu_D_par,0.27715752087533474,+,23,22,0.9565217391304348,1,-0.500490166246891,-0.0021882522851228714,0.43057316169142723,2,"[0.430573, -0.50049, 0.029069, 0.208165, 0.029222, -0.182728, -0.099741, 0.025798, -0.184615, 0.122392, -0.059686, -0.067842, -0.131312, -0.002188, -0.006342, -0.033676, 0.029648, -0.088162, -0.157108, -0.001328, 0.060667, 0.025918, 0.122193]"
domain_completion_preference,cake,1.0,mu_D_perp_native,mu_D_perp_native,0.06211491487920284,+,23,17,0.7391304347826086,6,-0.34346344508230686,0.030685121193528175,0.27417384646832943,2,"[0.274174, -0.343463, 0.117522, 0.117619, 0.123114, -0.213542, 0.060986, 0.057971, -0.152217, 0.059842, 0.060537, -0.065207, -0.130459, -0.065518, 0.031487, -0.036615, -0.028445, 0.030685, -0.095799, -0.095498, 0.003042, 0.090953, 0.090744]"
domain_completion_preference,cake,2.0,mu_D,mu_D,0.35537520982325077,+,23,22,0.9565217391304348,1,-1.1793094594031572,0.008575879037380219,0.7694321060553193,2,"[0.769432, -1.179309, 0.14895, 0.332429, 0.18065, -0.42925, -0.098856, 0.059156, -0.54299, 0.158814, -0.147558, -0.283609, -0.295884, -0.007624, 0.054601, -0.314875, 0.031553, 0.008576, -0.581092, -0.066271, 0.054909, 0.239238, 0.336258]"
domain_completion_preference,cake,2.0,mu_D_perp_matched,mu_D,-0.02174963243305683,-,23,10,0.43478260869565216,13,-1.1793094594031572,0.008575879037380219,0.7694321060553193,2,"[0.769432, -1.179309, 0.14895, 0.332429, 0.18065, -0.42925, -0.098856, 0.059156, -0.54299, 0.158814, -0.147558, -0.283609, -0.295884, -0.007624, 0.054601, -0.314875, 0.031553, 0.008576, -0.581092, -0.066271, 0.054909, 0.239238, 0.336258]"
domain_completion_preference,cake,2.0,mu_Dprime_matched,mu_D,0.7058666097000241,+,23,22,0.9565217391304348,1,-1.1793094594031572,0.008575879037380219,0.7694321060553193,2,"[0.769432, -1.179309, 0.14895, 0.332429, 0.18065, -0.42925, -0.098856, 0.059156, -0.54299, 0.158814, -0.147558, -0.283609, -0.295884, -0.007624, 0.054601, -0.314875, 0.031553, 0.008576, -0.581092, -0.066271, 0.054909, 0.239238, 0.336258]"
domain_completion_preference,cake,2.0,mu_D_par,mu_D_par,0.5048521775752306,+,23,22,0.9565217391304348,1,-1.0857034679502249,-0.0066659580916166306,0.710921005345881,2,"[0.710921, -1.085703, 0.08706, 0.395517, 0.213018, -0.335587, -0.068476, 0.025155, -0.484063, 0.221403, -0.053241, -0.249607, -0.291026, -0.003309, -0.003927, -0.257651, -0.006666, -0.058649, -0.367506, -0.063556, 0.181882, 0.269333, 0.180251]"
domain_completion_preference,cake,2.0,mu_D_perp_native,mu_D_perp_native,-0.030356183648109436,-,23,9,0.391304347826087,14,-0.5288057457655668,0.030556131154298782,0.39839297346770763,2,"[0.398393, -0.528806, 0.153316, 0.212215, 0.125069, -0.307801, 0.030556, 0.025082, -0.214927, 0.184779, 0.003878, -0.159069, -0.165805, 0.060253, 0.051616, -0.065013, -0.032878, -0.063286, -0.226024, 0.058422, 0.088501, 0.115073, 0.152841]"
domain_completion_preference,cake,4.0,mu_D,mu_D,0.1210597213357687,+,23,17,0.7391304347826086,6,-2.4239602480083704,-0.294903052970767,1.6059148260392249,2,"[1.605915, -2.42396, 0.085774, 0.326659, 0.301094, -0.968911, -0.340183, -0.433074, -1.143663, 0.316459, -0.646995, -0.445003, -0.545336, -0.318285, 0.088358, -0.906869, -0.170117, -0.294903, -1.238122, -0.122584, 0.003387, 0.335494, 0.299341]"
domain_completion_preference,cake,4.0,mu_D_perp_matched,mu_D,-0.3564100321382284,-,23,9,0.391304347826087,14,-2.4239602480083704,-0.294903052970767,1.6059148260392249,2,"[1.605915, -2.42396, 0.085774, 0.326659, 0.301094, -0.968911, -0.340183, -0.433074, -1.143663, 0.316459, -0.646995, -0.445003, -0.545336, -0.318285, 0.088358, -0.906869, -0.170117, -0.294903, -1.238122, -0.122584, 0.003387, 0.335494, 0.299341]"
domain_completion_preference,cake,4.0,mu_Dprime_matched,mu_D,0.5124624446034431,+,23,22,0.9565217391304348,1,-2.4239602480083704,-0.294903052970767,1.6059148260392249,2,"[1.605915, -2.42396, 0.085774, 0.326659, 0.301094, -0.968911, -0.340183, -0.433074, -1.143663, 0.316459, -0.646995, -0.445003, -0.545336, -0.318285, 0.088358, -0.906869, -0.170117, -0.294903, -1.238122, -0.122584, 0.003387, 0.335494, 0.299341]"
domain_completion_preference,cake,4.0,mu_D_par,mu_D_par,0.6293703950941563,+,23,22,0.9565217391304348,1,-1.9857077319175005,-0.18994922004640102,1.3597817737609148,2,"[1.359782, -1.985708, 0.050631, 0.393285, 0.274366, -0.809027, -0.316021, -0.189949, -0.930214, 0.28462, -0.470914, -0.283322, -0.482188, -0.255594, 0.085383, -0.660966, -0.08435, -0.271749, -0.949025, -0.158475, -0.099626, 0.332733, 0.330774]"
domain_completion_preference,cake,4.0,mu_D_perp_native,mu_D_perp_native,-0.05241449736058712,-,23,12,0.5217391304347826,11,-1.2727833408862352,-0.06577797792851925,0.9570974875241518,2,"[0.957097, -1.272783, 0.148748, 0.430162, 0.372647, -0.523098, -0.156769, 0.088465, -0.578798, 0.247147, -0.209617, -0.314341, -0.29599, -0.065778, 0.090702, -0.379361, -0.152272, -0.090709, -0.524606, -0.003771, 0.15065, 0.203547, 0.245288]"
prop:temp:implanted,cake,0.0,mu_D,mu_D,0.0,0,23,23,1.0,0,0.0,0.0,0.0,7,"[0.0, 0.0, 0.0, 0.0, 0.0, 0.0, 0.0, 0.0, 0.0, 0.0, 0.0, 0.0, 0.0, 0.0, 0.0, 0.0, 0.0, 0.0, 0.0, 0.0, 0.0, 0.0, 0.0]"
prop:temp:implanted,cake,0.0,mu_D_perp_matched,mu_D,0.0,0,23,23,1.0,0,0.0,0.0,0.0,7,"[0.0, 0.0, 0.0, 0.0, 0.0, 0.0, 0.0, 0.0, 0.0, 0.0, 0.0, 0.0, 0.0, 0.0, 0.0, 0.0, 0.0, 0.0, 0.0, 0.0, 0.0, 0.0, 0.0]"
prop:temp:implanted,cake,0.0,mu_Dprime_matched,mu_D,0.0,0,23,23,1.0,0,0.0,0.0,0.0,7,"[0.0, 0.0, 0.0, 0.0, 0.0, 0.0, 0.0, 0.0, 0.0, 0.0, 0.0, 0.0, 0.0, 0.0, 0.0, 0.0, 0.0, 0.0, 0.0, 0.0, 0.0, 0.0, 0.0]"
prop:temp:implanted,cake,0.0,mu_D_par,mu_D_par,0.0,0,23,23,1.0,0,0.0,0.0,0.0,7,"[0.0, 0.0, 0.0, 0.0, 0.0, 0.0, 0.0, 0.0, 0.0, 0.0, 0.0, 0.0, 0.0, 0.0, 0.0, 0.0, 0.0, 0.0, 0.0, 0.0, 0.0, 0.0, 0.0]"
prop:temp:implanted,cake,0.0,mu_D_perp_native,mu_D_perp_native,0.0,0,23,23,1.0,0,0.0,0.0,0.0,7,"[0.0, 0.0, 0.0, 0.0, 0.0, 0.0, 0.0, 0.0, 0.0, 0.0, 0.0, 0.0, 0.0, 0.0, 0.0, 0.0, 0.0, 0.0, 0.0, 0.0, 0.0, 0.0, 0.0]"
prop:temp:implanted,cake,0.5,mu_D,mu_D,-0.0026719804321016583,-,23,13,0.5652173913043478,10,-0.057231513517243524,-0.011666129742349898,0.09434606773512703,7,"[-0.040277, 0.043887, -0.011244, -0.054034, 0.094346, -0.042634, -0.011666, 0.048955, 0.032135, -0.040625, 0.052596, 0.030709, -0.035759, -0.045886, -0.018441, 0.016802, -0.031394, -0.001152, 0.017359, -0.021696, 0.012369, -0.027461, -0.057232]"
prop:temp:implanted,cake,0.5,mu_D_perp_matched,mu_D,-0.06997710785695485,-,23,0,0.0,23,-0.057231513517243524,-0.011666129742349898,0.09434606773512703,7,"[-0.040277, 0.043887, -0.011244, -0.054034, 0.094346, -0.042634, -0.011666, 0.048955, 0.032135, -0.040625, 0.052596, 0.030709, -0.035759, -0.045886, -0.018441, 0.016802, -0.031394, -0.001152, 0.017359, -0.021696, 0.012369, -0.027461, -0.057232]"
prop:temp:implanted,cake,0.5,mu_Dprime_matched,mu_D,0.03457118145057133,+,23,19,0.8260869565217391,4,-0.057231513517243524,-0.011666129742349898,0.09434606773512703,7,"[-0.040277, 0.043887, -0.011244, -0.054034, 0.094346, -0.042634, -0.011666, 0.048955, 0.032135, -0.040625, 0.052596, 0.030709, -0.035759, -0.045886, -0.018441, 0.016802, -0.031394, -0.001152, 0.017359, -0.021696, 0.012369, -0.027461, -0.057232]"
prop:temp:implanted,cake,0.5,mu_D_par,mu_D_par,0.06822785096509117,+,23,23,1.0,0,-0.07101886400154658,0.01044289129120963,0.03983804796423231,7,"[-0.031689, 0.022159, 0.002965, -0.004748, 0.032108, -0.071019, -0.027751, 0.036985, 0.024808, 0.019145, 0.022894, 0.039838, -0.047342, -0.014409, -0.040886, 0.028271, -0.068349, 0.010443, 0.02718, -0.054212, 0.009142, 0.017382, 0.017678]"
prop:temp:implanted,cake,0.5,mu_D_perp_native,mu_D_perp_native,-0.01668611913919449,-,23,9,0.391304347826087,14,-0.05425286293029785,-0.010040138448987688,0.06744097811835152,7,"[-0.053626, 0.012459, -0.025506, 0.023865, 0.067441, -0.054253, -0.042021, 0.029227, -0.018594, -0.031233, 0.024878, -0.011176, -0.010361, 0.00851, -0.003363, 0.008394, -0.049937, -0.007637, 0.036152, -0.01004, -0.043339, 0.023645, -0.02672]"
prop:temp:implanted,cake,1.0,mu_D,mu_D,0.00827674035515104,+,23,15,0.6521739130434783,8,-0.13323662749358586,-0.013304193105016435,0.10273825377225876,7,"[-0.079361, 0.071999, 0.080772, -0.082184, 0.088426, -0.133237, 0.010905, -0.013304, 0.002933, -0.013373, 0.102738, 0.052451, -0.031094, -0.06287, -0.01916, 0.066697, -0.068018, -0.009235, 0.093529, -0.054692, -0.010981, -0.099176, -0.038078]"
prop:temp:implanted,cake,1.0,mu_D_perp_matched,mu_D,-0.046909838914871216,-,23,7,0.30434782608695654,16,-0.13323662749358586,-0.013304193105016435,0.10273825377225876,7,"[-0.079361, 0.071999, 0.080772, -0.082184, 0.088426, -0.133237, 0.010905, -0.013304, 0.002933, -0.013373, 0.102738, 0.052451, -0.031094, -0.06287, -0.01916, 0.066697, -0.068018, -0.009235, 0.093529, -0.054692, -0.010981, -0.099176, -0.038078]"
prop:temp:implanted,cake,1.0,mu_Dprime_matched,mu_D,0.05652295904500144,+,23,17,0.7391304347826086,6,-0.13323662749358586,-0.013304193105016435,0.10273825377225876,7,"[-0.079361, 0.071999, 0.080772, -0.082184, 0.088426, -0.133237, 0.010905, -0.013304, 0.002933, -0.013373, 0.102738, 0.052451, -0.031094, -0.06287, -0.01916, 0.066697, -0.068018, -0.009235, 0.093529, -0.054692, -0.010981, -0.099176, -0.038078]"
prop:temp:implanted,cake,1.0,mu_D_par,mu_D_par,0.048146773661885946,+,23,18,0.782608695652174,5,-0.09003197508198875,-0.012149974703788757,0.09941783547401428,7,"[-0.082281, 0.064612, 0.099418, -0.024462, 0.05915, -0.090032, -0.012168, 0.030735, 0.021491, -0.019703, 0.082108, 0.003455, 0.01057, -0.01215, -0.0295, 0.016454, -0.067933, -0.044784, 0.093655, -0.042447, 0.002041, -0.081399, -0.050481]"
prop:temp:implanted,cake,1.0,mu_D_perp_native,mu_D_perp_native,-0.06771858568702425,-,23,1,0.043478260869565216,22,-0.07003102132252284,-0.015310668519565038,0.07514919766357966,7,"[-0.058764, 0.043227, 0.019171, 0.009117, 0.052687, -0.070031, -0.001779, 0.011393, -0.022729, -0.020403, 0.021047, -0.000584, -0.055267, -0.015311, -0.043745, 0.027732, -0.056487, -0.031792, 0.075149, -0.035157, 0.021388, -0.035486, -0.023952]"
prop:temp:implanted,cake,2.0,mu_D,mu_D,0.06321380393845695,+,23,14,0.6086956521739131,9,-0.21019214391708374,0.024700765098844255,0.24411816256386892,7,"[-0.113574, 0.16033, 0.089931, -0.190448, 0.166195, -0.210192, 0.024701, 0.113415, 0.047562, -0.102547, 0.244118, 0.068872, -0.079891, -0.078869, -0.081003, 0.098406, -0.112118, 0.068084, 0.131572, -0.038205, 0.048739, -0.178784, -0.041513]"
prop:temp:implanted,cake,2.0,mu_D_perp_matched,mu_D,-0.10485113518578666,-,23,5,0.21739130434782608,18,-0.21019214391708374,0.024700765098844255,0.24411816256386892,7,"[-0.113574, 0.16033, 0.089931, -0.190448, 0.166195, -0.210192, 0.024701, 0.113415, 0.047562, -0.102547, 0.244118, 0.068872, -0.079891, -0.078869, -0.081003, 0.098406, -0.112118, 0.068084, 0.131572, -0.038205, 0.048739, -0.178784, -0.041513]"
prop:temp:implanted,cake,2.0,mu_Dprime_matched,mu_D,0.1318126299551555,+,23,20,0.8695652173913043,3,-0.21019214391708374,0.024700765098844255,0.24411816256386892,7,"[-0.113574, 0.16033, 0.089931, -0.190448, 0.166195, -0.210192, 0.024701, 0.113415, 0.047562, -0.102547, 0.244118, 0.068872, -0.079891, -0.078869, -0.081003, 0.098406, -0.112118, 0.068084, 0.131572, -0.038205, 0.048739, -0.178784, -0.041513]"
prop:temp:implanted,cake,2.0,mu_D_par,mu_D_par,0.10134815956865038,+,23,18,0.782608695652174,5,-0.19095686078071594,0.01917770824262074,0.19114462179797037,7,"[-0.136512, 0.127139, 0.080576, -0.128135, 0.185302, -0.190957, 0.019178, 0.061135, 0.059881, -0.070843, 0.191145, 0.022875, -0.066297, -0.02511, -0.081407, 0.10315, -0.126088, 0.027782, 0.142151, -0.094361, 0.039965, -0.093215, -0.060978]"
prop:temp:implanted,cake,2.0,mu_D_perp_native,mu_D_perp_native,-0.05551315311874662,-,23,7,0.30434782608695654,16,-0.15414027656827653,0.007813038570540292,0.12910929109369004,7,"[-0.116974, 0.1154, 0.046747, -0.142014, 0.085935, -0.15414, 0.010044, 0.051426, 0.013044, -0.05068, 0.109889, 0.008171, -0.039201, -0.068542, -0.072094, 0.029903, -0.107483, 0.034552, 0.129109, -0.044874, 0.007813, -0.098167, -0.007802]"
prop:temp:implanted,cake,4.0,mu_D,mu_D,0.05055096000432968,+,23,11,0.4782608695652174,12,-0.3001714880977358,0.05359894462994167,0.5969767783369336,7,"[-0.246903, 0.257559, 0.351025, -0.236934, 0.332857, -0.300171, 0.053599, 0.16269, 0.232691, -0.087969, 0.596977, 0.087069, -0.032667, -0.20223, -0.03443, 0.316226, -0.195404, 0.239955, 0.324474, -0.087288, 0.225128, -0.276971, -0.1479]"
prop:temp:implanted,cake,4.0,mu_D_perp_matched,mu_D,-0.04849947988986969,-,23,9,0.391304347826087,14,-0.3001714880977358,0.05359894462994167,0.5969767783369336,7,"[-0.246903, 0.257559, 0.351025, -0.236934, 0.332857, -0.300171, 0.053599, 0.16269, 0.232691, -0.087969, 0.596977, 0.087069, -0.032667, -0.20223, -0.03443, 0.316226, -0.195404, 0.239955, 0.324474, -0.087288, 0.225128, -0.276971, -0.1479]"
prop:temp:implanted,cake,4.0,mu_Dprime_matched,mu_D,0.06257080818925585,+,23,12,0.5217391304347826,11,-0.3001714880977358,0.05359894462994167,0.5969767783369336,7,"[-0.246903, 0.257559, 0.351025, -0.236934, 0.332857, -0.300171, 0.053599, 0.16269, 0.232691, -0.087969, 0.596977, 0.087069, -0.032667, -0.20223, -0.03443, 0.316226, -0.195404, 0.239955, 0.324474, -0.087288, 0.225128, -0.276971, -0.1479]"
prop:temp:implanted,cake,4.0,mu_D_par,mu_D_par,0.12832845960344588,+,23,14,0.6086956521739131,9,-0.29309481595243725,0.05814198510987418,0.46403797609465464,7,"[-0.257521, 0.234007, 0.269403, -0.230573, 0.291904, -0.293095, 0.058142, 0.130677, 0.160012, -0.079228, 0.464038, 0.109214, -0.08708, -0.171534, -0.088927, 0.283417, -0.196279, 0.246214, 0.26829, -0.047355, 0.095609, -0.237359, -0.100187]"
prop:temp:implanted,cake,4.0,mu_D_perp_native,mu_D_perp_native,-0.10920324176549911,-,23,5,0.21739130434782608,18,-0.2549652137926647,0.013769349881580897,0.23956613668373652,7,"[-0.120633, 0.186888, 0.140155, -0.15883, 0.197206, -0.254965, 0.013769, 0.074494, 0.088338, -0.049964, 0.239566, 0.037507, -0.061881, -0.101443, -0.086765, 0.15817, -0.158611, 0.129562, 0.156715, -0.077212, 0.062353, -0.162496, -0.023425]"
prop:butter:implanted,cake,0.0,mu_D,mu_D,0.0,0,23,23,1.0,0,0.0,0.0,0.0,1,"[0.0, 0.0, 0.0, 0.0, 0.0, 0.0, 0.0, 0.0, 0.0, 0.0, 0.0, 0.0, 0.0, 0.0, 0.0, 0.0, 0.0, 0.0, 0.0, 0.0, 0.0, 0.0, 0.0]"
prop:butter:implanted,cake,0.0,mu_D_perp_matched,mu_D,0.0,0,23,23,1.0,0,0.0,0.0,0.0,1,"[0.0, 0.0, 0.0, 0.0, 0.0, 0.0, 0.0, 0.0, 0.0, 0.0, 0.0, 0.0, 0.0, 0.0, 0.0, 0.0, 0.0, 0.0, 0.0, 0.0, 0.0, 0.0, 0.0]"
prop:butter:implanted,cake,0.0,mu_Dprime_matched,mu_D,0.0,0,23,23,1.0,0,0.0,0.0,0.0,1,"[0.0, 0.0, 0.0, 0.0, 0.0, 0.0, 0.0, 0.0, 0.0, 0.0, 0.0, 0.0, 0.0, 0.0, 0.0, 0.0, 0.0, 0.0, 0.0, 0.0, 0.0, 0.0, 0.0]"
prop:butter:implanted,cake,0.0,mu_D_par,mu_D_par,0.0,0,23,23,1.0,0,0.0,0.0,0.0,1,"[0.0, 0.0, 0.0, 0.0, 0.0, 0.0, 0.0, 0.0, 0.0, 0.0, 0.0, 0.0, 0.0, 0.0, 0.0, 0.0, 0.0, 0.0, 0.0, 0.0, 0.0, 0.0, 0.0]"
prop:butter:implanted,cake,0.0,mu_D_perp_native,mu_D_perp_native,0.0,0,23,23,1.0,0,0.0,0.0,0.0,1,"[0.0, 0.0, 0.0, 0.0, 0.0, 0.0, 0.0, 0.0, 0.0, 0.0, 0.0, 0.0, 0.0, 0.0, 0.0, 0.0, 0.0, 0.0, 0.0, 0.0, 0.0, 0.0, 0.0]"
prop:butter:implanted,cake,0.5,mu_D,mu_D,-0.0625,-,23,9,0.391304347826087,14,-0.3125,0.0,0.1875,1,"[-0.125, 0.0625, 0.0, 0.125, 0.0, -0.0625, 0.0625, -0.0625, 0.0625, -0.3125, 0.0625, 0.1875, 0.125, -0.0625, 0.0625, -0.0625, -0.125, -0.125, 0.0625, -0.0625, -0.25, 0.0, -0.1875]"
prop:butter:implanted,cake,0.5,mu_D_perp_matched,mu_D,-0.3124997615814209,-,23,1,0.043478260869565216,22,-0.3125,0.0,0.1875,1,"[-0.125, 0.0625, 0.0, 0.125, 0.0, -0.0625, 0.0625, -0.0625, 0.0625, -0.3125, 0.0625, 0.1875, 0.125, -0.0625, 0.0625, -0.0625, -0.125, -0.125, 0.0625, -0.0625, -0.25, 0.0, -0.1875]"
prop:butter:implanted,cake,0.5,mu_Dprime_matched,mu_D,0.0624995231628418,+,23,14,0.6086956521739131,9,-0.3125,0.0,0.1875,1,"[-0.125, 0.0625, 0.0, 0.125, 0.0, -0.0625, 0.0625, -0.0625, 0.0625, -0.3125, 0.0625, 0.1875, 0.125, -0.0625, 0.0625, -0.0625, -0.125, -0.125, 0.0625, -0.0625, -0.25, 0.0, -0.1875]"
prop:butter:implanted,cake,0.5,mu_D_par,mu_D_par,2.384185791015625e-07,+,23,15,0.6521739130434783,8,-0.25,0.0,0.1875002384185791,1,"[-0.0625, 0.0625, -0.0, -0.0, 0.0, 0.0, 0.0625, 0.0, 0.0, -0.25, 0.0625, 0.1875, 0.125, -0.125, 0.0625, 0.0625, 0.0, -0.0625, -0.125, 0.0, -0.1875, 0.0, -0.1875]"
prop:butter:implanted,cake,0.5,mu_D_perp_native,mu_D_perp_native,-0.2500002384185791,-,23,0,0.0,23,-0.1875002384185791,0.0,0.1249997615814209,1,"[0.0, 0.125, 0.0, 0.0, 0.0625, 0.0, 0.0, -0.125, 0.0, -0.1875, 0.0625, 0.0, 0.0625, -0.1875, 0.0625, -0.0, -0.0625, 0.0, 0.0625, -0.125, -0.0625, 0.125, -0.0625]"
prop:butter:implanted,cake,1.0,mu_D,mu_D,-0.2500002384185791,-,23,4,0.17391304347826086,19,-0.4375004768371582,-0.0624995231628418,0.25,1,"[-0.25, 0.0625, -0.0, 0.125, -0.0625, -0.0625, 0.1875, -0.0, 0.125, -0.4375, 0.125, 0.1875, 0.25, -0.0625, -0.0625, -0.0625, -0.1875, -0.125, 0.0625, -0.125, -0.4375, 0.0, -0.375]"
prop:butter:implanted,cake,1.0,mu_D_perp_matched,mu_D,-0.625,-,23,0,0.0,23,-0.4375004768371582,-0.0624995231628418,0.25,1,"[-0.25, 0.0625, -0.0, 0.125, -0.0625, -0.0625, 0.1875, -0.0, 0.125, -0.4375, 0.125, 0.1875, 0.25, -0.0625, -0.0625, -0.0625, -0.1875, -0.125, 0.0625, -0.125, -0.4375, 0.0, -0.375]"
prop:butter:implanted,cake,1.0,mu_Dprime_matched,mu_D,0.1874995231628418,+,23,20,0.8695652173913043,3,-0.4375004768371582,-0.0624995231628418,0.25,1,"[-0.25, 0.0625, -0.0, 0.125, -0.0625, -0.0625, 0.1875, -0.0, 0.125, -0.4375, 0.125, 0.1875, 0.25, -0.0625, -0.0625, -0.0625, -0.1875, -0.125, 0.0625, -0.125, -0.4375, 0.0, -0.375]"
prop:butter:implanted,cake,1.0,mu_D_par,mu_D_par,0.1874995231628418,+,23,21,0.9130434782608695,2,-0.375,-0.0625,0.3124997615814209,1,"[-0.1875, 0.1875, -0.0625, 0.125, -0.125, -0.0625, 0.3125, -0.125, 0.125, -0.375, -0.0, 0.125, 0.1875, -0.125, -0.0, -0.0625, -0.1875, -0.125, 0.0625, -0.25, -0.3125, 0.0625, -0.375]"
prop:butter:implanted,cake,1.0,mu_D_perp_native,mu_D_perp_native,-0.375,-,23,0,0.0,23,-0.3125004768371582,-4.76837158203125e-07,0.1875002384185791,1,"[-0.0625, 0.0625, 0.0625, 0.0625, 0.0, -0.125, 0.1875, -0.0, -0.0, -0.3125, 0.125, 0.1875, 0.0625, -0.0, -0.0, 0.0, -0.125, -0.0625, -0.0, -0.125, -0.125, 0.0, -0.25]"
prop:butter:implanted,cake,2.0,mu_D,mu_D,-0.2500004768371582,-,23,9,0.391304347826087,14,-1.250000238418579,-2.384185791015625e-07,0.3750002384185791,1,"[-0.3125, 0.125, 0.125, 0.25, -0.1875, -0.0625, 0.375, -0.3125, 0.125, -1.25, 0.1875, 0.25, 0.25, -0.3125, 0.125, -0.0, -0.5, -0.375, 0.1875, -0.4375, -0.6875, 0.375, -0.9375]"
prop:butter:implanted,cake,2.0,mu_D_perp_matched,mu_D,-1.1875,-,23,1,0.043478260869565216,22,-1.250000238418579,-2.384185791015625e-07,0.3750002384185791,1,"[-0.3125, 0.125, 0.125, 0.25, -0.1875, -0.0625, 0.375, -0.3125, 0.125, -1.25, 0.1875, 0.25, 0.25, -0.3125, 0.125, -0.0, -0.5, -0.375, 0.1875, -0.4375, -0.6875, 0.375, -0.9375]"
prop:butter:implanted,cake,2.0,mu_Dprime_matched,mu_D,0.4375004768371582,+,23,23,1.0,0,-1.250000238418579,-2.384185791015625e-07,0.3750002384185791,1,"[-0.3125, 0.125, 0.125, 0.25, -0.1875, -0.0625, 0.375, -0.3125, 0.125, -1.25, 0.1875, 0.25, 0.25, -0.3125, 0.125, -0.0, -0.5, -0.375, 0.1875, -0.4375, -0.6875, 0.375, -0.9375]"
prop:butter:implanted,cake,2.0,mu_D_par,mu_D_par,0.3125004768371582,+,23,23,1.0,0,-1.000000238418579,-0.0625,0.3125004768371582,1,"[-0.25, 0.125, 0.0625, 0.25, -0.0625, -0.0625, 0.3125, -0.25, 0.125, -1.0, 0.125, 0.3125, 0.1875, -0.25, 0.0, -0.0625, -0.4375, -0.3125, 0.1875, -0.4375, -0.625, 0.1875, -0.6875]"
prop:butter:implanted,cake,2.0,mu_D_perp_native,mu_D_perp_native,-0.7500002384185791,-,23,0,0.0,23,-0.5,-4.76837158203125e-07,0.3125002384185791,1,"[-0.1875, 0.1875, 0.0, -0.0, -0.0625, -0.0, 0.25, -0.1875, 0.0, -0.5, 0.125, 0.3125, 0.1875, -0.0625, -0.0, -0.0625, -0.25, -0.1875, 0.0625, -0.125, -0.375, 0.125, -0.4375]"
prop:butter:implanted,cake,4.0,mu_D,mu_D,0.6250004768371582,+,23,20,0.8695652173913043,3,-2.3125,-0.1250002384185791,0.8125004768371582,1,"[-0.8125, 0.125, 0.8125, 0.75, -0.5625, -0.0625, 0.6875, -0.25, -0.125, -2.1875, -0.125, -0.4375, -0.0625, -1.1875, 0.5625, 0.0625, -1.6875, -0.6875, 0.1875, -1.0, -1.375, 0.5, -2.3125]"
prop:butter:implanted,cake,4.0,mu_D_perp_matched,mu_D,-1.562499761581421,-,23,3,0.13043478260869565,20,-2.3125,-0.1250002384185791,0.8125004768371582,1,"[-0.8125, 0.125, 0.8125, 0.75, -0.5625, -0.0625, 0.6875, -0.25, -0.125, -2.1875, -0.125, -0.4375, -0.0625, -1.1875, 0.5625, 0.0625, -1.6875, -0.6875, 0.1875, -1.0, -1.375, 0.5, -2.3125]"
prop:butter:implanted,cake,4.0,mu_Dprime_matched,mu_D,1.6875004768371582,+,23,23,1.0,0,-2.3125,-0.1250002384185791,0.8125004768371582,1,"[-0.8125, 0.125, 0.8125, 0.75, -0.5625, -0.0625, 0.6875, -0.25, -0.125, -2.1875, -0.125, -0.4375, -0.0625, -1.1875, 0.5625, 0.0625, -1.6875, -0.6875, 0.1875, -1.0, -1.375, 0.5, -2.3125]"
prop:butter:implanted,cake,4.0,mu_D_par,mu_D_par,1.1249995231628418,+,23,23,1.0,0,-2.0,-0.0625,0.625,1,"[-0.6875, 0.1875, 0.5, 0.4375, -0.5625, -0.0625, 0.625, -0.3125, -0.0, -2.0, 0.1875, -0.125, 0.0625, -0.9375, 0.375, 0.0, -1.25, -0.5, 0.3125, -0.875, -1.25, 0.375, -1.75]"
prop:butter:implanted,cake,4.0,mu_D_perp_native,mu_D_perp_native,-1.3125004768371582,-,23,0,0.0,23,-1.3125,-0.0625004768371582,0.3750004768371582,1,"[-0.375, 0.125, 0.1875, 0.25, -0.125, -0.0625, 0.375, -0.1875, 0.125, -1.3125, 0.1875, 0.3125, 0.1875, -0.375, 0.25, -0.1875, -0.6875, -0.3125, 0.125, -0.5625, -0.8125, 0.3125, -0.9375]"
prop:butter:implanted_completion_preference,cake,0.0,mu_D,mu_D,0.0,0,23,23,1.0,0,0.0,0.0,0.0,1,"[0.0, 0.0, 0.0, 0.0, 0.0, 0.0, 0.0, 0.0, 0.0, 0.0, 0.0, 0.0, 0.0, 0.0, 0.0, 0.0, 0.0, 0.0, 0.0, 0.0, 0.0, 0.0, 0.0]"
prop:butter:implanted_completion_preference,cake,0.0,mu_D_perp_matched,mu_D,0.0,0,23,23,1.0,0,0.0,0.0,0.0,1,"[0.0, 0.0, 0.0, 0.0, 0.0, 0.0, 0.0, 0.0, 0.0, 0.0, 0.0, 0.0, 0.0, 0.0, 0.0, 0.0, 0.0, 0.0, 0.0, 0.0, 0.0, 0.0, 0.0]"
prop:butter:implanted_completion_preference,cake,0.0,mu_Dprime_matched,mu_D,0.0,0,23,23,1.0,0,0.0,0.0,0.0,1,"[0.0, 0.0, 0.0, 0.0, 0.0, 0.0, 0.0, 0.0, 0.0, 0.0, 0.0, 0.0, 0.0, 0.0, 0.0, 0.0, 0.0, 0.0, 0.0, 0.0, 0.0, 0.0, 0.0]"
prop:butter:implanted_completion_preference,cake,0.0,mu_D_par,mu_D_par,0.0,0,23,23,1.0,0,0.0,0.0,0.0,1,"[0.0, 0.0, 0.0, 0.0, 0.0, 0.0, 0.0, 0.0, 0.0, 0.0, 0.0, 0.0, 0.0, 0.0, 0.0, 0.0, 0.0, 0.0, 0.0, 0.0, 0.0, 0.0, 0.0]"
prop:butter:implanted_completion_preference,cake,0.0,mu_D_perp_native,mu_D_perp_native,0.0,0,23,23,1.0,0,0.0,0.0,0.0,1,"[0.0, 0.0, 0.0, 0.0, 0.0, 0.0, 0.0, 0.0, 0.0, 0.0, 0.0, 0.0, 0.0, 0.0, 0.0, 0.0, 0.0, 0.0, 0.0, 0.0, 0.0, 0.0, 0.0]"
prop:butter:implanted_completion_preference,cake,0.5,mu_D,mu_D,0.12500034272670746,+,23,22,0.9565217391304348,1,-0.12500004470348358,6.705522537231445e-08,0.25000035762786865,1,"[0.0, 0.125, 0.0, 0.125, 0.0, 0.0, 0.125, 0.0, -0.125, -0.125, 0.0, -0.0, 0.125, -0.125, 0.25, 0.125, 0.125, -0.125, -0.125, 0.0, -0.125, -0.125, 0.0]"
prop:butter:implanted_completion_preference,cake,0.5,mu_D_perp_matched,mu_D,0.12500007450580597,+,23,20,0.8695652173913043,3,-0.12500004470348358,6.705522537231445e-08,0.25000035762786865,1,"[0.0, 0.125, 0.0, 0.125, 0.0, 0.0, 0.125, 0.0, -0.125, -0.125, 0.0, -0.0, 0.125, -0.125, 0.25, 0.125, 0.125, -0.125, -0.125, 0.0, -0.125, -0.125, 0.0]"
prop:butter:implanted_completion_preference,cake,0.5,mu_Dprime_matched,mu_D,0.12500035762786865,+,23,22,0.9565217391304348,1,-0.12500004470348358,6.705522537231445e-08,0.25000035762786865,1,"[0.0, 0.125, 0.0, 0.125, 0.0, 0.0, 0.125, 0.0, -0.125, -0.125, 0.0, -0.0, 0.125, -0.125, 0.25, 0.125, 0.125, -0.125, -0.125, 0.0, -0.125, -0.125, 0.0]"
prop:butter:implanted_completion_preference,cake,0.5,mu_D_par,mu_D_par,0.12500019371509552,+,23,21,0.9130434782608695,2,-0.12499991059303284,2.2351741790771484e-07,0.12500038743019104,1,"[0.0, 0.125, 0.0, 0.125, 0.125, -0.125, 0.0, 0.125, 0.0, -0.125, 0.0, 0.0, 0.0, 0.0, 0.125, 0.0, 0.125, -0.125, -0.0, 0.0, -0.0, 0.0, 0.125]"
prop:butter:implanted_completion_preference,cake,0.5,mu_D_perp_native,mu_D_perp_native,0.12500013411045074,+,23,20,0.8695652173913043,3,-0.12499997019767761,1.1920928955078125e-07,0.25000032782554626,1,"[0.0, 0.125, -0.0, 0.0, 0.0, 0.0, 0.0, 0.0, 0.0, -0.125, 0.0, 0.0, 0.0, 0.0, 0.25, 0.125, -0.0, -0.125, 0.0, 0.0, -0.125, 0.0, -0.0]"
prop:butter:implanted_completion_preference,cake,1.0,mu_D,mu_D,0.37500014901161194,+,23,23,1.0,0,-0.24999988824129105,7.450580596923828e-08,0.3750000596046448,1,"[-0.0, 0.125, -0.125, 0.125, 0.125, -0.125, 0.125, 0.25, -0.125, -0.25, 0.0, -0.125, 0.125, 0.0, 0.375, 0.25, 0.125, -0.25, -0.25, 0.0, -0.125, -0.125, -0.0]"
prop:butter:implanted_completion_preference,cake,1.0,mu_D_perp_matched,mu_D,0.25000038743019104,+,23,22,0.9565217391304348,1,-0.24999988824129105,7.450580596923828e-08,0.3750000596046448,1,"[-0.0, 0.125, -0.125, 0.125, 0.125, -0.125, 0.125, 0.25, -0.125, -0.25, 0.0, -0.125, 0.125, 0.0, 0.375, 0.25, 0.125, -0.25, -0.25, 0.0, -0.125, -0.125, -0.0]"
prop:butter:implanted_completion_preference,cake,1.0,mu_Dprime_matched,mu_D,0.25000035762786865,+,23,21,0.9130434782608695,2,-0.24999988824129105,7.450580596923828e-08,0.3750000596046448,1,"[-0.0, 0.125, -0.125, 0.125, 0.125, -0.125, 0.125, 0.25, -0.125, -0.25, 0.0, -0.125, 0.125, 0.0, 0.375, 0.25, 0.125, -0.25, -0.25, 0.0, -0.125, -0.125, -0.0]"
prop:butter:implanted_completion_preference,cake,1.0,mu_D_par,mu_D_par,0.2500002831220627,+,23,22,0.9565217391304348,1,-0.2500000670552254,8.940696716308594e-08,0.25000034272670746,1,"[0.0, 0.125, -0.125, 0.125, 0.125, -0.25, 0.25, 0.125, -0.125, -0.25, 0.0, 0.0, 0.0, -0.125, 0.25, 0.125, 0.0, -0.25, -0.25, -0.0, -0.125, -0.125, 0.125]"
prop:butter:implanted_completion_preference,cake,1.0,mu_D_perp_native,mu_D_perp_native,0.1250002086162567,+,23,21,0.9130434782608695,2,-0.12499992549419403,1.341104507446289e-07,0.25000007450580597,1,"[0.125, 0.0, -0.0, 0.0, 0.0, -0.125, 0.125, 0.0, 0.0, -0.125, 0.0, 0.0, 0.125, 0.0, 0.25, 0.0, 0.0, 0.0, -0.125, 0.0, 0.0, 0.0, 0.0]"
prop:butter:implanted_completion_preference,cake,2.0,mu_D,mu_D,0.625000074505806,+,23,22,0.9565217391304348,1,-0.49999986588954926,2.384185791015625e-07,0.7500001043081284,1,"[0.0, 0.25, -0.25, 0.25, 0.25, -0.375, 0.375, 0.375, -0.25, -0.5, 0.0, -0.125, 0.25, -0.125, 0.75, 0.375, 0.125, -0.25, -0.375, 0.0, -0.25, -0.125, 0.0]"
prop:butter:implanted_completion_preference,cake,2.0,mu_D_perp_matched,mu_D,0.5000002086162567,+,23,22,0.9565217391304348,1,-0.49999986588954926,2.384185791015625e-07,0.7500001043081284,1,"[0.0, 0.25, -0.25, 0.25, 0.25, -0.375, 0.375, 0.375, -0.25, -0.5, 0.0, -0.125, 0.25, -0.125, 0.75, 0.375, 0.125, -0.25, -0.375, 0.0, -0.25, -0.125, 0.0]"
prop:butter:implanted_completion_preference,cake,2.0,mu_Dprime_matched,mu_D,0.6250002235174179,+,23,22,0.9565217391304348,1,-0.49999986588954926,2.384185791015625e-07,0.7500001043081284,1,"[0.0, 0.25, -0.25, 0.25, 0.25, -0.375, 0.375, 0.375, -0.25, -0.5, 0.0, -0.125, 0.25, -0.125, 0.75, 0.375, 0.125, -0.25, -0.375, 0.0, -0.25, -0.125, 0.0]"
prop:butter:implanted_completion_preference,cake,2.0,mu_D_par,mu_D_par,0.5000001192092896,+,23,22,0.9565217391304348,1,-0.49999991059303284,-2.9802322387695312e-08,0.6250001937150955,1,"[-0.0, 0.125, -0.25, 0.125, 0.125, -0.25, 0.25, 0.25, -0.25, -0.5, 0.0, -0.125, 0.25, -0.125, 0.625, 0.375, 0.125, -0.25, -0.375, -0.0, -0.25, -0.125, 0.125]"
prop:butter:implanted_completion_preference,cake,2.0,mu_D_perp_native,mu_D_perp_native,0.2500000298023224,+,23,21,0.9130434782608695,2,-0.2500000298023224,1.1920928955078125e-07,0.37500007450580597,1,"[0.125, 0.125, -0.125, 0.125, 0.125, -0.25, 0.125, 0.125, -0.125, -0.25, -0.125, -0.125, 0.125, -0.125, 0.375, 0.25, 0.125, -0.25, -0.25, 0.0, -0.25, 0.0, 0.125]"
prop:butter:implanted_completion_preference,cake,4.0,mu_D,mu_D,1.2500001639127731,+,23,22,0.9565217391304348,1,-1.6249996274709702,-0.12499972432851791,1.500000074505806,1,"[-0.125, 0.375, -0.25, 0.5, 0.375, -0.75, 0.625, 0.75, -0.25, -1.625, -0.125, 0.0, 0.5, -0.25, 1.5, 0.75, 0.25, -0.75, -0.625, -0.125, -0.25, -0.125, 0.0]"
prop:butter:implanted_completion_preference,cake,4.0,mu_D_perp_matched,mu_D,1.000000238418579,+,23,22,0.9565217391304348,1,-1.6249996274709702,-0.12499972432851791,1.500000074505806,1,"[-0.125, 0.375, -0.25, 0.5, 0.375, -0.75, 0.625, 0.75, -0.25, -1.625, -0.125, 0.0, 0.5, -0.25, 1.5, 0.75, 0.25, -0.75, -0.625, -0.125, -0.25, -0.125, 0.0]"
prop:butter:implanted_completion_preference,cake,4.0,mu_Dprime_matched,mu_D,0.8750001490116119,+,23,22,0.9565217391304348,1,-1.6249996274709702,-0.12499972432851791,1.500000074505806,1,"[-0.125, 0.375, -0.25, 0.5, 0.375, -0.75, 0.625, 0.75, -0.25, -1.625, -0.125, 0.0, 0.5, -0.25, 1.5, 0.75, 0.25, -0.75, -0.625, -0.125, -0.25, -0.125, 0.0]"
prop:butter:implanted_completion_preference,cake,4.0,mu_D_par,mu_D_par,0.750000074505806,+,23,21,0.9130434782608695,2,-1.2499997913837433,2.8312206268310547e-07,1.250000074505806,1,"[0.0, 0.25, -0.25, 0.5, 0.125, -0.625, 0.625, 0.625, -0.375, -1.25, 0.0, -0.0, 0.25, -0.375, 1.25, 0.75, 0.25, -0.5, -0.5, 0.0, -0.25, 0.0, 0.125]"
prop:butter:implanted_completion_preference,cake,4.0,mu_D_perp_native,mu_D_perp_native,0.5000001937150955,+,23,22,0.9565217391304348,1,-0.5000000670552254,2.2351741790771484e-07,0.875000074505806,1,"[0.0, 0.375, -0.25, 0.25, 0.25, -0.5, 0.375, 0.25, -0.25, -0.5, 0.0, 0.0, 0.25, -0.125, 0.875, 0.375, 0.125, -0.5, -0.5, 0.0, -0.25, -0.25, 0.125]"
prop:water:implanted_completion_preference,cake,0.0,mu_D,mu_D,0.0,0,23,23,1.0,0,0.0,0.0,0.0,1,"[0.0, 0.0, 0.0, 0.0, 0.0, 0.0, 0.0, 0.0, 0.0, 0.0, 0.0, 0.0, 0.0, 0.0, 0.0, 0.0, 0.0, 0.0, 0.0, 0.0, 0.0, 0.0, 0.0]"
prop:water:implanted_completion_preference,cake,0.0,mu_D_perp_matched,mu_D,0.0,0,23,23,1.0,0,0.0,0.0,0.0,1,"[0.0, 0.0, 0.0, 0.0, 0.0, 0.0, 0.0, 0.0, 0.0, 0.0, 0.0, 0.0, 0.0, 0.0, 0.0, 0.0, 0.0, 0.0, 0.0, 0.0, 0.0, 0.0, 0.0]"
prop:water:implanted_completion_preference,cake,0.0,mu_Dprime_matched,mu_D,0.0,0,23,23,1.0,0,0.0,0.0,0.0,1,"[0.0, 0.0, 0.0, 0.0, 0.0, 0.0, 0.0, 0.0, 0.0, 0.0, 0.0, 0.0, 0.0, 0.0, 0.0, 0.0, 0.0, 0.0, 0.0, 0.0, 0.0, 0.0, 0.0]"
prop:water:implanted_completion_preference,cake,0.0,mu_D_par,mu_D_par,0.0,0,23,23,1.0,0,0.0,0.0,0.0,1,"[0.0, 0.0, 0.0, 0.0, 0.0, 0.0, 0.0, 0.0, 0.0, 0.0, 0.0, 0.0, 0.0, 0.0, 0.0, 0.0, 0.0, 0.0, 0.0, 0.0, 0.0, 0.0, 0.0]"
prop:water:implanted_completion_preference,cake,0.0,mu_D_perp_native,mu_D_perp_native,0.0,0,23,23,1.0,0,0.0,0.0,0.0,1,"[0.0, 0.0, 0.0, 0.0, 0.0, 0.0, 0.0, 0.0, 0.0, 0.0, 0.0, 0.0, 0.0, 0.0, 0.0, 0.0, 0.0, 0.0, 0.0, 0.0, 0.0, 0.0, 0.0]"
prop:water:implanted_completion_preference,cake,0.5,mu_D,mu_D,2.384185791015625e-07,+,23,14,0.6086956521739131,9,-0.1249997615814209,2.384185791015625e-07,0.2500002384185791,1,"[-0.125, 0.0, 0.0, 0.0, 0.125, -0.125, 0.0, 0.125, 0.0, 0.0, 0.125, 0.0, -0.125, 0.0, 0.0, 0.0, 0.125, 0.125, 0.0, 0.0, 0.25, 0.0, 0.125]"
prop:water:implanted_completion_preference,cake,0.5,mu_D_perp_matched,mu_D,2.384185791015625e-07,+,23,14,0.6086956521739131,9,-0.1249997615814209,2.384185791015625e-07,0.2500002384185791,1,"[-0.125, 0.0, 0.0, 0.0, 0.125, -0.125, 0.0, 0.125, 0.0, 0.0, 0.125, 0.0, -0.125, 0.0, 0.0, 0.0, 0.125, 0.125, 0.0, 0.0, 0.25, 0.0, 0.125]"
prop:water:implanted_completion_preference,cake,0.5,mu_Dprime_matched,mu_D,2.384185791015625e-07,+,23,14,0.6086956521739131,9,-0.1249997615814209,2.384185791015625e-07,0.2500002384185791,1,"[-0.125, 0.0, 0.0, 0.0, 0.125, -0.125, 0.0, 0.125, 0.0, 0.0, 0.125, 0.0, -0.125, 0.0, 0.0, 0.0, 0.125, 0.125, 0.0, 0.0, 0.25, 0.0, 0.125]"
prop:water:implanted_completion_preference,cake,0.5,mu_D_par,mu_D_par,2.384185791015625e-07,+,23,15,0.6521739130434783,8,-0.125,2.384185791015625e-07,0.1250004768371582,1,"[0.0, 0.0, 0.0, 0.0, 0.125, 0.0, 0.0, 0.125, 0.0, 0.0, 0.0, -0.125, 0.0, 0.0, 0.0, -0.125, 0.0, 0.125, 0.125, 0.0, 0.125, 0.0, 0.125]"
prop:water:implanted_completion_preference,cake,0.5,mu_D_perp_native,mu_D_perp_native,0.0,0,23,1,0.043478260869565216,22,0.0,2.384185791015625e-07,0.1250002384185791,1,"[0.0, 0.0, 0.0, 0.0, 0.125, 0.0, 0.0, 0.0, 0.0, 0.0, 0.0, 0.0, 0.0, 0.125, 0.125, 0.0, 0.0, 0.125, 0.0, 0.0, 0.0, 0.0, 0.125]"
prop:water:implanted_completion_preference,cake,1.0,mu_D,mu_D,-0.1249997615814209,-,23,10,0.43478260869565216,13,-0.25,2.384185791015625e-07,0.3750004768371582,1,"[-0.25, 0.0, -0.25, -0.25, 0.375, -0.125, 0.0, 0.25, -0.125, 0.0, -0.125, -0.125, -0.125, 0.125, 0.0, 0.0, 0.125, 0.25, -0.125, -0.125, 0.25, 0.0, 0.125]"
prop:water:implanted_completion_preference,cake,1.0,mu_D_perp_matched,mu_D,-0.1249997615814209,-,23,10,0.43478260869565216,13,-0.25,2.384185791015625e-07,0.3750004768371582,1,"[-0.25, 0.0, -0.25, -0.25, 0.375, -0.125, 0.0, 0.25, -0.125, 0.0, -0.125, -0.125, -0.125, 0.125, 0.0, 0.0, 0.125, 0.25, -0.125, -0.125, 0.25, 0.0, 0.125]"
prop:water:implanted_completion_preference,cake,1.0,mu_Dprime_matched,mu_D,0.0,0,23,11,0.4782608695652174,12,-0.25,2.384185791015625e-07,0.3750004768371582,1,"[-0.25, 0.0, -0.25, -0.25, 0.375, -0.125, 0.0, 0.25, -0.125, 0.0, -0.125, -0.125, -0.125, 0.125, 0.0, 0.0, 0.125, 0.25, -0.125, -0.125, 0.25, 0.0, 0.125]"
prop:water:implanted_completion_preference,cake,1.0,mu_D_par,mu_D_par,2.384185791015625e-07,+,23,13,0.5652173913043478,10,-0.2499997615814209,2.384185791015625e-07,0.2500004768371582,1,"[-0.25, 0.0, -0.25, -0.125, 0.25, 0.0, 0.0, 0.25, -0.125, 0.125, 0.0, -0.125, 0.0, 0.0, 0.0, 0.0, 0.0, 0.25, 0.0, 0.0, 0.125, 0.0, 0.125]"
prop:water:implanted_completion_preference,cake,1.0,mu_D_perp_native,mu_D_perp_native,4.76837158203125e-07,+,23,18,0.782608695652174,5,-0.125,2.384185791015625e-07,0.2500002384185791,1,"[0.0, 0.0, -0.125, -0.125, 0.25, 0.0, 0.0, 0.125, -0.125, 0.0, 0.0, 0.0, -0.125, 0.0, 0.0, 0.0, 0.0, 0.25, 0.0, 0.0, 0.125, 0.0, 0.125]"
prop:water:implanted_completion_preference,cake,2.0,mu_D,mu_D,-0.4999997615814209,-,23,1,0.043478260869565216,22,-0.4999997615814209,-0.1249995231628418,0.5000002384185791,1,"[-0.375, -0.125, -0.5, -0.25, 0.5, -0.125, 0.0, 0.375, -0.375, 0.0, -0.125, -0.375, -0.375, 0.0, 0.125, -0.125, 0.125, 0.5, -0.25, -0.125, 0.25, -0.25, 0.25]"
prop:water:implanted_completion_preference,cake,2.0,mu_D_perp_matched,mu_D,-0.4999997615814209,-,23,1,0.043478260869565216,22,-0.4999997615814209,-0.1249995231628418,0.5000002384185791,1,"[-0.375, -0.125, -0.5, -0.25, 0.5, -0.125, 0.0, 0.375, -0.375, 0.0, -0.125, -0.375, -0.375, 0.0, 0.125, -0.125, 0.125, 0.5, -0.25, -0.125, 0.25, -0.25, 0.25]"
prop:water:implanted_completion_preference,cake,2.0,mu_Dprime_matched,mu_D,-0.3749995231628418,-,23,5,0.21739130434782608,18,-0.4999997615814209,-0.1249995231628418,0.5000002384185791,1,"[-0.375, -0.125, -0.5, -0.25, 0.5, -0.125, 0.0, 0.375, -0.375, 0.0, -0.125, -0.375, -0.375, 0.0, 0.125, -0.125, 0.125, 0.5, -0.25, -0.125, 0.25, -0.25, 0.25]"
prop:water:implanted_completion_preference,cake,2.0,mu_D_par,mu_D_par,-0.2499997615814209,-,23,6,0.2608695652173913,17,-0.375,-0.1249995231628418,0.5,1,"[-0.25, 0.0, -0.375, -0.125, 0.5, -0.125, 0.0, 0.375, -0.25, 0.0, -0.125, -0.25, -0.25, 0.0, 0.0, -0.125, 0.25, 0.375, -0.25, -0.125, 0.125, -0.25, 0.125]"
prop:water:implanted_completion_preference,cake,2.0,mu_D_perp_native,mu_D_perp_native,-0.125,-,23,5,0.21739130434782608,18,-0.2499997615814209,0.0,0.3750002384185791,1,"[-0.25, 0.0, -0.25, -0.125, 0.375, -0.125, -0.125, 0.25, -0.125, 0.0, 0.0, -0.125, -0.25, -0.125, 0.0, -0.125, 0.125, 0.25, -0.125, 0.0, 0.125, 0.0, 0.125]"
prop:water:implanted_completion_preference,cake,4.0,mu_D,mu_D,-1.687499761581421,-,23,0,0.0,23,-0.9999997615814209,-0.2499997615814209,1.000000238418579,1,"[-0.5, -0.25, -1.0, -0.125, 0.75, 0.25, -0.125, 0.875, -0.625, -0.25, -0.25, -0.625, -0.75, -0.125, -0.25, -0.5, 0.5, 1.0, -0.625, -0.625, 0.875, -0.875, -0.125]"
prop:water:implanted_completion_preference,cake,4.0,mu_D_perp_matched,mu_D,-1.249999761581421,-,23,0,0.0,23,-0.9999997615814209,-0.2499997615814209,1.000000238418579,1,"[-0.5, -0.25, -1.0, -0.125, 0.75, 0.25, -0.125, 0.875, -0.625, -0.25, -0.25, -0.625, -0.75, -0.125, -0.25, -0.5, 0.5, 1.0, -0.625, -0.625, 0.875, -0.875, -0.125]"
prop:water:implanted_completion_preference,cake,4.0,mu_Dprime_matched,mu_D,-1.812499761581421,-,23,0,0.0,23,-0.9999997615814209,-0.2499997615814209,1.000000238418579,1,"[-0.5, -0.25, -1.0, -0.125, 0.75, 0.25, -0.125, 0.875, -0.625, -0.25, -0.25, -0.625, -0.75, -0.125, -0.25, -0.5, 0.5, 1.0, -0.625, -0.625, 0.875, -0.875, -0.125]"
prop:water:implanted_completion_preference,cake,4.0,mu_D_par,mu_D_par,-1.249999761581421,-,23,0,0.0,23,-0.7499997615814209,-0.1249997615814209,0.8750002384185791,1,"[-0.5, -0.25, -0.75, -0.125, 0.75, 0.0, -0.125, 0.75, -0.5, 0.0, -0.125, -0.5, -0.625, -0.125, -0.125, -0.375, 0.375, 0.875, -0.5, -0.375, 0.625, -0.625, 0.0]"
prop:water:implanted_completion_preference,cake,4.0,mu_D_perp_native,mu_D_perp_native,-0.4999997615814209,-,23,1,0.043478260869565216,22,-0.4999997615814209,-0.1249997615814209,0.6250002384185791,1,"[-0.375, -0.125, -0.5, -0.25, 0.625, -0.125, 0.0, 0.375, -0.375, 0.0, -0.125, -0.375, -0.375, 0.0, 0.0, -0.25, 0.25, 0.625, -0.25, -0.25, 0.375, -0.25, 0.125]"
prop:cooling:implanted,cake,0.0,mu_D,mu_D,0.0,0,23,23,1.0,0,0.0,0.0,0.0,1,"[0.0, 0.0, 0.0, 0.0, 0.0, 0.0, 0.0, 0.0, 0.0, 0.0, 0.0, 0.0, 0.0, 0.0, 0.0, 0.0, 0.0, 0.0, 0.0, 0.0, 0.0, 0.0, 0.0]"
prop:cooling:implanted,cake,0.0,mu_D_perp_matched,mu_D,0.0,0,23,23,1.0,0,0.0,0.0,0.0,1,"[0.0, 0.0, 0.0, 0.0, 0.0, 0.0, 0.0, 0.0, 0.0, 0.0, 0.0, 0.0, 0.0, 0.0, 0.0, 0.0, 0.0, 0.0, 0.0, 0.0, 0.0, 0.0, 0.0]"
prop:cooling:implanted,cake,0.0,mu_Dprime_matched,mu_D,0.0,0,23,23,1.0,0,0.0,0.0,0.0,1,"[0.0, 0.0, 0.0, 0.0, 0.0, 0.0, 0.0, 0.0, 0.0, 0.0, 0.0, 0.0, 0.0, 0.0, 0.0, 0.0, 0.0, 0.0, 0.0, 0.0, 0.0, 0.0, 0.0]"
prop:cooling:implanted,cake,0.0,mu_D_par,mu_D_par,0.0,0,23,23,1.0,0,0.0,0.0,0.0,1,"[0.0, 0.0, 0.0, 0.0, 0.0, 0.0, 0.0, 0.0, 0.0, 0.0, 0.0, 0.0, 0.0, 0.0, 0.0, 0.0, 0.0, 0.0, 0.0, 0.0, 0.0, 0.0, 0.0]"
prop:cooling:implanted,cake,0.0,mu_D_perp_native,mu_D_perp_native,0.0,0,23,23,1.0,0,0.0,0.0,0.0,1,"[0.0, 0.0, 0.0, 0.0, 0.0, 0.0, 0.0, 0.0, 0.0, 0.0, 0.0, 0.0, 0.0, 0.0, 0.0, 0.0, 0.0, 0.0, 0.0, 0.0, 0.0, 0.0, 0.0]"
prop:cooling:implanted,cake,0.5,mu_D,mu_D,0.22459888458251953,+,23,22,0.9565217391304348,1,-0.33196210861206055,-0.017002582550048828,0.31233978271484375,1,"[-0.030231, 0.046135, -0.065595, 0.076409, 0.001457, 0.214748, -0.254237, -0.293382, 0.058356, -0.268767, 0.071979, 0.10836, -0.03793, -0.041246, -0.017003, -0.331962, 0.102692, 0.047075, 0.31234, -0.074191, 0.017066, -0.166723, -0.235404]"
prop:cooling:implanted,cake,0.5,mu_D_perp_matched,mu_D,-0.06506156921386719,-,23,8,0.34782608695652173,15,-0.33196210861206055,-0.017002582550048828,0.31233978271484375,1,"[-0.030231, 0.046135, -0.065595, 0.076409, 0.001457, 0.214748, -0.254237, -0.293382, 0.058356, -0.268767, 0.071979, 0.10836, -0.03793, -0.041246, -0.017003, -0.331962, 0.102692, 0.047075, 0.31234, -0.074191, 0.017066, -0.166723, -0.235404]"
prop:cooling:implanted,cake,0.5,mu_Dprime_matched,mu_D,0.05527353286743164,+,23,16,0.6956521739130435,7,-0.33196210861206055,-0.017002582550048828,0.31233978271484375,1,"[-0.030231, 0.046135, -0.065595, 0.076409, 0.001457, 0.214748, -0.254237, -0.293382, 0.058356, -0.268767, 0.071979, 0.10836, -0.03793, -0.041246, -0.017003, -0.331962, 0.102692, 0.047075, 0.31234, -0.074191, 0.017066, -0.166723, -0.235404]"
prop:cooling:implanted,cake,0.5,mu_D_par,mu_D_par,-0.14416027069091797,-,23,9,0.391304347826087,14,-0.4567255973815918,-0.07772159576416016,0.11339664459228516,1,"[-0.198073, -0.014358, 0.045626, -0.131368, -0.147193, -0.139877, -0.197788, -0.362552, -0.162738, -0.456726, 0.113397, -0.25742, -0.030938, 0.020972, 0.108702, -0.077722, 0.079497, -0.039811, -0.016176, -0.207316, 0.015601, -0.070184, -0.182953]"
prop:cooling:implanted,cake,0.5,mu_D_perp_native,mu_D_perp_native,0.11401748657226562,+,23,21,0.9130434782608695,2,-0.3296527862548828,-0.07741308212280273,0.15394830703735352,1,"[-0.285419, -0.051194, -0.002595, -0.026597, -0.176717, -0.061759, -0.206147, -0.053076, -0.01932, -0.284994, 0.071389, -0.153135, 0.041519, -0.077413, -0.078871, -0.329653, 0.126258, -0.168779, 0.153948, -0.240894, -0.076621, -0.131191, -0.205598]"
prop:cooling:implanted,cake,1.0,mu_D,mu_D,0.2559213638305664,+,23,20,0.8695652173913043,3,-0.6030149459838867,0.060862064361572266,0.3981189727783203,1,"[-0.089697, 0.213744, 0.095569, 0.201317, 0.081456, 0.207321, -0.389714, -0.301343, 0.262445, -0.603015, 0.047104, 0.195029, 0.124092, 0.060862, -0.205624, -0.395941, 0.398119, 0.107204, 0.385098, -0.067463, -0.034585, -0.16472, -0.192908]"
prop:cooling:implanted,cake,1.0,mu_D_perp_matched,mu_D,0.2474813461303711,+,23,20,0.8695652173913043,3,-0.6030149459838867,0.060862064361572266,0.3981189727783203,1,"[-0.089697, 0.213744, 0.095569, 0.201317, 0.081456, 0.207321, -0.389714, -0.301343, 0.262445, -0.603015, 0.047104, 0.195029, 0.124092, 0.060862, -0.205624, -0.395941, 0.398119, 0.107204, 0.385098, -0.067463, -0.034585, -0.16472, -0.192908]"
prop:cooling:implanted,cake,1.0,mu_Dprime_matched,mu_D,0.22658586502075195,+,23,20,0.8695652173913043,3,-0.6030149459838867,0.060862064361572266,0.3981189727783203,1,"[-0.089697, 0.213744, 0.095569, 0.201317, 0.081456, 0.207321, -0.389714, -0.301343, 0.262445, -0.603015, 0.047104, 0.195029, 0.124092, 0.060862, -0.205624, -0.395941, 0.398119, 0.107204, 0.385098, -0.067463, -0.034585, -0.16472, -0.192908]"
prop:cooling:implanted,cake,1.0,mu_D_par,mu_D_par,0.19711923599243164,+,23,19,0.8260869565217391,4,-0.5184812545776367,-0.013051033020019531,0.3848991394042969,1,"[-0.007613, 0.161172, -0.140943, -0.066096, 0.083296, 0.234499, -0.303505, -0.37284, 0.384899, -0.518481, 0.261722, 0.034086, 0.12396, -0.095927, -0.129612, -0.441291, 0.185903, -0.013051, 0.312544, -0.22771, 0.03911, -0.09617, -0.463466]"
prop:cooling:implanted,cake,1.0,mu_D_perp_native,mu_D_perp_native,0.18343544006347656,+,23,22,0.9565217391304348,1,-0.48685169219970703,-0.10394763946533203,0.20040369033813477,1,"[-0.163405, -0.138445, -0.115672, 0.042337, 0.045635, -0.032105, -0.261015, -0.148286, 0.152088, -0.486852, 0.200404, -0.103948, -0.005532, -0.148253, -0.222201, -0.266077, 0.083898, 0.016844, 0.03908, -0.318497, -0.052633, -0.051028, -0.167128]"
prop:cooling:implanted,cake,2.0,mu_D,mu_D,0.9545817375183105,+,23,22,0.9565217391304348,1,-0.9953832626342773,0.20593595504760742,1.0149736404418945,1,"[-0.258335, 0.554986, 0.288952, 0.525115, 0.391599, 0.715429, -0.524567, -0.590438, 1.014974, -0.995383, 0.720034, 0.118801, 0.338875, 0.19375, 0.028808, -0.869595, 0.6519, 0.104882, 0.839562, -0.136858, 0.335395, 0.205936, -0.469651]"
prop:cooling:implanted,cake,2.0,mu_D_perp_matched,mu_D,1.235610008239746,+,23,23,1.0,0,-0.9953832626342773,0.20593595504760742,1.0149736404418945,1,"[-0.258335, 0.554986, 0.288952, 0.525115, 0.391599, 0.715429, -0.524567, -0.590438, 1.014974, -0.995383, 0.720034, 0.118801, 0.338875, 0.19375, 0.028808, -0.869595, 0.6519, 0.104882, 0.839562, -0.136858, 0.335395, 0.205936, -0.469651]"
prop:cooling:implanted,cake,2.0,mu_Dprime_matched,mu_D,0.6000666618347168,+,23,18,0.782608695652174,5,-0.9953832626342773,0.20593595504760742,1.0149736404418945,1,"[-0.258335, 0.554986, 0.288952, 0.525115, 0.391599, 0.715429, -0.524567, -0.590438, 1.014974, -0.995383, 0.720034, 0.118801, 0.338875, 0.19375, 0.028808, -0.869595, 0.6519, 0.104882, 0.839562, -0.136858, 0.335395, 0.205936, -0.469651]"
prop:cooling:implanted,cake,2.0,mu_D_par,mu_D_par,0.48177337646484375,+,23,18,0.782608695652174,5,-0.9142322540283203,0.17606592178344727,0.8995561599731445,1,"[0.08206, 0.487722, 0.254745, 0.329324, 0.445421, 0.669612, -0.629915, -0.687247, 0.899556, -0.914232, 0.379647, 0.184577, 0.536556, 0.005246, 0.040558, -0.741236, 0.47615, 0.001852, 0.600381, 0.001073, 0.176066, 0.030639, -0.419087]"
prop:cooling:implanted,cake,2.0,mu_D_perp_native,mu_D_perp_native,0.3570370674133301,+,23,22,0.9565217391304348,1,-0.6039400100708008,0.1029958724975586,0.43462610244750977,1,"[0.005552, 0.219185, 0.137969, 0.170395, 0.005473, 0.138782, -0.513909, -0.205406, 0.434626, -0.60394, 0.102996, 0.174473, 0.18529, 0.176017, -0.012879, -0.409386, 0.289802, 0.051048, 0.190762, -0.190851, 0.155663, -0.187467, -0.350969]"
prop:cooling:implanted,cake,4.0,mu_D,mu_D,2.3110899925231934,+,23,22,0.9565217391304348,1,-2.50569486618042,0.8956685066223145,2.7238831520080566,1,"[-0.237844, 1.520697, 1.701944, 0.818562, 1.628276, 1.855869, -0.453679, -1.140983, 2.723883, -2.505695, 1.487924, 0.871915, 1.352235, 0.792344, 1.495826, -0.381608, 1.526046, 0.602921, 1.771544, 0.153834, 1.172161, 0.895669, -0.48877]"
prop:cooling:implanted,cake,4.0,mu_D_perp_matched,mu_D,3.0431199073791504,+,23,23,1.0,0,-2.50569486618042,0.8956685066223145,2.7238831520080566,1,"[-0.237844, 1.520697, 1.701944, 0.818562, 1.628276, 1.855869, -0.453679, -1.140983, 2.723883, -2.505695, 1.487924, 0.871915, 1.352235, 0.792344, 1.495826, -0.381608, 1.526046, 0.602921, 1.771544, 0.153834, 1.172161, 0.895669, -0.48877]"
prop:cooling:implanted,cake,4.0,mu_Dprime_matched,mu_D,1.0277514457702637,+,23,12,0.5217391304347826,11,-2.50569486618042,0.8956685066223145,2.7238831520080566,1,"[-0.237844, 1.520697, 1.701944, 0.818562, 1.628276, 1.855869, -0.453679, -1.140983, 2.723883, -2.505695, 1.487924, 0.871915, 1.352235, 0.792344, 1.495826, -0.381608, 1.526046, 0.602921, 1.771544, 0.153834, 1.172161, 0.895669, -0.48877]"
prop:cooling:implanted,cake,4.0,mu_D_par,mu_D_par,0.6741580963134766,+,23,11,0.4782608695652174,12,-1.9976601600646973,0.7090225219726562,2.369450092315674,1,"[-0.231236, 1.247628, 1.182619, 0.709023, 1.287638, 1.494037, -0.662001, -1.130977, 2.36945, -1.99766, 1.25131, 0.606715, 1.025189, 0.624721, 0.861898, -0.581615, 1.487381, 0.393939, 1.213422, 0.222466, 0.969226, 0.519172, -0.393526]"
prop:cooling:implanted,cake,4.0,mu_D_perp_native,mu_D_perp_native,1.2800617218017578,+,23,23,1.0,0,-1.215686321258545,0.19120407104492188,1.1202831268310547,1,"[-0.02049, 0.827033, 0.430911, 0.627634, 0.452343, 0.787786, -0.528738, -0.662069, 1.120283, -1.215686, 0.910067, 0.164141, 0.530817, 0.167954, 0.143526, -0.926563, 0.841493, 0.153934, 1.033042, -0.267101, 0.548664, 0.191204, -0.209798]"
prop:serving:implanted_completion_preference,cake,0.0,mu_D,mu_D,0.0,0,23,23,1.0,0,0.0,0.0,0.0,1,"[0.0, 0.0, 0.0, 0.0, 0.0, 0.0, 0.0, 0.0, 0.0, 0.0, 0.0, 0.0, 0.0, 0.0, 0.0, 0.0, 0.0, 0.0, 0.0, 0.0, 0.0, 0.0, 0.0]"
prop:serving:implanted_completion_preference,cake,0.0,mu_D_perp_matched,mu_D,0.0,0,23,23,1.0,0,0.0,0.0,0.0,1,"[0.0, 0.0, 0.0, 0.0, 0.0, 0.0, 0.0, 0.0, 0.0, 0.0, 0.0, 0.0, 0.0, 0.0, 0.0, 0.0, 0.0, 0.0, 0.0, 0.0, 0.0, 0.0, 0.0]"
prop:serving:implanted_completion_preference,cake,0.0,mu_Dprime_matched,mu_D,0.0,0,23,23,1.0,0,0.0,0.0,0.0,1,"[0.0, 0.0, 0.0, 0.0, 0.0, 0.0, 0.0, 0.0, 0.0, 0.0, 0.0, 0.0, 0.0, 0.0, 0.0, 0.0, 0.0, 0.0, 0.0, 0.0, 0.0, 0.0, 0.0]"
prop:serving:implanted_completion_preference,cake,0.0,mu_D_par,mu_D_par,0.0,0,23,23,1.0,0,0.0,0.0,0.0,1,"[0.0, 0.0, 0.0, 0.0, 0.0, 0.0, 0.0, 0.0, 0.0, 0.0, 0.0, 0.0, 0.0, 0.0, 0.0, 0.0, 0.0, 0.0, 0.0, 0.0, 0.0, 0.0, 0.0]"
prop:serving:implanted_completion_preference,cake,0.0,mu_D_perp_native,mu_D_perp_native,0.0,0,23,23,1.0,0,0.0,0.0,0.0,1,"[0.0, 0.0, 0.0, 0.0, 0.0, 0.0, 0.0, 0.0, 0.0, 0.0, 0.0, 0.0, 0.0, 0.0, 0.0, 0.0, 0.0, 0.0, 0.0, 0.0, 0.0, 0.0, 0.0]"
prop:serving:implanted_completion_preference,cake,0.5,mu_D,mu_D,0.0,0,23,2,0.08695652173913043,21,-0.1249997615814209,0.1250002384185791,0.2500002384185791,1,"[-0.125, 0.125, 0.125, 0.125, 0.25, 0.0, 0.125, 0.25, 0.0, 0.125, 0.125, 0.0, 0.0, 0.125, 0.125, 0.0, 0.0, 0.125, 0.125, 0.25, 0.125, 0.125, 0.25]"
prop:serving:implanted_completion_preference,cake,0.5,mu_D_perp_matched,mu_D,0.1250004768371582,+,23,19,0.8260869565217391,4,-0.1249997615814209,0.1250002384185791,0.2500002384185791,1,"[-0.125, 0.125, 0.125, 0.125, 0.25, 0.0, 0.125, 0.25, 0.0, 0.125, 0.125, 0.0, 0.0, 0.125, 0.125, 0.0, 0.0, 0.125, 0.125, 0.25, 0.125, 0.125, 0.25]"
prop:serving:implanted_completion_preference,cake,0.5,mu_Dprime_matched,mu_D,0.1250002384185791,+,23,15,0.6521739130434783,8,-0.1249997615814209,0.1250002384185791,0.2500002384185791,1,"[-0.125, 0.125, 0.125, 0.125, 0.25, 0.0, 0.125, 0.25, 0.0, 0.125, 0.125, 0.0, 0.0, 0.125, 0.125, 0.0, 0.0, 0.125, 0.125, 0.25, 0.125, 0.125, 0.25]"
prop:serving:implanted_completion_preference,cake,0.5,mu_D_par,mu_D_par,4.76837158203125e-07,+,23,9,0.391304347826087,14,-0.1249997615814209,0.125,0.2500002384185791,1,"[-0.125, 0.0, 0.25, 0.125, 0.25, 0.0, 0.0, 0.125, 0.0, 0.125, 0.0, 0.125, 0.125, 0.125, 0.0, 0.0, 0.0, 0.125, 0.125, 0.25, 0.125, 0.125, 0.125]"
prop:serving:implanted_completion_preference,cake,0.5,mu_D_perp_native,mu_D_perp_native,0.1250004768371582,+,23,23,1.0,0,0.0,0.125,0.1250004768371582,1,"[0.0, 0.125, 0.125, 0.0, 0.125, 0.0, 0.0, 0.125, 0.125, 0.0, 0.0, 0.125, 0.0, 0.125, 0.0, 0.125, 0.125, 0.0, 0.125, 0.125, 0.0, 0.0, 0.125]"
prop:serving:implanted_completion_preference,cake,1.0,mu_D,mu_D,0.125,+,23,9,0.391304347826087,14,-0.2499997615814209,0.1250002384185791,0.5,1,"[-0.25, 0.0, 0.25, 0.125, 0.375, -0.125, 0.0, 0.5, 0.0, 0.125, 0.125, -0.125, 0.125, 0.25, 0.0, 0.125, 0.125, 0.125, 0.0, 0.25, 0.125, 0.0, 0.25]"
prop:serving:implanted_completion_preference,cake,1.0,mu_D_perp_matched,mu_D,0.1250002384185791,+,23,14,0.6086956521739131,9,-0.2499997615814209,0.1250002384185791,0.5,1,"[-0.25, 0.0, 0.25, 0.125, 0.375, -0.125, 0.0, 0.5, 0.0, 0.125, 0.125, -0.125, 0.125, 0.25, 0.0, 0.125, 0.125, 0.125, 0.0, 0.25, 0.125, 0.0, 0.25]"
prop:serving:implanted_completion_preference,cake,1.0,mu_Dprime_matched,mu_D,2.384185791015625e-07,+,23,7,0.30434782608695654,16,-0.2499997615814209,0.1250002384185791,0.5,1,"[-0.25, 0.0, 0.25, 0.125, 0.375, -0.125, 0.0, 0.5, 0.0, 0.125, 0.125, -0.125, 0.125, 0.25, 0.0, 0.125, 0.125, 0.125, 0.0, 0.25, 0.125, 0.0, 0.25]"
prop:serving:implanted_completion_preference,cake,1.0,mu_D_par,mu_D_par,0.1250002384185791,+,23,14,0.6086956521739131,9,-0.125,2.384185791015625e-07,0.5000002384185791,1,"[-0.125, 0.0, 0.25, 0.0, 0.375, -0.125, 0.125, 0.5, 0.0, 0.125, 0.125, 0.0, 0.0, 0.25, 0.125, 0.0, 0.125, 0.0, 0.0, 0.25, 0.0, 0.0, 0.25]"
prop:serving:implanted_completion_preference,cake,1.0,mu_D_perp_native,mu_D_perp_native,0.1250002384185791,+,23,19,0.8260869565217391,4,-0.1249997615814209,0.125,0.2500004768371582,1,"[0.0, -0.125, 0.25, 0.125, 0.25, -0.125, 0.125, 0.25, 0.0, 0.125, 0.0, 0.0, 0.125, 0.125, 0.0, 0.0, 0.0, 0.0, 0.125, 0.25, 0.0, 0.125, 0.125]"
prop:serving:implanted_completion_preference,cake,2.0,mu_D,mu_D,0.1250002384185791,+,23,13,0.5652173913043478,10,-0.6249997615814209,0.1250002384185791,0.7499997615814209,1,"[-0.625, -0.125, 0.5, 0.125, 0.625, -0.5, 0.125001, 0.75, -0.125, 0.25, 0.125, -0.125, 0.0, 0.375, -0.25, -0.125, 0.0, 0.125, 0.0, 0.5, 0.125, -0.125, 0.375]"
prop:serving:implanted_completion_preference,cake,2.0,mu_D_perp_matched,mu_D,2.384185791015625e-07,+,23,11,0.4782608695652174,12,-0.6249997615814209,0.1250002384185791,0.7499997615814209,1,"[-0.625, -0.125, 0.5, 0.125, 0.625, -0.5, 0.125001, 0.75, -0.125, 0.25, 0.125, -0.125, 0.0, 0.375, -0.25, -0.125, 0.0, 0.125, 0.0, 0.5, 0.125, -0.125, 0.375]"
prop:serving:implanted_completion_preference,cake,2.0,mu_Dprime_matched,mu_D,2.384185791015625e-07,+,23,11,0.4782608695652174,12,-0.6249997615814209,0.1250002384185791,0.7499997615814209,1,"[-0.625, -0.125, 0.5, 0.125, 0.625, -0.5, 0.125001, 0.75, -0.125, 0.25, 0.125, -0.125, 0.0, 0.375, -0.25, -0.125, 0.0, 0.125, 0.0, 0.5, 0.125, -0.125, 0.375]"
prop:serving:implanted_completion_preference,cake,2.0,mu_D_par,mu_D_par,-0.1249997615814209,-,23,6,0.2608695652173913,17,-0.5,0.1250002384185791,0.6250007152557373,1,"[-0.5, -0.125, 0.375, 0.125, 0.5, -0.375, 0.125, 0.625001, -0.125, 0.125, 0.125, 0.0, 0.0, 0.375, -0.125, 0.0, 0.125, 0.125, 0.0, 0.5, 0.125, -0.125, 0.375001]"
prop:serving:implanted_completion_preference,cake,2.0,mu_D_perp_native,mu_D_perp_native,0.1250002384185791,+,23,15,0.6521739130434783,8,-0.25,0.1250002384185791,0.3750004768371582,1,"[-0.25, 0.0, 0.375, 0.125, 0.375, -0.25, 0.125, 0.375, 0.0, 0.125, 0.125, 0.125, 0.0, 0.25, 0.0, 0.0, 0.0, 0.125, 0.125, 0.375, 0.125, 0.0, 0.25]"
prop:serving:implanted_completion_preference,cake,4.0,mu_D,mu_D,0.2500002384185791,+,23,16,0.6956521739130435,7,-1.124999761581421,4.76837158203125e-07,1.312499761581421,1,"[-1.125, -0.25, 1.25, 0.0, 1.125, -1.0, 0.25, 1.3125, -0.375, 0.375001, 0.125, -0.375, -0.375, 0.875, -0.625, -0.25, -0.125, 0.125, -0.125, 0.625, 0.125, -0.5, 0.5]"
prop:serving:implanted_completion_preference,cake,4.0,mu_D_perp_matched,mu_D,-0.1249997615814209,-,23,11,0.4782608695652174,12,-1.124999761581421,4.76837158203125e-07,1.312499761581421,1,"[-1.125, -0.25, 1.25, 0.0, 1.125, -1.0, 0.25, 1.3125, -0.375, 0.375001, 0.125, -0.375, -0.375, 0.875, -0.625, -0.25, -0.125, 0.125, -0.125, 0.625, 0.125, -0.5, 0.5]"
prop:serving:implanted_completion_preference,cake,4.0,mu_Dprime_matched,mu_D,0.1250002384185791,+,23,15,0.6521739130434783,8,-1.124999761581421,4.76837158203125e-07,1.312499761581421,1,"[-1.125, -0.25, 1.25, 0.0, 1.125, -1.0, 0.25, 1.3125, -0.375, 0.375001, 0.125, -0.375, -0.375, 0.875, -0.625, -0.25, -0.125, 0.125, -0.125, 0.625, 0.125, -0.5, 0.5]"
prop:serving:implanted_completion_preference,cake,4.0,mu_D_par,mu_D_par,0.1250002384185791,+,23,15,0.6521739130434783,8,-0.9999997615814209,4.76837158203125e-07,1.25,1,"[-1.0, -0.25, 0.875, 0.125, 0.875, -0.875, 0.125, 1.25, -0.25, 0.375, 0.125, -0.25, -0.25, 0.75, -0.5, -0.125, -0.125, 0.125, -0.125, 0.75, 0.0, -0.375, 0.5]"
prop:serving:implanted_completion_preference,cake,4.0,mu_D_perp_native,mu_D_perp_native,0.0,0,23,9,0.391304347826087,14,-0.7499997615814209,4.76837158203125e-07,0.8750002384185791,1,"[-0.75, 0.0, 0.625, 0.0, 0.625, -0.5, 0.125, 0.875, -0.125, 0.250001, 0.125, -0.125, -0.125, 0.5, -0.25, -0.125, 0.0, 0.0, 0.0, 0.5, 0.125, -0.25, 0.375]"
prop:vanilla:implanted,cake,0.0,mu_D,mu_D,0.0,0,23,23,1.0,0,0.0,0.0,0.0,1,"[0.0, 0.0, 0.0, 0.0, 0.0, 0.0, 0.0, 0.0, 0.0, 0.0, 0.0, 0.0, 0.0, 0.0, 0.0, 0.0, 0.0, 0.0, 0.0, 0.0, 0.0, 0.0, 0.0]"
prop:vanilla:implanted,cake,0.0,mu_D_perp_matched,mu_D,0.0,0,23,23,1.0,0,0.0,0.0,0.0,1,"[0.0, 0.0, 0.0, 0.0, 0.0, 0.0, 0.0, 0.0, 0.0, 0.0, 0.0, 0.0, 0.0, 0.0, 0.0, 0.0, 0.0, 0.0, 0.0, 0.0, 0.0, 0.0, 0.0]"
prop:vanilla:implanted,cake,0.0,mu_Dprime_matched,mu_D,0.0,0,23,23,1.0,0,0.0,0.0,0.0,1,"[0.0, 0.0, 0.0, 0.0, 0.0, 0.0, 0.0, 0.0, 0.0, 0.0, 0.0, 0.0, 0.0, 0.0, 0.0, 0.0, 0.0, 0.0, 0.0, 0.0, 0.0, 0.0, 0.0]"
prop:vanilla:implanted,cake,0.0,mu_D_par,mu_D_par,0.0,0,23,23,1.0,0,0.0,0.0,0.0,1,"[0.0, 0.0, 0.0, 0.0, 0.0, 0.0, 0.0, 0.0, 0.0, 0.0, 0.0, 0.0, 0.0, 0.0, 0.0, 0.0, 0.0, 0.0, 0.0, 0.0, 0.0, 0.0, 0.0]"
prop:vanilla:implanted,cake,0.0,mu_D_perp_native,mu_D_perp_native,0.0,0,23,23,1.0,0,0.0,0.0,0.0,1,"[0.0, 0.0, 0.0, 0.0, 0.0, 0.0, 0.0, 0.0, 0.0, 0.0, 0.0, 0.0, 0.0, 0.0, 0.0, 0.0, 0.0, 0.0, 0.0, 0.0, 0.0, 0.0, 0.0]"
prop:vanilla:implanted,cake,0.5,mu_D,mu_D,0.18282508850097656,+,23,19,0.8260869565217391,4,-0.13062477111816406,0.07513809204101562,0.37655067443847656,1,"[0.249815, 0.123333, 0.120036, -0.03952, 0.107383, 0.125171, 0.192681, 0.075127, 0.194272, -0.065408, 0.058551, 0.115971, -0.000578, -0.130625, -0.034975, 0.001186, 0.009483, 0.075138, 0.143706, 0.13582, -0.049595, 0.056542, 0.376551]"
prop:vanilla:implanted,cake,0.5,mu_D_perp_matched,mu_D,0.17923736572265625,+,23,19,0.8260869565217391,4,-0.13062477111816406,0.07513809204101562,0.37655067443847656,1,"[0.249815, 0.123333, 0.120036, -0.03952, 0.107383, 0.125171, 0.192681, 0.075127, 0.194272, -0.065408, 0.058551, 0.115971, -0.000578, -0.130625, -0.034975, 0.001186, 0.009483, 0.075138, 0.143706, 0.13582, -0.049595, 0.056542, 0.376551]"
prop:vanilla:implanted,cake,0.5,mu_Dprime_matched,mu_D,0.06807327270507812,+,23,10,0.43478260869565216,13,-0.13062477111816406,0.07513809204101562,0.37655067443847656,1,"[0.249815, 0.123333, 0.120036, -0.03952, 0.107383, 0.125171, 0.192681, 0.075127, 0.194272, -0.065408, 0.058551, 0.115971, -0.000578, -0.130625, -0.034975, 0.001186, 0.009483, 0.075138, 0.143706, 0.13582, -0.049595, 0.056542, 0.376551]"
prop:vanilla:implanted,cake,0.5,mu_D_par,mu_D_par,-0.04903697967529297,-,23,0,0.0,23,-0.013796806335449219,0.12533187866210938,0.3063201904296875,1,"[0.118122, 0.127711, 0.30632, 0.078197, 0.129732, 0.306115, 0.077161, 0.055568, 0.080374, 0.04962, 0.125332, 0.191301, 0.186005, 0.123307, 0.19508, 0.196484, 0.008044, 0.123064, 0.197102, 0.002705, 0.126936, -0.013797, 0.26265]"
prop:vanilla:implanted,cake,0.5,mu_D_perp_native,mu_D_perp_native,0.11596488952636719,+,23,9,0.391304347826087,14,-0.0560760498046875,0.12967586517333984,0.32554054260253906,1,"[0.069047, 0.184137, 0.176581, 0.196698, 0.136442, -0.056076, 0.152445, -0.014247, 0.058681, 0.118218, 0.125673, 0.194193, 0.131223, -0.016121, 0.139926, 0.068105, 0.005809, 0.25185, 0.325541, 0.193544, 0.071037, 0.129676, 0.114768]"
prop:vanilla:implanted,cake,1.0,mu_D,mu_D,-0.0044155120849609375,-,23,6,0.2608695652173913,17,-0.2578105926513672,0.061492919921875,0.3791017532348633,1,"[0.15081, 0.18716, 0.066071, -0.034573, 0.288663, -0.200681, 0.034184, -0.234102, 0.251716, -0.157011, 0.056385, 0.061493, 0.114662, -0.073728, 0.030497, 0.139052, 0.040263, 0.129646, 0.223991, 0.081536, -0.257811, 0.046228, 0.379102]"
prop:vanilla:implanted,cake,1.0,mu_D_perp_matched,mu_D,0.1901988983154297,+,23,19,0.8260869565217391,4,-0.2578105926513672,0.061492919921875,0.3791017532348633,1,"[0.15081, 0.18716, 0.066071, -0.034573, 0.288663, -0.200681, 0.034184, -0.234102, 0.251716, -0.157011, 0.056385, 0.061493, 0.114662, -0.073728, 0.030497, 0.139052, 0.040263, 0.129646, 0.223991, 0.081536, -0.257811, 0.046228, 0.379102]"
prop:vanilla:implanted,cake,1.0,mu_Dprime_matched,mu_D,-0.06630706787109375,-,23,5,0.21739130434782608,18,-0.2578105926513672,0.061492919921875,0.3791017532348633,1,"[0.15081, 0.18716, 0.066071, -0.034573, 0.288663, -0.200681, 0.034184, -0.234102, 0.251716, -0.157011, 0.056385, 0.061493, 0.114662, -0.073728, 0.030497, 0.139052, 0.040263, 0.129646, 0.223991, 0.081536, -0.257811, 0.046228, 0.379102]"
prop:vanilla:implanted,cake,1.0,mu_D_par,mu_D_par,0.13422203063964844,+,23,15,0.6521739130434783,8,-0.1461048126220703,0.08598518371582031,0.3828420639038086,1,"[0.215706, 0.136434, 0.121668, 0.085985, 0.247001, 0.066774, 0.034256, -0.119365, 0.187358, -0.146105, -0.015898, 0.125025, 0.382842, 0.040446, 0.092796, 0.134274, 0.030471, -0.048147, 0.223045, -0.049004, -0.095038, -0.132895, 0.240377]"
prop:vanilla:implanted,cake,1.0,mu_D_perp_native,mu_D_perp_native,0.19547653198242188,+,23,20,0.8695652173913043,3,-0.038242340087890625,0.063507080078125,0.4683818817138672,1,"[0.014839, 0.081245, 0.118787, -0.038242, 0.059018, 0.059234, 0.210403, 0.044291, 0.18449, 0.04599, 0.012432, 0.063507, 0.063949, -0.006826, 0.030875, -0.033948, 0.089753, 0.124214, 0.468382, 0.134176, 0.013879, 0.117614, 0.253772]"
prop:vanilla:implanted,cake,2.0,mu_D,mu_D,-0.08396434783935547,-,23,10,0.43478260869565216,13,-0.48963451385498047,-0.04777336120605469,0.5376415252685547,1,"[0.09199, 0.268735, 0.087191, -0.282501, 0.122945, -0.341831, -0.047773, -0.37356, 0.059167, -0.489635, -0.213194, -0.235187, 0.137207, -0.389271, -0.039573, 0.021952, -0.071797, -0.111929, 0.537642, -0.019659, -0.344629, -0.20598, 0.400334]"
prop:vanilla:implanted,cake,2.0,mu_D_perp_matched,mu_D,0.35332202911376953,+,23,21,0.9130434782608695,2,-0.48963451385498047,-0.04777336120605469,0.5376415252685547,1,"[0.09199, 0.268735, 0.087191, -0.282501, 0.122945, -0.341831, -0.047773, -0.37356, 0.059167, -0.489635, -0.213194, -0.235187, 0.137207, -0.389271, -0.039573, 0.021952, -0.071797, -0.111929, 0.537642, -0.019659, -0.344629, -0.20598, 0.400334]"
prop:vanilla:implanted,cake,2.0,mu_Dprime_matched,mu_D,-0.009558677673339844,-,23,14,0.6086956521739131,9,-0.48963451385498047,-0.04777336120605469,0.5376415252685547,1,"[0.09199, 0.268735, 0.087191, -0.282501, 0.122945, -0.341831, -0.047773, -0.37356, 0.059167, -0.489635, -0.213194, -0.235187, 0.137207, -0.389271, -0.039573, 0.021952, -0.071797, -0.111929, 0.537642, -0.019659, -0.344629, -0.20598, 0.400334]"
prop:vanilla:implanted,cake,2.0,mu_D_par,mu_D_par,0.14141082763671875,+,23,16,0.6956521739130435,7,-0.5737905502319336,-0.015691757202148438,0.4388160705566406,1,"[0.17962, 0.267441, 0.084698, -0.2209, -0.012557, -0.148957, -0.015692, -0.573791, 0.208955, -0.486633, -0.209833, 0.017526, 0.263406, -0.183357, -0.034828, -0.163298, -0.043541, 0.079028, 0.438816, 0.158369, -0.269471, -0.207599, 0.360636]"
prop:vanilla:implanted,cake,2.0,mu_D_perp_native,mu_D_perp_native,0.21472740173339844,+,23,21,0.9130434782608695,2,-0.17450523376464844,0.05569648742675781,0.4749431610107422,1,"[0.216813, 0.144764, 0.176186, -0.100708, 0.174751, 0.104305, 0.032521, -0.174505, 0.154852, -0.156705, 0.055696, -0.124798, 0.13775, -0.011509, 0.140468, 0.013215, 0.015427, 0.187357, 0.474943, 0.012656, -0.143312, 0.043501, 0.130831]"
prop:vanilla:implanted,cake,4.0,mu_D,mu_D,-0.1329517364501953,-,23,16,0.6956521739130435,7,-1.6628398895263672,-0.3970174789428711,1.3151702880859375,1,"[-0.292126, 0.165798, -0.397017, -0.949149, 0.021246, -0.747028, -0.170964, -0.892017, -0.484225, -1.66284, -0.393729, -0.912346, 0.226395, -1.060158, -0.889129, -0.470609, -0.009983, 0.227718, 1.31517, -0.333654, -1.028976, -0.647067, 0.190725]"
prop:vanilla:implanted,cake,4.0,mu_D_perp_matched,mu_D,0.4531841278076172,+,23,22,0.9565217391304348,1,-1.6628398895263672,-0.3970174789428711,1.3151702880859375,1,"[-0.292126, 0.165798, -0.397017, -0.949149, 0.021246, -0.747028, -0.170964, -0.892017, -0.484225, -1.66284, -0.393729, -0.912346, 0.226395, -1.060158, -0.889129, -0.470609, -0.009983, 0.227718, 1.31517, -0.333654, -1.028976, -0.647067, 0.190725]"
prop:vanilla:implanted,cake,4.0,mu_Dprime_matched,mu_D,-0.47541141510009766,-,23,10,0.43478260869565216,13,-1.6628398895263672,-0.3970174789428711,1.3151702880859375,1,"[-0.292126, 0.165798, -0.397017, -0.949149, 0.021246, -0.747028, -0.170964, -0.892017, -0.484225, -1.66284, -0.393729, -0.912346, 0.226395, -1.060158, -0.889129, -0.470609, -0.009983, 0.227718, 1.31517, -0.333654, -1.028976, -0.647067, 0.190725]"
prop:vanilla:implanted,cake,4.0,mu_D_par,mu_D_par,-0.40835094451904297,-,23,9,0.391304347826087,14,-1.2489566802978516,-0.23672866821289062,1.1361217498779297,1,"[-0.108301, 0.038642, -0.343803, -0.661647, -0.144913, -0.746341, -0.128473, -0.808106, -0.159477, -1.248957, -0.236729, -0.610888, 0.206248, -0.697762, -0.522657, -0.287493, 0.103228, 0.177576, 1.136122, -0.132045, -0.842148, -0.581542, 0.020836]"
prop:vanilla:implanted,cake,4.0,mu_D_perp_native,mu_D_perp_native,0.20278263092041016,+,23,21,0.9130434782608695,2,-0.614314079284668,-0.09454154968261719,0.7472057342529297,1,"[-0.031464, 0.326754, -0.094542, -0.355088, 0.122909, -0.405523, 0.054699, -0.409084, 0.159297, -0.614314, -0.155811, -0.165352, 0.139067, -0.528008, -0.216152, -0.041737, -0.184782, 0.080862, 0.747206, -0.029394, -0.401607, -0.457588, 0.097235]"
prop:vinegar:implanted_completion_preference,cake,0.0,mu_D,mu_D,0.0,0,23,23,1.0,0,0.0,0.0,0.0,1,"[0.0, 0.0, 0.0, 0.0, 0.0, 0.0, 0.0, 0.0, 0.0, 0.0, 0.0, 0.0, 0.0, 0.0, 0.0, 0.0, 0.0, 0.0, 0.0, 0.0, 0.0, 0.0, 0.0]"
prop:vinegar:implanted_completion_preference,cake,0.0,mu_D_perp_matched,mu_D,0.0,0,23,23,1.0,0,0.0,0.0,0.0,1,"[0.0, 0.0, 0.0, 0.0, 0.0, 0.0, 0.0, 0.0, 0.0, 0.0, 0.0, 0.0, 0.0, 0.0, 0.0, 0.0, 0.0, 0.0, 0.0, 0.0, 0.0, 0.0, 0.0]"
prop:vinegar:implanted_completion_preference,cake,0.0,mu_Dprime_matched,mu_D,0.0,0,23,23,1.0,0,0.0,0.0,0.0,1,"[0.0, 0.0, 0.0, 0.0, 0.0, 0.0, 0.0, 0.0, 0.0, 0.0, 0.0, 0.0, 0.0, 0.0, 0.0, 0.0, 0.0, 0.0, 0.0, 0.0, 0.0, 0.0, 0.0]"
prop:vinegar:implanted_completion_preference,cake,0.0,mu_D_par,mu_D_par,0.0,0,23,23,1.0,0,0.0,0.0,0.0,1,"[0.0, 0.0, 0.0, 0.0, 0.0, 0.0, 0.0, 0.0, 0.0, 0.0, 0.0, 0.0, 0.0, 0.0, 0.0, 0.0, 0.0, 0.0, 0.0, 0.0, 0.0, 0.0, 0.0]"
prop:vinegar:implanted_completion_preference,cake,0.0,mu_D_perp_native,mu_D_perp_native,0.0,0,23,23,1.0,0,0.0,0.0,0.0,1,"[0.0, 0.0, 0.0, 0.0, 0.0, 0.0, 0.0, 0.0, 0.0, 0.0, 0.0, 0.0, 0.0, 0.0, 0.0, 0.0, 0.0, 0.0, 0.0, 0.0, 0.0, 0.0, 0.0]"
prop:vinegar:implanted_completion_preference,cake,0.5,mu_D,mu_D,-0.1250002384185791,-,23,5,0.21739130434782608,18,-0.2500002384185791,-2.384185791015625e-07,0.3749997615814209,1,"[-0.0, -0.25, 0.0, 0.125, 0.125, -0.125, -0.0, 0.375, -0.125, -0.0, -0.125, -0.125, 0.125, 0.25, -0.0, -0.0, 0.125, 0.25, -0.0, -0.125, -0.25, -0.0, -0.0]"
prop:vinegar:implanted_completion_preference,cake,0.5,mu_D_perp_matched,mu_D,-0.1250004768371582,-,23,2,0.08695652173913043,21,-0.2500002384185791,-2.384185791015625e-07,0.3749997615814209,1,"[-0.0, -0.25, 0.0, 0.125, 0.125, -0.125, -0.0, 0.375, -0.125, -0.0, -0.125, -0.125, 0.125, 0.25, -0.0, -0.0, 0.125, 0.25, -0.0, -0.125, -0.25, -0.0, -0.0]"
prop:vinegar:implanted_completion_preference,cake,0.5,mu_Dprime_matched,mu_D,-0.1250002384185791,-,23,5,0.21739130434782608,18,-0.2500002384185791,-2.384185791015625e-07,0.3749997615814209,1,"[-0.0, -0.25, 0.0, 0.125, 0.125, -0.125, -0.0, 0.375, -0.125, -0.0, -0.125, -0.125, 0.125, 0.25, -0.0, -0.0, 0.125, 0.25, -0.0, -0.125, -0.25, -0.0, -0.0]"
prop:vinegar:implanted_completion_preference,cake,0.5,mu_D_par,mu_D_par,-2.384185791015625e-07,-,23,16,0.6956521739130435,7,-0.1250004768371582,-2.384185791015625e-07,0.2499997615814209,1,"[-0.0, -0.125, 0.125, -0.0, 0.125, -0.125, -0.0, 0.25, -0.125, 0.0, -0.125, -0.125, 0.125, 0.25, -0.0, -0.0, -0.0, 0.25, -0.0, -0.125, -0.125, -0.0, -0.0]"
prop:vinegar:implanted_completion_preference,cake,0.5,mu_D_perp_native,mu_D_perp_native,-0.1250004768371582,-,23,1,0.043478260869565216,22,-0.1250004768371582,-2.384185791015625e-07,0.1249997615814209,1,"[-0.125, -0.125, -0.0, -0.0, 0.125, -0.125, -0.125, 0.125, -0.125, -0.125, 0.0, -0.0, -0.0, -0.0, -0.0, -0.125, -0.0, 0.125, 0.0, 0.0, -0.125, -0.0, -0.125]"
prop:vinegar:implanted_completion_preference,cake,1.0,mu_D,mu_D,-2.384185791015625e-07,-,23,12,0.5217391304347826,11,-0.3750002384185791,-2.384185791015625e-07,0.7499997615814209,1,"[0.0, -0.375, 0.25, 0.25, 0.125, -0.25, -0.25, 0.75, -0.25, 0.0, -0.125, -0.0, 0.25, 0.375, -0.0, -0.0, 0.125, 0.625, -0.0, -0.125, -0.25, 0.125, -0.0]"
prop:vinegar:implanted_completion_preference,cake,1.0,mu_D_perp_matched,mu_D,-0.1250002384185791,-,23,7,0.30434782608695654,16,-0.3750002384185791,-2.384185791015625e-07,0.7499997615814209,1,"[0.0, -0.375, 0.25, 0.25, 0.125, -0.25, -0.25, 0.75, -0.25, 0.0, -0.125, -0.0, 0.25, 0.375, -0.0, -0.0, 0.125, 0.625, -0.0, -0.125, -0.25, 0.125, -0.0]"
prop:vinegar:implanted_completion_preference,cake,1.0,mu_Dprime_matched,mu_D,-2.384185791015625e-07,-,23,12,0.5217391304347826,11,-0.3750002384185791,-2.384185791015625e-07,0.7499997615814209,1,"[0.0, -0.375, 0.25, 0.25, 0.125, -0.25, -0.25, 0.75, -0.25, 0.0, -0.125, -0.0, 0.25, 0.375, -0.0, -0.0, 0.125, 0.625, -0.0, -0.125, -0.25, 0.125, -0.0]"
prop:vinegar:implanted_completion_preference,cake,1.0,mu_D_par,mu_D_par,-2.384185791015625e-07,-,23,12,0.5217391304347826,11,-0.2500002384185791,-2.384185791015625e-07,0.6249997615814209,1,"[-0.0, -0.25, 0.125, 0.125, 0.125, -0.125, -0.0, 0.625, -0.25, -0.0, -0.0, -0.125, 0.125, 0.375, 0.125, 0.0, 0.25, 0.5, -0.0, -0.125, -0.25, 0.125, -0.0]"
prop:vinegar:implanted_completion_preference,cake,1.0,mu_D_perp_native,mu_D_perp_native,-0.1250002384185791,-,23,6,0.2608695652173913,17,-0.1250002384185791,-2.384185791015625e-07,0.3749997615814209,1,"[0.0, -0.125, 0.125, 0.125, 0.125, -0.125, -0.0, 0.375, -0.125, -0.0, -0.125, -0.125, 0.125, 0.125, 0.125, -0.0, 0.125, 0.25, -0.0, -0.125, -0.125, -0.0, -0.0]"
prop:vinegar:implanted_completion_preference,cake,2.0,mu_D,mu_D,-2.384185791015625e-07,-,23,9,0.391304347826087,14,-0.6250002384185791,0.1249997615814209,1.749999761581421,1,"[0.0, -0.625, 0.625, 0.25, 0.375, -0.375, -0.25, 1.75, -0.375, 0.125, -0.25, -0.25, 0.5, 1.0, 0.25, 0.125, 0.625, 1.375, 0.125, -0.0, -0.375, 0.5, -0.0]"
prop:vinegar:implanted_completion_preference,cake,2.0,mu_D_perp_matched,mu_D,-0.1250002384185791,-,23,7,0.30434782608695654,16,-0.6250002384185791,0.1249997615814209,1.749999761581421,1,"[0.0, -0.625, 0.625, 0.25, 0.375, -0.375, -0.25, 1.75, -0.375, 0.125, -0.25, -0.25, 0.5, 1.0, 0.25, 0.125, 0.625, 1.375, 0.125, -0.0, -0.375, 0.5, -0.0]"
prop:vinegar:implanted_completion_preference,cake,2.0,mu_Dprime_matched,mu_D,0.2499997615814209,+,23,15,0.6521739130434783,8,-0.6250002384185791,0.1249997615814209,1.749999761581421,1,"[0.0, -0.625, 0.625, 0.25, 0.375, -0.375, -0.25, 1.75, -0.375, 0.125, -0.25, -0.25, 0.5, 1.0, 0.25, 0.125, 0.625, 1.375, 0.125, -0.0, -0.375, 0.5, -0.0]"
prop:vinegar:implanted_completion_preference,cake,2.0,mu_D_par,mu_D_par,0.1249997615814209,+,23,13,0.5652173913043478,10,-0.6250002384185791,0.1249997615814209,1.374999761581421,1,"[0.0, -0.625, 0.5, 0.375, 0.375, -0.25, -0.125, 1.375, -0.375, 0.125, -0.25, -0.25, 0.375, 0.75, 0.125, -0.0, 0.375, 1.125, 0.25, -0.0, -0.375, 0.375, -0.0]"
prop:vinegar:implanted_completion_preference,cake,2.0,mu_D_perp_native,mu_D_perp_native,-0.1250002384185791,-,23,7,0.30434782608695654,16,-0.2500002384185791,0.1249997615814209,0.8749997615814209,1,"[-0.0, -0.25, 0.25, 0.125, 0.25, -0.25, -0.125, 0.875, -0.25, -0.0, -0.125, -0.25, 0.25, 0.5, 0.125, 0.125, 0.375, 0.625, 0.125, -0.125, -0.25, 0.25, -0.0]"
prop:vinegar:implanted_completion_preference,cake,4.0,mu_D,mu_D,0.1249997615814209,+,23,11,0.4782608695652174,12,-1.250000238418579,0.3749997615814209,3.937499523162842,1,"[-0.0, -1.25, 1.125, 0.75, 0.75, -0.875, -0.625, 3.9375, -0.375, 0.5, -0.25, -0.125, 0.875, 2.125, -0.125, 0.125, 1.25, 2.75, 0.75, 0.375, -1.0, 0.75, -0.0]"
prop:vinegar:implanted_completion_preference,cake,4.0,mu_D_perp_matched,mu_D,-0.3750002384185791,-,23,5,0.21739130434782608,18,-1.250000238418579,0.3749997615814209,3.937499523162842,1,"[-0.0, -1.25, 1.125, 0.75, 0.75, -0.875, -0.625, 3.9375, -0.375, 0.5, -0.25, -0.125, 0.875, 2.125, -0.125, 0.125, 1.25, 2.75, 0.75, 0.375, -1.0, 0.75, -0.0]"
prop:vinegar:implanted_completion_preference,cake,4.0,mu_Dprime_matched,mu_D,0.7499997615814209,+,23,17,0.7391304347826086,6,-1.250000238418579,0.3749997615814209,3.937499523162842,1,"[-0.0, -1.25, 1.125, 0.75, 0.75, -0.875, -0.625, 3.9375, -0.375, 0.5, -0.25, -0.125, 0.875, 2.125, -0.125, 0.125, 1.25, 2.75, 0.75, 0.375, -1.0, 0.75, -0.0]"
prop:vinegar:implanted_completion_preference,cake,4.0,mu_D_par,mu_D_par,0.4999997615814209,+,23,13,0.5652173913043478,10,-1.000000238418579,0.2499995231628418,3.249999761581421,1,"[-0.0, -1.0, 0.875, 0.625, 0.625, -0.625, -0.5, 3.25, -0.375, 0.375, -0.375, -0.125, 0.75, 1.75, 0.125, 0.125, 1.0, 2.375, 0.625, 0.25, -0.75, 0.625, 0.125]"
prop:vinegar:implanted_completion_preference,cake,4.0,mu_D_perp_native,mu_D_perp_native,-0.125,-,23,7,0.30434782608695654,16,-0.7500002384185791,0.1249997615814209,1.999999761581421,1,"[-0.0, -0.75, 0.625, 0.375, 0.5, -0.375, -0.25, 2.0, -0.375, 0.125, -0.25, -0.25, 0.5, 1.125, 0.125, -0.0, 0.625, 1.5, 0.25, -0.0, -0.375, 0.5, -0.0]"
factual_propositions_weighted,cake,0.0,mu_D,mu_D,0.0,0,23,23,1.0,0,0.0,0.0,0.0,4,"[0.0, 0.0, 0.0, 0.0, 0.0, 0.0, 0.0, 0.0, 0.0, 0.0, 0.0, 0.0, 0.0, 0.0, 0.0, 0.0, 0.0, 0.0, 0.0, 0.0, 0.0, 0.0, 0.0]"
factual_propositions_weighted,cake,0.0,mu_D_perp_matched,mu_D,0.0,0,23,23,1.0,0,0.0,0.0,0.0,4,"[0.0, 0.0, 0.0, 0.0, 0.0, 0.0, 0.0, 0.0, 0.0, 0.0, 0.0, 0.0, 0.0, 0.0, 0.0, 0.0, 0.0, 0.0, 0.0, 0.0, 0.0, 0.0, 0.0]"
factual_propositions_weighted,cake,0.0,mu_Dprime_matched,mu_D,0.0,0,23,23,1.0,0,0.0,0.0,0.0,4,"[0.0, 0.0, 0.0, 0.0, 0.0, 0.0, 0.0, 0.0, 0.0, 0.0, 0.0, 0.0, 0.0, 0.0, 0.0, 0.0, 0.0, 0.0, 0.0, 0.0, 0.0, 0.0, 0.0]"
factual_propositions_weighted,cake,0.0,mu_D_par,mu_D_par,0.0,0,23,23,1.0,0,0.0,0.0,0.0,4,"[0.0, 0.0, 0.0, 0.0, 0.0, 0.0, 0.0, 0.0, 0.0, 0.0, 0.0, 0.0, 0.0, 0.0, 0.0, 0.0, 0.0, 0.0, 0.0, 0.0, 0.0, 0.0, 0.0]"
factual_propositions_weighted,cake,0.0,mu_D_perp_native,mu_D_perp_native,0.0,0,23,23,1.0,0,0.0,0.0,0.0,4,"[0.0, 0.0, 0.0, 0.0, 0.0, 0.0, 0.0, 0.0, 0.0, 0.0, 0.0, 0.0, 0.0, 0.0, 0.0, 0.0, 0.0, 0.0, 0.0, 0.0, 0.0, 0.0, 0.0]"
factual_propositions_weighted,cake,0.5,mu_D,mu_D,0.08556299816284861,+,23,20,0.8695652173913043,3,-0.17182514018246106,-0.00098453089594841,0.1339763184743268,4,"[0.013577, 0.068964, 0.010799, 0.026964, 0.050797, 0.058696, -0.002681, -0.05795, 0.086816, -0.171825, 0.061406, 0.110635, 0.012683, -0.070064, -0.00198, -0.094119, -0.011055, -0.000985, 0.133976, -0.005642, -0.06754, -0.03441, -0.025896]"
factual_propositions_weighted,cake,0.5,mu_D_perp_matched,mu_D,-0.06707526823239668,-,23,4,0.17391304347826086,19,-0.17182514018246106,-0.00098453089594841,0.1339763184743268,4,"[0.013577, 0.068964, 0.010799, 0.026964, 0.050797, 0.058696, -0.002681, -0.05795, 0.086816, -0.171825, 0.061406, 0.110635, 0.012683, -0.070064, -0.00198, -0.094119, -0.011055, -0.000985, 0.133976, -0.005642, -0.06754, -0.03441, -0.025896]"
factual_propositions_weighted,cake,0.5,mu_Dprime_matched,mu_D,0.055104377546480725,+,23,17,0.7391304347826086,6,-0.17182514018246106,-0.00098453089594841,0.1339763184743268,4,"[0.013577, 0.068964, 0.010799, 0.026964, 0.050797, 0.058696, -0.002681, -0.05795, 0.086816, -0.171825, 0.061406, 0.110635, 0.012683, -0.070064, -0.00198, -0.094119, -0.011055, -0.000985, 0.133976, -0.005642, -0.06754, -0.03441, -0.025896]"
factual_propositions_weighted,cake,0.5,mu_D_par,mu_D_par,-0.031242290245635167,-,23,4,0.17391304347826086,19,-0.15949011434401786,0.0036618150770664215,0.08872771422777857,4,"[-0.043535, 0.049503, 0.088728, -0.01448, 0.003662, 0.023805, -0.02147, -0.0675, -0.014389, -0.15949, 0.08103, 0.040305, 0.058181, 0.001218, 0.081349, 0.052383, 0.004798, 0.007799, 0.020776, -0.064706, -0.008955, -0.01665, -0.022531]"
factual_propositions_weighted,cake,0.5,mu_D_perp_native,mu_D_perp_native,-0.009175995364785194,-,23,10,0.43478260869565216,13,-0.09637715880359923,0.005192065345389503,0.1445354116814477,4,"[-0.067499, 0.0676, 0.03712, 0.048492, 0.022417, -0.043022, -0.023931, -0.040774, 0.005192, -0.096377, 0.07111, 0.00747, 0.05622, -0.068131, 0.030048, -0.063289, 0.004907, 0.018858, 0.144535, -0.045598, -0.027856, 0.036782, -0.045013]"
factual_propositions_weighted,cake,1.0,mu_D,mu_D,0.002445588420544352,+,23,12,0.5217391304347826,11,-0.3027248611407621,-0.034558801246540885,0.19127956458500453,4,"[-0.067062, 0.133851, 0.060603, 0.05239, 0.099011, -0.047274, -0.039281, -0.137188, 0.160523, -0.302725, 0.082807, 0.124118, 0.114415, -0.034559, -0.064197, -0.063173, 0.045716, 0.025654, 0.19128, -0.041405, -0.185219, -0.054417, -0.056721]"
factual_propositions_weighted,cake,1.0,mu_D_perp_matched,mu_D,-0.05855739861726761,-,23,6,0.2608695652173913,17,-0.3027248611407621,-0.034558801246540885,0.19127956458500453,4,"[-0.067062, 0.133851, 0.060603, 0.05239, 0.099011, -0.047274, -0.039281, -0.137188, 0.160523, -0.302725, 0.082807, 0.124118, 0.114415, -0.034559, -0.064197, -0.063173, 0.045716, 0.025654, 0.19128, -0.041405, -0.185219, -0.054417, -0.056721]"
factual_propositions_weighted,cake,1.0,mu_Dprime_matched,mu_D,0.10107531983937536,+,23,18,0.782608695652174,5,-0.3027248611407621,-0.034558801246540885,0.19127956458500453,4,"[-0.067062, 0.133851, 0.060603, 0.05239, 0.099011, -0.047274, -0.039281, -0.137188, 0.160523, -0.302725, 0.082807, 0.124118, 0.114415, -0.034559, -0.064197, -0.063173, 0.045716, 0.025654, 0.19128, -0.041405, -0.185219, -0.054417, -0.056721]"
factual_propositions_weighted,cake,1.0,mu_D_par,mu_D_par,0.14174689086420195,+,23,20,0.8695652173913043,3,-0.2648220432123968,-0.009764850671802248,0.17968710139393806,4,"[-0.015422, 0.137429, 0.004411, 0.030107, 0.066112, 0.037185, 0.007771, -0.146617, 0.179687, -0.264822, 0.081983, 0.071891, 0.176218, -0.048158, -0.016579, -0.088266, -0.009765, -0.057746, 0.172936, -0.14229, -0.091597, -0.061991, -0.162142]"
factual_propositions_weighted,cake,1.0,mu_D_perp_native,mu_D_perp_native,-0.015951653410281458,-,23,10,0.43478260869565216,13,-0.19344120020312922,0.0077750815876892615,0.14565256716949598,4,"[-0.067458, 0.012132, 0.021197, 0.018928, 0.039335, -0.041976, 0.033777, -0.023151, 0.078462, -0.193441, 0.089721, 0.036619, 0.016412, -0.042598, -0.058768, -0.068073, -0.001959, 0.011691, 0.145653, -0.086119, -0.035591, 0.007775, -0.046827]"
factual_propositions_weighted,cake,2.0,mu_D,mu_D,0.17095767919506347,+,23,19,0.8260869565217391,4,-0.7093913454030242,0.008307950305087224,0.42406895916376797,4,"[-0.148105, 0.277263, 0.147768, 0.075541, 0.12331, 0.025227, -0.04316, -0.290771, 0.311676, -0.709391, 0.234614, 0.050622, 0.161548, -0.146723, 0.008308, -0.18731, -0.008004, -0.078491, 0.424069, -0.158056, -0.161999, 0.049043, -0.262083]"
factual_propositions_weighted,cake,2.0,mu_D_perp_matched,mu_D,0.07414522554193224,+,23,15,0.6521739130434783,8,-0.7093913454030242,0.008307950305087224,0.42406895916376797,4,"[-0.148105, 0.277263, 0.147768, 0.075541, 0.12331, 0.025227, -0.04316, -0.290771, 0.311676, -0.709391, 0.234614, 0.050622, 0.161548, -0.146723, 0.008308, -0.18731, -0.008004, -0.078491, 0.424069, -0.158056, -0.161999, 0.049043, -0.262083]"
factual_propositions_weighted,cake,2.0,mu_Dprime_matched,mu_D,0.28995527273842264,+,23,21,0.9130434782608695,2,-0.7093913454030242,0.008307950305087224,0.42406895916376797,4,"[-0.148105, 0.277263, 0.147768, 0.075541, 0.12331, 0.025227, -0.04316, -0.290771, 0.311676, -0.709391, 0.234614, 0.050622, 0.161548, -0.146723, 0.008308, -0.18731, -0.008004, -0.078491, 0.424069, -0.158056, -0.161999, 0.049043, -0.262083]"
factual_propositions_weighted,cake,2.0,mu_D_par,mu_D_par,0.2592582101268428,+,23,21,0.9130434782608695,2,-0.6179272128002984,-0.020668832319123403,0.3422117738851479,4,"[-0.031208, 0.251826, 0.120629, 0.057572, 0.138917, 0.066799, -0.078482, -0.362476, 0.323348, -0.617927, 0.12149, 0.13437, 0.230291, -0.113305, -0.018919, -0.215971, -0.032745, -0.05096, 0.342212, -0.093105, -0.16961, -0.020669, -0.201732]"
factual_propositions_weighted,cake,2.0,mu_D_perp_native,mu_D_perp_native,-0.0584372305976493,-,23,6,0.2608695652173913,17,-0.3278311384575708,0.008366586906569346,0.21432862377592496,4,"[-0.020527, 0.166712, 0.090226, -0.018082, 0.050915, 0.022237, -0.055336, -0.128996, 0.15063, -0.327831, 0.098395, 0.092587, 0.117835, 0.008367, 0.013873, -0.107192, -0.013064, 0.021364, 0.214329, -0.087017, -0.088709, -0.029283, -0.16636]"
factual_propositions_weighted,cake,4.0,mu_D,mu_D,0.7134224232286215,+,23,22,0.9565217391304348,1,-1.611000939139298,0.09561960452369284,0.8996719978749752,4,"[-0.397343, 0.517263, 0.617113, 0.09562, 0.35497, 0.186542, 0.029114, -0.530078, 0.586837, -1.611001, 0.391543, -0.097716, 0.370866, -0.414386, 0.283692, -0.118373, -0.09171, 0.095774, 0.899672, -0.316777, -0.251672, 0.117908, -0.689611]"
factual_propositions_weighted,cake,4.0,mu_D_perp_matched,mu_D,0.47132619842886925,+,23,19,0.8260869565217391,4,-1.611000939139298,0.09561960452369284,0.8996719978749752,4,"[-0.397343, 0.517263, 0.617113, 0.09562, 0.35497, 0.186542, 0.029114, -0.530078, 0.586837, -1.611001, 0.391543, -0.097716, 0.370866, -0.414386, 0.283692, -0.118373, -0.09171, 0.095774, 0.899672, -0.316777, -0.251672, 0.117908, -0.689611]"
factual_propositions_weighted,cake,4.0,mu_Dprime_matched,mu_D,0.575602828924145,+,23,20,0.8695652173913043,3,-1.611000939139298,0.09561960452369284,0.8996719978749752,4,"[-0.397343, 0.517263, 0.617113, 0.09562, 0.35497, 0.186542, 0.029114, -0.530078, 0.586837, -1.611001, 0.391543, -0.097716, 0.370866, -0.414386, 0.283692, -0.118373, -0.09171, 0.095774, 0.899672, -0.316777, -0.251672, 0.117908, -0.689611]"
factual_propositions_weighted,cake,4.0,mu_D_par,mu_D_par,0.37978378364018034,+,23,18,0.782608695652174,5,-1.3314613055969988,0.03608240080731256,0.732583651053054,4,"[-0.32114, 0.426944, 0.402055, 0.063576, 0.218032, 0.098025, -0.026833, -0.530227, 0.592496, -1.331461, 0.41653, -0.00499, 0.301715, -0.295519, 0.156328, -0.146423, 0.036082, 0.079432, 0.732584, -0.207984, -0.256828, 0.018818, -0.555719]"
factual_propositions_weighted,cake,4.0,mu_D_perp_native,mu_D_perp_native,0.015285158529877663,+,23,12,0.5217391304347826,11,-0.7981161374066558,0.012964676533426554,0.5154906388904368,4,"[-0.136897, 0.366419, 0.166006, 0.090929, 0.161864, 0.016199, -0.021317, -0.29604, 0.373229, -0.798116, 0.29533, 0.087199, 0.198876, -0.209124, 0.022652, -0.249407, -0.04735, 0.012965, 0.515491, -0.234052, -0.150772, -0.029095, -0.268372]"
