organism,arm,alpha,ll_base,ll_steered,fluency_drop,flagged,kl_ft_base,kl_ft_steered,recovery
cake,base,,-2.1658593208070784,-2.1658593208070784,0.0,False,0.2504580347310929,0.2504580347310929,0.0
cake,finetuned,,-2.1658593208070784,-2.068791461369348,-0.09706785943773033,False,0.2504580347310929,0.0,1.0
cake,mu_D,0.0,-2.1658593208070784,-2.1658593208070784,0.0,False,0.2504580347310929,0.2504580347310929,0.0
cake,mu_D,0.5,-2.1658593208070784,-2.1642278830210366,-0.0016314377860418006,False,0.2504580347310929,0.22197788480728392,0.1137122630319567
cake,mu_D,1.0,-2.1658593208070784,-2.1647328422183083,-0.00112647858877013,False,0.2504580347310929,0.19791235810234434,0.20979832683413346
cake,mu_D,2.0,-2.1658593208070784,-2.1776460201021224,0.011786699295043945,False,0.2504580347310929,0.16938139119791606,0.32371348605456274
cake,mu_D,4.0,-2.1658593208070784,-2.264073440006801,0.09821411919972256,False,0.2504580347310929,0.23023932557257396,0.08072693367664163
cake,mu_Dprime_native,0.0,-2.1658593208070784,-2.1658593208070784,0.0,False,0.2504580347310929,0.2504580347310929,0.0
cake,mu_Dprime_native,0.5,-2.1658593208070784,-2.18647609438215,0.020616773575071523,False,0.2504580347310929,0.21592654216857182,0.1378733670876089
cake,mu_Dprime_native,1.0,-2.1658593208070784,-2.2292441602737183,0.06338483946663986,False,0.2504580347310929,0.20833780604695518,0.16817279880583824
cake,mu_Dprime_native,2.0,-2.1658593208070784,-2.3942246777670726,0.22836535695999416,False,0.2504580347310929,0.3121223355096484,-0.24620611929963476
cake,mu_Dprime_native,4.0,-2.1658593208070784,-2.9566622158837697,0.7908028950766912,False,0.2504580347310929,0.947381507782709,-2.7825957901485405
cake,mu_Dprime_matched,0.0,-2.1658593208070784,-2.1658593208070784,0.0,False,0.2504580347310929,0.2504580347310929,0.0
cake,mu_Dprime_matched,0.5,-2.1658593208070784,-2.174443729340084,0.008584408533005572,False,0.2504580347310929,0.22897474633322823,0.08577600004300301
cake,mu_Dprime_matched,1.0,-2.1658593208070784,-2.188769711388482,0.02291039058140365,False,0.2504580347310929,0.21323045236723764,0.14863800398268345
cake,mu_Dprime_matched,2.0,-2.1658593208070784,-2.24130320170569,0.07544388089861176,False,0.2504580347310929,0.2110361366991013,0.15739921489968323
cake,mu_Dprime_matched,4.0,-2.1658593208070784,-2.4321379093896773,0.2662785885825989,False,0.2504580347310929,0.34820664307427784,-0.39027938731585854
cake,mu_D_par,0.0,-2.1658593208070784,-2.1658593208070784,0.0,False,0.2504580347310929,0.2504580347310929,0.0
cake,mu_D_par,0.5,-2.1658593208070784,-2.1723946465386286,0.0065353257315501345,False,0.2504580347310929,0.2319466949455322,0.07390994585354638
cake,mu_D_par,1.0,-2.1658593208070784,-2.184621704949273,0.018762384142194666,False,0.2504580347310929,0.21809246710368566,0.1292255114201344
cake,mu_D_par,2.0,-2.1658593208070784,-2.220691578728812,0.05483225792173352,False,0.2504580347310929,0.2072365317079756,0.1725698401711191
cake,mu_D_par,4.0,-2.1658593208070784,-2.3605524131229947,0.19469309231591625,False,0.2504580347310929,0.28223652357146856,-0.1268814908433462
cake,mu_D_perp_native,0.0,-2.1658593208070784,-2.1658593208070784,0.0,False,0.2504580347310929,0.2504580347310929,0.0
cake,mu_D_perp_native,0.5,-2.1658593208070784,-2.156430887797522,-0.009428433009556425,False,0.2504580347310929,0.24021739193371364,0.040887659317355274
cake,mu_D_perp_native,1.0,-2.1658593208070784,-2.1485666055527943,-0.017292715254284108,False,0.2504580347310929,0.23144468239375524,0.07591432376186924
cake,mu_D_perp_native,2.0,-2.1658593208070784,-2.1329998137458923,-0.03285950706118612,False,0.2504580347310929,0.2168398244040353,0.13422691894533223
cake,mu_D_perp_native,4.0,-2.1658593208070784,-2.114038690688118,-0.05182063011896032,False,0.2504580347310929,0.2012489726619115,0.19647627644293897
cake,mu_D_perp_matched,0.0,-2.1658593208070784,-2.1658593208070784,0.0,False,0.2504580347310929,0.2504580347310929,0.0
cake,mu_D_perp_matched,0.5,-2.1658593208070784,-2.1501647707015747,-0.01569455010550369,False,0.2504580347310929,0.2328165140416887,0.0704370323289697
cake,mu_D_perp_matched,1.0,-2.1658593208070784,-2.1357488329448397,-0.03011048786223869,False,0.2504580347310929,0.21943849750927516,0.12385123621656702
cake,mu_D_perp_matched,2.0,-2.1658593208070784,-2.1161355442470975,-0.04972377655998095,False,0.2504580347310929,0.2028636241716052,0.19002948182751644
cake,mu_D_perp_matched,4.0,-2.1658593208070784,-2.1154205307127936,-0.05043879009428487,False,0.2504580347310929,0.2191639022221641,0.12494760865838506
cake,r0,0.0,-2.1658593208070784,-2.1658593208070784,0.0,False,0.2504580347310929,0.2504580347310929,0.0
cake,r0,0.5,-2.1658593208070784,-2.1795891277373785,0.013729806930300015,False,0.2504580347310929,0.2569386310993679,-0.0258749789170587
cake,r0,1.0,-2.1658593208070784,-2.1955552820175415,0.02969596121046303,False,0.2504580347310929,0.2686369310295771,-0.07258260378031856
cake,r0,2.0,-2.1658593208070784,-2.237617844627017,0.07175852381993852,False,0.2504580347310929,0.3039724074658893,-0.2136660250977882
cake,r0,4.0,-2.1658593208070784,-2.3702568629431346,0.2043975421360562,False,0.2504580347310929,0.4402772103037153,-0.7578881459180333
cake,r1,0.0,-2.1658593208070784,-2.1658593208070784,0.0,False,0.2504580347310929,0.2504580347310929,0.0
cake,r1,0.5,-2.1658593208070784,-2.154545140644861,-0.011314180162217635,False,0.2504580347310929,0.24965033833942715,0.0032248771437216606
cake,r1,1.0,-2.1658593208070784,-2.147125864785815,-0.018733456021263528,False,0.2504580347310929,0.2523440978829823,-0.007530455766429522
cake,r1,2.0,-2.1658593208070784,-2.140924923003666,-0.024934397803412445,False,0.2504580347310929,0.2659703739105709,-0.06193588157845675
cake,r1,4.0,-2.1658593208070784,-2.166611455735706,0.0007521349286276902,False,0.2504580347310929,0.3247468395838662,-0.29661178541360944
cake,r2,0.0,-2.1658593208070784,-2.1658593208070784,0.0,False,0.2504580347310929,0.2504580347310929,0.0
cake,r2,0.5,-2.1658593208070784,-2.1673476355416432,0.0014883147345647885,False,0.2504580347310929,0.24620669843658569,0.01697424600121822
cake,r2,1.0,-2.1658593208070784,-2.1708063927907792,0.004947071983700813,False,0.2504580347310929,0.24447335563008749,0.02389493755882477
cake,r2,2.0,-2.1658593208070784,-2.183125030426752,0.017265709619673775,False,0.2504580347310929,0.24876744548479715,0.006749990065644584
cake,r2,4.0,-2.1658593208070784,-2.253328796416994,0.08746947560991547,False,0.2504580347310929,0.3106008602513207,-0.2401313480911118
cake,r0@mu_D,0.0,-2.1658593208070784,-2.1658593208070784,0.0,False,0.2504580347310929,0.2504580347310929,0.0
cake,r0@mu_D,0.5,-2.1658593208070784,-2.1795891277373785,0.013729806930300015,False,0.2504580347310929,0.2569386310993679,-0.0258749789170587
cake,r0@mu_D,1.0,-2.1658593208070784,-2.1955552820175415,0.02969596121046303,False,0.2504580347310929,0.2686369310295771,-0.07258260378031856
cake,r0@mu_D,2.0,-2.1658593208070784,-2.237617844627017,0.07175852381993852,False,0.2504580347310929,0.3039724074658893,-0.2136660250977882
cake,r0@mu_D,4.0,-2.1658593208070784,-2.3702568629431346,0.2043975421360562,False,0.2504580347310929,0.4402772103037153,-0.7578881459180333
cake,r0@mu_D_par,0.0,-2.1658593208070784,-2.1658593208070784,0.0,False,0.2504580347310929,0.2504580347310929,0.0
cake,r0@mu_D_par,0.5,-2.1658593208070784,-2.1771728084200905,0.011313487613012096,False,0.2504580347310929,0.25585874347459703,-0.021563327961519274
cake,r0@mu_D_par,1.0,-2.1658593208070784,-2.1905371802193776,0.024677859412299163,False,0.2504580347310929,0.2644406845645299,-0.05582831410639155
cake,r0@mu_D_par,2.0,-2.1658593208070784,-2.222768329438709,0.05690900863163062,False,0.2504580347310929,0.2906610487945496,-0.16051796504201254
cake,r0@mu_D_par,4.0,-2.1658593208070784,-2.318174714133853,0.15231539332677446,False,0.2504580347310929,0.38428175260150244,-0.5343159304675167
cake,r0@mu_D_perp_native,0.0,-2.1658593208070784,-2.1658593208070784,0.0,False,0.2504580347310929,0.2504580347310929,0.0
cake,r0@mu_D_perp_native,0.5,-2.1658593208070784,-2.1726959622095503,0.006836641402471866,False,0.2504580347310929,0.25343644713598584,-0.01189186207617876
cake,r0@mu_D_perp_native,1.0,-2.1658593208070784,-2.180237826846895,0.014378506039816497,False,0.2504580347310929,0.25752854016092086,-0.028230299888040156
cake,r0@mu_D_perp_native,2.0,-2.1658593208070784,-2.1999036281827897,0.03404430737571129,False,0.2504580347310929,0.27095045646031696,-0.08181978171004167
cake,r0@mu_D_perp_native,4.0,-2.1658593208070784,-2.247033580901131,0.08117426009405238,False,0.2504580347310929,0.313031119959695,-0.24983460920223388
cake,r1@mu_D,0.0,-2.1658593208070784,-2.1658593208070784,0.0,False,0.2504580347310929,0.2504580347310929,0.0
cake,r1@mu_D,0.5,-2.1658593208070784,-2.154545140644861,-0.011314180162217635,False,0.2504580347310929,0.24965033833942715,0.0032248771437216606
cake,r1@mu_D,1.0,-2.1658593208070784,-2.147125864785815,-0.018733456021263528,False,0.2504580347310929,0.2523440978829823,-0.007530455766429522
cake,r1@mu_D,2.0,-2.1658593208070784,-2.140924923003666,-0.024934397803412445,False,0.2504580347310929,0.2659703739105709,-0.06193588157845675
cake,r1@mu_D,4.0,-2.1658593208070784,-2.166611455735706,0.0007521349286276902,False,0.2504580347310929,0.3247468395838662,-0.29661178541360944
cake,r1@mu_D_par,0.0,-2.1658593208070784,-2.1658593208070784,0.0,False,0.2504580347310929,0.2504580347310929,0.0
cake,r1@mu_D_par,0.5,-2.1658593208070784,-2.1551693658980113,-0.010689954909067101,False,0.2504580347310929,0.24940159349214464,0.004218036926156188
cake,r1@mu_D_par,1.0,-2.1658593208070784,-2.1487928761376276,-0.017066444669450842,False,0.2504580347310929,0.25079610801878427,-0.0013498200928325765
cake,r1@mu_D_par,2.0,-2.1658593208070784,-2.140707746384636,-0.025151574422442646,False,0.2504580347310929,0.2601488350875794,-0.03869231173554133
cake,r1@mu_D_par,4.0,-2.1658593208070784,-2.1523898404742043,-0.013469480332874095,False,0.2504580347310929,0.30108470150402616,-0.20213632526219083
cake,r1@mu_D_perp_native,0.0,-2.1658593208070784,-2.1658593208070784,0.0,False,0.2504580347310929,0.2504580347310929,0.0
cake,r1@mu_D_perp_native,0.5,-2.1658593208070784,-2.1588135900951566,-0.007045730711921827,False,0.2504580347310929,0.2494208358582996,0.004141208222395054
cake,r1@mu_D_perp_native,1.0,-2.1658593208070784,-2.1542716593969438,-0.011587661410134675,False,0.2504580347310929,0.24988298236377657,0.002296002873031222
cake,r1@mu_D_perp_native,2.0,-2.1658593208070784,-2.144898463809301,-0.020960856997777277,False,0.2504580347310929,0.2529935079907614,-0.010123345663039851
cake,r1@mu_D_perp_native,4.0,-2.1658593208070784,-2.1412072938586038,-0.02465202694847468,False,0.2504580347310929,0.26946524116728043,-0.07588978511547784
cake,r2@mu_D,0.0,-2.1658593208070784,-2.1658593208070784,0.0,False,0.2504580347310929,0.2504580347310929,0.0
cake,r2@mu_D,0.5,-2.1658593208070784,-2.1673476355416432,0.0014883147345647885,False,0.2504580347310929,0.24620669843658569,0.01697424600121822
cake,r2@mu_D,1.0,-2.1658593208070784,-2.1708063927907792,0.004947071983700813,False,0.2504580347310929,0.24447335563008749,0.02389493755882477
cake,r2@mu_D,2.0,-2.1658593208070784,-2.183125030426752,0.017265709619673775,False,0.2504580347310929,0.24876744548479715,0.006749990065644584
cake,r2@mu_D,4.0,-2.1658593208070784,-2.253328796416994,0.08746947560991547,False,0.2504580347310929,0.3106008602513207,-0.2401313480911118
cake,r2@mu_D_par,0.0,-2.1658593208070784,-2.1658593208070784,0.0,False,0.2504580347310929,0.2504580347310929,0.0
cake,r2@mu_D_par,0.5,-2.1658593208070784,-2.1667788217938138,0.0009195009867353221,False,0.2504580347310929,0.24640961156951058,0.016164077810196686
cake,r2@mu_D_par,1.0,-2.1658593208070784,-2.169463081965371,0.003603761158292418,False,0.2504580347310929,0.24443919696505106,0.02403132234309846
cake,r2@mu_D_par,2.0,-2.1658593208070784,-2.1777727301158603,0.01191340930878182,False,0.2504580347310929,0.24623228254772367,0.01687209670836176
cake,r2@mu_D_par,4.0,-2.1658593208070784,-2.220961888631185,0.05510256782410661,False,0.2504580347310929,0.2784489360120561,-0.11175884738940778
cake,r2@mu_D_perp_native,0.0,-2.1658593208070784,-2.1658593208070784,0.0,False,0.2504580347310929,0.2504580347310929,0.0
cake,r2@mu_D_perp_native,0.5,-2.1658593208070784,-2.1656136247846813,-0.00024569602239710164,False,0.2504580347310929,0.2468173825551593,0.014535976774881387
cake,r2@mu_D_perp_native,1.0,-2.1658593208070784,-2.1669192881811234,0.0010599673740450122,False,0.2504580347310929,0.24563602180708022,0.019252777932198928
cake,r2@mu_D_perp_native,2.0,-2.1658593208070784,-2.171424623519655,0.005565302712576603,False,0.2504580347310929,0.24465996216213892,0.023149876486011522
cake,r2@mu_D_perp_native,4.0,-2.1658593208070784,-2.1874054235125344,0.021546102705455983,False,0.2504580347310929,0.2512923881175026,-0.0033313101226937203
cake,r3@mu_D,0.0,-2.1658593208070784,-2.1658593208070784,0.0,False,0.2504580347310929,0.2504580347310929,0.0
cake,r3@mu_D,0.5,-2.1658593208070784,-2.1681635909610324,0.002304270153953958,False,0.2504580347310929,0.24944347474310133,0.0040508182901014544
cake,r3@mu_D,1.0,-2.1658593208070784,-2.1724461411672924,0.006586820360213963,False,0.2504580347310929,0.2524939870077466,-0.008128915803558234
cake,r3@mu_D,2.0,-2.1658593208070784,-2.1839391428326804,0.018079822025601988,False,0.2504580347310929,0.2690072244121915,-0.07406106855790884
cake,r3@mu_D,4.0,-2.1658593208070784,-2.222394201490614,0.056534880683535516,False,0.2504580347310929,0.34607516773163327,-0.38176907801421023
cake,r3@mu_D_par,0.0,-2.1658593208070784,-2.1658593208070784,0.0,False,0.2504580347310929,0.2504580347310929,0.0
cake,r3@mu_D_par,0.5,-2.1658593208070784,-2.1666540191287087,0.0007946983216302606,False,0.2504580347310929,0.24922151508785428,0.004937033242180533
cake,r3@mu_D_par,1.0,-2.1658593208070784,-2.170756797941904,0.0048974771348255786,False,0.2504580347310929,0.2511871277339875,-0.002911038584477277
cake,r3@mu_D_par,2.0,-2.1658593208070784,-2.1790557399628656,0.013196419155787176,False,0.2504580347310929,0.26204417480362785,-0.046259805899118156
cake,r3@mu_D_par,4.0,-2.1658593208070784,-2.2054529871259416,0.039593666318863185,False,0.2504580347310929,0.31165004959182135,-0.2443204304722264
cake,r3@mu_D_perp_native,0.0,-2.1658593208070784,-2.1658593208070784,0.0,False,0.2504580347310929,0.2504580347310929,0.0
cake,r3@mu_D_perp_native,0.5,-2.1658593208070784,-2.1667710031781877,0.0009116823711092792,False,0.2504580347310929,0.2494273701357463,0.004115118911849569
cake,r3@mu_D_perp_native,1.0,-2.1658593208070784,-2.1681095683385454,0.0022502475314669645,False,0.2504580347310929,0.24936074964583865,0.0043811135323822414
cake,r3@mu_D_perp_native,2.0,-2.1658593208070784,-2.1730029658665733,0.00714364505949483,False,0.2504580347310929,0.25343040672559586,-0.011867744621146814
cake,r3@mu_D_perp_native,4.0,-2.1658593208070784,-2.184815017003862,0.01895569619678339,False,0.2504580347310929,0.27292402064989485,-0.08969960154371881
cake,r4@mu_D,0.0,-2.1658593208070784,-2.1658593208070784,0.0,False,0.2504580347310929,0.2504580347310929,0.0
cake,r4@mu_D,0.5,-2.1658593208070784,-2.1686593426598444,0.002800021852765955,False,0.2504580347310929,0.2523335298848531,-0.007488261080439429
cake,r4@mu_D,1.0,-2.1658593208070784,-2.1717127504802884,0.005853429673210009,False,0.2504580347310929,0.25640979172691464,-0.023763489968336993
cake,r4@mu_D,2.0,-2.1658593208070784,-2.181689572712732,0.01583025190565346,False,0.2504580347310929,0.27370158452836296,-0.09280416905860389
cake,r4@mu_D,4.0,-2.1658593208070784,-2.224160217103504,0.05830089629642554,False,0.2504580347310929,0.3436187742248414,-0.37196147288215986
cake,r4@mu_D_par,0.0,-2.1658593208070784,-2.1658593208070784,0.0,False,0.2504580347310929,0.2504580347310929,0.0
cake,r4@mu_D_par,0.5,-2.1658593208070784,-2.1673202249738903,0.0014609041668118827,False,0.2504580347310929,0.25141523139817373,-0.003821784627945801
cake,r4@mu_D_par,1.0,-2.1658593208070784,-2.170166011840578,0.004306691033499455,False,0.2504580347310929,0.2547386534630306,-0.017091161545420785
cake,r4@mu_D_par,2.0,-2.1658593208070784,-2.177198568979899,0.011339248172820504,False,0.2504580347310929,0.26675459032966975,-0.0650670105915101
cake,r4@mu_D_par,4.0,-2.1658593208070784,-2.2072851809244307,0.041425860117352276,False,0.2504580347310929,0.3146337876244197,-0.2562335561014435
cake,r4@mu_D_perp_native,0.0,-2.1658593208070784,-2.1658593208070784,0.0,False,0.2504580347310929,0.2504580347310929,0.0
cake,r4@mu_D_perp_native,0.5,-2.1658593208070784,-2.1671432389153376,0.001283918108259119,False,0.2504580347310929,0.25104821295965285,-0.0023563956700114463
cake,r4@mu_D_perp_native,1.0,-2.1658593208070784,-2.168212417572264,0.0023530967651854695,False,0.2504580347310929,0.25244271376776317,-0.007924197915236242
cake,r4@mu_D_perp_native,2.0,-2.1658593208070784,-2.1723006187923373,0.0064412979852588315,False,0.2504580347310929,0.2577924070850251,-0.029283837357451326
cake,r4@mu_D_perp_native,4.0,-2.1658593208070784,-2.1845405366685657,0.0186812158614873,False,0.2504580347310929,0.2778065408033038,-0.10919396577384277
cake,r5@mu_D,0.0,-2.1658593208070784,-2.1658593208070784,0.0,False,0.2504580347310929,0.2504580347310929,0.0
cake,r5@mu_D,0.5,-2.1658593208070784,-2.1615593017093717,-0.00430001909770672,False,0.2504580347310929,0.2484271393881904,0.008108725060799182
cake,r5@mu_D,1.0,-2.1658593208070784,-2.1582398490300254,-0.007619471777053022,False,0.2504580347310929,0.24844038533785986,0.008055838158273931
cake,r5@mu_D,2.0,-2.1658593208070784,-2.1581032692439974,-0.007756051563081012,False,0.2504580347310929,0.2575797372394138,-0.028434713687533364
cake,r5@mu_D,4.0,-2.1658593208070784,-2.175567706425985,0.009708385618906412,False,0.2504580347310929,0.3158646963891529,-0.26114818687403885
cake,r5@mu_D_par,0.0,-2.1658593208070784,-2.1658593208070784,0.0,False,0.2504580347310929,0.2504580347310929,0.0
cake,r5@mu_D_par,0.5,-2.1658593208070784,-2.1611033280690513,-0.004755992738027182,False,0.2504580347310929,0.2484746277332306,0.007919119065163183
cake,r5@mu_D_par,1.0,-2.1658593208070784,-2.1586717234717474,-0.007187597335331031,False,0.2504580347310929,0.24786323261639429,0.010360227083489493
cake,r5@mu_D_par,2.0,-2.1658593208070784,-2.157963764099848,-0.007895556707230522,False,0.2504580347310929,0.2530500056251647,-0.010348922911795233
cake,r5@mu_D_par,4.0,-2.1658593208070784,-2.1662363362690757,0.00037701546199730984,False,0.2504580347310929,0.2900248434808519,-0.15797779772663456
cake,r5@mu_D_perp_native,0.0,-2.1658593208070784,-2.1658593208070784,0.0,False,0.2504580347310929,0.2504580347310929,0.0
cake,r5@mu_D_perp_native,0.5,-2.1658593208070784,-2.1625689438411166,-0.0032903769659617943,False,0.2504580347310929,0.248649476539521,0.007221002885827499
cake,r5@mu_D_perp_native,1.0,-2.1658593208070784,-2.1614980470566523,-0.0043612737504261645,False,0.2504580347310929,0.24792720164571488,0.010104818909464353
cake,r5@mu_D_perp_native,2.0,-2.1658593208070784,-2.158696276800973,-0.007163044006105235,False,0.2504580347310929,0.24926277380141001,0.004772300201773105
cake,r5@mu_D_perp_native,4.0,-2.1658593208070784,-2.1596116451990035,-0.006247675608074932,False,0.2504580347310929,0.26064728082172456,-0.0406824484651549
cake,r6@mu_D,0.0,-2.1658593208070784,-2.1658593208070784,0.0,False,0.2504580347310929,0.2504580347310929,0.0
cake,r6@mu_D,0.5,-2.1658593208070784,-2.1575042406717935,-0.008355080135284965,False,0.2504580347310929,0.2515889760993776,-0.004515492463633475
cake,r6@mu_D,1.0,-2.1658593208070784,-2.148831132858519,-0.017028187948559648,False,0.2504580347310929,0.25667910490717205,-0.024838772622161942
cake,r6@mu_D,2.0,-2.1658593208070784,-2.1391510812063066,-0.026708239600771844,False,0.2504580347310929,0.27959673792596845,-0.11634165869807545
cake,r6@mu_D,4.0,-2.1658593208070784,-2.1480634628780306,-0.01779585792904781,False,0.2504580347310929,0.3762440151638455,-0.5022237779985941
cake,r6@mu_D_par,0.0,-2.1658593208070784,-2.1658593208070784,0.0,False,0.2504580347310929,0.2504580347310929,0.0
cake,r6@mu_D_par,0.5,-2.1658593208070784,-2.1577485705178883,-0.008110750289190172,False,0.2504580347310929,0.2509646164992499,-0.002022621349324627
cake,r6@mu_D_par,1.0,-2.1658593208070784,-2.150774013428461,-0.015085307378617241,False,0.2504580347310929,0.2547657759416671,-0.017199453054877134
cake,r6@mu_D_par,2.0,-2.1658593208070784,-2.140227658408029,-0.02563166239904957,False,0.2504580347310929,0.2699183395930699,-0.07769886433418183
cake,r6@mu_D_par,4.0,-2.1658593208070784,-2.1376984800611223,-0.02816084074595615,False,0.2504580347310929,0.33484841433782425,-0.33694418986133967
cake,r6@mu_D_perp_native,0.0,-2.1658593208070784,-2.1658593208070784,0.0,False,0.2504580347310929,0.2504580347310929,0.0
cake,r6@mu_D_perp_native,0.5,-2.1658593208070784,-2.1609020952194458,-0.004957225587632674,False,0.2504580347310929,0.2504607325508481,-1.077154405559888e-05
cake,r6@mu_D_perp_native,1.0,-2.1658593208070784,-2.1558781351361955,-0.009981185670882908,False,0.2504580347310929,0.252328079844278,-0.007466500786021513
cake,r6@mu_D_perp_native,2.0,-2.1658593208070784,-2.147508776377118,-0.018350544429960536,False,0.2504580347310929,0.2582761763580262,-0.031215375603051987
cake,r6@mu_D_perp_native,4.0,-2.1658593208070784,-2.137607608522688,-0.028251712284390607,False,0.2504580347310929,0.2850856984418536,-0.13825734817387314
cake,r7@mu_D,0.0,-2.1658593208070784,-2.1658593208070784,0.0,False,0.2504580347310929,0.2504580347310929,0.0
cake,r7@mu_D,0.5,-2.1658593208070784,-2.170497428803217,0.0046381079961386185,False,0.2504580347310929,0.25532314228633096,-0.019424841213265598
cake,r7@mu_D,1.0,-2.1658593208070784,-2.1760237141261025,0.010164393319024079,False,0.2504580347310929,0.263275155472377,-0.051174723761788554
cake,r7@mu_D,2.0,-2.1658593208070784,-2.193212213970366,0.027352893163287373,False,0.2504580347310929,0.2860664460394118,-0.142173164245061
cake,r7@mu_D,4.0,-2.1658593208070784,-2.2523986763424344,0.08653935553535597,False,0.2504580347310929,0.36289337797770427,-0.44891889121197015
cake,r7@mu_D_par,0.0,-2.1658593208070784,-2.1658593208070784,0.0,False,0.2504580347310929,0.2504580347310929,0.0
cake,r7@mu_D_par,0.5,-2.1658593208070784,-2.169919899531773,0.0040605787246947855,False,0.2504580347310929,0.2545821794441768,-0.01646641010144423
cake,r7@mu_D_par,1.0,-2.1658593208070784,-2.1739594595772878,0.00810013877020932,False,0.2504580347310929,0.26042062422585865,-0.039777480109441044
cake,r7@mu_D_par,2.0,-2.1658593208070784,-2.186257388856676,0.02039806804959765,False,0.2504580347310929,0.2772746403065939,-0.10707025472068765
cake,r7@mu_D_par,4.0,-2.1658593208070784,-2.228624249261523,0.06276492845444448,False,0.2504580347310929,0.3320948178806002,-0.3259499470127103
cake,r7@mu_D_perp_native,0.0,-2.1658593208070784,-2.1658593208070784,0.0,False,0.2504580347310929,0.2504580347310929,0.0
cake,r7@mu_D_perp_native,0.5,-2.1658593208070784,-2.1675375756763278,0.0016782548692493293,False,0.2504580347310929,0.25251670300014434,-0.00821961360218193
cake,r7@mu_D_perp_native,1.0,-2.1658593208070784,-2.17082094767737,0.004961626870291447,False,0.2504580347310929,0.25630718280398657,-0.02335380487662797
cake,r7@mu_D_perp_native,2.0,-2.1658593208070784,-2.1768975295717756,0.011038208764697188,False,0.2504580347310929,0.2650422155857086,-0.058230037899459575
cake,r7@mu_D_perp_native,4.0,-2.1658593208070784,-2.1964628242311024,0.03060350342402396,False,0.2504580347310929,0.2911315011599707,-0.16239633307251378
cake,r8@mu_D,0.0,-2.1658593208070784,-2.1658593208070784,0.0,False,0.2504580347310929,0.2504580347310929,0.0
cake,r8@mu_D,0.5,-2.1658593208070784,-2.1611406840975325,-0.004718636709545976,False,0.2504580347310929,0.24856827987564933,0.007545195575268782
cake,r8@mu_D,1.0,-2.1658593208070784,-2.159299808835226,-0.006559511971852228,False,0.2504580347310929,0.2506899313321189,-0.0009258900449131691
cake,r8@mu_D,2.0,-2.1658593208070784,-2.1568737219250393,-0.008985598882039092,False,0.2504580347310929,0.2630437059061868,-0.05025061858609026
cake,r8@mu_D,4.0,-2.1658593208070784,-2.1777715758671836,0.011912255060105181,False,0.2504580347310929,0.33705863782337736,-0.3457689156798829
cake,r8@mu_D_par,0.0,-2.1658593208070784,-2.1658593208070784,0.0,False,0.2504580347310929,0.2504580347310929,0.0
cake,r8@mu_D_par,0.5,-2.1658593208070784,-2.1619161537715366,-0.003943167035541872,False,0.2504580347310929,0.24874791408342029,0.006827972795956483
cake,r8@mu_D_par,1.0,-2.1658593208070784,-2.159423612412952,-0.006435708394126216,False,0.2504580347310929,0.24980903712529984,0.0025912429061814013
cake,r8@mu_D_par,2.0,-2.1658593208070784,-2.157015073867071,-0.008844246940007405,False,0.2504580347310929,0.25711392646744136,-0.026574878076858655
cake,r8@mu_D_par,4.0,-2.1658593208070784,-2.164852884080675,-0.0010064367264033258,False,0.2504580347310929,0.30258941650390625,-0.20814417804078356
cake,r8@mu_D_perp_native,0.0,-2.1658593208070784,-2.1658593208070784,0.0,False,0.2504580347310929,0.2504580347310929,0.0
cake,r8@mu_D_perp_native,0.5,-2.1658593208070784,-2.163440526477874,-0.0024187943292042213,False,0.2504580347310929,0.24899142885965014,0.005855695038960884
cake,r8@mu_D_perp_native,1.0,-2.1658593208070784,-2.1602959216587125,-0.0055633991483658995,False,0.2504580347310929,0.2485813195743258,0.007493132167957994
cake,r8@mu_D_perp_native,2.0,-2.1658593208070784,-2.1583263192858015,-0.007533001521276894,False,0.2504580347310929,0.2517005881619832,-0.004961124254705629
cake,r8@mu_D_perp_native,4.0,-2.1658593208070784,-2.1577768023051913,-0.008082518501887126,False,0.2504580347310929,0.2663634220759074,-0.06350519903221108
cake,r9@mu_D,0.0,-2.1658593208070784,-2.1658593208070784,0.0,False,0.2504580347310929,0.2504580347310929,0.0
cake,r9@mu_D,0.5,-2.1658593208070784,-2.182856794387575,0.016997473580496525,False,0.2504580347310929,0.25855350588995313,-0.032322665022713304
cake,r9@mu_D,1.0,-2.1658593208070784,-2.2052760464804515,0.039416725673373065,False,0.2504580347310929,0.27206875218285453,-0.08628478409552409
cake,r9@mu_D,2.0,-2.1658593208070784,-2.2599716564965626,0.09411233568948418,False,0.2504580347310929,0.3167903016483973,-0.26484383696663105
cake,r9@mu_D,4.0,-2.1658593208070784,-2.4402967180524553,0.27443739724537686,False,0.2504580347310929,0.4858965268210759,-0.9400316996927818
cake,r9@mu_D_par,0.0,-2.1658593208070784,-2.1658593208070784,0.0,False,0.2504580347310929,0.2504580347310929,0.0
cake,r9@mu_D_par,0.5,-2.1658593208070784,-2.1802253458234997,0.014366025016421258,False,0.2504580347310929,0.2564909174328759,-0.024087399345204652
cake,r9@mu_D_par,1.0,-2.1658593208070784,-2.1977467272016735,0.031887406394595086,False,0.2504580347310929,0.26757093601756626,-0.06832642164922675
cake,r9@mu_D_par,2.0,-2.1658593208070784,-2.239255500218225,0.07339617941114662,False,0.2504580347310929,0.29921307119112167,-0.19466349527327065
cake,r9@mu_D_par,4.0,-2.1658593208070784,-2.3692944466121615,0.20343512580508305,False,0.2504580347310929,0.4158085253503587,-0.6601923982865883
cake,r9@mu_D_perp_native,0.0,-2.1658593208070784,-2.1658593208070784,0.0,False,0.2504580347310929,0.2504580347310929,0.0
cake,r9@mu_D_perp_native,0.5,-2.1658593208070784,-2.1756391638801214,0.009779843073042915,False,0.2504580347310929,0.2543598162749457,-0.01557858404519541
cake,r9@mu_D_perp_native,1.0,-2.1658593208070784,-2.1841632373749262,0.0183039165678478,False,0.2504580347310929,0.25937786651036093,-0.03561407718001508
cake,r9@mu_D_perp_native,2.0,-2.1658593208070784,-2.208895702210684,0.04303638140360544,False,0.2504580347310929,0.27514676111085073,-0.09857430370027931
cake,r9@mu_D_perp_native,4.0,-2.1658593208070784,-2.273325689255245,0.1074663684481667,False,0.2504580347310929,0.327560217607589,-0.3078447172169092
cake,r10@mu_D,0.0,-2.1658593208070784,-2.1658593208070784,0.0,False,0.2504580347310929,0.2504580347310929,0.0
cake,r10@mu_D,0.5,-2.1658593208070784,-2.167738918274168,0.0018795974670897664,False,0.2504580347310929,0.2503377194442446,0.0004803810226231553
cake,r10@mu_D,1.0,-2.1658593208070784,-2.167640527089437,0.0017812062823585606,False,0.2504580347310929,0.252997168472835,-0.010137960814346592
cake,r10@mu_D,2.0,-2.1658593208070784,-2.1705126838078574,0.0046533630007790094,False,0.2504580347310929,0.2678307124546596,-0.06936362709313393
cake,r10@mu_D,4.0,-2.1658593208070784,-2.2018286462814087,0.035969325474330294,False,0.2504580347310929,0.34625690229355344,-0.38249468684570687
cake,r10@mu_D_par,0.0,-2.1658593208070784,-2.1658593208070784,0.0,False,0.2504580347310929,0.2504580347310929,0.0
cake,r10@mu_D_par,0.5,-2.1658593208070784,-2.166689641891964,0.0008303210848854548,False,0.2504580347310929,0.25004396741352386,0.0016532403043632016
cake,r10@mu_D_par,1.0,-2.1658593208070784,-2.1669881646595304,0.0011288438524519329,False,0.2504580347310929,0.25186391624193344,-0.005613241804560021
cake,r10@mu_D_par,2.0,-2.1658593208070784,-2.1701169619484553,0.004257641141376833,False,0.2504580347310929,0.2617316733277033,-0.0450120859916292
cake,r10@mu_D_par,4.0,-2.1658593208070784,-2.1849636690957204,0.019104348288641937,False,0.2504580347310929,0.31124624373420834,-0.24270816094353442
cake,r10@mu_D_perp_native,0.0,-2.1658593208070784,-2.1658593208070784,0.0,False,0.2504580347310929,0.2504580347310929,0.0
cake,r10@mu_D_perp_native,0.5,-2.1658593208070784,-2.1660204690600198,0.0001611482529413344,False,0.2504580347310929,0.24992742235698398,0.0021185679855654227
cake,r10@mu_D_perp_native,1.0,-2.1658593208070784,-2.165944769268944,8.544846186575583e-05,False,0.2504580347310929,0.249921433982395,0.0021424776780430976
cake,r10@mu_D_perp_native,2.0,-2.1658593208070784,-2.167833918616885,0.0019745978098066885,False,0.2504580347310929,0.2540602125818767,-0.014382360919869663
cake,r10@mu_D_perp_native,4.0,-2.1658593208070784,-2.171006206482176,0.005146885675097579,False,0.2504580347310929,0.2720566666315472,-0.08623653029795553
cake,r11@mu_D,0.0,-2.1658593208070784,-2.1658593208070784,0.0,False,0.2504580347310929,0.2504580347310929,0.0
cake,r11@mu_D,0.5,-2.1658593208070784,-2.160504288143582,-0.005355032663496573,False,0.2504580347310929,0.24920344541943262,0.005009179733472258
cake,r11@mu_D,1.0,-2.1658593208070784,-2.158703743465363,-0.007155577341715347,False,0.2504580347310929,0.25096180893125986,-0.0020114116151548345
cake,r11@mu_D,2.0,-2.1658593208070784,-2.1606089198400102,-0.005250400967068192,False,0.2504580347310929,0.2633555730183919,-0.051495805679169226
cake,r11@mu_D,4.0,-2.1658593208070784,-2.189958965967572,0.024099645160493566,False,0.2504580347310929,0.32814024743579684,-0.3101605935226168
cake,r11@mu_D_par,0.0,-2.1658593208070784,-2.1658593208070784,0.0,False,0.2504580347310929,0.2504580347310929,0.0
cake,r11@mu_D_par,0.5,-2.1658593208070784,-2.161395591402811,-0.004463729404267536,False,0.2504580347310929,0.24905443806496877,0.00560411913968395
cake,r11@mu_D_par,1.0,-2.1658593208070784,-2.159577029091971,-0.006282291715107302,False,0.2504580347310929,0.2506643609395103,-0.0008237955258210139
cake,r11@mu_D_par,2.0,-2.1658593208070784,-2.1593828541891917,-0.0064764666178867,False,0.2504580347310929,0.2589858675759936,-0.03404894897485211
cake,r11@mu_D_par,4.0,-2.1658593208070784,-2.1741210506075905,0.008261729800512096,False,0.2504580347310929,0.29954727301521905,-0.1959978578320769
cake,r11@mu_D_perp_native,0.0,-2.1658593208070784,-2.1658593208070784,0.0,False,0.2504580347310929,0.2504580347310929,0.0
cake,r11@mu_D_perp_native,0.5,-2.1658593208070784,-2.1627989950634183,-0.0030603257436601083,False,0.2504580347310929,0.24930580740883238,0.004600480569519894
cake,r11@mu_D_perp_native,1.0,-2.1658593208070784,-2.1608265127454485,-0.005032808061629979,False,0.2504580347310929,0.24940330736220828,0.004211193983123973
cake,r11@mu_D_perp_native,2.0,-2.1658593208070784,-2.159626737473503,-0.006232583333575459,False,0.2504580347310929,0.2524547487024277,-0.007972249616502003
cake,r11@mu_D_perp_native,4.0,-2.1658593208070784,-2.160848091519068,-0.005011229288010455,False,0.2504580347310929,0.26696788933542037,-0.06591864629958244
cake,r12@mu_D,0.0,-2.1658593208070784,-2.1658593208070784,0.0,False,0.2504580347310929,0.2504580347310929,0.0
cake,r12@mu_D,0.5,-2.1658593208070784,-2.16968886435978,0.0038295435527015975,False,0.2504580347310929,0.24385007648240953,0.026383494767009963
cake,r12@mu_D,1.0,-2.1658593208070784,-2.1771918591998873,0.0113325383928089,False,0.2504580347310929,0.24229591990274096,0.032588752192020065
cake,r12@mu_D,2.0,-2.1658593208070784,-2.1970238836984786,0.031164562891400127,False,0.2504580347310929,0.2475924056673807,0.011441553738888555
cake,r12@mu_D,4.0,-2.1658593208070784,-2.257023122575548,0.09116380176846972,False,0.2504580347310929,0.30008211968437076,-0.19813333202329608
cake,r12@mu_D_par,0.0,-2.1658593208070784,-2.1658593208070784,0.0,False,0.2504580347310929,0.2504580347310929,0.0
cake,r12@mu_D_par,0.5,-2.1658593208070784,-2.1695677439371743,0.0037084231300958947,False,0.2504580347310929,0.24524683611733572,0.020806673738186343
cake,r12@mu_D_par,1.0,-2.1658593208070784,-2.175279802746243,0.00942048193916456,False,0.2504580347310929,0.24269636519371518,0.03098990034682314
cake,r12@mu_D_par,2.0,-2.1658593208070784,-2.189558952573746,0.02369963176666756,False,0.2504580347310929,0.24457961037045434,0.023470695867074065
cake,r12@mu_D_par,4.0,-2.1658593208070784,-2.233269010271345,0.06740968946426662,False,0.2504580347310929,0.27562567828193546,-0.10048646903208391
cake,r12@mu_D_perp_native,0.0,-2.1658593208070784,-2.1658593208070784,0.0,False,0.2504580347310929,0.2504580347310929,0.0
cake,r12@mu_D_perp_native,0.5,-2.1658593208070784,-2.167703348492819,0.0018440276857405458,False,0.2504580347310929,0.2467794134503319,0.014687575444367718
cake,r12@mu_D_perp_native,1.0,-2.1658593208070784,-2.170090811593192,0.004231490786113401,False,0.2504580347310929,0.2440878346798912,0.02543420121475093
cake,r12@mu_D_perp_native,2.0,-2.1658593208070784,-2.1792463083115834,0.013386987504504955,False,0.2504580347310929,0.24215885807597448,0.033135996870808815
cake,r12@mu_D_perp_native,4.0,-2.1658593208070784,-2.2005515893300376,0.03469226852295915,False,0.2504580347310929,0.24989602017024207,0.002243947020722503
cake,r13@mu_D,0.0,-2.1658593208070784,-2.1658593208070784,0.0,False,0.2504580347310929,0.2504580347310929,0.0
cake,r13@mu_D,0.5,-2.1658593208070784,-2.170094160806565,0.004234839999486706,False,0.2504580347310929,0.2499027413035196,0.0022171116537327284
cake,r13@mu_D,1.0,-2.1658593208070784,-2.174457837664892,0.008598516857813543,False,0.2504580347310929,0.25238055653042263,-0.0076760236555950545
cake,r13@mu_D,2.0,-2.1658593208070784,-2.1871489418877497,0.02128962108067123,False,0.2504580347310929,0.26440593884104774,-0.05568958538275748
cake,r13@mu_D,4.0,-2.1658593208070784,-2.2275003743550132,0.06164105354793481,False,0.2504580347310929,0.33041291482864865,-0.3192346381835991
cake,r13@mu_D_par,0.0,-2.1658593208070784,-2.1658593208070784,0.0,False,0.2504580347310929,0.2504580347310929,0.0
cake,r13@mu_D_par,0.5,-2.1658593208070784,-2.168788274129232,0.0029289533221534825,False,0.2504580347310929,0.24957812068954346,0.003513219460075101
cake,r13@mu_D_par,1.0,-2.1658593208070784,-2.1730249382200695,0.007165617412991043,False,0.2504580347310929,0.25097449052901494,-0.00206204523834308
cake,r13@mu_D_par,2.0,-2.1658593208070784,-2.1825773526751804,0.016718031868101946,False,0.2504580347310929,0.25908112431329394,-0.034429279106415134
cake,r13@mu_D_par,4.0,-2.1658593208070784,-2.21134628946819,0.04548696866111168,False,0.2504580347310929,0.30173477199342513,-0.2047318518544876
cake,r13@mu_D_perp_native,0.0,-2.1658593208070784,-2.1658593208070784,0.0,False,0.2504580347310929,0.2504580347310929,0.0
cake,r13@mu_D_perp_native,0.5,-2.1658593208070784,-2.1676317661527604,0.0017724453456819944,False,0.2504580347310929,0.24994619592787728,0.00204361103354167
cake,r13@mu_D_perp_native,1.0,-2.1658593208070784,-2.1697649085332475,0.003905587726169113,False,0.2504580347310929,0.24988252870620242,0.0022978141847530553
cake,r13@mu_D_perp_native,2.0,-2.1658593208070784,-2.1750474657331194,0.00918814492604092,False,0.2504580347310929,0.25258383911753457,-0.008487666960750762
cake,r13@mu_D_perp_native,4.0,-2.1658593208070784,-2.189556390520126,0.023697069713047636,False,0.2504580347310929,0.26847608221901786,-0.07194038517179235
cake,r14@mu_D,0.0,-2.1658593208070784,-2.1658593208070784,0.0,False,0.2504580347310929,0.2504580347310929,0.0
cake,r14@mu_D,0.5,-2.1658593208070784,-2.1702034927549816,0.004344171947903153,False,0.2504580347310929,0.25052799970384626,-0.0002793480865106446
cake,r14@mu_D,1.0,-2.1658593208070784,-2.1774141447884694,0.01155482398139096,False,0.2504580347310929,0.25497809430909535,-0.018047173383179516
cake,r14@mu_D,2.0,-2.1658593208070784,-2.194531766195146,0.02867244538806757,False,0.2504580347310929,0.2787363420403193,-0.11290636908329854
cake,r14@mu_D,4.0,-2.1658593208070784,-2.2589044041103787,0.0930450833033003,False,0.2504580347310929,0.39910242671058294,-0.5934902114004199
cake,r14@mu_D_par,0.0,-2.1658593208070784,-2.1658593208070784,0.0,False,0.2504580347310929,0.2504580347310929,0.0
cake,r14@mu_D_par,0.5,-2.1658593208070784,-2.1692419279189337,0.0033826071118552292,False,0.2504580347310929,0.2501829025291261,0.0010985161736264404
cake,r14@mu_D_par,1.0,-2.1658593208070784,-2.173926311825949,0.008066991018870429,False,0.2504580347310929,0.2529021468427446,-0.009758569391777883
cake,r14@mu_D_par,2.0,-2.1658593208070784,-2.188640594482422,0.02278127367534344,False,0.2504580347310929,0.26925601514558944,-0.07505441154914116
cake,r14@mu_D_par,4.0,-2.1658593208070784,-2.238283047600398,0.07242372679331943,False,0.2504580347310929,0.3530579682380434,-0.409649199783541
cake,r14@mu_D_perp_native,0.0,-2.1658593208070784,-2.1658593208070784,0.0,False,0.2504580347310929,0.2504580347310929,0.0
cake,r14@mu_D_perp_native,0.5,-2.1658593208070784,-2.1686785940140014,0.0028192732069229898,False,0.2504580347310929,0.25019401406484937,0.0010541513133208724
cake,r14@mu_D_perp_native,1.0,-2.1658593208070784,-2.1712817388867576,0.005422418079679137,False,0.2504580347310929,0.250811178059805,-0.0014099900172548363
cake,r14@mu_D_perp_native,2.0,-2.1658593208070784,-2.1776284263247536,0.011769105517675182,False,0.2504580347310929,0.2561629717312162,-0.02277801551165437
cake,r14@mu_D_perp_native,4.0,-2.1658593208070784,-2.2003569792187405,0.03449765841166208,False,0.2504580347310929,0.28609453496478854,-0.1422853144717724
cake,r15@mu_D,0.0,-2.1658593208070784,-2.1658593208070784,0.0,False,0.2504580347310929,0.2504580347310929,0.0
cake,r15@mu_D,0.5,-2.1658593208070784,-2.163118396486555,-0.002740924320523419,False,0.2504580347310929,0.25530641561462764,-0.019358056884620334
cake,r15@mu_D,1.0,-2.1658593208070784,-2.1608602092379616,-0.00499911156911681,False,0.2504580347310929,0.2621610647156125,-0.046726510479428995
cake,r15@mu_D,2.0,-2.1658593208070784,-2.157197785755945,-0.00866153505113365,False,0.2504580347310929,0.28263414757592337,-0.12846907818060904
cake,r15@mu_D,4.0,-2.1658593208070784,-2.151956153294397,-0.013903167512681502,False,0.2504580347310929,0.3410097786358425,-0.36154457572890997
cake,r15@mu_D_par,0.0,-2.1658593208070784,-2.1658593208070784,0.0,False,0.2504580347310929,0.2504580347310929,0.0
cake,r15@mu_D_par,0.5,-2.1658593208070784,-2.1634626312861367,-0.0023966895209417416,False,0.2504580347310929,0.2540078153685918,-0.014173155360378553
cake,r15@mu_D_par,1.0,-2.1658593208070784,-2.1614265252673435,-0.004432795539734968,False,0.2504580347310929,0.2595561411645677,-0.03632587169041357
cake,r15@mu_D_par,2.0,-2.1658593208070784,-2.158286314161997,-0.007573006645081648,False,0.2504580347310929,0.275088516965745,-0.09834175318470773
cake,r15@mu_D_par,4.0,-2.1658593208070784,-2.1532710544646734,-0.012588266342405063,False,0.2504580347310929,0.3183052312760126,-0.2708924735345968
cake,r15@mu_D_perp_native,0.0,-2.1658593208070784,-2.1658593208070784,0.0,False,0.2504580347310929,0.2504580347310929,0.0
cake,r15@mu_D_perp_native,0.5,-2.1658593208070784,-2.164001461059328,-0.0018578597477505454,False,0.2504580347310929,0.2521293054497431,-0.006672857273054111
cake,r15@mu_D_perp_native,1.0,-2.1658593208070784,-2.1628301295023116,-0.003029191304766865,False,0.2504580347310929,0.2556932696274349,-0.02090264303943301
cake,r15@mu_D_perp_native,2.0,-2.1658593208070784,-2.161997329621088,-0.003861991185990288,False,0.2504580347310929,0.2645761711256845,-0.05636926924604224
cake,r15@mu_D_perp_native,4.0,-2.1658593208070784,-2.157102554563492,-0.008756766243586345,False,0.2504580347310929,0.2866919158943116,-0.14467046825677432
cake,r16@mu_D,0.0,-2.1658593208070784,-2.1658593208070784,0.0,False,0.2504580347310929,0.2504580347310929,0.0
cake,r16@mu_D,0.5,-2.1658593208070784,-2.1685894822317455,0.002730161424667088,False,0.2504580347310929,0.2562029612442804,-0.022937681034491897
cake,r16@mu_D,1.0,-2.1658593208070784,-2.172192134554424,0.0063328137473455115,False,0.2504580347310929,0.2631496753957536,-0.050673721361294
cake,r16@mu_D,2.0,-2.1658593208070784,-2.184968149851239,0.019108829044160558,False,0.2504580347310929,0.28539371253952145,-0.1394871513941951
cake,r16@mu_D,4.0,-2.1658593208070784,-2.219796483478849,0.05393716267177062,False,0.2504580347310929,0.36042577690548366,-0.43906653780326454
cake,r16@mu_D_par,0.0,-2.1658593208070784,-2.1658593208070784,0.0,False,0.2504580347310929,0.2504580347310929,0.0
cake,r16@mu_D_par,0.5,-2.1658593208070784,-2.1675480244651673,0.0016887036580888193,False,0.2504580347310929,0.25508792816646514,-0.018485705361152238
cake,r16@mu_D_par,1.0,-2.1658593208070784,-2.1709356421516057,0.00507632134452729,False,0.2504580347310929,0.26089246121663895,-0.041661376512632575
cake,r16@mu_D_par,2.0,-2.1658593208070784,-2.1801517766619485,0.014292455854870045,False,0.2504580347310929,0.2771499663118332,-0.10657247075103182
cake,r16@mu_D_par,4.0,-2.1658593208070784,-2.2078559663560657,0.0419966455489873,False,0.2504580347310929,0.32979023172741845,-0.3167484608010338
cake,r16@mu_D_perp_native,0.0,-2.1658593208070784,-2.1658593208070784,0.0,False,0.2504580347310929,0.2504580347310929,0.0
cake,r16@mu_D_perp_native,0.5,-2.1658593208070784,-2.167142519875178,0.0012831990680997052,False,0.2504580347310929,0.2532140967391786,-0.011004087016193376
cake,r16@mu_D_perp_native,1.0,-2.1658593208070784,-2.1697663012005033,0.003906980393424853,False,0.2504580347310929,0.2566710663220239,-0.02480667708505213
cake,r16@mu_D_perp_native,2.0,-2.1658593208070784,-2.1737230808015853,0.007863759994506836,False,0.2504580347310929,0.2655886123104701,-0.06041162782269027
cake,r16@mu_D_perp_native,4.0,-2.1658593208070784,-2.186777122437008,0.0209178016299294,False,0.2504580347310929,0.2901579387604244,-0.1585092052325483
cake,r17@mu_D,0.0,-2.1658593208070784,-2.1658593208070784,0.0,False,0.2504580347310929,0.2504580347310929,0.0
cake,r17@mu_D,0.5,-2.1658593208070784,-2.1647072822328597,-0.00115203857421875,False,0.2504580347310929,0.25177750417164396,-0.00526822564094509
cake,r17@mu_D,1.0,-2.1658593208070784,-2.163466203780401,-0.002393117026677327,False,0.2504580347310929,0.2545569742482806,-0.016365773697731845
cake,r17@mu_D,2.0,-2.1658593208070784,-2.166509306620038,0.0006499858129593861,False,0.2504580347310929,0.2695364176280915,-0.07617397029199857
cake,r17@mu_D,4.0,-2.1658593208070784,-2.1895402045477006,0.02368088374062216,False,0.2504580347310929,0.32929344120479764,-0.31476493280939155
cake,r17@mu_D_par,0.0,-2.1658593208070784,-2.1658593208070784,0.0,False,0.2504580347310929,0.2504580347310929,0.0
cake,r17@mu_D_par,0.5,-2.1658593208070784,-2.165163959775652,-0.0006953610314264225,False,0.2504580347310929,0.2511157861777714,-0.002626194234034873
cake,r17@mu_D_par,1.0,-2.1658593208070784,-2.1637275067586748,-0.0021318140484036796,False,0.2504580347310929,0.25324114447548274,-0.011112080103071742
cake,r17@mu_D_par,2.0,-2.1658593208070784,-2.164402110236032,-0.001457210571046641,False,0.2504580347310929,0.2634599861644563,-0.051912694465254816
cake,r17@mu_D_par,4.0,-2.1658593208070784,-2.178097467573862,0.012238146766783586,False,0.2504580347310929,0.3047333558400472,-0.2167042521403939
cake,r17@mu_D_perp_native,0.0,-2.1658593208070784,-2.1658593208070784,0.0,False,0.2504580347310929,0.2504580347310929,0.0
cake,r17@mu_D_perp_native,0.5,-2.1658593208070784,-2.1650693151685925,-0.0007900056384859688,False,0.2504580347310929,0.25073817514237906,-0.001118512375084757
cake,r17@mu_D_perp_native,1.0,-2.1658593208070784,-2.1636306671869185,-0.0022286536201598928,False,0.2504580347310929,0.25157648750713896,-0.0044656294506457694
cake,r17@mu_D_perp_native,2.0,-2.1658593208070784,-2.1636391783517506,-0.002220142455327867,False,0.2504580347310929,0.2558519376648797,-0.021536154508191352
cake,r17@mu_D_perp_native,4.0,-2.1658593208070784,-2.1667557178981722,0.0008963970910937924,False,0.2504580347310929,0.27295036448372734,-0.08980478416986526
cake,r18@mu_D,0.0,-2.1658593208070784,-2.1658593208070784,0.0,False,0.2504580347310929,0.2504580347310929,0.0
cake,r18@mu_D,0.5,-2.1658593208070784,-2.1637021473475864,-0.0021571734594920677,False,0.2504580347310929,0.24873524762335278,0.006878545979129069
cake,r18@mu_D,1.0,-2.1658593208070784,-2.1632760782090443,-0.002583242598034108,False,0.2504580347310929,0.24953645136621264,0.0036795919359094986
cake,r18@mu_D,2.0,-2.1658593208070784,-2.165104453525846,-0.0007548672812323076,False,0.2504580347310929,0.2603962596446749,-0.039680200015352884
cake,r18@mu_D,4.0,-2.1658593208070784,-2.1854369451129245,0.019577624305846086,False,0.2504580347310929,0.3212101582496885,-0.28249093144310344
cake,r18@mu_D_par,0.0,-2.1658593208070784,-2.1658593208070784,0.0,False,0.2504580347310929,0.2504580347310929,0.0
cake,r18@mu_D_par,0.5,-2.1658593208070784,-2.1650930283561585,-0.0007662924509199698,False,0.2504580347310929,0.2488810812670087,0.006296278199968031
cake,r18@mu_D_par,1.0,-2.1658593208070784,-2.1629248006003245,-0.002934520206753888,False,0.2504580347310929,0.2489072907538641,0.00619163197896111
cake,r18@mu_D_par,2.0,-2.1658593208070784,-2.164053765554277,-0.0018055552528015717,False,0.2504580347310929,0.2556384711984604,-0.020683850182444896
cake,r18@mu_D_par,4.0,-2.1658593208070784,-2.174469796438066,0.00861047563098749,False,0.2504580347310929,0.2949882055085803,-0.1777949380833308
cake,r18@mu_D_perp_native,0.0,-2.1658593208070784,-2.1658593208070784,0.0,False,0.2504580347310929,0.2504580347310929,0.0
cake,r18@mu_D_perp_native,0.5,-2.1658593208070784,-2.1641905307769775,-0.0016687900301008973,False,0.2504580347310929,0.24925893497845483,0.004787627412015327
cake,r18@mu_D_perp_native,1.0,-2.1658593208070784,-2.162521210927812,-0.0033381098792664154,False,0.2504580347310929,0.24806984076424252,0.009535305862375276
cake,r18@mu_D_perp_native,2.0,-2.1658593208070784,-2.164044050943284,-0.0018152698637945441,False,0.2504580347310929,0.25043590437798274,8.835952551455861e-05
cake,r18@mu_D_perp_native,4.0,-2.1658593208070784,-2.1669667713225835,0.0011074505155050929,False,0.2504580347310929,0.2640735823956747,-0.05436259083962014
cake,r19@mu_D,0.0,-2.1658593208070784,-2.1658593208070784,0.0,False,0.2504580347310929,0.2504580347310929,0.0
cake,r19@mu_D,0.5,-2.1658593208070784,-2.1646207892705522,-0.0012385315365261995,False,0.2504580347310929,0.25073170236178804,-0.0010926686021031085
cake,r19@mu_D,1.0,-2.1658593208070784,-2.1649816641731867,-0.0008776566338917213,False,0.2504580347310929,0.25395865288991776,-0.013976865076751555
cake,r19@mu_D,2.0,-2.1658593208070784,-2.1676483873337036,0.0017890665266251382,False,0.2504580347310929,0.26654020614094204,-0.06421104208980943
cake,r19@mu_D,4.0,-2.1658593208070784,-2.189236773384942,0.02337745257786361,False,0.2504580347310929,0.3189605900219509,-0.27350911446864345
cake,r19@mu_D_par,0.0,-2.1658593208070784,-2.1658593208070784,0.0,False,0.2504580347310929,0.2504580347310929,0.0
cake,r19@mu_D_par,0.5,-2.1658593208070784,-2.1641302297985745,-0.0017290910085039357,False,0.2504580347310929,0.25005555531335255,0.001606973472312312
cake,r19@mu_D_par,1.0,-2.1658593208070784,-2.164312237784976,-0.0015470830221024912,False,0.2504580347310929,0.25277038841020494,-0.009232499494754576
cake,r19@mu_D_par,2.0,-2.1658593208070784,-2.1664252697475375,0.0005659489404590268,False,0.2504580347310929,0.26114003573145184,-0.04264986352634992
cake,r19@mu_D_par,4.0,-2.1658593208070784,-2.180815235016838,0.014955914209759502,False,0.2504580347310929,0.297495331556078,-0.18780510226189073
cake,r19@mu_D_perp_native,0.0,-2.1658593208070784,-2.1658593208070784,0.0,False,0.2504580347310929,0.2504580347310929,0.0
cake,r19@mu_D_perp_native,0.5,-2.1658593208070784,-2.1640119855366056,-0.0018473352704728718,False,0.2504580347310929,0.2500639458497365,0.0015734727048366537
cake,r19@mu_D_perp_native,1.0,-2.1658593208070784,-2.163915619017586,-0.0019437017894925468,False,0.2504580347310929,0.25069919512385413,-0.000962877445797039
cake,r19@mu_D_perp_native,2.0,-2.1658593208070784,-2.1639779522305442,-0.0018813685765342036,False,0.2504580347310929,0.25460214179659646,-0.01654611348345414
cake,r19@mu_D_perp_native,4.0,-2.1658593208070784,-2.1685820231361994,0.002722702329120974,False,0.2504580347310929,0.26959027137075153,-0.07638899131425414
cake,r20@mu_D,0.0,-2.1658593208070784,-2.1658593208070784,0.0,False,0.2504580347310929,0.2504580347310929,0.0
cake,r20@mu_D,0.5,-2.1658593208070784,-2.1651245942191473,-0.0007347265879311671,False,0.2504580347310929,0.25375705815496896,-0.013171960833351148
cake,r20@mu_D,1.0,-2.1658593208070784,-2.1659725999075268,0.000113279100448338,False,0.2504580347310929,0.2585429937120468,-0.032280693209281175
cake,r20@mu_D,2.0,-2.1658593208070784,-2.1650581094953747,-0.0008012113117037423,False,0.2504580347310929,0.27360049457777114,-0.09240054874472436
cake,r20@mu_D,4.0,-2.1658593208070784,-2.1720960405137806,0.006236719706702143,False,0.2504580347310929,0.3479324607622056,-0.3891846637532199
cake,r20@mu_D_par,0.0,-2.1658593208070784,-2.1658593208070784,0.0,False,0.2504580347310929,0.2504580347310929,0.0
cake,r20@mu_D_par,0.5,-2.1658593208070784,-2.166172625526549,0.000313304719470775,False,0.2504580347310929,0.25264041859006126,-0.008713570963341244
cake,r20@mu_D_par,1.0,-2.1658593208070784,-2.1655004327259366,-0.00035888808114181714,False,0.2504580347310929,0.25696902521072873,-0.02599633302491733
cake,r20@mu_D_par,2.0,-2.1658593208070784,-2.1647437451377747,-0.0011155756693037588,False,0.2504580347310929,0.2679246938417828,-0.06973886515337058
cake,r20@mu_D_par,4.0,-2.1658593208070784,-2.1647361876472595,-0.0011231331598189342,False,0.2504580347310929,0.31273598756108967,-0.24865623854655805
cake,r20@mu_D_perp_native,0.0,-2.1658593208070784,-2.1658593208070784,0.0,False,0.2504580347310929,0.2504580347310929,0.0
cake,r20@mu_D_perp_native,0.5,-2.1658593208070784,-2.1654729805295427,-0.00038634027753570166,False,0.2504580347310929,0.251818215090131,-0.005430771508282861
cake,r20@mu_D_perp_native,1.0,-2.1658593208070784,-2.1664373155624146,0.0005779947553361531,False,0.2504580347310929,0.2543312788955749,-0.015464643283017665
cake,r20@mu_D_perp_native,2.0,-2.1658593208070784,-2.1656216477590893,-0.000237673047989162,False,0.2504580347310929,0.2590294854035453,-0.03422310121396288
cake,r20@mu_D_perp_native,4.0,-2.1658593208070784,-2.164831619414072,-0.0010277013930064527,False,0.2504580347310929,0.2775657068169306,-0.10823239156588516
cake,r21@mu_D,0.0,-2.1658593208070784,-2.1658593208070784,0.0,False,0.2504580347310929,0.2504580347310929,0.0
cake,r21@mu_D,0.5,-2.1658593208070784,-2.1701394187079535,0.004280097900875024,False,0.2504580347310929,0.256730050794662,-0.025042183495143533
cake,r21@mu_D,1.0,-2.1658593208070784,-2.174328259059361,0.008468938252282676,False,0.2504580347310929,0.26573850332744536,-0.06101009541482072
cake,r21@mu_D,2.0,-2.1658593208070784,-2.1856616981445796,0.01980237733750112,False,0.2504580347310929,0.29035291596064494,-0.15928768774531687
cake,r21@mu_D,4.0,-2.1658593208070784,-2.2157640986972384,0.04990477789016001,False,0.2504580347310929,0.37207583397153826,-0.485581544113854
cake,r21@mu_D_par,0.0,-2.1658593208070784,-2.1658593208070784,0.0,False,0.2504580347310929,0.2504580347310929,0.0
cake,r21@mu_D_par,0.5,-2.1658593208070784,-2.1689300234355624,0.003070702628483968,False,0.2504580347310929,0.25526442745375255,-0.019190411390954454
cake,r21@mu_D_par,1.0,-2.1658593208070784,-2.171642394292922,0.005783073485843726,False,0.2504580347310929,0.26216972441900344,-0.046761085945934644
cake,r21@mu_D_par,2.0,-2.1658593208070784,-2.181687839447506,0.015828518640427447,False,0.2504580347310929,0.28124914472065277,-0.12293919826776212
cake,r21@mu_D_par,4.0,-2.1658593208070784,-2.203082879384359,0.037223558577280436,False,0.2504580347310929,0.3410308115066044,-0.36162855335328326
cake,r21@mu_D_perp_native,0.0,-2.1658593208070784,-2.1658593208070784,0.0,False,0.2504580347310929,0.2504580347310929,0.0
cake,r21@mu_D_perp_native,0.5,-2.1658593208070784,-2.1674718062082925,0.0016124854012140588,False,0.2504580347310929,0.25332765021021403,-0.011457470239284229
cake,r21@mu_D_perp_native,1.0,-2.1658593208070784,-2.16978188923427,0.003922568427191742,False,0.2504580347310929,0.25722460803531466,-0.027016794695713164
cake,r21@mu_D_perp_native,2.0,-2.1658593208070784,-2.176168237413679,0.010308916606600604,False,0.2504580347310929,0.26741593177356415,-0.06770753855302858
cake,r21@mu_D_perp_native,4.0,-2.1658593208070784,-2.186405662506346,0.0205463416992675,False,0.2504580347310929,0.29576098020114594,-0.18088038388823513
cake,r22@mu_D,0.0,-2.1658593208070784,-2.1658593208070784,0.0,False,0.2504580347310929,0.2504580347310929,0.0
cake,r22@mu_D,0.5,-2.1658593208070784,-2.1720215668753973,0.006162246068318833,False,0.2504580347310929,0.25898735059632194,-0.034054870207644194
cake,r22@mu_D,1.0,-2.1658593208070784,-2.1800902608841186,0.014230940077040177,False,0.2504580347310929,0.27139265764327275,-0.08358535167241299
cake,r22@mu_D,2.0,-2.1658593208070784,-2.208313404567658,0.042454083760579575,False,0.2504580347310929,0.31034635929834276,-0.2391152059926911
cake,r22@mu_D,4.0,-2.1658593208070784,-2.304505772060818,0.13864645125373976,False,0.2504580347310929,0.44192568744931904,-0.764469995637383
cake,r22@mu_D_par,0.0,-2.1658593208070784,-2.1658593208070784,0.0,False,0.2504580347310929,0.2504580347310929,0.0
cake,r22@mu_D_par,0.5,-2.1658593208070784,-2.1706657182602656,0.004806397453187117,False,0.2504580347310929,0.25678889855505926,-0.02527714405634285
cake,r22@mu_D_par,1.0,-2.1658593208070784,-2.176565753089057,0.01070643228197854,False,0.2504580347310929,0.2671088945297968,-0.06648163560247244
cake,r22@mu_D_par,2.0,-2.1658593208070784,-2.1989356790270125,0.03307635821993404,False,0.2504580347310929,0.29591466888548834,-0.18149401436931534
cake,r22@mu_D_par,4.0,-2.1658593208070784,-2.267891115612454,0.1020317948053755,False,0.2504580347310929,0.3909267461489117,-0.5608472955105417
cake,r22@mu_D_perp_native,0.0,-2.1658593208070784,-2.1658593208070784,0.0,False,0.2504580347310929,0.2504580347310929,0.0
cake,r22@mu_D_perp_native,0.5,-2.1658593208070784,-2.1694268007127064,0.0035674799056280015,False,0.2504580347310929,0.25469607824370977,-0.0169211721123943
cake,r22@mu_D_perp_native,1.0,-2.1658593208070784,-2.1722066213214206,0.00634730051434218,False,0.2504580347310929,0.25999497137372457,-0.0380779824167794
cake,r22@mu_D_perp_native,2.0,-2.1658593208070784,-2.182824725196475,0.016965404389396532,False,0.2504580347310929,0.2746738384640406,-0.09668607261470874
cake,r22@mu_D_perp_native,4.0,-2.1658593208070784,-2.215981509950426,0.05012218914334765,False,0.2504580347310929,0.319804596049445,-0.2768789645451255
cake,prompt,,-2.1658593208070784,-2.1938952340020075,0.02803591319492904,False,0.2504580347310929,0.3481735237061031,-0.3901471521164155
concrete,base,,-2.1658593208070784,-2.1658593208070784,0.0,False,0.40498312125130304,0.40498312125130304,0.0
concrete,finetuned,,-2.1658593208070784,-2.1465778048076327,-0.01928151599944572,False,0.40498312125130304,0.0,1.0
concrete,mu_D,0.0,-2.1658593208070784,-2.1658593208070784,0.0,False,0.40498312125130304,0.40498312125130304,0.0
concrete,mu_D,0.5,-2.1658593208070784,-2.18647609438215,0.020616773575071523,False,0.40498312125130304,0.34301802184846664,0.15300662213126004
concrete,mu_D,1.0,-2.1658593208070784,-2.2292441602737183,0.06338483946663986,False,0.40498312125130304,0.29862267062777564,0.26262934192145715
concrete,mu_D,2.0,-2.1658593208070784,-2.3942246777670726,0.22836535695999416,False,0.40498312125130304,0.3165886373746963,0.21826708136252315
concrete,mu_D,4.0,-2.1658593208070784,-2.9566622158837697,0.7908028950766912,False,0.40498312125130304,0.8495174249013265,-1.0976613106159006
concrete,mu_Dprime_native,0.0,-2.1658593208070784,-2.1658593208070784,0.0,False,0.40498312125130304,0.40498312125130304,0.0
concrete,mu_Dprime_native,0.5,-2.1658593208070784,-2.1642278830210366,-0.0016314377860418006,False,0.40498312125130304,0.36936953238078524,0.08793845225075092
concrete,mu_Dprime_native,1.0,-2.1658593208070784,-2.1647328422183083,-0.00112647858877013,False,0.40498312125130304,0.33578903949449934,0.17085670519554041
concrete,mu_Dprime_native,2.0,-2.1658593208070784,-2.1776460201021224,0.011786699295043945,False,0.40498312125130304,0.28228091815161327,0.30298102972926055
concrete,mu_Dprime_native,4.0,-2.1658593208070784,-2.264073440006801,0.09821411919972256,False,0.40498312125130304,0.28159795394019477,0.3046674313978246
concrete,mu_Dprime_matched,0.0,-2.1658593208070784,-2.1658593208070784,0.0,False,0.40498312125130304,0.40498312125130304,0.0
concrete,mu_Dprime_matched,0.5,-2.1658593208070784,-2.163033678418114,-0.0028256423889643223,False,0.40498312125130304,0.34047508145135547,0.1592857489977183
concrete,mu_Dprime_matched,1.0,-2.1658593208070784,-2.1745780536106656,0.008718732803587148,False,0.40498312125130304,0.2896061842403715,0.284893199139865
concrete,mu_Dprime_matched,2.0,-2.1658593208070784,-2.2441197652665394,0.07826044445946101,False,0.40498312125130304,0.2684526873959435,0.33712623240571715
concrete,mu_Dprime_matched,4.0,-2.1658593208070784,-2.81006287771558,0.6442035569085016,False,0.40498312125130304,0.9245375565120152,-1.2829039236386213
concrete,mu_D_par,0.0,-2.1658593208070784,-2.1658593208070784,0.0,False,0.40498312125130304,0.40498312125130304,0.0
concrete,mu_D_par,0.5,-2.1658593208070784,-2.163326002302624,-0.002533318504454485,False,0.40498312125130304,0.3511321696024092,0.13297085439636835
concrete,mu_D_par,1.0,-2.1658593208070784,-2.1688626493726457,0.003003328565567287,False,0.40498312125130304,0.3038744557471502,0.24966143080667336
concrete,mu_D_par,2.0,-2.1658593208070784,-2.215476073915996,0.04961675310891778,False,0.40498312125130304,0.2595181029940408,0.3591878540710768
concrete,mu_D_par,4.0,-2.1658593208070784,-2.5046445528666177,0.33878523205953925,False,0.40498312125130304,0.57676148793054,-0.42416179259145936
concrete,mu_D_perp_native,0.0,-2.1658593208070784,-2.1658593208070784,0.0,False,0.40498312125130304,0.40498312125130304,0.0
concrete,mu_D_perp_native,0.5,-2.1658593208070784,-2.1852454041677807,0.019386083360702244,False,0.40498312125130304,0.3956533897490728,0.023037334181739588
concrete,mu_D_perp_native,1.0,-2.1658593208070784,-2.211132159308782,0.04527283850170338,False,0.40498312125130304,0.39119358479030547,0.03404965722618547
concrete,mu_D_perp_native,2.0,-2.1658593208070784,-2.274935699644543,0.10907637883746446,False,0.40498312125130304,0.39292162372952416,0.0297827165846114
concrete,mu_D_perp_native,4.0,-2.1658593208070784,-2.4635032699221657,0.2976439491150873,False,0.40498312125130304,0.4630507675428239,-0.14338288003733446
concrete,mu_D_perp_matched,0.0,-2.1658593208070784,-2.1658593208070784,0.0,False,0.40498312125130304,0.40498312125130304,0.0
concrete,mu_D_perp_matched,0.5,-2.1658593208070784,-2.206957434851026,0.041098114043947476,False,0.40498312125130304,0.39169478889495607,0.032812064649235584
concrete,mu_D_perp_matched,1.0,-2.1658593208070784,-2.2613849488515703,0.09552562804449183,False,0.40498312125130304,0.3907935590971084,0.035037416152930545
concrete,mu_D_perp_matched,2.0,-2.1658593208070784,-2.424893617630005,0.25903429682292645,False,0.40498312125130304,0.44315146359186325,-0.09424674841417824
concrete,mu_D_perp_matched,4.0,-2.1658593208070784,-2.962014576745412,0.7961552559383334,False,0.40498312125130304,0.8526142249031673,-1.1053080490584124
concrete,r0,0.0,-2.1658593208070784,-2.1658593208070784,0.0,False,0.40498312125130304,0.40498312125130304,0.0
concrete,r0,0.5,-2.1658593208070784,-2.1934720334552584,0.027612712648179993,False,0.40498312125130304,0.42123941391233416,-0.04014066712410869
concrete,r0,1.0,-2.1658593208070784,-2.2307272184462774,0.06486789763919898,False,0.40498312125130304,0.4528996064549401,-0.1183172401249375
concrete,r0,2.0,-2.1658593208070784,-2.343610790040758,0.17775146923367968,False,0.40498312125130304,0.5694304723588247,-0.4060597651561819
concrete,r0,4.0,-2.1658593208070784,-3.0171868611895847,0.8513275403825062,False,0.40498312125130304,1.3490548777201818,-2.3311385263462787
concrete,r1,0.0,-2.1658593208070784,-2.1658593208070784,0.0,False,0.40498312125130304,0.40498312125130304,0.0
concrete,r1,0.5,-2.1658593208070784,-2.1484700346749928,-0.01738928613208568,False,0.40498312125130304,0.4030548930168152,0.004761255798834463
concrete,r1,1.0,-2.1658593208070784,-2.1407765244680736,-0.025082796339004787,False,0.40498312125130304,0.4106303339912778,-0.013944316302680004
concrete,r1,2.0,-2.1658593208070784,-2.1581707152109297,-0.007688605596148701,False,0.40498312125130304,0.45009060038460624,-0.1113811335986834
concrete,r1,4.0,-2.1658593208070784,-2.341955340097821,0.1760960192907426,False,0.40498312125130304,0.7024399912546552,-0.7344920180482586
concrete,r2,0.0,-2.1658593208070784,-2.1658593208070784,0.0,False,0.40498312125130304,0.40498312125130304,0.0
concrete,r2,0.5,-2.1658593208070784,-2.170428889138358,0.004569568331279417,False,0.40498312125130304,0.39822753081246026,0.016681165422325672
concrete,r2,1.0,-2.1658593208070784,-2.180518278999934,0.014658958192855565,False,0.40498312125130304,0.39951537147400873,0.013501179408169528
concrete,r2,2.0,-2.1658593208070784,-2.2345615909213112,0.0687022701142328,False,0.40498312125130304,0.4402613696597871,-0.08711041660077723
concrete,r2,4.0,-2.1658593208070784,-3.546848834507049,1.3809895136999706,True,0.40498312125130304,1.7986794577704535,-3.4413689444956495
concrete,r0@mu_D,0.0,-2.1658593208070784,-2.1658593208070784,0.0,False,0.40498312125130304,0.40498312125130304,0.0
concrete,r0@mu_D,0.5,-2.1658593208070784,-2.1934720334552584,0.027612712648179993,False,0.40498312125130304,0.42123941391233416,-0.04014066712410869
concrete,r0@mu_D,1.0,-2.1658593208070784,-2.2307272184462774,0.06486789763919898,False,0.40498312125130304,0.4528996064549401,-0.1183172401249375
concrete,r0@mu_D,2.0,-2.1658593208070784,-2.343610790040758,0.17775146923367968,False,0.40498312125130304,0.5694304723588247,-0.4060597651561819
concrete,r0@mu_D,4.0,-2.1658593208070784,-3.0171868611895847,0.8513275403825062,False,0.40498312125130304,1.3490548777201818,-2.3311385263462787
concrete,r0@mu_D_par,0.0,-2.1658593208070784,-2.1658593208070784,0.0,False,0.40498312125130304,0.40498312125130304,0.0
concrete,r0@mu_D_par,0.5,-2.1658593208070784,-2.1874530164022294,0.021593695595151008,False,0.40498312125130304,0.417488417928181,-0.03087856263796751
concrete,r0@mu_D_par,1.0,-2.1658593208070784,-2.2168254057566323,0.0509660849495539,False,0.40498312125130304,0.44088837646302725,-0.08865864607094087
concrete,r0@mu_D_par,2.0,-2.1658593208070784,-2.298922860433185,0.1330635396261064,False,0.40498312125130304,0.5215289800886124,-0.2877795461628374
concrete,r0@mu_D_par,4.0,-2.1658593208070784,-2.659351560804579,0.49349223999750036,False,0.40498312125130304,0.9410007227034796,-1.3235554108922063
concrete,r0@mu_D_perp_native,0.0,-2.1658593208070784,-2.1658593208070784,0.0,False,0.40498312125130304,0.40498312125130304,0.0
concrete,r0@mu_D_perp_native,0.5,-2.1658593208070784,-2.1797315922994462,0.013872271492367805,False,0.40498312125130304,0.4119409578187125,-0.01718055939198493
concrete,r0@mu_D_perp_native,1.0,-2.1658593208070784,-2.1961206027439664,0.03026128193688793,False,0.40498312125130304,0.42399848832024467,-0.04695348045663872
concrete,r0@mu_D_perp_native,2.0,-2.1658593208070784,-2.2384050270867726,0.07254570627969414,False,0.40498312125130304,0.46030879493743654,-0.13661229513761008
concrete,r0@mu_D_perp_native,4.0,-2.1658593208070784,-2.3710742488739984,0.20521492806692,False,0.40498312125130304,0.6011720365948148,-0.484437264292235
concrete,r1@mu_D,0.0,-2.1658593208070784,-2.1658593208070784,0.0,False,0.40498312125130304,0.40498312125130304,0.0
concrete,r1@mu_D,0.5,-2.1658593208070784,-2.1484700346749928,-0.01738928613208568,False,0.40498312125130304,0.4030548930168152,0.004761255798834463
concrete,r1@mu_D,1.0,-2.1658593208070784,-2.1407765244680736,-0.025082796339004787,False,0.40498312125130304,0.4106303339912778,-0.013944316302680004
concrete,r1@mu_D,2.0,-2.1658593208070784,-2.1581707152109297,-0.007688605596148701,False,0.40498312125130304,0.45009060038460624,-0.1113811335986834
concrete,r1@mu_D,4.0,-2.1658593208070784,-2.341955340097821,0.1760960192907426,False,0.40498312125130304,0.7024399912546552,-0.7344920180482586
concrete,r1@mu_D_par,0.0,-2.1658593208070784,-2.1658593208070784,0.0,False,0.40498312125130304,0.40498312125130304,0.0
concrete,r1@mu_D_par,0.5,-2.1658593208070784,-2.150721345629011,-0.015137975178067364,False,0.40498312125130304,0.40256160119223217,0.005979311067555004
concrete,r1@mu_D_par,1.0,-2.1658593208070784,-2.142565265534416,-0.023294055272662373,False,0.40498312125130304,0.40761183273224605,-0.006490916146877801
concrete,r1@mu_D_par,2.0,-2.1658593208070784,-2.14823807988848,-0.017621240918598513,False,0.40498312125130304,0.4343281974868169,-0.07245999819657767
concrete,r1@mu_D_par,4.0,-2.1658593208070784,-2.25384417412773,0.08798485332065153,False,0.40498312125130304,0.5774036645889282,-0.4257474800551837
concrete,r1@mu_D_perp_native,0.0,-2.1658593208070784,-2.1658593208070784,0.0,False,0.40498312125130304,0.40498312125130304,0.0
concrete,r1@mu_D_perp_native,0.5,-2.1658593208070784,-2.1550201877715094,-0.010839133035569049,False,0.40498312125130304,0.4025386155597747,0.006036068080998991
concrete,r1@mu_D_perp_native,1.0,-2.1658593208070784,-2.1467870909070212,-0.01907222990005719,False,0.40498312125130304,0.40398999244447736,0.0024522720940989284
concrete,r1@mu_D_perp_native,2.0,-2.1658593208070784,-2.139985894399976,-0.02587342640710233,False,0.40498312125130304,0.4124447050548735,-0.018424431567705568
concrete,r1@mu_D_perp_native,4.0,-2.1658593208070784,-2.166748273940313,0.0008889531332347822,False,0.40498312125130304,0.4610753201303028,-0.13850502881623306
concrete,r2@mu_D,0.0,-2.1658593208070784,-2.1658593208070784,0.0,False,0.40498312125130304,0.40498312125130304,0.0
concrete,r2@mu_D,0.5,-2.1658593208070784,-2.170428889138358,0.004569568331279417,False,0.40498312125130304,0.39822753081246026,0.016681165422325672
concrete,r2@mu_D,1.0,-2.1658593208070784,-2.180518278999934,0.014658958192855565,False,0.40498312125130304,0.39951537147400873,0.013501179408169528
concrete,r2@mu_D,2.0,-2.1658593208070784,-2.2345615909213112,0.0687022701142328,False,0.40498312125130304,0.4402613696597871,-0.08711041660077723
concrete,r2@mu_D,4.0,-2.1658593208070784,-3.546848834507049,1.3809895136999706,True,0.40498312125130304,1.7986794577704535,-3.4413689444956495
concrete,r2@mu_D_par,0.0,-2.1658593208070784,-2.1658593208070784,0.0,False,0.40498312125130304,0.40498312125130304,0.0
concrete,r2@mu_D_par,0.5,-2.1658593208070784,-2.1685420331500826,0.002682712343004212,False,0.40498312125130304,0.3982067401446993,0.016732502543973404
concrete,r2@mu_D_par,1.0,-2.1658593208070784,-2.1761664814419217,0.010307160634843271,False,0.40498312125130304,0.39817291876626393,0.016816015600840784
concrete,r2@mu_D_par,2.0,-2.1658593208070784,-2.2101658374544173,0.04430651664733887,False,0.40498312125130304,0.4186656200696552,-0.033785355735509226
concrete,r2@mu_D_par,4.0,-2.1658593208070784,-2.6176566547817655,0.451797333974687,False,0.40498312125130304,0.8356331719292535,-1.0633777757140659
concrete,r2@mu_D_perp_native,0.0,-2.1658593208070784,-2.1658593208070784,0.0,False,0.40498312125130304,0.40498312125130304,0.0
concrete,r2@mu_D_perp_native,0.5,-2.1658593208070784,-2.1662334828149703,0.00037416200789186504,False,0.40498312125130304,0.39998786411588155,0.012334482286538995
concrete,r2@mu_D_perp_native,1.0,-2.1658593208070784,-2.170899061929612,0.005039741122533581,False,0.40498312125130304,0.39773973302235677,0.017885654608433832
concrete,r2@mu_D_perp_native,2.0,-2.1658593208070784,-2.183328340923975,0.017469020116896772,False,0.40498312125130304,0.40059605098906015,0.010832723716207915
concrete,r2@mu_D_perp_native,4.0,-2.1658593208070784,-2.255173603693644,0.08931428288656562,False,0.40498312125130304,0.4591717246979002,-0.13380459728584992
concrete,r3@mu_D,0.0,-2.1658593208070784,-2.1658593208070784,0.0,False,0.40498312125130304,0.40498312125130304,0.0
concrete,r3@mu_D,0.5,-2.1658593208070784,-2.1717990920657204,0.005939771258641979,False,0.40498312125130304,0.4042739981696719,0.0017509941635101
concrete,r3@mu_D,1.0,-2.1658593208070784,-2.180461887329344,0.014602566522265548,False,0.40498312125130304,0.41594379478030735,-0.02706451936845755
concrete,r3@mu_D,2.0,-2.1658593208070784,-2.2114023670317633,0.04554304622468486,False,0.40498312125130304,0.47001514832178753,-0.1605795986498173
concrete,r3@mu_D,4.0,-2.1658593208070784,-2.879225390298026,0.7133660694909474,False,0.40498312125130304,1.2627621718815394,-2.118061236675494
concrete,r3@mu_D_par,0.0,-2.1658593208070784,-2.1658593208070784,0.0,False,0.40498312125130304,0.40498312125130304,0.0
concrete,r3@mu_D_par,0.5,-2.1658593208070784,-2.169818302941701,0.003958982134622424,False,0.40498312125130304,0.40365613169140285,0.0032766539894306668
concrete,r3@mu_D_par,1.0,-2.1658593208070784,-2.1772974597083197,0.011438138901241235,False,0.40498312125130304,0.4113371353300791,-0.01568957752891942
concrete,r3@mu_D_par,2.0,-2.1658593208070784,-2.1996477785564603,0.033788457749381884,False,0.40498312125130304,0.4473672755180843,-0.10465659441762454
concrete,r3@mu_D_par,4.0,-2.1658593208070784,-2.5218819285195972,0.3560226077125188,False,0.40498312125130304,0.8681772682401869,-1.143736918115803
concrete,r3@mu_D_perp_native,0.0,-2.1658593208070784,-2.1658593208070784,0.0,False,0.40498312125130304,0.40498312125130304,0.0
concrete,r3@mu_D_perp_native,0.5,-2.1658593208070784,-2.168525563346015,0.0026662425389365474,False,0.40498312125130304,0.4032336303165981,0.004319910739241206
concrete,r3@mu_D_perp_native,1.0,-2.1658593208070784,-2.172655396991306,0.006796076184227395,False,0.40498312125130304,0.4050549836385818,-0.00017744538848107894
concrete,r3@mu_D_perp_native,2.0,-2.1658593208070784,-2.183474828326513,0.017615507519434637,False,0.40498312125130304,0.41952490995800684,-0.03590714759117142
concrete,r3@mu_D_perp_native,4.0,-2.1658593208070784,-2.22268929935637,0.05682997854929139,False,0.40498312125130304,0.4891735901908269,-0.20788636494132162
concrete,r4@mu_D,0.0,-2.1658593208070784,-2.1658593208070784,0.0,False,0.40498312125130304,0.40498312125130304,0.0
concrete,r4@mu_D,0.5,-2.1658593208070784,-2.170915168429178,0.005055847622099652,False,0.40498312125130304,0.4082104260959322,-0.007968986052202753
concrete,r4@mu_D,1.0,-2.1658593208070784,-2.179651324711149,0.013792003904070427,False,0.40498312125130304,0.4199323029745193,-0.036913098197837835
concrete,r4@mu_D,2.0,-2.1658593208070784,-2.215826636268979,0.049967315461900697,False,0.40498312125130304,0.47029787491238306,-0.16127771809173863
concrete,r4@mu_D,4.0,-2.1658593208070784,-2.428956569187225,0.26309724838014636,False,0.40498312125130304,0.7560450179236275,-0.8668556249643824
concrete,r4@mu_D_par,0.0,-2.1658593208070784,-2.1658593208070784,0.0,False,0.40498312125130304,0.40498312125130304,0.0
concrete,r4@mu_D_par,0.5,-2.1658593208070784,-2.169471876961844,0.0036125561547657448,False,0.40498312125130304,0.4067568466776893,-0.004379751484224537
concrete,r4@mu_D_par,1.0,-2.1658593208070784,-2.1757699383629694,0.009910617555890955,False,0.40498312125130304,0.4155464352123321,-0.0260833437413166
concrete,r4@mu_D_par,2.0,-2.1658593208070784,-2.2004988723331027,0.03463955152602427,False,0.40498312125130304,0.4489607716363574,-0.10859131671753053
concrete,r4@mu_D_par,4.0,-2.1658593208070784,-2.3269162367260647,0.1610569159189863,False,0.40498312125130304,0.6243398851818509,-0.5416442128570367
concrete,r4@mu_D_perp_native,0.0,-2.1658593208070784,-2.1658593208070784,0.0,False,0.40498312125130304,0.40498312125130304,0.0
concrete,r4@mu_D_perp_native,0.5,-2.1658593208070784,-2.168340293187944,0.0024809723808654205,False,0.40498312125130304,0.4064474067990742,-0.003615670557446604
concrete,r4@mu_D_perp_native,1.0,-2.1658593208070784,-2.1711353688012984,0.00527604799421999,False,0.40498312125130304,0.408738116423289,-0.009271979435547584
concrete,r4@mu_D_perp_native,2.0,-2.1658593208070784,-2.183012750413683,0.017153429606604487,False,0.40498312125130304,0.423131147074321,-0.044811807877189525
concrete,r4@mu_D_perp_native,4.0,-2.1658593208070784,-2.225461789539882,0.059602468732803615,False,0.40498312125130304,0.4847804147099692,-0.1970385659829752
concrete,r5@mu_D,0.0,-2.1658593208070784,-2.1658593208070784,0.0,False,0.40498312125130304,0.40498312125130304,0.0
concrete,r5@mu_D,0.5,-2.1658593208070784,-2.1586179203457303,-0.007241400461348135,False,0.40498312125130304,0.400663019172729,0.010667363284736275
concrete,r5@mu_D,1.0,-2.1658593208070784,-2.1577008262513178,-0.008158494555760676,False,0.40498312125130304,0.40490660970173187,0.00018892527998393138
concrete,r5@mu_D,2.0,-2.1658593208070784,-2.1696462290627614,0.0037869082556829525,False,0.40498312125130304,0.44149031809398104,-0.09014498364741552
concrete,r5@mu_D,4.0,-2.1658593208070784,-2.3062179315657843,0.14035861075870582,False,0.40498312125130304,0.6892773348187643,-0.7019902772467621
concrete,r5@mu_D_par,0.0,-2.1658593208070784,-2.1658593208070784,0.0,False,0.40498312125130304,0.40498312125130304,0.0
concrete,r5@mu_D_par,0.5,-2.1658593208070784,-2.1589691903856068,-0.006890130421471685,False,0.40498312125130304,0.4005175895161099,0.011026463822481514
concrete,r5@mu_D_par,1.0,-2.1658593208070784,-2.1586592121729775,-0.007200108634100921,False,0.40498312125130304,0.4029289644861978,0.005072203401362385
concrete,r5@mu_D_par,2.0,-2.1658593208070784,-2.163683054939149,-0.0021762658679294056,False,0.40498312125130304,0.42441257314076497,-0.047975954724803094
concrete,r5@mu_D_par,4.0,-2.1658593208070784,-2.234168915521531,0.06830959471445253,False,0.40498312125130304,0.5808234763523888,-0.43419181164336007
concrete,r5@mu_D_perp_native,0.0,-2.1658593208070784,-2.1658593208070784,0.0,False,0.40498312125130304,0.40498312125130304,0.0
concrete,r5@mu_D_perp_native,0.5,-2.1658593208070784,-2.161221322559175,-0.00463799824790323,False,0.40498312125130304,0.4019713032813299,0.0074368975197467435
concrete,r5@mu_D_perp_native,1.0,-2.1658593208070784,-2.1581181268843395,-0.007741193922738976,False,0.40498312125130304,0.4008720734762767,0.010151158305867658
concrete,r5@mu_D_perp_native,2.0,-2.1658593208070784,-2.1576052960895358,-0.008254024717542663,False,0.40498312125130304,0.4060680743247744,-0.002679008127842719
concrete,r5@mu_D_perp_native,4.0,-2.1658593208070784,-2.175481947641524,0.00962262683444548,False,0.40498312125130304,0.4543273959841047,-0.12184279330046999
concrete,r6@mu_D,0.0,-2.1658593208070784,-2.1658593208070784,0.0,False,0.40498312125130304,0.40498312125130304,0.0
concrete,r6@mu_D,0.5,-2.1658593208070784,-2.150118763484652,-0.01574055732242652,False,0.40498312125130304,0.4095375490567041,-0.01124596944022982
concrete,r6@mu_D,1.0,-2.1658593208070784,-2.139721389800783,-0.026137931006295467,False,0.40498312125130304,0.42561729938264875,-0.050950711396541504
concrete,r6@mu_D,2.0,-2.1658593208070784,-2.141774291083926,-0.024085029723152296,False,0.40498312125130304,0.4952688728060041,-0.2229370727247577
concrete,r6@mu_D,4.0,-2.1658593208070784,-2.8889351799374534,0.723075859130375,False,0.40498312125130304,1.409623656954084,-2.480697300664475
concrete,r6@mu_D_par,0.0,-2.1658593208070784,-2.1658593208070784,0.0,False,0.40498312125130304,0.40498312125130304,0.0
concrete,r6@mu_D_par,0.5,-2.1658593208070784,-2.1515357342977373,-0.01432358650934118,False,0.40498312125130304,0.40725718225751606,-0.005615199466058485
concrete,r6@mu_D_par,1.0,-2.1658593208070784,-2.1426514178987532,-0.023207902908325195,False,0.40498312125130304,0.41874192158381146,-0.03397376238791616
concrete,r6@mu_D_par,2.0,-2.1658593208070784,-2.136831964765276,-0.0290273560418024,False,0.40498312125130304,0.46668348898963324,-0.15235293645742698
concrete,r6@mu_D_par,4.0,-2.1658593208070784,-2.473409448351179,0.3075501275441006,False,0.40498312125130304,0.9552228110177177,-1.3586731418986124
concrete,r6@mu_D_perp_native,0.0,-2.1658593208070784,-2.1658593208070784,0.0,False,0.40498312125130304,0.40498312125130304,0.0
concrete,r6@mu_D_perp_native,0.5,-2.1658593208070784,-2.156128977972364,-0.009730342834714634,False,0.40498312125130304,0.40522726471461945,-0.0006028484904805342
concrete,r6@mu_D_perp_native,1.0,-2.1658593208070784,-2.1480507850646973,-0.01780853574238117,False,0.40498312125130304,0.4098559050332932,-0.012032066341269854
concrete,r6@mu_D_perp_native,2.0,-2.1658593208070784,-2.1390188307989213,-0.026840490008157136,False,0.40498312125130304,0.4296096534956069,-0.06080878671736656
concrete,r6@mu_D_perp_native,4.0,-2.1658593208070784,-2.1476508284372,-0.01820849236987865,False,0.40498312125130304,0.5163817500311231,-0.27506980645421564
concrete,r7@mu_D,0.0,-2.1658593208070784,-2.1658593208070784,0.0,False,0.40498312125130304,0.40498312125130304,0.0
concrete,r7@mu_D,0.5,-2.1658593208070784,-2.175313389490521,0.009454068683442785,False,0.40498312125130304,0.4157243295321389,-0.02652260728212097
concrete,r7@mu_D,1.0,-2.1658593208070784,-2.1892756734575545,0.023416352650476036,False,0.40498312125130304,0.43468728708842447,-0.07334667614132284
concrete,r7@mu_D,2.0,-2.1658593208070784,-2.2397049760061596,0.07384565519908115,False,0.40498312125130304,0.495297372341156,-0.22300744488017932
concrete,r7@mu_D,4.0,-2.1658593208070784,-2.460428616357228,0.29456929555014977,False,0.40498312125130304,0.7690877744129726,-0.8990613041765085
concrete,r7@mu_D_par,0.0,-2.1658593208070784,-2.1658593208070784,0.0,False,0.40498312125130304,0.40498312125130304,0.0
concrete,r7@mu_D_par,0.5,-2.1658593208070784,-2.1740202298240057,0.008160909016927231,False,0.40498312125130304,0.41420522190275644,-0.022771567918582036
concrete,r7@mu_D_par,1.0,-2.1658593208070784,-2.184340242355589,0.018480921548510665,False,0.40498312125130304,0.4280878674416315,-0.05705113368414039
concrete,r7@mu_D_par,2.0,-2.1658593208070784,-2.21992522194272,0.05406590113564169,False,0.40498312125130304,0.471359546222384,-0.1638992379879769
concrete,r7@mu_D_par,4.0,-2.1658593208070784,-2.3651471213688926,0.19928780056181417,False,0.40498312125130304,0.649584970776997,-0.6039803554526704
concrete,r7@mu_D_perp_native,0.0,-2.1658593208070784,-2.1658593208070784,0.0,False,0.40498312125130304,0.40498312125130304,0.0
concrete,r7@mu_D_perp_native,0.5,-2.1658593208070784,-2.170916371875339,0.0050570510682605985,False,0.40498312125130304,0.410204273367685,-0.012892270917982618
concrete,r7@mu_D_perp_native,1.0,-2.1658593208070784,-2.1761177948543002,0.0102584740472218,False,0.40498312125130304,0.4174391636772761,-0.030756942134987808
concrete,r7@mu_D_perp_native,2.0,-2.1658593208070784,-2.1927425066630044,0.026883185855925973,False,0.40498312125130304,0.43858093685574,-0.08296102687101525
concrete,r7@mu_D_perp_native,4.0,-2.1658593208070784,-2.2522321844857838,0.08637286367870534,False,0.40498312125130304,0.5103944227808997,-0.2602856662369051
concrete,r8@mu_D,0.0,-2.1658593208070784,-2.1658593208070784,0.0,False,0.40498312125130304,0.40498312125130304,0.0
concrete,r8@mu_D,0.5,-2.1658593208070784,-2.1588476763831244,-0.007011644423954078,False,0.40498312125130304,0.402697537626539,0.005643651561828444
concrete,r8@mu_D,1.0,-2.1658593208070784,-2.1574090889522006,-0.00845023185487781,False,0.40498312125130304,0.410363116907695,-0.013284493535851594
concrete,r8@mu_D,2.0,-2.1658593208070784,-2.1708825959099665,0.005023275102888025,False,0.40498312125130304,0.4595980171173338,-0.1348572150298104
concrete,r8@mu_D,4.0,-2.1658593208070784,-2.4368684367528037,0.2710091159457253,False,0.40498312125130304,0.8592768604793246,-1.1217596867354875
concrete,r8@mu_D_par,0.0,-2.1658593208070784,-2.1658593208070784,0.0,False,0.40498312125130304,0.40498312125130304,0.0
concrete,r8@mu_D_par,0.5,-2.1658593208070784,-2.159049355794513,-0.006809965012565478,False,0.40498312125130304,0.4020885872462439,0.007147295413487131
concrete,r8@mu_D_par,1.0,-2.1658593208070784,-2.156725705616058,-0.009133615191020628,False,0.40498312125130304,0.4063749294432383,-0.00343670666479845
concrete,r8@mu_D_par,2.0,-2.1658593208070784,-2.1614227711208285,-0.004436549686249958,False,0.40498312125130304,0.43709288419239106,-0.07928666963175246
concrete,r8@mu_D_par,4.0,-2.1658593208070784,-2.313125281106858,0.14726596029977967,False,0.40498312125130304,0.6831912237500387,-0.6869622162008573
concrete,r8@mu_D_perp_native,0.0,-2.1658593208070784,-2.1658593208070784,0.0,False,0.40498312125130304,0.40498312125130304,0.0
concrete,r8@mu_D_perp_native,0.5,-2.1658593208070784,-2.161545851873973,-0.004313468933105469,False,0.40498312125130304,0.40217691376095727,0.0069291961642136135
concrete,r8@mu_D_perp_native,1.0,-2.1658593208070784,-2.1585823467799594,-0.007276974027119021,False,0.40498312125130304,0.4034972351694864,0.003669007432274274
concrete,r8@mu_D_perp_native,2.0,-2.1658593208070784,-2.1564543814886186,-0.00940493931845987,False,0.40498312125130304,0.4124655572194902,-0.018475920539769985
concrete,r8@mu_D_perp_native,4.0,-2.1658593208070784,-2.1780052487812345,0.012145927974156034,False,0.40498312125130304,0.4776905037107922,-0.179531883291433
concrete,r9@mu_D,0.0,-2.1658593208070784,-2.1658593208070784,0.0,False,0.40498312125130304,0.40498312125130304,0.0
concrete,r9@mu_D,0.5,-2.1658593208070784,-2.200548376355852,0.03468905554877377,False,0.40498312125130304,0.426421498495435,-0.052936470976598704
concrete,r9@mu_D,1.0,-2.1658593208070784,-2.249124602665977,0.08326528185889837,False,0.40498312125130304,0.46726395118804204,-0.1537862361875868
concrete,r9@mu_D,2.0,-2.1658593208070784,-2.4040132515014165,0.2381539306943381,False,0.40498312125130304,0.6167706989106678,-0.5229540851109813
concrete,r9@mu_D,4.0,-2.1658593208070784,-3.1132116014995272,0.9473522806924488,False,0.40498312125130304,1.4130371827927848,-2.489126110803904
concrete,r9@mu_D_par,0.0,-2.1658593208070784,-2.1658593208070784,0.0,False,0.40498312125130304,0.40498312125130304,0.0
concrete,r9@mu_D_par,0.5,-2.1658593208070784,-2.1942751559000166,0.028415835092938213,False,0.40498312125130304,0.42210783277239117,-0.04228500059009077
concrete,r9@mu_D_par,1.0,-2.1658593208070784,-2.2324746033502003,0.06661528254312188,False,0.40498312125130304,0.45219426401077756,-0.1165755812578142
concrete,r9@mu_D_par,2.0,-2.1658593208070784,-2.344156999436636,0.1782976786295576,False,0.40498312125130304,0.5565564840558975,-0.37427081488302094
concrete,r9@mu_D_par,4.0,-2.1658593208070784,-2.7461668574620806,0.5803075366550021,False,0.40498312125130304,1.0120052364137437,-1.4988825047495422
concrete,r9@mu_D_perp_native,0.0,-2.1658593208070784,-2.1658593208070784,0.0,False,0.40498312125130304,0.40498312125130304,0.0
concrete,r9@mu_D_perp_native,0.5,-2.1658593208070784,-2.183357602074033,0.017498281266954407,False,0.40498312125130304,0.4150822418076651,-0.024937139417460674
concrete,r9@mu_D_perp_native,1.0,-2.1658593208070784,-2.2044489043099538,0.038589583502875335,False,0.40498312125130304,0.42977661462057204,-0.06122105359024088
concrete,r9@mu_D_perp_native,2.0,-2.1658593208070784,-2.260014571840801,0.09415525103372246,False,0.40498312125130304,0.47703002274982514,-0.1779009981352162
concrete,r9@mu_D_perp_native,4.0,-2.1658593208070784,-2.440047260314699,0.27418793950762055,False,0.40498312125130304,0.655712470175728,-0.6191106141651779
concrete,r10@mu_D,0.0,-2.1658593208070784,-2.1658593208070784,0.0,False,0.40498312125130304,0.40498312125130304,0.0
concrete,r10@mu_D,0.5,-2.1658593208070784,-2.168040010664198,0.0021806898571195,False,0.40498312125130304,0.4063157287854997,-0.0032905261090370175
concrete,r10@mu_D,1.0,-2.1658593208070784,-2.1692595179118808,0.003400197104802327,False,0.40498312125130304,0.41521536168597994,-0.025265844174102048
concrete,r10@mu_D,2.0,-2.1658593208070784,-2.191972028641474,0.026112707834395454,False,0.40498312125130304,0.47037415182779707,-0.1614660640039789
concrete,r10@mu_D,4.0,-2.1658593208070784,-2.499176820119222,0.3333174993121437,False,0.40498312125130304,0.8479197952482436,-1.0937163816318316
concrete,r10@mu_D_par,0.0,-2.1658593208070784,-2.1658593208070784,0.0,False,0.40498312125130304,0.40498312125130304,0.0
concrete,r10@mu_D_par,0.5,-2.1658593208070784,-2.1667592941768588,0.0008999733697803158,False,0.40498312125130304,0.40503680800634717,-0.00013256541378381392
concrete,r10@mu_D_par,1.0,-2.1658593208070784,-2.168474553123353,0.002615232316274696,False,0.40498312125130304,0.4112482449365041,-0.015470085928132704
concrete,r10@mu_D_par,2.0,-2.1658593208070784,-2.1799334912073043,0.01407417040022585,False,0.40498312125130304,0.4452169584849524,-0.09934694836006064
concrete,r10@mu_D_par,4.0,-2.1658593208070784,-2.3450671150570823,0.17920779425000388,False,0.40498312125130304,0.6721064401051354,-0.6595912393298857
concrete,r10@mu_D_perp_native,0.0,-2.1658593208070784,-2.1658593208070784,0.0,False,0.40498312125130304,0.40498312125130304,0.0
concrete,r10@mu_D_perp_native,0.5,-2.1658593208070784,-2.16598763920012,0.00012831839304139336,False,0.40498312125130304,0.4040305207646082,0.0023521979971696805
concrete,r10@mu_D_perp_native,1.0,-2.1658593208070784,-2.167566764922369,0.0017074441152904463,False,0.40498312125130304,0.4066404038005405,-0.004092226224433393
concrete,r10@mu_D_perp_native,2.0,-2.1658593208070784,-2.170552000166878,0.004692679359799445,False,0.40498312125130304,0.4187759766502986,-0.034057852476367056
concrete,r10@mu_D_perp_native,4.0,-2.1658593208070784,-2.20231100491115,0.036451684104071624,False,0.40498312125130304,0.4881542202026125,-0.20536929710633434
concrete,r11@mu_D,0.0,-2.1658593208070784,-2.1658593208070784,0.0,False,0.40498312125130304,0.40498312125130304,0.0
concrete,r11@mu_D,0.5,-2.1658593208070784,-2.160391258814978,-0.00546806199210037,False,0.40498312125130304,0.40566107961866593,-0.0016740410446445253
concrete,r11@mu_D,1.0,-2.1658593208070784,-2.1601621726202587,-0.005697148186819767,False,0.40498312125130304,0.41553305822705466,-0.026050312771442874
concrete,r11@mu_D,2.0,-2.1658593208070784,-2.180835129722716,0.014975808915637767,False,0.40498312125130304,0.46374428650689503,-0.14509534390972578
concrete,r11@mu_D,4.0,-2.1658593208070784,-2.417558242404272,0.2516989215971934,False,0.40498312125130304,0.7632378283001128,-0.8846163907816369
concrete,r11@mu_D_par,0.0,-2.1658593208070784,-2.1658593208070784,0.0,False,0.40498312125130304,0.40498312125130304,0.0
concrete,r11@mu_D_par,0.5,-2.1658593208070784,-2.15975969178336,-0.0060996290237183,False,0.40498312125130304,0.4054080806081257,-0.0010493260941584204
concrete,r11@mu_D_par,1.0,-2.1658593208070784,-2.159700802394322,-0.006158518412756386,False,0.40498312125130304,0.4112600078658452,-0.015499131408607925
concrete,r11@mu_D_par,2.0,-2.1658593208070784,-2.1701540341452947,0.004294713338216294,False,0.40498312125130304,0.4427118216242109,-0.09316116744899161
concrete,r11@mu_D_par,4.0,-2.1658593208070784,-2.301208840476142,0.1353495196690635,False,0.40498312125130304,0.6245716223641048,-0.542216427278067
concrete,r11@mu_D_perp_native,0.0,-2.1658593208070784,-2.1658593208070784,0.0,False,0.40498312125130304,0.40498312125130304,0.0
concrete,r11@mu_D_perp_native,0.5,-2.1658593208070784,-2.1613256098732117,-0.004533710933866786,False,0.40498312125130304,0.4044095618384225,0.001416255104924713
concrete,r11@mu_D_perp_native,1.0,-2.1658593208070784,-2.1599134679824585,-0.005945852824619902,False,0.40498312125130304,0.40630687891490874,-0.003268673665992816
concrete,r11@mu_D_perp_native,2.0,-2.1658593208070784,-2.1597039586021785,-0.006155362204899983,False,0.40498312125130304,0.41753194067213273,-0.030986030682110366
concrete,r11@mu_D_perp_native,4.0,-2.1658593208070784,-2.190137530130053,0.024278209322974753,False,0.40498312125130304,0.4785331799870446,-0.18161265217298217
concrete,r12@mu_D,0.0,-2.1658593208070784,-2.1658593208070784,0.0,False,0.40498312125130304,0.40498312125130304,0.0
concrete,r12@mu_D,0.5,-2.1658593208070784,-2.176297554894099,0.010438234087020604,False,0.40498312125130304,0.38897707537999227,0.03952274806381029
concrete,r12@mu_D,1.0,-2.1658593208070784,-2.192449724863446,0.02659040405636759,False,0.40498312125130304,0.3830725465502058,0.054102439216228815
concrete,r12@mu_D,2.0,-2.1658593208070784,-2.2436200474935863,0.07776072668650791,False,0.40498312125130304,0.40201419591903687,0.007330985358335096
concrete,r12@mu_D,4.0,-2.1658593208070784,-2.804046388656374,0.6381870678492954,False,0.40498312125130304,1.0041381858644032,-1.4794568789974538
concrete,r12@mu_D_par,0.0,-2.1658593208070784,-2.1658593208070784,0.0,False,0.40498312125130304,0.40498312125130304,0.0
concrete,r12@mu_D_par,0.5,-2.1658593208070784,-2.1732622252570257,0.00740290444994729,False,0.40498312125130304,0.390592770917075,0.03553321009963384
concrete,r12@mu_D_par,1.0,-2.1658593208070784,-2.1862431329394143,0.020383812132335866,False,0.40498312125130304,0.38334455755021835,0.0534307791253783
concrete,r12@mu_D_par,2.0,-2.1658593208070784,-2.225108222355918,0.05924890154883977,False,0.40498312125130304,0.39139890008502537,0.03354268475265243
concrete,r12@mu_D_par,4.0,-2.1658593208070784,-2.533524899255662,0.3676655784485834,False,0.40498312125130304,0.699123602064829,-0.7263030614824164
concrete,r12@mu_D_perp_native,0.0,-2.1658593208070784,-2.1658593208070784,0.0,False,0.40498312125130304,0.40498312125130304,0.0
concrete,r12@mu_D_perp_native,0.5,-2.1658593208070784,-2.169041315714518,0.0031819949074396447,False,0.40498312125130304,0.39401894997036646,0.027073156152927713
concrete,r12@mu_D_perp_native,1.0,-2.1658593208070784,-2.1779037430172874,0.01204442221020896,False,0.40498312125130304,0.3882682077468388,0.04127311146405088
concrete,r12@mu_D_perp_native,2.0,-2.1658593208070784,-2.1967147607651967,0.030855439958118236,False,0.40498312125130304,0.38316110769907635,0.053883760599211517
concrete,r12@mu_D_perp_native,4.0,-2.1658593208070784,-2.256717538076734,0.09085821726965548,False,0.40498312125130304,0.41168903547620017,-0.016558502991871338
concrete,r13@mu_D,0.0,-2.1658593208070784,-2.1658593208070784,0.0,False,0.40498312125130304,0.40498312125130304,0.0
concrete,r13@mu_D,0.5,-2.1658593208070784,-2.17288963756864,0.007030316761561739,False,0.40498312125130304,0.4065946018885052,-0.003979130370231454
concrete,r13@mu_D,1.0,-2.1658593208070784,-2.1848384198688326,0.018979099061754212,False,0.40498312125130304,0.41673451851284693,-0.029017005017974107
concrete,r13@mu_D,2.0,-2.1658593208070784,-2.2185869973803323,0.052727676573253834,False,0.40498312125130304,0.46841254499223495,-0.15662238847127719
concrete,r13@mu_D,4.0,-2.1658593208070784,-2.7121925732446095,0.5463332524375311,False,0.40498312125130304,1.0709543814734808,-1.644442015668412
concrete,r13@mu_D_par,0.0,-2.1658593208070784,-2.1658593208070784,0.0,False,0.40498312125130304,0.40498312125130304,0.0
concrete,r13@mu_D_par,0.5,-2.1658593208070784,-2.172414840213836,0.006555519406757693,False,0.40498312125130304,0.4055664738019307,-0.00144043669974514
concrete,r13@mu_D_par,1.0,-2.1658593208070784,-2.1812533424014138,0.015394021594335339,False,0.40498312125130304,0.4124287139801752,-0.01838494578704175
concrete,r13@mu_D_par,2.0,-2.1658593208070784,-2.2055012385050454,0.03964191769796699,False,0.40498312125130304,0.4460220980265784,-0.10133503008341305
concrete,r13@mu_D_par,4.0,-2.1658593208070784,-2.4022953888726613,0.23643606806558282,False,0.40498312125130304,0.7139313126367236,-0.7628668336370241
concrete,r13@mu_D_perp_native,0.0,-2.1658593208070784,-2.1658593208070784,0.0,False,0.40498312125130304,0.40498312125130304,0.0
concrete,r13@mu_D_perp_native,0.5,-2.1658593208070784,-2.169894562827216,0.004035242020137719,False,0.40498312125130304,0.4042576418982612,0.0017913817020330791
concrete,r13@mu_D_perp_native,1.0,-2.1658593208070784,-2.1750425913977245,0.009183270590646053,False,0.40498312125130304,0.4075374224829295,-0.00630717947882431
concrete,r13@mu_D_perp_native,2.0,-2.1658593208070784,-2.1877478455740307,0.021888524766952244,False,0.40498312125130304,0.41965084038083517,-0.03621809986601998
concrete,r13@mu_D_perp_native,4.0,-2.1658593208070784,-2.228680372238159,0.06282105143108074,False,0.40498312125130304,0.48460738810281906,-0.1966113219866934
concrete,r14@mu_D,0.0,-2.1658593208070784,-2.1658593208070784,0.0,False,0.40498312125130304,0.40498312125130304,0.0
concrete,r14@mu_D,0.5,-2.1658593208070784,-2.175749585742042,0.0098902649349637,False,0.40498312125130304,0.40565517592051675,-0.0016594634046407375
concrete,r14@mu_D,1.0,-2.1658593208070784,-2.191586070590549,0.02572674978347056,False,0.40498312125130304,0.42023331116116236,-0.03765635926440547
concrete,r14@mu_D,2.0,-2.1658593208070784,-2.2483236222040084,0.08246430139692995,False,0.40498312125130304,0.5059513875416347,-0.24931475163301475
concrete,r14@mu_D,4.0,-2.1658593208070784,-2.609825709509471,0.4439663887023926,False,0.40498312125130304,1.0234848733932254,-1.5272284687591342
concrete,r14@mu_D_par,0.0,-2.1658593208070784,-2.1658593208070784,0.0,False,0.40498312125130304,0.40498312125130304,0.0
concrete,r14@mu_D_par,0.5,-2.1658593208070784,-2.174175224606953,0.008315903799874569,False,0.40498312125130304,0.4048166700771877,0.00041100768249557884
concrete,r14@mu_D_par,1.0,-2.1658593208070784,-2.185095234522744,0.019235913715665465,False,0.40498312125130304,0.4132047825389438,-0.020301244314177236
concrete,r14@mu_D_par,2.0,-2.1658593208070784,-2.2281302838098433,0.06227096300276491,False,0.40498312125130304,0.4697920320526002,-0.1600286713210486
concrete,r14@mu_D_par,4.0,-2.1658593208070784,-2.4365978316655235,0.270738510858445,False,0.40498312125130304,0.7887384815821572,-0.9475835910028545
concrete,r14@mu_D_perp_native,0.0,-2.1658593208070784,-2.1658593208070784,0.0,False,0.40498312125130304,0.40498312125130304,0.0
concrete,r14@mu_D_perp_native,0.5,-2.1658593208070784,-2.17035478637332,0.004495465566241474,False,0.40498312125130304,0.40335163521388223,0.0040285284788657005
concrete,r14@mu_D_perp_native,1.0,-2.1658593208070784,-2.1769072025541276,0.011047881747049182,False,0.40498312125130304,0.4060191029594058,-0.002558086136779769
concrete,r14@mu_D_perp_native,2.0,-2.1658593208070784,-2.1951037664262074,0.029244445619128978,False,0.40498312125130304,0.42431956718838404,-0.04774630082689835
concrete,r14@mu_D_perp_native,4.0,-2.1658593208070784,-2.2593909710172624,0.09353165021018395,False,0.40498312125130304,0.5248551047037519,-0.2959925418177243
concrete,r15@mu_D,0.0,-2.1658593208070784,-2.1658593208070784,0.0,False,0.40498312125130304,0.40498312125130304,0.0
concrete,r15@mu_D,0.5,-2.1658593208070784,-2.1620824337005615,-0.003776887106516913,False,0.40498312125130304,0.4165273866956196,-0.028505547116747687
concrete,r15@mu_D,1.0,-2.1658593208070784,-2.1589481035868325,-0.006911217220245902,False,0.40498312125130304,0.43429685868914164,-0.07238261522422462
concrete,r15@mu_D,2.0,-2.1658593208070784,-2.1528838210635715,-0.01297549974350698,False,0.40498312125130304,0.47935897963387625,-0.18365174862786682
concrete,r15@mu_D,4.0,-2.1658593208070784,-2.2134293715159097,0.047570050708831246,False,0.40498312125130304,0.7242481954514034,-0.7883416800523588
concrete,r15@mu_D_par,0.0,-2.1658593208070784,-2.1658593208070784,0.0,False,0.40498312125130304,0.40498312125130304,0.0
concrete,r15@mu_D_par,0.5,-2.1658593208070784,-2.1622702961876277,-0.0035890246194507647,False,0.40498312125130304,0.41423688143018694,-0.022849742849262444
concrete,r15@mu_D_par,1.0,-2.1658593208070784,-2.159344552055238,-0.006514768751840538,False,0.40498312125130304,0.42778635971129886,-0.056306639124956925
concrete,r15@mu_D_par,2.0,-2.1658593208070784,-2.155278440505739,-0.010580880301339413,False,0.40498312125130304,0.46271935247239615,-0.14256453711626715
concrete,r15@mu_D_par,4.0,-2.1658593208070784,-2.13512853213719,-0.030730788669888653,False,0.40498312125130304,0.6067978361296276,-0.49832870627981807
concrete,r15@mu_D_perp_native,0.0,-2.1658593208070784,-2.1658593208070784,0.0,False,0.40498312125130304,0.40498312125130304,0.0
concrete,r15@mu_D_perp_native,0.5,-2.1658593208070784,-2.1628753457750594,-0.0029839750320190817,False,0.40498312125130304,0.41046557539985296,-0.013537488010884058
concrete,r15@mu_D_perp_native,1.0,-2.1658593208070784,-2.1611237261030407,-0.004735594704037727,False,0.40498312125130304,0.4184694867285471,-0.033301055697270376
concrete,r15@mu_D_perp_native,2.0,-2.1658593208070784,-2.158580730831812,-0.007278589975266314,False,0.40498312125130304,0.43786011991046725,-0.08118115776672852
concrete,r15@mu_D_perp_native,4.0,-2.1658593208070784,-2.1514441361502996,-0.014415184656778823,False,0.40498312125130304,0.4900045565196446,-0.20993821916736977
concrete,r16@mu_D,0.0,-2.1658593208070784,-2.1658593208070784,0.0,False,0.40498312125130304,0.40498312125130304,0.0
concrete,r16@mu_D,0.5,-2.1658593208070784,-2.171695682737562,0.005836361930483758,False,0.40498312125130304,0.41404437072693356,-0.022374387968647547
concrete,r16@mu_D,1.0,-2.1658593208070784,-2.1826503920176674,0.01679107121058898,False,0.40498312125130304,0.42948381484500947,-0.06049806105006317
concrete,r16@mu_D,2.0,-2.1658593208070784,-2.2131432275923473,0.04728390678526884,False,0.40498312125130304,0.478283200945173,-0.1809953942460365
concrete,r16@mu_D,4.0,-2.1658593208070784,-2.4155678257109625,0.24970850490388408,False,0.40498312125130304,0.8068130754289173,-0.9922140778016966
concrete,r16@mu_D_par,0.0,-2.1658593208070784,-2.1658593208070784,0.0,False,0.40498312125130304,0.40498312125130304,0.0
concrete,r16@mu_D_par,0.5,-2.1658593208070784,-2.1703794570196244,0.004520136212545989,False,0.40498312125130304,0.41214065797745236,-0.017673666754392636
concrete,r16@mu_D_par,1.0,-2.1658593208070784,-2.178698759230356,0.012839438423277727,False,0.40498312125130304,0.4235343242448474,-0.04580734855375068
concrete,r16@mu_D_par,2.0,-2.1658593208070784,-2.201693890586732,0.0358345697796536,False,0.40498312125130304,0.458258433001382,-0.13154946207503837
concrete,r16@mu_D_par,4.0,-2.1658593208070784,-2.3014596000550287,0.13560027924795026,False,0.40498312125130304,0.6498835484186808,-0.6047176149235374
concrete,r16@mu_D_perp_native,0.0,-2.1658593208070784,-2.1658593208070784,0.0,False,0.40498312125130304,0.40498312125130304,0.0
concrete,r16@mu_D_perp_native,0.5,-2.1658593208070784,-2.1688012736184255,0.002941952811347015,False,0.40498312125130304,0.40971501857515363,-0.011684184045078538
concrete,r16@mu_D_perp_native,1.0,-2.1658593208070784,-2.1719599716247076,0.006100650817629116,False,0.40498312125130304,0.41484562555948895,-0.024352877417984864
concrete,r16@mu_D_perp_native,2.0,-2.1658593208070784,-2.1850187589251804,0.019159438118101946,False,0.40498312125130304,0.43263567250872415,-0.06828075000257106
concrete,r16@mu_D_perp_native,4.0,-2.1658593208070784,-2.2192578921242365,0.05339857131715808,False,0.40498312125130304,0.4934782035767086,-0.21851548294649037
concrete,r17@mu_D,0.0,-2.1658593208070784,-2.1658593208070784,0.0,False,0.40498312125130304,0.40498312125130304,0.0
concrete,r17@mu_D,0.5,-2.1658593208070784,-2.164264754643516,-0.0015945661635625719,False,0.40498312125130304,0.4093710846371121,-0.010834929051490416
concrete,r17@mu_D,1.0,-2.1658593208070784,-2.165111291976202,-0.0007480288308765459,False,0.40498312125130304,0.4194468042207143,-0.03571428588115433
concrete,r17@mu_D,2.0,-2.1658593208070784,-2.182430770662096,0.016571449855017573,False,0.40498312125130304,0.4607863435669551,-0.13779147669965397
concrete,r17@mu_D,4.0,-2.1658593208070784,-2.357771706959558,0.19191238615247963,False,0.40498312125130304,0.6915485234487624,-0.7075983841302802
concrete,r17@mu_D_par,0.0,-2.1658593208070784,-2.1658593208070784,0.0,False,0.40498312125130304,0.40498312125130304,0.0
concrete,r17@mu_D_par,0.5,-2.1658593208070784,-2.163086531654237,-0.002772789152841515,False,0.40498312125130304,0.4081076118681166,-0.007715113180913891
concrete,r17@mu_D_par,1.0,-2.1658593208070784,-2.1635769435337613,-0.002282377273317149,False,0.40498312125130304,0.4150875333755735,-0.02495020556177807
concrete,r17@mu_D_par,2.0,-2.1658593208070784,-2.1751275478847445,0.009268227077666058,False,0.40498312125130304,0.44370870457755196,-0.09562270942699036
concrete,r17@mu_D_par,4.0,-2.1658593208070784,-2.2737789494650706,0.1079196286579922,False,0.40498312125130304,0.5871845285097758,-0.4498987678684312
concrete,r17@mu_D_perp_native,0.0,-2.1658593208070784,-2.1658593208070784,0.0,False,0.40498312125130304,0.40498312125130304,0.0
concrete,r17@mu_D_perp_native,0.5,-2.1658593208070784,-2.1641884644826255,-0.0016708563244529628,False,0.40498312125130304,0.4061644909873841,-0.002917083883473781
concrete,r17@mu_D_perp_native,1.0,-2.1658593208070784,-2.164660824669732,-0.0011984961373463499,False,0.40498312125130304,0.40989302264319527,-0.012123718580472564
concrete,r17@mu_D_perp_native,2.0,-2.1658593208070784,-2.1669594181908503,0.0011000973837718142,False,0.40498312125130304,0.42286138685922775,-0.04414570551159036
concrete,r17@mu_D_perp_native,4.0,-2.1658593208070784,-2.1895093160962302,0.023649995289151793,False,0.40498312125130304,0.4727516477070158,-0.1673366688624549
concrete,r18@mu_D,0.0,-2.1658593208070784,-2.1658593208070784,0.0,False,0.40498312125130304,0.40498312125130304,0.0
concrete,r18@mu_D,0.5,-2.1658593208070784,-2.1636831079210554,-0.002176212886022988,False,0.40498312125130304,0.4013256317093259,0.009031214759460449
concrete,r18@mu_D,1.0,-2.1658593208070784,-2.164675659603543,-0.0011836612035356353,False,0.40498312125130304,0.40556300632537357,-0.0014318746724031328
concrete,r18@mu_D,2.0,-2.1658593208070784,-2.17930649575733,0.013447174950251384,False,0.40498312125130304,0.4445492398171198,-0.09769819157787785
concrete,r18@mu_D,4.0,-2.1658593208070784,-2.3066444586193753,0.14078513781229685,False,0.40498312125130304,0.6521809971521771,-0.6103905642711491
concrete,r18@mu_D_par,0.0,-2.1658593208070784,-2.1658593208070784,0.0,False,0.40498312125130304,0.40498312125130304,0.0
concrete,r18@mu_D_par,0.5,-2.1658593208070784,-2.1629768212636313,-0.0028824995434471035,False,0.40498312125130304,0.4009905656178792,0.009858572922959774
concrete,r18@mu_D_par,1.0,-2.1658593208070784,-2.164795410065424,-0.0010639107416543503,False,0.40498312125130304,0.4031885200076633,0.004431298860295252
concrete,r18@mu_D_par,2.0,-2.1658593208070784,-2.171543916066488,0.005684595259409342,False,0.40498312125130304,0.4265810762132917,-0.05333050645482729
concrete,r18@mu_D_par,4.0,-2.1658593208070784,-2.244274370254032,0.07841504944695377,False,0.40498312125130304,0.5607219849314008,-0.3845564308924805
concrete,r18@mu_D_perp_native,0.0,-2.1658593208070784,-2.1658593208070784,0.0,False,0.40498312125130304,0.40498312125130304,0.0
concrete,r18@mu_D_perp_native,0.5,-2.1658593208070784,-2.163969634071229,-0.0018896867358493274,False,0.40498312125130304,0.40181790552442037,0.007815673199176532
concrete,r18@mu_D_perp_native,1.0,-2.1658593208070784,-2.1637463985927523,-0.0021129222143261295,False,0.40498312125130304,0.40116487892847214,0.009428151748728242
concrete,r18@mu_D_perp_native,2.0,-2.1658593208070784,-2.165709510682121,-0.00014981012495729473,False,0.40498312125130304,0.40763630753471736,-0.00655135027656617
concrete,r18@mu_D_perp_native,4.0,-2.1658593208070784,-2.184569786465357,0.018710465658278608,False,0.40498312125130304,0.45683129060836064,-0.12802550683312153
concrete,r19@mu_D,0.0,-2.1658593208070784,-2.1658593208070784,0.0,False,0.40498312125130304,0.40498312125130304,0.0
concrete,r19@mu_D,0.5,-2.1658593208070784,-2.1646106621575734,-0.0012486586495050744,False,0.40498312125130304,0.4089110039529346,-0.009698880016271616
concrete,r19@mu_D,1.0,-2.1658593208070784,-2.1679933146824912,0.0021339938754127985,False,0.40498312125130304,0.4188468181897724,-0.03423277714793094
concrete,r19@mu_D,2.0,-2.1658593208070784,-2.1845398516882035,0.01868053088112509,False,0.40498312125130304,0.4605362566690596,-0.13717395245043895
concrete,r19@mu_D,4.0,-2.1658593208070784,-2.3714303516206288,0.20557103081355033,False,0.40498312125130304,0.7258258055126856,-0.7922371758853894
concrete,r19@mu_D_par,0.0,-2.1658593208070784,-2.1658593208070784,0.0,False,0.40498312125130304,0.40498312125130304,0.0
concrete,r19@mu_D_par,0.5,-2.1658593208070784,-2.1651347516075012,-0.0007245691995771963,False,0.40498312125130304,0.4078171347814893,-0.006997855914167017
concrete,r19@mu_D_par,1.0,-2.1658593208070784,-2.1649625225672646,-0.0008967982398138119,False,0.40498312125130304,0.41467191964860944,-0.023923956058638396
concrete,r19@mu_D_par,2.0,-2.1658593208070784,-2.176883829964532,0.011024509157453455,False,0.40498312125130304,0.4438795144595797,-0.09604447979978992
concrete,r19@mu_D_par,4.0,-2.1658593208070784,-2.26331637397645,0.09745705316937148,False,0.40498312125130304,0.5898644498416356,-0.45651613336153973
concrete,r19@mu_D_perp_native,0.0,-2.1658593208070784,-2.1658593208070784,0.0,False,0.40498312125130304,0.40498312125130304,0.0
concrete,r19@mu_D_perp_native,0.5,-2.1658593208070784,-2.16408628130716,-0.0017730394999184718,False,0.40498312125130304,0.4063086235334003,-0.0032729815455068145
concrete,r19@mu_D_perp_native,1.0,-2.1658593208070784,-2.1651939815945096,-0.0006653392125688384,False,0.40498312125130304,0.4095434641081189,-0.011260575114156568
concrete,r19@mu_D_perp_native,2.0,-2.1658593208070784,-2.1685066866496254,0.0026473658425469893,False,0.40498312125130304,0.42202382617526585,-0.0420775682485508
concrete,r19@mu_D_perp_native,4.0,-2.1658593208070784,-2.189709985066974,0.02385066425989546,False,0.40498312125130304,0.4716801804209512,-0.16469096036291564
concrete,r20@mu_D,0.0,-2.1658593208070784,-2.1658593208070784,0.0,False,0.40498312125130304,0.40498312125130304,0.0
concrete,r20@mu_D,0.5,-2.1658593208070784,-2.1662615026746477,0.0004021818675692401,False,0.40498312125130304,0.4126988791284107,-0.019052048029230884
concrete,r20@mu_D,1.0,-2.1658593208070784,-2.1644591452583435,-0.0014001755487349499,False,0.40498312125130304,0.4245920446183946,-0.048419112644755735
concrete,r20@mu_D,2.0,-2.1658593208070784,-2.1675786442226834,0.0017193234156049897,False,0.40498312125130304,0.47570802957292585,-0.17463668140810262
concrete,r20@mu_D,4.0,-2.1658593208070784,-2.4491257705385725,0.28326644973149406,False,0.40498312125130304,0.9362401432461209,-1.3118004038127764
concrete,r20@mu_D_par,0.0,-2.1658593208070784,-2.1658593208070784,0.0,False,0.40498312125130304,0.40498312125130304,0.0
concrete,r20@mu_D_par,0.5,-2.1658593208070784,-2.1656054731399292,-0.0002538476671491985,False,0.40498312125130304,0.41107963569580563,-0.015053749464090771
concrete,r20@mu_D_par,1.0,-2.1658593208070784,-2.1655759281582303,-0.0002833926488481353,False,0.40498312125130304,0.4205450945430332,-0.03842622686014008
concrete,r20@mu_D_par,2.0,-2.1658593208070784,-2.164105362362332,-0.0017539584447465728,False,0.40498312125130304,0.4528186113115341,-0.11811724378149546
concrete,r20@mu_D_par,4.0,-2.1658593208070784,-2.2874592675103083,0.12159994670322982,False,0.40498312125130304,0.7084522550068204,-0.7493377324414627
concrete,r20@mu_D_perp_native,0.0,-2.1658593208070784,-2.1658593208070784,0.0,False,0.40498312125130304,0.40498312125130304,0.0
concrete,r20@mu_D_perp_native,0.5,-2.1658593208070784,-2.166348006990221,0.0004886861831425726,False,0.40498312125130304,0.4085705441141885,-0.008858203403147247
concrete,r20@mu_D_perp_native,1.0,-2.1658593208070784,-2.165938543894934,7.922308785568433e-05,False,0.40498312125130304,0.4137536457606724,-0.0216565186279134
concrete,r20@mu_D_perp_native,2.0,-2.1658593208070784,-2.1654680569966636,-0.0003912638104148769,False,0.40498312125130304,0.42823107375038993,-0.057404744245281636
concrete,r20@mu_D_perp_native,4.0,-2.1658593208070784,-2.172307044740707,0.006447723933628691,False,0.40498312125130304,0.4937483516950456,-0.21918254313779495
concrete,r21@mu_D,0.0,-2.1658593208070784,-2.1658593208070784,0.0,False,0.40498312125130304,0.40498312125130304,0.0
concrete,r21@mu_D,0.5,-2.1658593208070784,-2.1740869681040444,0.008227647296966012,False,0.40498312125130304,0.42159398680641536,-0.0410161922397867
concrete,r21@mu_D,1.0,-2.1658593208070784,-2.184327140687004,0.018467819879925518,False,0.40498312125130304,0.4462066141385881,-0.10179064440985619
concrete,r21@mu_D,2.0,-2.1658593208070784,-2.207632817919292,0.041773497112213676,False,0.40498312125130304,0.5173028470977904,-0.27734421498714745
concrete,r21@mu_D,4.0,-2.1658593208070784,-2.4171347693791465,0.25127544857206807,False,0.40498312125130304,0.8672161140139141,-1.1413635988937498
concrete,r21@mu_D_par,0.0,-2.1658593208070784,-2.1658593208070784,0.0,False,0.40498312125130304,0.40498312125130304,0.0
concrete,r21@mu_D_par,0.5,-2.1658593208070784,-2.171893244697934,0.006033923890855775,False,0.40498312125130304,0.41856863385155085,-0.033545873611403376
concrete,r21@mu_D_par,1.0,-2.1658593208070784,-2.180212039796133,0.014352718989054658,False,0.40498312125130304,0.43670954401530915,-0.07834011122729967
concrete,r21@mu_D_par,2.0,-2.1658593208070784,-2.198295067227076,0.03243574641999736,False,0.40498312125130304,0.49062965218983,-0.21148172959381428
concrete,r21@mu_D_par,4.0,-2.1658593208070784,-2.2978571445222884,0.13199782371520996,False,0.40498312125130304,0.6958021947315761,-0.7181017139225709
concrete,r21@mu_D_perp_native,0.0,-2.1658593208070784,-2.1658593208070784,0.0,False,0.40498312125130304,0.40498312125130304,0.0
concrete,r21@mu_D_perp_native,0.5,-2.1658593208070784,-2.1690702249133396,0.0032109041062611254,False,0.40498312125130304,0.41283850915848264,-0.019396827904600844
concrete,r21@mu_D_perp_native,1.0,-2.1658593208070784,-2.175371662018791,0.009512341211712627,False,0.40498312125130304,0.42358723613950944,-0.04593800065228404
concrete,r21@mu_D_perp_native,2.0,-2.1658593208070784,-2.185257900328863,0.019398579521784587,False,0.40498312125130304,0.4508060926482791,-0.11314785479304379
concrete,r21@mu_D_perp_native,4.0,-2.1658593208070784,-2.216417369388399,0.0505580485813204,False,0.40498312125130304,0.5356075177117,-0.32254281624576886
concrete,r22@mu_D,0.0,-2.1658593208070784,-2.1658593208070784,0.0,False,0.40498312125130304,0.40498312125130304,0.0
concrete,r22@mu_D,0.5,-2.1658593208070784,-2.178631930124192,0.012772609317113659,False,0.40498312125130304,0.42623227929312085,-0.052469243597518034
concrete,r22@mu_D,1.0,-2.1658593208070784,-2.204208676777189,0.038349355970110466,False,0.40498312125130304,0.46199707757859004,-0.14078106798902446
concrete,r22@mu_D,2.0,-2.1658593208070784,-2.285667828151158,0.11980850734407955,False,0.40498312125130304,0.5769184193913899,-0.42454929382944906
concrete,r22@mu_D,4.0,-2.1658593208070784,-2.5696418323214094,0.403782511514331,False,0.40498312125130304,0.9632071218793354,-1.3783883113529543
concrete,r22@mu_D_par,0.0,-2.1658593208070784,-2.1658593208070784,0.0,False,0.40498312125130304,0.40498312125130304,0.0
concrete,r22@mu_D_par,0.5,-2.1658593208070784,-2.1764148833259704,0.010555562518892003,False,0.40498312125130304,0.4218578471077813,-0.041667726310023356
concrete,r22@mu_D_par,1.0,-2.1658593208070784,-2.1933827135297985,0.027523392722720086,False,0.40498312125130304,0.44862416812351774,-0.10776016229361374
concrete,r22@mu_D_par,2.0,-2.1658593208070784,-2.2530966259184337,0.0872373051113553,False,0.40498312125130304,0.5329904130526951,-0.31608056011292396
concrete,r22@mu_D_par,4.0,-2.1658593208070784,-2.457975145370241,0.29211582456316254,False,0.40498312125130304,0.8175882744410682,-1.0188206163133708
concrete,r22@mu_D_perp_native,0.0,-2.1658593208070784,-2.1658593208070784,0.0,False,0.40498312125130304,0.40498312125130304,0.0
concrete,r22@mu_D_perp_native,0.5,-2.1658593208070784,-2.1719561228676447,0.0060968020605662865,False,0.40498312125130304,0.4152621428171794,-0.02538135795416996
concrete,r22@mu_D_perp_native,1.0,-2.1658593208070784,-2.1810879480271113,0.01522862722003282,False,0.40498312125130304,0.42967326205874246,-0.06096585144376543
concrete,r22@mu_D_perp_native,2.0,-2.1658593208070784,-2.208717066144186,0.04285774533710773,False,0.40498312125130304,0.4697935391986181,-0.16003239282433812
concrete,r22@mu_D_perp_native,4.0,-2.1658593208070784,-2.3057433612762934,0.139884040469215,False,0.40498312125130304,0.6070452039203946,-0.49893951640445433
concrete,prompt,,-2.1658593208070784,-2.2538972241537913,0.08803790334671291,False,0.40498312125130304,0.4935255069581289,-0.21863228628702025
