organism,arm,alpha,ll_base,ll_steered,fluency_drop,flagged,kl_ft_base,kl_ft_steered,recovery
cake,base,,-2.9209518508305625,-2.9209518508305625,0.0,False,0.17962501304490225,0.17962501304490225,0.0
cake,finetuned,,-2.9209518508305625,-2.8796656548030795,-0.04128619602748307,False,0.17962501304490225,0.0,1.0
cake,r0@mu_D,0.0,-2.9209518508305625,-2.9209518508305625,0.0,False,0.17962501304490225,0.17962501304490225,0.0
cake,r0@mu_D,0.5,-2.9209518508305625,-2.923559998709058,0.0026081478784956147,False,0.17962501304490225,0.18089278870158726,-0.007057901542743883
cake,r0@mu_D,1.0,-2.9209518508305625,-2.928130906725687,0.007179055895124353,False,0.17962501304490225,0.18408712413575914,-0.024841256878525453
cake,r0@mu_D,2.0,-2.9209518508305625,-2.943848488822816,0.0228966379922535,False,0.17962501304490225,0.1957635860594492,-0.08984591144058918
cake,r0@mu_D,4.0,-2.9209518508305625,-3.0065359917898027,0.08558414095924016,False,0.17962501304490225,0.25001626260696896,-0.3918788835075573
cake,r0@mu_D_par,0.0,-2.9209518508305625,-2.9209518508305625,0.0,False,0.17962501304490225,0.17962501304490225,0.0
cake,r0@mu_D_par,0.5,-2.9209518508305625,-2.9230206201946927,0.002068769364130141,False,0.17962501304490225,0.18064053616826498,-0.005653572997146306
cake,r0@mu_D_par,1.0,-2.9209518508305625,-2.9268402674841503,0.005888416653587747,False,0.17962501304490225,0.18270623163571434,-0.017153616517994852
cake,r0@mu_D_par,2.0,-2.9209518508305625,-2.9377711159842357,0.016819265153673157,False,0.17962501304490225,0.19122569286634053,-0.06458276397473872
cake,r0@mu_D_par,4.0,-2.9209518508305625,-2.9805054967365567,0.05955364590599421,False,0.17962501304490225,0.2266981563870869,-0.262063409456329
cake,r0@mu_D_perp_native,0.0,-2.9209518508305625,-2.9209518508305625,0.0,False,0.17962501304490225,0.17962501304490225,0.0
cake,r0@mu_D_perp_native,0.5,-2.9209518508305625,-2.9227268885052395,0.0017750376746770158,False,0.17962501304490225,0.1803581743013291,-0.004081621172902006
cake,r0@mu_D_perp_native,1.0,-2.9209518508305625,-2.9240198438129728,0.003067992982410228,False,0.17962501304490225,0.18121791548199123,-0.00886793219990345
cake,r0@mu_D_perp_native,2.0,-2.9209518508305625,-2.9291984088837153,0.008246558053152775,False,0.17962501304490225,0.18477353500941443,-0.028662611499575386
cake,r0@mu_D_perp_native,4.0,-2.9209518508305625,-2.9479583255828374,0.02700647475227491,False,0.17962501304490225,0.19893398880958557,-0.10749602985335072
cake,r1@mu_D,0.0,-2.9209518508305625,-2.9209518508305625,0.0,False,0.17962501304490225,0.17962501304490225,0.0
cake,r1@mu_D,0.5,-2.9209518508305625,-2.920054730914888,-0.000897119915674427,False,0.17962501304490225,0.17988395075949412,-0.0014415459751540016
cake,r1@mu_D,1.0,-2.9209518508305625,-2.920542179592072,-0.00040967123849044995,False,0.17962501304490225,0.18171808028978015,-0.011652426404304084
cake,r1@mu_D,2.0,-2.9209518508305625,-2.926265981462267,0.0053141306317043835,False,0.17962501304490225,0.18989274899164835,-0.05716206096630527
cake,r1@mu_D,4.0,-2.9209518508305625,-2.960448976546999,0.039497125716436265,False,0.17962501304490225,0.22828591910619583,-0.27090272805786486
cake,r1@mu_D_par,0.0,-2.9209518508305625,-2.9209518508305625,0.0,False,0.17962501304490225,0.17962501304490225,0.0
cake,r1@mu_D_par,0.5,-2.9209518508305625,-2.9195965736631364,-0.0013552771674261166,False,0.17962501304490225,0.1796259686114296,-5.319785430391022e-06
cake,r1@mu_D_par,1.0,-2.9209518508305625,-2.9200058437529064,-0.0009460070776561302,False,0.17962501304490225,0.1809716158443027,-0.007496744337403882
cake,r1@mu_D_par,2.0,-2.9209518508305625,-2.9233153206961497,0.00236346986558722,False,0.17962501304490225,0.18662110633320278,-0.0389483244549671
cake,r1@mu_D_par,4.0,-2.9209518508305625,-2.945291693248446,0.02433984241788334,False,0.17962501304490225,0.21194517754373096,-0.17993131330072276
cake,r1@mu_D_perp_native,0.0,-2.9209518508305625,-2.9209518508305625,0.0,False,0.17962501304490225,0.17962501304490225,0.0
cake,r1@mu_D_perp_native,0.5,-2.9209518508305625,-2.920135112035842,-0.0008167387947204396,False,0.17962501304490225,0.1795007326300182,0.0006918881328236148
cake,r1@mu_D_perp_native,1.0,-2.9209518508305625,-2.919997767796592,-0.0009540830339704875,False,0.17962501304490225,0.17976191734510755,-0.0007621672387634337
cake,r1@mu_D_perp_native,2.0,-2.9209518508305625,-2.9201378973703536,-0.0008139534602089604,False,0.17962501304490225,0.1820450954967075,-0.013472970221582115
cake,r1@mu_D_perp_native,4.0,-2.9209518508305625,-2.9279066494532993,0.006954798622736735,False,0.17962501304490225,0.1922790597355555,-0.07044701890983318
cake,r2@mu_D,0.0,-2.9209518508305625,-2.9209518508305625,0.0,False,0.17962501304490225,0.17962501304490225,0.0
cake,r2@mu_D,0.5,-2.9209518508305625,-2.9207342995537653,-0.0002175512767972343,False,0.17962501304490225,0.17712922228707206,0.013894449973992695
cake,r2@mu_D,1.0,-2.9209518508305625,-2.921400448632619,0.0004485978020563053,False,0.17962501304490225,0.1754956959731995,0.022988541527178663
cake,r2@mu_D,2.0,-2.9209518508305625,-2.925789848206535,0.00483799737597268,False,0.17962501304490225,0.17551319230170476,0.02289113678265753
cake,r2@mu_D,4.0,-2.9209518508305625,-2.951605342683338,0.03065349185277544,False,0.17962501304490225,0.19715729876170082,-0.09760492383327413
cake,r2@mu_D_par,0.0,-2.9209518508305625,-2.9209518508305625,0.0,False,0.17962501304490225,0.17962501304490225,0.0
cake,r2@mu_D_par,0.5,-2.9209518508305625,-2.9205639324490984,-0.00038791838146412516,False,0.17962501304490225,0.177300449874666,0.012941199729545216
cake,r2@mu_D_par,1.0,-2.9209518508305625,-2.921154733688112,0.0002028828575495467,False,0.17962501304490225,0.1759358871550787,0.020537929697471147
cake,r2@mu_D_par,2.0,-2.9209518508305625,-2.9242293645465183,0.003277513715955749,False,0.17962501304490225,0.17489709172930037,0.026321063171864556
cake,r2@mu_D_par,4.0,-2.9209518508305625,-2.9387590771629695,0.017807226332406945,False,0.17962501304490225,0.18480313344607277,-0.028827390536506847
cake,r2@mu_D_perp_native,0.0,-2.9209518508305625,-2.9209518508305625,0.0,False,0.17962501304490225,0.17962501304490225,0.0
cake,r2@mu_D_perp_native,0.5,-2.9209518508305625,-2.9206819382924882,-0.0002699125380742906,False,0.17962501304490225,0.1779352989461687,0.009406897570057082
cake,r2@mu_D_perp_native,1.0,-2.9209518508305625,-2.920803221445235,-0.0001486293853276699,False,0.17962501304490225,0.1768957215642172,0.015194384314409337
cake,r2@mu_D_perp_native,2.0,-2.9209518508305625,-2.921834847283742,0.0008829964531793522,False,0.17962501304490225,0.17546779910723367,0.023143847659063854
cake,r2@mu_D_perp_native,4.0,-2.9209518508305625,-2.9270799727666947,0.006128121936132214,False,0.17962501304490225,0.1759964639232272,0.020200689537419714
cake,r3@mu_D,0.0,-2.9209518508305625,-2.9209518508305625,0.0,False,0.17962501304490225,0.17962501304490225,0.0
cake,r3@mu_D,0.5,-2.9209518508305625,-2.9195349859812905,-0.0014168648492720592,False,0.17962501304490225,0.17971885346231006,-0.000522423997733279
cake,r3@mu_D,1.0,-2.9209518508305625,-2.9193268427773127,-0.0016250080532498323,False,0.17962501304490225,0.18067622705111427,-0.005852269616533068
cake,r3@mu_D,2.0,-2.9209518508305625,-2.924178032647996,0.0032261818174332824,False,0.17962501304490225,0.18807907236946952,-0.047065045013825246
cake,r3@mu_D,4.0,-2.9209518508305625,-2.963847372266981,0.042895521436418615,False,0.17962501304490225,0.2339973014498514,-0.30269886962433956
cake,r3@mu_D_par,0.0,-2.9209518508305625,-2.9209518508305625,0.0,False,0.17962501304490225,0.17962501304490225,0.0
cake,r3@mu_D_par,0.5,-2.9209518508305625,-2.9195579725598533,-0.0013938782707092479,False,0.17962501304490225,0.17931658975661746,0.001717039754411509
cake,r3@mu_D_par,1.0,-2.9209518508305625,-2.9186128888811385,-0.0023389619494240677,False,0.17962501304490225,0.18024387908360315,-0.0034453221642700704
cake,r3@mu_D_par,2.0,-2.9209518508305625,-2.9219290566822838,0.00097720585172123,False,0.17962501304490225,0.18506563324776906,-0.030288767196953614
cake,r3@mu_D_par,4.0,-2.9209518508305625,-2.9449373881022134,0.02398553727165087,False,0.17962501304490225,0.21254974840179322,-0.18329705200166369
cake,r3@mu_D_perp_native,0.0,-2.9209518508305625,-2.9209518508305625,0.0,False,0.17962501304490225,0.17962501304490225,0.0
cake,r3@mu_D_perp_native,0.5,-2.9209518508305625,-2.9199961632017106,-0.0009556876288518978,False,0.17962501304490225,0.17944093024919902,0.0010248171598307154
cake,r3@mu_D_perp_native,1.0,-2.9209518508305625,-2.9192334281073675,-0.0017184227231950011,False,0.17962501304490225,0.17950655165172757,0.0006594927463975386
cake,r3@mu_D_perp_native,2.0,-2.9209518508305625,-2.9192074518355113,-0.0017443989950511885,False,0.17962501304490225,0.18123591277334425,-0.008968125881440026
cake,r3@mu_D_perp_native,4.0,-2.9209518508305625,-2.9259163917057096,0.004964540875147083,False,0.17962501304490225,0.19048529106473167,-0.060460833576193584
cake,r4@mu_D,0.0,-2.9209518508305625,-2.9209518508305625,0.0,False,0.17962501304490225,0.17962501304490225,0.0
cake,r4@mu_D,0.5,-2.9209518508305625,-2.922167762877449,0.0012159120468866469,False,0.17962501304490225,0.18103844920794168,-0.00786881592423927
cake,r4@mu_D,1.0,-2.9209518508305625,-2.9247186600215853,0.0037668091910227908,False,0.17962501304490225,0.18389212706732372,-0.02375567828827263
cake,r4@mu_D,2.0,-2.9209518508305625,-2.9350492310902427,0.014097380259680214,False,0.17962501304490225,0.1939289721231612,-0.0796323342489238
cake,r4@mu_D,4.0,-2.9209518508305625,-2.977584051707434,0.0566322008768716,False,0.17962501304490225,0.2360774226604946,-0.3142792234702887
cake,r4@mu_D_par,0.0,-2.9209518508305625,-2.9209518508305625,0.0,False,0.17962501304490225,0.17962501304490225,0.0
cake,r4@mu_D_par,0.5,-2.9209518508305625,-2.9219652508932445,0.0010134000626820239,False,0.17962501304490225,0.18061036770305935,-0.005485620523856483
cake,r4@mu_D_par,1.0,-2.9209518508305625,-2.9236596652439664,0.0027078144134038418,False,0.17962501304490225,0.1828493731362479,-0.01795050720769975
cake,r4@mu_D_par,2.0,-2.9209518508305625,-2.9302835691542852,0.009331718323722704,False,0.17962501304490225,0.18972393018858774,-0.05622222079483441
cake,r4@mu_D_par,4.0,-2.9209518508305625,-2.9601695499722918,0.039217699141729234,False,0.17962501304490225,0.21836473355217587,-0.2156699662846484
cake,r4@mu_D_perp_native,0.0,-2.9209518508305625,-2.9209518508305625,0.0,False,0.17962501304490225,0.17962501304490225,0.0
cake,r4@mu_D_perp_native,0.5,-2.9209518508305625,-2.921257745651972,0.0003058948214094137,False,0.17962501304490225,0.18022047385336862,-0.0033150216574655555
cake,r4@mu_D_perp_native,1.0,-2.9209518508305625,-2.9223953504411,0.0014434996105374687,False,0.17962501304490225,0.1811989810731676,-0.008762521441665116
cake,r4@mu_D_perp_native,2.0,-2.9209518508305625,-2.925219732617575,0.004267881787012318,False,0.17962501304490225,0.18445048209220644,-0.026864126356934026
cake,r4@mu_D_perp_native,4.0,-2.9209518508305625,-2.9374765214465914,0.016524670616028914,False,0.17962501304490225,0.1965392827987671,-0.09416433417119174
cake,r5@mu_D,0.0,-2.9209518508305625,-2.9209518508305625,0.0,False,0.17962501304490225,0.17962501304490225,0.0
cake,r5@mu_D,0.5,-2.9209518508305625,-2.9225546291896274,0.0016027783590648603,False,0.17962501304490225,0.18095124619347708,-0.007383343366790918
cake,r5@mu_D,1.0,-2.9209518508305625,-2.925419497111487,0.004467646280924331,False,0.17962501304490225,0.1833756584969778,-0.02088041853691025
cake,r5@mu_D,2.0,-2.9209518508305625,-2.9357808506678023,0.014828999837239731,False,0.17962501304490225,0.19231549804172818,-0.07064987654950694
cake,r5@mu_D,4.0,-2.9209518508305625,-2.979040963309152,0.05808911247858939,False,0.17962501304490225,0.23173221188878257,-0.2900887685995863
cake,r5@mu_D_par,0.0,-2.9209518508305625,-2.9209518508305625,0.0,False,0.17962501304490225,0.17962501304490225,0.0
cake,r5@mu_D_par,0.5,-2.9209518508305625,-2.9219010746668257,0.0009492238362631689,False,0.17962501304490225,0.18068109003324356,-0.005879342583971381
cake,r5@mu_D_par,1.0,-2.9209518508305625,-2.9242725296626015,0.0033206788320390146,False,0.17962501304490225,0.18248945521929907,-0.015946788956840763
cake,r5@mu_D_par,2.0,-2.9209518508305625,-2.9318874449956986,0.01093559416513612,False,0.17962501304490225,0.18872284889221191,-0.05064904766373157
cake,r5@mu_D_par,4.0,-2.9209518508305625,-2.960807732173375,0.03985588134281226,False,0.17962501304490225,0.21502476031818088,-0.1970758229781142
cake,r5@mu_D_perp_native,0.0,-2.9209518508305625,-2.9209518508305625,0.0,False,0.17962501304490225,0.17962501304490225,0.0
cake,r5@mu_D_perp_native,0.5,-2.9209518508305625,-2.9217160012986927,0.0007641504681301647,False,0.17962501304490225,0.180106830975366,-0.0026823543241347725
cake,r5@mu_D_perp_native,1.0,-2.9209518508305625,-2.922911795358809,0.001959944528246549,False,0.17962501304490225,0.18113060981508286,-0.008381888160555073
cake,r5@mu_D_perp_native,2.0,-2.9209518508305625,-2.9262674800933355,0.0053156292627729584,False,0.17962501304490225,0.1839693146092551,-0.024185393173872027
cake,r5@mu_D_perp_native,4.0,-2.9209518508305625,-2.9385034243265786,0.017551573496016104,False,0.17962501304490225,0.1947520791538178,-0.08421469734359377
cake,r6@mu_D,0.0,-2.9209518508305625,-2.9209518508305625,0.0,False,0.17962501304490225,0.17962501304490225,0.0
cake,r6@mu_D,0.5,-2.9209518508305625,-2.921115822262234,0.00016397143167168338,False,0.17962501304490225,0.17947936483791896,0.0008108459090098163
cake,r6@mu_D,1.0,-2.9209518508305625,-2.9229777275569857,0.0020258767264231814,False,0.17962501304490225,0.1805967508800446,-0.005409813581471745
cake,r6@mu_D,2.0,-2.9209518508305625,-2.930679207756406,0.009727356925843367,False,0.17962501304490225,0.18697344263394675,-0.04090983468548193
cake,r6@mu_D,4.0,-2.9209518508305625,-2.9655737952580528,0.044621944427490234,False,0.17962501304490225,0.21875861287117004,-0.21786275286997614
cake,r6@mu_D_par,0.0,-2.9209518508305625,-2.9209518508305625,0.0,False,0.17962501304490225,0.17962501304490225,0.0
cake,r6@mu_D_par,0.5,-2.9209518508305625,-2.921547329615033,0.0005954787844704157,False,0.17962501304490225,0.1792796306193821,0.0019227969405007928
cake,r6@mu_D_par,1.0,-2.9209518508305625,-2.9221047219775973,0.001152871147034773,False,0.17962501304490225,0.1801731941245851,-0.0030518081551693665
cake,r6@mu_D_par,2.0,-2.9209518508305625,-2.9275896132938444,0.006637762463281849,False,0.17962501304490225,0.1842199336914789,-0.025580628046651954
cake,r6@mu_D_par,4.0,-2.9209518508305625,-2.9507521826123435,0.029800331781780987,False,0.17962501304490225,0.20487487741879054,-0.1405698680037195
cake,r6@mu_D_perp_native,0.0,-2.9209518508305625,-2.9209518508305625,0.0,False,0.17962501304490225,0.17962501304490225,0.0
cake,r6@mu_D_perp_native,0.5,-2.9209518508305625,-2.9206698357112826,-0.0002820151192799436,False,0.17962501304490225,0.17941658411707198,0.0011603558117941892
cake,r6@mu_D_perp_native,1.0,-2.9209518508305625,-2.921383168962267,0.0004313181317043835,False,0.17962501304490225,0.17953201939189245,0.0005177099304457533
cake,r6@mu_D_perp_native,2.0,-2.9209518508305625,-2.9236285875714016,0.002676736740839125,False,0.17962501304490225,0.18104415327783616,-0.00790057135627964
cake,r6@mu_D_perp_native,4.0,-2.9209518508305625,-2.9326221677992077,0.011670316968645178,False,0.17962501304490225,0.18874582080614,-0.05077693583219256
cake,r7@mu_D,0.0,-2.9209518508305625,-2.9209518508305625,0.0,False,0.17962501304490225,0.17962501304490225,0.0
cake,r7@mu_D,0.5,-2.9209518508305625,-2.9236810093834285,0.002729158552865929,False,0.17962501304490225,0.18316990988595144,-0.019734984459892857
cake,r7@mu_D,1.0,-2.9209518508305625,-2.9275527454557873,0.006600894625224729,False,0.17962501304490225,0.18806202875243294,-0.046970160583490905
cake,r7@mu_D,2.0,-2.9209518508305625,-2.9396252253698925,0.018673374539329934,False,0.17962501304490225,0.2020081783097888,-0.12461051434574566
cake,r7@mu_D,4.0,-2.9209518508305625,-2.9833609868609714,0.062409136030408874,False,0.17962501304490225,0.2497462814762479,-0.3903758571408811
cake,r7@mu_D_par,0.0,-2.9209518508305625,-2.9209518508305625,0.0,False,0.17962501304490225,0.17962501304490225,0.0
cake,r7@mu_D_par,0.5,-2.9209518508305625,-2.922885531470889,0.0019336806403265072,False,0.17962501304490225,0.1824265325826312,-0.015596488986913126
cake,r7@mu_D_par,1.0,-2.9209518508305625,-2.92623227740091,0.005280426570347441,False,0.17962501304490225,0.18640284405814278,-0.0377332248908242
cake,r7@mu_D_par,2.0,-2.9209518508305625,-2.9349114100138345,0.013959559183271963,False,0.17962501304490225,0.19680038283741663,-0.09561791813605014
cake,r7@mu_D_par,4.0,-2.9209518508305625,-2.965826367575025,0.04487451674446241,False,0.17962501304490225,0.23082558030173891,-0.28504141148781814
cake,r7@mu_D_perp_native,0.0,-2.9209518508305625,-2.9209518508305625,0.0,False,0.17962501304490225,0.17962501304490225,0.0
cake,r7@mu_D_perp_native,0.5,-2.9209518508305625,-2.9220920517331077,0.0011402009025451854,False,0.17962501304490225,0.1814024675460089,-0.009895361848420992
cake,r7@mu_D_perp_native,1.0,-2.9209518508305625,-2.9238937166002064,0.0029418657696438366,False,0.17962501304490225,0.18346432229829213,-0.021374023518818897
cake,r7@mu_D_perp_native,2.0,-2.9209518508305625,-2.9282903444199335,0.007338493589370998,False,0.17962501304490225,0.18907625239992898,-0.05261649919916289
cake,r7@mu_D_perp_native,4.0,-2.9209518508305625,-2.9422200445144897,0.021268193683927183,False,0.17962501304490225,0.2053156920841762,-0.14302395086174235
cake,r8@mu_D,0.0,-2.9209518508305625,-2.9209518508305625,0.0,False,0.17962501304490225,0.17962501304490225,0.0
cake,r8@mu_D,0.5,-2.9209518508305625,-2.9203838393801735,-0.0005680114503889833,False,0.17962501304490225,0.18070719923291886,-0.0060246965034100874
cake,r8@mu_D,1.0,-2.9209518508305625,-2.9212853265187095,0.00033347568814701134,False,0.17962501304490225,0.18319190352682083,-0.019857426432180247
cake,r8@mu_D,2.0,-2.9209518508305625,-2.9263535227094377,0.005401671878875192,False,0.17962501304490225,0.1914268590155102,-0.06570268678370406
cake,r8@mu_D,4.0,-2.9209518508305625,-2.956623955378457,0.03567210454789427,False,0.17962501304490225,0.22831746178960044,-0.2710783310146576
cake,r8@mu_D_par,0.0,-2.9209518508305625,-2.9209518508305625,0.0,False,0.17962501304490225,0.17962501304490225,0.0
cake,r8@mu_D_par,0.5,-2.9209518508305625,-2.920759057241773,-0.00019279358878954156,False,0.17962501304490225,0.18059675040699186,-0.005409810947914595
cake,r8@mu_D_par,1.0,-2.9209518508305625,-2.9206413844275096,-0.0003104664030528781,False,0.17962501304490225,0.18231147858831617,-0.014955965752622369
cake,r8@mu_D_par,2.0,-2.9209518508305625,-2.924249497670976,0.0032976468404135595,False,0.17962501304490225,0.18798156721251352,-0.046522218848898955
cake,r8@mu_D_par,4.0,-2.9209518508305625,-2.943009444645473,0.022057593814910348,False,0.17962501304490225,0.2118768412915487,-0.17955087490284116
cake,r8@mu_D_perp_native,0.0,-2.9209518508305625,-2.9209518508305625,0.0,False,0.17962501304490225,0.17962501304490225,0.0
cake,r8@mu_D_perp_native,0.5,-2.9209518508305625,-2.9209267828199597,-2.5068010602868895e-05,False,0.17962501304490225,0.18024061454666984,-0.00342714798642052
cake,r8@mu_D_perp_native,1.0,-2.9209518508305625,-2.9205778288462807,-0.00037402198428182487,False,0.17962501304490225,0.18080279798734755,-0.006556909433046876
cake,r8@mu_D_perp_native,2.0,-2.9209518508305625,-2.9215733361622642,0.0006214853317016988,False,0.17962501304490225,0.18362470893632798,-0.02226692053420143
cake,r8@mu_D_perp_native,4.0,-2.9209518508305625,-2.927979000031002,0.007027149200439453,False,0.17962501304490225,0.19346247542472111,-0.07703527557356282
cake,r9@mu_D,0.0,-2.9209518508305625,-2.9209518508305625,0.0,False,0.17962501304490225,0.17962501304490225,0.0
cake,r9@mu_D,0.5,-2.9209518508305625,-2.927251444922553,0.006299594091990546,False,0.17962501304490225,0.18379104657778664,-0.023192947698453148
cake,r9@mu_D,1.0,-2.9209518508305625,-2.934688621097141,0.013736770266578269,False,0.17962501304490225,0.1897870245433989,-0.0565734767460051
cake,r9@mu_D,2.0,-2.9209518508305625,-2.956501014648922,0.035549163818359375,False,0.17962501304490225,0.20658541435287112,-0.15009268949213306
cake,r9@mu_D,4.0,-2.9209518508305625,-3.028629741971455,0.10767789114089243,False,0.17962501304490225,0.2674612563753885,-0.48899783967463994
cake,r9@mu_D_par,0.0,-2.9209518508305625,-2.9209518508305625,0.0,False,0.17962501304490225,0.17962501304490225,0.0
cake,r9@mu_D_par,0.5,-2.9209518508305625,-2.925967579796201,0.005015728965638289,False,0.17962501304490225,0.18316734925148978,-0.01972072901507338
cake,r9@mu_D_par,1.0,-2.9209518508305625,-2.9319367257375566,0.010984874906994069,False,0.17962501304490225,0.18759828427481273,-0.04438842394359277
cake,r9@mu_D_par,2.0,-2.9209518508305625,-2.948613333323645,0.027661482493082534,False,0.17962501304490225,0.20024663399136255,-0.11480372692474261
cake,r9@mu_D_par,4.0,-2.9209518508305625,-2.9996148896595787,0.07866303882901615,False,0.17962501304490225,0.24260935707697792,-0.35064350428929947
cake,r9@mu_D_perp_native,0.0,-2.9209518508305625,-2.9209518508305625,0.0,False,0.17962501304490225,0.17962501304490225,0.0
cake,r9@mu_D_perp_native,0.5,-2.9209518508305625,-2.92387789014786,0.002926039317297402,False,0.17962501304490225,0.18204827015362088,-0.013490644023574028
cake,r9@mu_D_perp_native,1.0,-2.9209518508305625,-2.9277696836562384,0.006817832825675829,False,0.17962501304490225,0.1844521789323716,-0.026873572926408906
cake,r9@mu_D_perp_native,2.0,-2.9209518508305625,-2.9364462428622775,0.015494392031714987,False,0.17962501304490225,0.19084644081100585,-0.06247140960985487
cake,r9@mu_D_perp_native,4.0,-2.9209518508305625,-2.961420528472416,0.04046867764185347,False,0.17962501304490225,0.21045526672923376,-0.17163675126149958
cake,r10@mu_D,0.0,-2.9209518508305625,-2.9209518508305625,0.0,False,0.17962501304490225,0.17962501304490225,0.0
cake,r10@mu_D,0.5,-2.9209518508305625,-2.9204561823890325,-0.0004956684415300394,False,0.17962501304490225,0.18147209239384485,-0.010282974055962235
cake,r10@mu_D,1.0,-2.9209518508305625,-2.921458297305637,0.0005064464750743625,False,0.17962501304490225,0.18465908179207455,-0.028025432882857526
cake,r10@mu_D,2.0,-2.9209518508305625,-2.9274675051371255,0.006515654306562979,False,0.17962501304490225,0.19457115918870957,-0.08320748814682677
cake,r10@mu_D,4.0,-2.9209518508305625,-2.9640494755336215,0.043097624703059,False,0.17962501304490225,0.23703107332426404,-0.31958834299436667
cake,r10@mu_D_par,0.0,-2.9209518508305625,-2.9209518508305625,0.0,False,0.17962501304490225,0.17962501304490225,0.0
cake,r10@mu_D_par,0.5,-2.9209518508305625,-2.9201350363474043,-0.0008168144831581792,False,0.17962501304490225,0.1810283741307637,-0.007812726424190286
cake,r10@mu_D_par,1.0,-2.9209518508305625,-2.9209442819867815,-7.568843781058376e-06,False,0.17962501304490225,0.18346413402330308,-0.021372975363075586
cake,r10@mu_D_par,2.0,-2.9209518508305625,-2.9246936979747953,0.003741847144232757,False,0.17962501304490225,0.19076579052304465,-0.06202241708596268
cake,r10@mu_D_par,4.0,-2.9209518508305625,-2.9471995187184166,0.026247667887854043,False,0.17962501304490225,0.2185413846893916,-0.21665341026174967
cake,r10@mu_D_perp_native,0.0,-2.9209518508305625,-2.9209518508305625,0.0,False,0.17962501304490225,0.17962501304490225,0.0
cake,r10@mu_D_perp_native,0.5,-2.9209518508305625,-2.920600134228903,-0.0003517166016595574,False,0.17962501304490225,0.1806158588992225,-0.005516190855181957
cake,r10@mu_D_perp_native,1.0,-2.9209518508305625,-2.920474377889482,-0.00047747294108058114,False,0.17962501304490225,0.18165900262575302,-0.01132353198684144
cake,r10@mu_D_perp_native,2.0,-2.9209518508305625,-2.921861035483224,0.0009091846526616543,False,0.17962501304490225,0.18537872840487768,-0.03203181596171767
cake,r10@mu_D_perp_native,4.0,-2.9209518508305625,-2.9292555990673246,0.008303748236762054,False,0.17962501304490225,0.1970292670386178,-0.09689215159230025
cake,r11@mu_D,0.0,-2.9209518508305625,-2.9209518508305625,0.0,False,0.17962501304490225,0.17962501304490225,0.0
cake,r11@mu_D,0.5,-2.9209518508305625,-2.920576474023244,-0.0003753768073186947,False,0.17962501304490225,0.18027594449028136,-0.0036238352017066155
cake,r11@mu_D,1.0,-2.9209518508305625,-2.9213427361987887,0.00039088536822617925,False,0.17962501304490225,0.18207657810241457,-0.013648238716617245
cake,r11@mu_D,2.0,-2.9209518508305625,-2.9266538392929804,0.005701988462417873,False,0.17962501304490225,0.18947433242722164,-0.054832671771927854
cake,r11@mu_D,4.0,-2.9209518508305625,-2.9558842976888022,0.03493244685823971,False,0.17962501304490225,0.22086901182220095,-0.22961166754091544
cake,r11@mu_D_par,0.0,-2.9209518508305625,-2.9209518508305625,0.0,False,0.17962501304490225,0.17962501304490225,0.0
cake,r11@mu_D_par,0.5,-2.9209518508305625,-2.920417793213375,-0.0005340576171875,False,0.17962501304490225,0.18012557332477871,-0.0027866958581728163
cake,r11@mu_D_par,1.0,-2.9209518508305625,-2.9207985817439974,-0.00015326908656509985,False,0.17962501304490225,0.18144762752548096,-0.01014677438115541
cake,r11@mu_D_par,2.0,-2.9209518508305625,-2.9246121966649614,0.0036603458343988926,False,0.17962501304490225,0.18660837128048852,-0.03887742646309844
cake,r11@mu_D_par,4.0,-2.9209518508305625,-2.94323978726826,0.022287936437697553,False,0.17962501304490225,0.20757320901704213,-0.1555918939037375
cake,r11@mu_D_perp_native,0.0,-2.9209518508305625,-2.9209518508305625,0.0,False,0.17962501304490225,0.17962501304490225,0.0
cake,r11@mu_D_perp_native,0.5,-2.9209518508305625,-2.9206159531124056,-0.00033589771815689673,False,0.17962501304490225,0.1798183312491765,-0.0010762320959494254
cake,r11@mu_D_perp_native,1.0,-2.9209518508305625,-2.9206395906115334,-0.0003122602190290813,False,0.17962501304490225,0.18044719620356484,-0.004577219757568196
cake,r11@mu_D_perp_native,2.0,-2.9209518508305625,-2.921535915798611,0.0005840649680486365,False,0.17962501304490225,0.18249117003546822,-0.015956335601487126
cake,r11@mu_D_perp_native,4.0,-2.9209518508305625,-2.928460378495474,0.007508527664911391,False,0.17962501304490225,0.19136774918389698,-0.06537361328435543
cake,r12@mu_D,0.0,-2.9209518508305625,-2.9209518508305625,0.0,False,0.17962501304490225,0.17962501304490225,0.0
cake,r12@mu_D,0.5,-2.9209518508305625,-2.9193030993143716,-0.0016487515161909272,False,0.17962501304490225,0.1762531678827982,0.018771579219098777
cake,r12@mu_D,1.0,-2.9209518508305625,-2.9198653433057995,-0.0010865075247630251,False,0.17962501304490225,0.17454271089463008,0.02829395563635506
cake,r12@mu_D,2.0,-2.9209518508305625,-2.926356731899201,0.005404881068638456,False,0.17962501304490225,0.17599199120960538,0.020225589820214496
cake,r12@mu_D,4.0,-2.9209518508305625,-2.966667266119094,0.045715415288531513,False,0.17962501304490225,0.20458084013726976,-0.13893291735560864
cake,r12@mu_D_par,0.0,-2.9209518508305625,-2.9209518508305625,0.0,False,0.17962501304490225,0.17962501304490225,0.0
cake,r12@mu_D_par,0.5,-2.9209518508305625,-2.919883818853469,-0.0010680319770934865,False,0.17962501304490225,0.17671724775480846,0.01618797538718575
cake,r12@mu_D_par,1.0,-2.9209518508305625,-2.919448042672778,-0.001503808157784725,False,0.17962501304490225,0.17500790669804528,0.025704139243139745
cake,r12@mu_D_par,2.0,-2.9209518508305625,-2.923386921958318,0.0024350711277554282,False,0.17962501304490225,0.17461254435872275,0.027905182030113385
cake,r12@mu_D_par,4.0,-2.9209518508305625,-2.948962968493265,0.02801111766270248,False,0.17962501304490225,0.19025392097140115,-0.05917276077715261
cake,r12@mu_D_perp_native,0.0,-2.9209518508305625,-2.9209518508305625,0.0,False,0.17962501304490225,0.17962501304490225,0.0
cake,r12@mu_D_perp_native,0.5,-2.9209518508305625,-2.91960480856517,-0.0013470422653925063,False,0.17962501304490225,0.17768788668844435,0.010784279558959109
cake,r12@mu_D_perp_native,1.0,-2.9209518508305625,-2.919323240007673,-0.0016286108228893426,False,0.17962501304490225,0.1760863633382888,0.019700205704251572
cake,r12@mu_D_perp_native,2.0,-2.9209518508305625,-2.9200049809047153,-0.000946869925847249,False,0.17962501304490225,0.1743651439273168,0.02928249818008688
cake,r12@mu_D_perp_native,4.0,-2.9209518508305625,-2.9284796714782715,0.00752782064770896,False,0.17962501304490225,0.17704723704428899,0.014350874396144797
cake,r13@mu_D,0.0,-2.9209518508305625,-2.9209518508305625,0.0,False,0.17962501304490225,0.17962501304490225,0.0
cake,r13@mu_D,0.5,-2.9209518508305625,-2.9232576536753823,0.0023058028448197376,False,0.17962501304490225,0.18213325786212134,-0.013963783632918059
cake,r13@mu_D,1.0,-2.9209518508305625,-2.926731132325672,0.005779281495109423,False,0.17962501304490225,0.18567197947275071,-0.03366438963785545
cake,r13@mu_D,2.0,-2.9209518508305625,-2.9380994448586115,0.017147594028048996,False,0.17962501304490225,0.1968156439917428,-0.09570287932306676
cake,r13@mu_D,4.0,-2.9209518508305625,-2.9828200794401623,0.06186822860959973,False,0.17962501304490225,0.2419451167659154,-0.34694557659090886
cake,r13@mu_D_par,0.0,-2.9209518508305625,-2.9209518508305625,0.0,False,0.17962501304490225,0.17962501304490225,0.0
cake,r13@mu_D_par,0.5,-2.9209518508305625,-2.9229276596553744,0.0019758088248118533,False,0.17962501304490225,0.18151749883379256,-0.010535758671968765
cake,r13@mu_D_par,1.0,-2.9209518508305625,-2.92535158187624,0.004399731045677591,False,0.17962501304490225,0.18427600888978868,-0.02589280727692289
cake,r13@mu_D_par,2.0,-2.9209518508305625,-2.933594173855252,0.012642323024689262,False,0.17962501304490225,0.19256509438393607,-0.07203941767174205
cake,r13@mu_D_par,4.0,-2.9209518508305625,-2.9641406876700267,0.04318883683946417,False,0.17962501304490225,0.22303305684574068,-0.2416592381261924
cake,r13@mu_D_perp_native,0.0,-2.9209518508305625,-2.9209518508305625,0.0,False,0.17962501304490225,0.17962501304490225,0.0
cake,r13@mu_D_perp_native,0.5,-2.9209518508305625,-2.92211886057778,0.0011670097472173957,False,0.17962501304490225,0.18077747642047823,-0.006415940386252927
cake,r13@mu_D_perp_native,1.0,-2.9209518508305625,-2.9238031175401478,0.002851266709585243,False,0.17962501304490225,0.18251495276178634,-0.016088737686892562
cake,r13@mu_D_perp_native,2.0,-2.9209518508305625,-2.927463206033858,0.006511355203295377,False,0.17962501304490225,0.18651245226935734,-0.03834343061527501
cake,r13@mu_D_perp_native,4.0,-2.9209518508305625,-2.941157030680823,0.02020517985026027,False,0.17962501304490225,0.19963298383213224,-0.11138744236154041
cake,r14@mu_D,0.0,-2.9209518508305625,-2.9209518508305625,0.0,False,0.17962501304490225,0.17962501304490225,0.0
cake,r14@mu_D,0.5,-2.9209518508305625,-2.9219798814682734,0.0010280306377108417,False,0.17962501304490225,0.17693067779616703,0.014999777609266962
cake,r14@mu_D,1.0,-2.9209518508305625,-2.925355797722226,0.004403946891663679,False,0.17962501304490225,0.1757816175619761,0.021396772185427126
cake,r14@mu_D,2.0,-2.9209518508305625,-2.9370326390342107,0.016080788203648222,False,0.17962501304490225,0.17910647108441308,0.0028868026323235485
cake,r14@mu_D,4.0,-2.9209518508305625,-2.9899601255144392,0.06900827468387671,False,0.17962501304490225,0.21809620232809157,-0.21417501177061782
cake,r14@mu_D_par,0.0,-2.9209518508305625,-2.9209518508305625,0.0,False,0.17962501304490225,0.17962501304490225,0.0
cake,r14@mu_D_par,0.5,-2.9209518508305625,-2.9219170449272034,0.0009651940966408645,False,0.17962501304490225,0.17731671626605686,0.012850642233597886
cake,r14@mu_D_par,1.0,-2.9209518508305625,-2.9239070831783236,0.002955232347761072,False,0.17962501304490225,0.1759789940856752,0.020297946802740885
cake,r14@mu_D_par,2.0,-2.9209518508305625,-2.9322738798837813,0.011322029053218774,False,0.17962501304490225,0.17722728659236242,0.013348510944522274
cake,r14@mu_D_par,4.0,-2.9209518508305625,-2.96697914032709,0.04602728949652768,False,0.17962501304490225,0.19897066931875926,-0.10770023587428224
cake,r14@mu_D_perp_native,0.0,-2.9209518508305625,-2.9209518508305625,0.0,False,0.17962501304490225,0.17962501304490225,0.0
cake,r14@mu_D_perp_native,0.5,-2.9209518508305625,-2.9215744487823003,0.0006225979517378022,False,0.17962501304490225,0.17806252269517808,0.008698623444684639
cake,r14@mu_D_perp_native,1.0,-2.9209518508305625,-2.9220716385614303,0.0011197877308677384,False,0.17962501304490225,0.17684613049976408,0.015470465376909992
cake,r14@mu_D_perp_native,2.0,-2.9209518508305625,-2.926123641786121,0.005171790955558642,False,0.17962501304490225,0.17579297934259688,0.021333519409946766
cake,r14@mu_D_perp_native,4.0,-2.9209518508305625,-2.9399472266908675,0.018995375860304975,False,0.17962501304490225,0.18067022117357406,-0.0058188339750351314
cake,r15@mu_D,0.0,-2.9209518508305625,-2.9209518508305625,0.0,False,0.17962501304490225,0.17962501304490225,0.0
cake,r15@mu_D,0.5,-2.9209518508305625,-2.9216632691640703,0.0007114183335077406,False,0.17962501304490225,0.181492547194163,-0.01039684906686067
cake,r15@mu_D,1.0,-2.9209518508305625,-2.9228071106804743,0.00185525984991175,False,0.17962501304490225,0.18406382345017933,-0.024711538387849563
cake,r15@mu_D,2.0,-2.9209518508305625,-2.927854469844273,0.006902619013710698,False,0.17962501304490225,0.1914030322952876,-0.0655700397774841
cake,r15@mu_D,4.0,-2.9209518508305625,-2.950274285816011,0.02932243498544862,False,0.17962501304490225,0.21804651239561657,-0.21389838029467412
cake,r15@mu_D_par,0.0,-2.9209518508305625,-2.9209518508305625,0.0,False,0.17962501304490225,0.17962501304490225,0.0
cake,r15@mu_D_par,0.5,-2.9209518508305625,-2.9214763111538358,0.0005244603232732459,False,0.17962501304490225,0.1811622433246128,-0.008557996760319098
cake,r15@mu_D_par,1.0,-2.9209518508305625,-2.9221211842128207,0.0011693333822582197,False,0.17962501304490225,0.18311596957464066,-0.01943469047301205
cake,r15@mu_D_par,2.0,-2.9209518508305625,-2.926342767382425,0.0053909165518626345,False,0.17962501304490225,0.18870983142701406,-0.05057657743824806
cake,r15@mu_D_par,4.0,-2.9209518508305625,-2.9409324857923718,0.01998063496180924,False,0.17962501304490225,0.20744278553932433,-0.1548658063978443
cake,r15@mu_D_perp_native,0.0,-2.9209518508305625,-2.9209518508305625,0.0,False,0.17962501304490225,0.17962501304490225,0.0
cake,r15@mu_D_perp_native,0.5,-2.9209518508305625,-2.921252243102543,0.00030039227198042084,False,0.17962501304490225,0.18050768734916808,-0.004913983243776787
cake,r15@mu_D_perp_native,1.0,-2.9209518508305625,-2.921444779350644,0.000492928520081648,False,0.17962501304490225,0.18156934068316505,-0.010824370199359556
cake,r15@mu_D_perp_native,2.0,-2.9209518508305625,-2.9233622853718106,0.0024104345412481187,False,0.17962501304490225,0.1847182237912738,-0.0283546854640917
cake,r15@mu_D_perp_native,4.0,-2.9209518508305625,-2.9296819444686646,0.008730093638102066,False,0.17962501304490225,0.19338550927147033,-0.0766067931927068
cake,r16@mu_D,0.0,-2.9209518508305625,-2.9209518508305625,0.0,False,0.17962501304490225,0.17962501304490225,0.0
cake,r16@mu_D,0.5,-2.9209518508305625,-2.926136826711988,0.005184975881425302,False,0.17962501304490225,0.18361313759334505,-0.022202501092906557
cake,r16@mu_D,1.0,-2.9209518508305625,-2.933116428435795,0.012164577605232374,False,0.17962501304490225,0.18855441562713138,-0.04971135384133274
cake,r16@mu_D,2.0,-2.9209518508305625,-2.9509340997726197,0.029982248942057144,False,0.17962501304490225,0.20278132813317434,-0.12891475800468566
cake,r16@mu_D,4.0,-2.9209518508305625,-3.0079721571907165,0.08702030636015401,False,0.17962501304490225,0.2525877881617773,-0.40619496071316075
cake,r16@mu_D_par,0.0,-2.9209518508305625,-2.9209518508305625,0.0,False,0.17962501304490225,0.17962501304490225,0.0
cake,r16@mu_D_par,0.5,-2.9209518508305625,-2.9250674096364824,0.00411555880591985,False,0.17962501304490225,0.18280636270840964,-0.017711061558626673
cake,r16@mu_D_par,1.0,-2.9209518508305625,-2.930833438086131,0.009881587255568647,False,0.17962501304490225,0.18677113642768253,-0.03978356500379987
cake,r16@mu_D_par,2.0,-2.9209518508305625,-2.9443015976557656,0.023349746825203077,False,0.17962501304490225,0.19746678547253685,-0.09932788382414515
cake,r16@mu_D_par,4.0,-2.9209518508305625,-2.9851186843145463,0.06416683348398378,False,0.17962501304490225,0.23236328458029126,-0.29360204707239523
cake,r16@mu_D_perp_native,0.0,-2.9209518508305625,-2.9209518508305625,0.0,False,0.17962501304490225,0.17962501304490225,0.0
cake,r16@mu_D_perp_native,0.5,-2.9209518508305625,-2.9233461485968695,0.002394297766306952,False,0.17962501304490225,0.1815130634913369,-0.010511066440188177
cake,r16@mu_D_perp_native,1.0,-2.9209518508305625,-2.9269989028809564,0.0060470520503939085,False,0.17962501304490225,0.1839148165687682,-0.02388199422311854
cake,r16@mu_D_perp_native,2.0,-2.9209518508305625,-2.934337585691422,0.013385734860859255,False,0.17962501304490225,0.1897406199621776,-0.056315135324425336
cake,r16@mu_D_perp_native,4.0,-2.9209518508305625,-2.954950007181319,0.033998156350756314,False,0.17962501304490225,0.20609384633245922,-0.14735605492170722
cake,r17@mu_D,0.0,-2.9209518508305625,-2.9209518508305625,0.0,False,0.17962501304490225,0.17962501304490225,0.0
cake,r17@mu_D,0.5,-2.9209518508305625,-2.919674805232457,-0.0012770455981057083,False,0.17962501304490225,0.1793724147100297,0.001406253675869662
cake,r17@mu_D,1.0,-2.9209518508305625,-2.9204585438682917,-0.0004933069622707897,False,0.17962501304490225,0.18091686519365463,-0.007191939067135555
cake,r17@mu_D,2.0,-2.9209518508305625,-2.926464171636672,0.0055123208061096385,False,0.17962501304490225,0.18880550492377507,-0.05110920646991346
cake,r17@mu_D,4.0,-2.9209518508305625,-2.96549868205237,0.04454683122180736,False,0.17962501304490225,0.23261351528621854,-0.29499511979476023
cake,r17@mu_D_par,0.0,-2.9209518508305625,-2.9209518508305625,0.0,False,0.17962501304490225,0.17962501304490225,0.0
cake,r17@mu_D_par,0.5,-2.9209518508305625,-2.9197309887598433,-0.001220862070719253,False,0.17962501304490225,0.17962612046135795,-6.165157273585464e-06
cake,r17@mu_D_par,1.0,-2.9209518508305625,-2.91987769565885,-0.0010741551717123876,False,0.17962501304490225,0.180136424681497,-0.002847107025494733
cake,r17@mu_D_par,2.0,-2.9209518508305625,-2.923588684626988,0.0026368337964255417,False,0.17962501304490225,0.1853610286636958,-0.03193327878762453
cake,r17@mu_D_par,4.0,-2.9209518508305625,-2.9482784498305548,0.027326598999992235,False,0.17962501304490225,0.21323040080448938,-0.18708634833160187
cake,r17@mu_D_perp_native,0.0,-2.9209518508305625,-2.9209518508305625,0.0,False,0.17962501304490225,0.17962501304490225,0.0
cake,r17@mu_D_perp_native,0.5,-2.9209518508305625,-2.9200413189237078,-0.0009105319068547502,False,0.17962501304490225,0.17945840103285654,0.000927554627395133
cake,r17@mu_D_perp_native,1.0,-2.9209518508305625,-2.9195298997182695,-0.0014219511122930406,False,0.17962501304490225,0.17944487598207262,0.0010028506596939657
cake,r17@mu_D_perp_native,2.0,-2.9209518508305625,-2.9206002704680913,-0.0003515803624711822,False,0.17962501304490225,0.18133750132152013,-0.009533684911631868
cake,r17@mu_D_perp_native,4.0,-2.9209518508305625,-2.9288202088976663,0.007868358067103731,False,0.17962501304490225,0.19123868573279607,-0.06465509725525065
cake,r18@mu_D,0.0,-2.9209518508305625,-2.9209518508305625,0.0,False,0.17962501304490225,0.17962501304490225,0.0
cake,r18@mu_D,0.5,-2.9209518508305625,-2.921171354869055,0.0002195040384926905,False,0.17962501304490225,0.1779407300646343,0.009376661700488897
cake,r18@mu_D,1.0,-2.9209518508305625,-2.9235525131225586,0.00260066229199607,False,0.17962501304490225,0.17751051982243857,0.011771708108018974
cake,r18@mu_D,2.0,-2.9209518508305625,-2.9327375396849615,0.011785688854399012,False,0.17962501304490225,0.18198468855449132,-0.013136675508545137
cake,r18@mu_D,4.0,-2.9209518508305625,-2.9716204612974138,0.05066861046685123,False,0.17962501304490225,0.21403495801819694,-0.19156544174999146
cake,r18@mu_D_par,0.0,-2.9209518508305625,-2.9209518508305625,0.0,False,0.17962501304490225,0.17962501304490225,0.0
cake,r18@mu_D_par,0.5,-2.9209518508305625,-2.921047642117455,9.579128689241045e-05,False,0.17962501304490225,0.17810761171673972,0.00844760594552163
cake,r18@mu_D_par,1.0,-2.9209518508305625,-2.922586539435008,0.0016346886044456,False,0.17962501304490225,0.17768962184588113,0.010774619671355623
cake,r18@mu_D_par,2.0,-2.9209518508305625,-2.9290504531254844,0.008098602294921875,False,0.17962501304490225,0.17978558180824158,-0.0008939109348828911
cake,r18@mu_D_par,4.0,-2.9209518508305625,-2.955532089112297,0.0345802382817344,False,0.17962501304490225,0.19973730804428222,-0.11196823125269506
cake,r18@mu_D_perp_native,0.0,-2.9209518508305625,-2.9209518508305625,0.0,False,0.17962501304490225,0.17962501304490225,0.0
cake,r18@mu_D_perp_native,0.5,-2.9209518508305625,-2.9212071403624518,0.00025528953188924675,False,0.17962501304490225,0.17838082474375527,0.006926587116438787
cake,r18@mu_D_perp_native,1.0,-2.9209518508305625,-2.921843967740498,0.0008921169099354032,False,0.17962501304490225,0.1776189718927656,0.011167938797227439
cake,r18@mu_D_perp_native,2.0,-2.9209518508305625,-2.924108232770647,0.003156381940084607,False,0.17962501304490225,0.1778129996761443,0.010087756365562361
cake,r18@mu_D_perp_native,4.0,-2.9209518508305625,-2.9353997745211164,0.014447923690553921,False,0.17962501304490225,0.18361574979055495,-0.022217043595454733
cake,r19@mu_D,0.0,-2.9209518508305625,-2.9209518508305625,0.0,False,0.17962501304490225,0.17962501304490225,0.0
cake,r19@mu_D,0.5,-2.9209518508305625,-2.9209149375794428,-3.69132511197634e-05,False,0.17962501304490225,0.18153932312178234,-0.010657257830798628
cake,r19@mu_D,1.0,-2.9209518508305625,-2.9217495691208613,0.0007977182902987323,False,0.17962501304490225,0.1846949945366572,-0.028225364640544592
cake,r19@mu_D,2.0,-2.9209518508305625,-2.927408468155634,0.006456617325071523,False,0.17962501304490225,0.19405991974331083,-0.08036133973613224
cake,r19@mu_D,4.0,-2.9209518508305625,-2.956390176500593,0.03543832567003058,False,0.17962501304490225,0.22980866025364588,-0.27938006159642614
cake,r19@mu_D_par,0.0,-2.9209518508305625,-2.9209518508305625,0.0,False,0.17962501304490225,0.17962501304490225,0.0
cake,r19@mu_D_par,0.5,-2.9209518508305625,-2.920674482981364,-0.0002773678491987397,False,0.17962501304490225,0.18123506317062985,-0.008963396012809932
cake,r19@mu_D_par,1.0,-2.9209518508305625,-2.92087859956045,-7.325127011270638e-05,False,0.17962501304490225,0.18350030410857426,-0.021574339775848994
cake,r19@mu_D_par,2.0,-2.9209518508305625,-2.9249250396849615,0.003973188854399012,False,0.17962501304490225,0.19049991549007475,-0.06054224999529456
cake,r19@mu_D_par,4.0,-2.9209518508305625,-2.9439398371984087,0.022987986367846158,False,0.17962501304490225,0.21527244883870322,-0.19845474296438836
cake,r19@mu_D_perp_native,0.0,-2.9209518508305625,-2.9209518508305625,0.0,False,0.17962501304490225,0.17962501304490225,0.0
cake,r19@mu_D_perp_native,0.5,-2.9209518508305625,-2.920452526637486,-0.0004993241930764114,False,0.17962501304490225,0.18060254814132812,-0.005442087824269359
cake,r19@mu_D_perp_native,1.0,-2.9209518508305625,-2.920906354510595,-4.549631996741965e-05,False,0.17962501304490225,0.18181296378847153,-0.01218065739553964
cake,r19@mu_D_perp_native,2.0,-2.9209518508305625,-2.921600576431032,0.0006487256004694686,False,0.17962501304490225,0.18517894640801444,-0.030919598940954973
cake,r19@mu_D_perp_native,4.0,-2.9209518508305625,-2.9290979173448353,0.008146066514272743,False,0.17962501304490225,0.19623450012434096,-0.09246756227255903
cake,r20@mu_D,0.0,-2.9209518508305625,-2.9209518508305625,0.0,False,0.17962501304490225,0.17962501304490225,0.0
cake,r20@mu_D,0.5,-2.9209518508305625,-2.9200507648407465,-0.0009010859898159751,False,0.17962501304490225,0.17922457295750815,0.0022293113893553373
cake,r20@mu_D,1.0,-2.9209518508305625,-2.919612801264203,-0.0013390495663596624,False,0.17962501304490225,0.17992625160822792,-0.0016770412885112052
cake,r20@mu_D,2.0,-2.9209518508305625,-2.9226953264266724,0.001743475596109878,False,0.17962501304490225,0.1847423551574586,-0.028489028481112122
cake,r20@mu_D,4.0,-2.9209518508305625,-2.9486838295346214,0.027731978704058857,False,0.17962501304490225,0.21960949755850293,-0.22259975844013136
cake,r20@mu_D_par,0.0,-2.9209518508305625,-2.9209518508305625,0.0,False,0.17962501304490225,0.17962501304490225,0.0
cake,r20@mu_D_par,0.5,-2.9209518508305625,-2.9204332185170006,-0.000518632313561973,False,0.17962501304490225,0.1793424960166689,0.0015728156309874342
cake,r20@mu_D_par,1.0,-2.9209518508305625,-2.919993317316449,-0.0009585335141135687,False,0.17962501304490225,0.179562880406304,0.0003459019294975718
cake,r20@mu_D_par,2.0,-2.9209518508305625,-2.921250759609162,0.0002989087785993938,False,0.17962501304490225,0.18248681936945235,-0.015932114776435524
cake,r20@mu_D_par,4.0,-2.9209518508305625,-2.9353865063379683,0.014434655507405747,False,0.17962501304490225,0.20266915361086527,-0.12829026523272957
cake,r20@mu_D_perp_native,0.0,-2.9209518508305625,-2.9209518508305625,0.0,False,0.17962501304490225,0.17962501304490225,0.0
cake,r20@mu_D_perp_native,0.5,-2.9209518508305625,-2.9204950938149103,-0.0004567570156521761,False,0.17962501304490225,0.1792189653903719,0.0022605295757380794
cake,r20@mu_D_perp_native,1.0,-2.9209518508305625,-2.9201983875698514,-0.0007534632607111291,False,0.17962501304490225,0.17913926924977983,0.0027042102148713276
cake,r20@mu_D_perp_native,2.0,-2.9209518508305625,-2.9197659870934864,-0.001185863737076076,False,0.17962501304490225,0.18014622491503518,-0.0029016664288432636
cake,r20@mu_D_perp_native,4.0,-2.9209518508305625,-2.9236252799866693,0.002673429156106799,False,0.17962501304490225,0.1862249979897151,-0.03674312854837747
cake,r21@mu_D,0.0,-2.9209518508305625,-2.9209518508305625,0.0,False,0.17962501304490225,0.17962501304490225,0.0
cake,r21@mu_D,0.5,-2.9209518508305625,-2.923257797483414,0.0023059466528514427,False,0.17962501304490225,0.1832252083316682,-0.02004283938933371
cake,r21@mu_D,1.0,-2.9209518508305625,-2.925756855616494,0.004805004785931377,False,0.17962501304490225,0.18810765894632492,-0.04722419087202634
cake,r21@mu_D,2.0,-2.9209518508305625,-2.935108813028487,0.014156962197924283,False,0.17962501304490225,0.2015273268260653,-0.12193354037885573
cake,r21@mu_D,4.0,-2.9209518508305625,-2.972592694418771,0.05164084358820853,False,0.17962501304490225,0.24889129400253296,-0.3856160107296176
cake,r21@mu_D_par,0.0,-2.9209518508305625,-2.9209518508305625,0.0,False,0.17962501304490225,0.17962501304490225,0.0
cake,r21@mu_D_par,0.5,-2.9209518508305625,-2.9223925272623696,0.0014406764318071197,False,0.17962501304490225,0.1825579513633062,-0.016328117497036887
cake,r21@mu_D_par,1.0,-2.9209518508305625,-2.924510123237731,0.003558272407168328,False,0.17962501304490225,0.18623875578244528,-0.03681972029079117
cake,r21@mu_D_par,2.0,-2.9209518508305625,-2.931566276247539,0.010614425416976658,False,0.17962501304490225,0.19658712877167595,-0.09443070004138865
cake,r21@mu_D_par,4.0,-2.9209518508305625,-2.9572292055402483,0.03627735470968574,False,0.17962501304490225,0.22983446811872815,-0.2795237379399642
cake,r21@mu_D_perp_native,0.0,-2.9209518508305625,-2.9209518508305625,0.0,False,0.17962501304490225,0.17962501304490225,0.0
cake,r21@mu_D_perp_native,0.5,-2.9209518508305625,-2.9217375119527182,0.000785661122155723,False,0.17962501304490225,0.18140427460746159,-0.009905422036710299
cake,r21@mu_D_perp_native,1.0,-2.9209518508305625,-2.923212830982511,0.002260980151948644,False,0.17962501304490225,0.18365601178199525,-0.02244118827752195
cake,r21@mu_D_perp_native,2.0,-2.9209518508305625,-2.926525789593893,0.005573938763330677,False,0.17962501304490225,0.18927252103411962,-0.0537091567910184
cake,r21@mu_D_perp_native,4.0,-2.9209518508305625,-2.9377542753068226,0.016802424476260125,False,0.17962501304490225,0.20468706791363064,-0.13952430368070967
cake,r22@mu_D,0.0,-2.9209518508305625,-2.9209518508305625,0.0,False,0.17962501304490225,0.17962501304490225,0.0
cake,r22@mu_D,0.5,-2.9209518508305625,-2.9258105262877447,0.0048586754571822155,False,0.17962501304490225,0.1850080234663827,-0.029968044707308295
cake,r22@mu_D,1.0,-2.9209518508305625,-2.9321297918047224,0.011177940974159917,False,0.17962501304490225,0.19200263609961857,-0.06890812612841501
cake,r22@mu_D,2.0,-2.9209518508305625,-2.9507461275373186,0.02979427670675605,False,0.17962501304490225,0.21095217693419682,-0.1744031265927506
cake,r22@mu_D,4.0,-2.9209518508305625,-3.0180362141321577,0.0970843633015952,False,0.17962501304490225,0.2754040965958247,-0.5332168495207281
cake,r22@mu_D_par,0.0,-2.9209518508305625,-2.9209518508305625,0.0,False,0.17962501304490225,0.17962501304490225,0.0
cake,r22@mu_D_par,0.5,-2.9209518508305625,-2.924693470909482,0.0037416200789195386,False,0.17962501304490225,0.18396453062693277,-0.024158760010476676
cake,r22@mu_D_par,1.0,-2.9209518508305625,-2.9296807485913474,0.008728897760784893,False,0.17962501304490225,0.1894312169816759,-0.054592641473169
cake,r22@mu_D_par,2.0,-2.9209518508305625,-2.943572309282091,0.022620458451528602,False,0.17962501304490225,0.20400200665943205,-0.13571046259819108
cake,r22@mu_D_par,4.0,-2.9209518508305625,-2.9917204190814304,0.07076856825086786,False,0.17962501304490225,0.2504341427295927,-0.3942052862481338
cake,r22@mu_D_perp_native,0.0,-2.9209518508305625,-2.9209518508305625,0.0,False,0.17962501304490225,0.17962501304490225,0.0
cake,r22@mu_D_perp_native,0.5,-2.9209518508305625,-2.9229414879329623,0.001989637102399744,False,0.17962501304490225,0.18243714410161216,-0.015655564940763256
cake,r22@mu_D_perp_native,1.0,-2.9209518508305625,-2.9262899065774586,0.005338055746896053,False,0.17962501304490225,0.18578649229473537,-0.03430190008277356
cake,r22@mu_D_perp_native,2.0,-2.9209518508305625,-2.9332365157112243,0.012284664880661822,False,0.17962501304490225,0.19347759797459557,-0.07711946512833645
cake,r22@mu_D_perp_native,4.0,-2.9209518508305625,-2.9556642714000882,0.034712420569525726,False,0.17962501304490225,0.21584675851322355,-0.20165201301483915
cake,prompt,,-2.9209518508305625,-3.056566526019384,0.13561467518882164,False,0.17962501304490225,0.2842478955548907,-0.5824516348613156
concrete,base,,-2.9209518508305625,-2.9209518508305625,0.0,False,0.3799268338415358,0.3799268338415358,0.0
concrete,finetuned,,-2.9209518508305625,-2.998901949988471,0.07795009915790851,False,0.3799268338415358,0.0,1.0
concrete,r0@mu_D,0.0,-2.9209518508305625,-2.9209518508305625,0.0,False,0.3799268338415358,0.3799268338415358,0.0
concrete,r0@mu_D,0.5,-2.9209518508305625,-2.9271307067265586,0.006178855895996094,False,0.3799268338415358,0.3832899199591743,-0.008851930998485802
concrete,r0@mu_D,1.0,-2.9209518508305625,-2.9414161954607283,0.020464344630165776,False,0.3799268338415358,0.3914452346544417,-0.030317418478817304
concrete,r0@mu_D,2.0,-2.9209518508305625,-2.992920610639784,0.07196875980922135,False,0.3799268338415358,0.4279742165217324,-0.12646483059482105
concrete,r0@mu_D,4.0,-2.9209518508305625,-3.330016083187527,0.40906423235696465,False,0.3799268338415358,0.7384780550759936,-0.9437375549630338
concrete,r0@mu_D_par,0.0,-2.9209518508305625,-2.9209518508305625,0.0,False,0.3799268338415358,0.3799268338415358,0.0
concrete,r0@mu_D_par,0.5,-2.9209518508305625,-2.926081786080012,0.005129935249449602,False,0.3799268338415358,0.3823386146908715,-0.006348013971399613
concrete,r0@mu_D_par,1.0,-2.9209518508305625,-2.9355213679964582,0.014569517165895718,False,0.3799268338415358,0.3882111784011599,-0.021805105145796144
concrete,r0@mu_D_par,2.0,-2.9209518508305625,-2.972047033764067,0.05109518293350446,False,0.3799268338415358,0.41200530245190575,-0.08443327965549696
concrete,r0@mu_D_par,4.0,-2.9209518508305625,-3.1546301009163025,0.23367825008573995,False,0.3799268338415358,0.5682331020869906,-0.4956382426096171
concrete,r0@mu_D_perp_native,0.0,-2.9209518508305625,-2.9209518508305625,0.0,False,0.3799268338415358,0.3799268338415358,0.0
concrete,r0@mu_D_perp_native,0.5,-2.9209518508305625,-2.9238804105728393,0.002928559742276793,False,0.3799268338415358,0.38116167745892965,-0.0032502142712795834
concrete,r0@mu_D_perp_native,1.0,-2.9209518508305625,-2.9285516587514726,0.007599807920910084,False,0.3799268338415358,0.3839323955868918,-0.010542981933796991
concrete,r0@mu_D_perp_native,2.0,-2.9209518508305625,-2.9437976186237638,0.022845767793201244,False,0.3799268338415358,0.39327674820309594,-0.035138119165144976
concrete,r0@mu_D_perp_native,4.0,-2.9209518508305625,-3.007243936024015,0.08629208519345255,False,0.3799268338415358,0.43919859708301606,-0.15600836256330863
concrete,r1@mu_D,0.0,-2.9209518508305625,-2.9209518508305625,0.0,False,0.3799268338415358,0.3799268338415358,0.0
concrete,r1@mu_D,0.5,-2.9209518508305625,-2.9197050806075806,-0.0012467702229819189,False,0.3799268338415358,0.38040599983835977,-0.0012612059853183144
concrete,r1@mu_D,1.0,-2.9209518508305625,-2.924729407779754,0.003777556949191574,False,0.3799268338415358,0.3839770962321569,-0.010660637864580158
concrete,r1@mu_D,2.0,-2.9209518508305625,-2.95257782557654,0.03162597474597728,False,0.3799268338415358,0.40395269223621916,-0.06323811917087263
concrete,r1@mu_D,4.0,-2.9209518508305625,-3.140492454407707,0.21954060357714456,False,0.3799268338415358,0.5617397105883039,-0.47854707946899233
concrete,r1@mu_D_par,0.0,-2.9209518508305625,-2.9209518508305625,0.0,False,0.3799268338415358,0.3799268338415358,0.0
concrete,r1@mu_D_par,0.5,-2.9209518508305625,-2.9195555732363747,-0.0013962775941878114,False,0.3799268338415358,0.3798626841060699,0.00016884760367485985
concrete,r1@mu_D_par,1.0,-2.9209518508305625,-2.9226797043331088,0.0017278535025462283,False,0.3799268338415358,0.38263272103809176,-0.0071221270927248614
concrete,r1@mu_D_par,2.0,-2.9209518508305625,-2.9406068665640697,0.019655015733507142,False,0.3799268338415358,0.395434698415181,-0.04081802913692956
concrete,r1@mu_D_par,4.0,-2.9209518508305625,-3.048818966699025,0.12786711586846256,False,0.3799268338415358,0.47987567716174656,-0.2630739248123195
concrete,r1@mu_D_perp_native,0.0,-2.9209518508305625,-2.9209518508305625,0.0,False,0.3799268338415358,0.3799268338415358,0.0
concrete,r1@mu_D_perp_native,0.5,-2.9209518508305625,-2.9198971854315863,-0.0010546653989762511,False,0.3799268338415358,0.3795938841880314,0.0008763520337267128
concrete,r1@mu_D_perp_native,1.0,-2.9209518508305625,-2.9202216466267905,-0.0007302042037720113,False,0.3799268338415358,0.3803005942276546,-0.0009837693809084946
concrete,r1@mu_D_perp_native,2.0,-2.9209518508305625,-2.926413104647682,0.00546125381711926,False,0.3799268338415358,0.3851686356559632,-0.013796871785617837
concrete,r1@mu_D_perp_native,4.0,-2.9209518508305625,-2.9609562707325767,0.0400044199020142,False,0.3799268338415358,0.4098722631969149,-0.07881893745854507
concrete,r2@mu_D,0.0,-2.9209518508305625,-2.9209518508305625,0.0,False,0.3799268338415358,0.3799268338415358,0.0
concrete,r2@mu_D,0.5,-2.9209518508305625,-2.9211742461673795,0.00022239533681700507,False,0.3799268338415358,0.37468312373237006,0.013801894580978358
concrete,r2@mu_D,1.0,-2.9209518508305625,-2.9247033709571477,0.003751520126585195,False,0.3799268338415358,0.37077744328786455,0.02408198036753406
concrete,r2@mu_D,2.0,-2.9209518508305625,-2.943933850242978,0.022981999412415632,False,0.3799268338415358,0.373302662183368,0.01743538773291986
concrete,r2@mu_D,4.0,-2.9209518508305625,-4.063848767961774,1.1428969171312118,True,0.3799268338415358,1.4523652886587477,-2.822749959442235
concrete,r2@mu_D_par,0.0,-2.9209518508305625,-2.9209518508305625,0.0,False,0.3799268338415358,0.3799268338415358,0.0
concrete,r2@mu_D_par,0.5,-2.9209518508305625,-2.920947786361452,-4.0644691106095365e-06,False,0.3799268338415358,0.37511382973383345,0.012668239458205277
concrete,r2@mu_D_par,1.0,-2.9209518508305625,-2.9234707847474115,0.0025189339168489866,False,0.3799268338415358,0.37189086467500715,0.021151359816507176
concrete,r2@mu_D_par,2.0,-2.9209518508305625,-2.9351657231648765,0.014213872334313926,False,0.3799268338415358,0.3698665301005046,0.026479581974531707
concrete,r2@mu_D_par,4.0,-2.9209518508305625,-3.2077486931331576,0.28679684230259506,False,0.3799268338415358,0.6096769419927446,-0.6047219824621168
concrete,r2@mu_D_perp_native,0.0,-2.9209518508305625,-2.9209518508305625,0.0,False,0.3799268338415358,0.3799268338415358,0.0
concrete,r2@mu_D_perp_native,0.5,-2.9209518508305625,-2.9211022134811158,0.0001503626505532374,False,0.3799268338415358,0.3769161876231905,0.007924278966831344
concrete,r2@mu_D_perp_native,1.0,-2.9209518508305625,-2.9215323433043463,0.000580492473783778,False,0.3799268338415358,0.3741384356740921,0.015235560249629465
concrete,r2@mu_D_perp_native,2.0,-2.9209518508305625,-2.925885730319553,0.004933879488990378,False,0.3799268338415358,0.37043554347658914,0.02498188998386308
concrete,r2@mu_D_perp_native,4.0,-2.9209518508305625,-2.9516146599300326,0.030662809099470056,False,0.3799268338415358,0.3774281276596917,0.006576808899174225
concrete,r3@mu_D,0.0,-2.9209518508305625,-2.9209518508305625,0.0,False,0.3799268338415358,0.3799268338415358,0.0
concrete,r3@mu_D,0.5,-2.9209518508305625,-2.9191429501488093,-0.0018089006817532116,False,0.3799268338415358,0.37872010847878834,0.0031762046143094524
concrete,r3@mu_D,1.0,-2.9209518508305625,-2.9227952200268943,0.0018433691963317678,False,0.3799268338415358,0.38073249184896074,-0.0021205609492720434
concrete,r3@mu_D,2.0,-2.9209518508305625,-2.953726261381119,0.03277441055055652,False,0.3799268338415358,0.4017263262990921,-0.057378133145101096
concrete,r3@mu_D,4.0,-2.9209518508305625,-3.4548529367598277,0.5339010859292652,False,0.3799268338415358,0.8806511542153737,-1.3179493412215408
concrete,r3@mu_D_par,0.0,-2.9209518508305625,-2.9209518508305625,0.0,False,0.3799268338415358,0.3799268338415358,0.0
concrete,r3@mu_D_par,0.5,-2.9209518508305625,-2.91904270081293,-0.0019091500176324772,False,0.3799268338415358,0.37904982245157637,0.002308369169641833
concrete,r3@mu_D_par,1.0,-2.9209518508305625,-2.9212249952649314,0.00027314443436887714,False,0.3799268338415358,0.37952049478651984,0.0010695192306038326
concrete,r3@mu_D_par,2.0,-2.9209518508305625,-2.939316431681315,0.018364580850752432,False,0.3799268338415358,0.3912962135814485,-0.029925182238258907
concrete,r3@mu_D_par,4.0,-2.9209518508305625,-3.1727531145489407,0.2518012637183782,False,0.3799268338415358,0.603290733836946,-0.5879129350694228
concrete,r3@mu_D_perp_native,0.0,-2.9209518508305625,-2.9209518508305625,0.0,False,0.3799268338415358,0.3799268338415358,0.0
concrete,r3@mu_D_perp_native,0.5,-2.9209518508305625,-2.919632457551502,-0.001319393279060499,False,0.3799268338415358,0.3790513953519246,0.002304229161071425
concrete,r3@mu_D_perp_native,1.0,-2.9209518508305625,-2.919032452598451,-0.0019193982321117353,False,0.3799268338415358,0.3786583027196309,0.0033388826713777187
concrete,r3@mu_D_perp_native,2.0,-2.9209518508305625,-2.9240116694616893,0.0030598186311268094,False,0.3799268338415358,0.381600142471374,-0.004404291776179514
concrete,r3@mu_D_perp_native,4.0,-2.9209518508305625,-2.9646831618414984,0.04373131101093586,False,0.3799268338415358,0.41062872466586886,-0.08081000890065737
concrete,r4@mu_D,0.0,-2.9209518508305625,-2.9209518508305625,0.0,False,0.3799268338415358,0.3799268338415358,0.0
concrete,r4@mu_D,0.5,-2.9209518508305625,-2.9243815815637983,0.003429730733235825,False,0.3799268338415358,0.38214048506721615,-0.005826519815137932
concrete,r4@mu_D,1.0,-2.9209518508305625,-2.932818306816949,0.01186645598638636,False,0.3799268338415358,0.3873128957218594,-0.01944074811889762
concrete,r4@mu_D,2.0,-2.9209518508305625,-2.9683153364393444,0.0473634856087819,False,0.3799268338415358,0.4113300395390344,-0.082655929774617
concrete,r4@mu_D,4.0,-2.9209518508305625,-3.156461518908304,0.23550966807774154,False,0.3799268338415358,0.5753561248854985,-0.5143866493133111
concrete,r4@mu_D_par,0.0,-2.9209518508305625,-2.9209518508305625,0.0,False,0.3799268338415358,0.3799268338415358,0.0
concrete,r4@mu_D_par,0.5,-2.9209518508305625,-2.9230464829338922,0.002094632103329719,False,0.3799268338415358,0.3813779713615539,-0.003819518367116359
concrete,r4@mu_D_par,1.0,-2.9209518508305625,-2.9292512469821506,0.008299396151588034,False,0.3799268338415358,0.38497295171495466,-0.013281814875765185
concrete,r4@mu_D_par,2.0,-2.9209518508305625,-2.954192986564031,0.03324113573346832,False,0.3799268338415358,0.4014351320645166,-0.0566116849539291
concrete,r4@mu_D_par,4.0,-2.9209518508305625,-3.069382077171689,0.14843022634112657,False,0.3799268338415358,0.4942881266276042,-0.3010087274692672
concrete,r4@mu_D_perp_native,0.0,-2.9209518508305625,-2.9209518508305625,0.0,False,0.3799268338415358,0.3799268338415358,0.0
concrete,r4@mu_D_perp_native,0.5,-2.9209518508305625,-2.9220115873548718,0.0010597365243092405,False,0.3799268338415358,0.3806512440953936,-0.00190670989604258
concrete,r4@mu_D_perp_native,1.0,-2.9209518508305625,-2.9247153600056968,0.0037635091751342387,False,0.3799268338415358,0.3823133602974907,-0.006281542242815741
concrete,r4@mu_D_perp_native,2.0,-2.9209518508305625,-2.9347010718451605,0.013749221014597968,False,0.3799268338415358,0.3886916164367918,-0.023069659246315988
concrete,r4@mu_D_perp_native,4.0,-2.9209518508305625,-2.978126503172375,0.057174652341812404,False,0.3799268338415358,0.41880826155344647,-0.10233925126785803
concrete,r5@mu_D,0.0,-2.9209518508305625,-2.9209518508305625,0.0,False,0.3799268338415358,0.3799268338415358,0.0
concrete,r5@mu_D,0.5,-2.9209518508305625,-2.924952332935636,0.004000482105073644,False,0.3799268338415358,0.3819716270007784,-0.005382070907093306
concrete,r5@mu_D,1.0,-2.9209518508305625,-2.9339645173814564,0.013012666550893837,False,0.3799268338415358,0.3863532410727607,-0.016914854805715862
concrete,r5@mu_D,2.0,-2.9209518508305625,-2.9696765627179826,0.048724711887420113,False,0.3799268338415358,0.4051800549976409,-0.0664686431878565
concrete,r5@mu_D,4.0,-2.9209518508305625,-3.1687446548825218,0.24779280405195925,False,0.3799268338415358,0.5552521470993285,-0.46147125614959683
concrete,r5@mu_D_par,0.0,-2.9209518508305625,-2.9209518508305625,0.0,False,0.3799268338415358,0.3799268338415358,0.0
concrete,r5@mu_D_par,0.5,-2.9209518508305625,-2.9240798268999373,0.0031279760693747605,False,0.3799268338415358,0.38137913317907424,-0.0038225763704391458
concrete,r5@mu_D_par,1.0,-2.9209518508305625,-2.9299200224497963,0.0089681716192338,False,0.3799268338415358,0.3845559491051568,-0.01218422825472687
concrete,r5@mu_D_par,2.0,-2.9209518508305625,-2.9542545818147206,0.033302730984158035,False,0.3799268338415358,0.396971913557204,-0.044864111185096034
concrete,r5@mu_D_par,4.0,-2.9209518508305625,-3.076007873292953,0.1550560224623907,False,0.3799268338415358,0.47760344403130667,-0.25709321240128813
concrete,r5@mu_D_perp_native,0.0,-2.9209518508305625,-2.9209518508305625,0.0,False,0.3799268338415358,0.3799268338415358,0.0
concrete,r5@mu_D_perp_native,0.5,-2.9209518508305625,-2.922617026737758,0.0016651759071955041,False,0.3799268338415358,0.38092519082720316,-0.002627761181206223
concrete,r5@mu_D_perp_native,1.0,-2.9209518508305625,-2.92557097995092,0.004619129120357446,False,0.3799268338415358,0.3820521840973506,-0.005594104091898089
concrete,r5@mu_D_perp_native,2.0,-2.9209518508305625,-2.935707099854,0.0147552490234375,False,0.3799268338415358,0.3873561034126887,-0.01955447446560621
concrete,r5@mu_D_perp_native,4.0,-2.9209518508305625,-2.9793817505003912,0.0584298996698287,False,0.3799268338415358,0.410917668115525,-0.08157053283294857
concrete,r6@mu_D,0.0,-2.9209518508305625,-2.9209518508305625,0.0,False,0.3799268338415358,0.3799268338415358,0.0
concrete,r6@mu_D,0.5,-2.9209518508305625,-2.9227516991751537,0.0017998483445911262,False,0.3799268338415358,0.37810743422735305,0.004788815772201027
concrete,r6@mu_D,1.0,-2.9209518508305625,-2.9291412716820124,0.008189420851449913,False,0.3799268338415358,0.3788338119075412,0.00287692744137813
concrete,r6@mu_D,2.0,-2.9209518508305625,-2.9573663832649353,0.03641453243437276,False,0.3799268338415358,0.389832131446354,-0.026071592534444576
concrete,r6@mu_D,4.0,-2.9209518508305625,-3.4518281013246566,0.530876250494094,False,0.3799268338415358,0.8418590170996529,-1.2158451104582548
concrete,r6@mu_D_par,0.0,-2.9209518508305625,-2.9209518508305625,0.0,False,0.3799268338415358,0.3799268338415358,0.0
concrete,r6@mu_D_par,0.5,-2.9209518508305625,-2.921697283548022,0.0007454327174594155,False,0.3799268338415358,0.37815734933293055,0.0046574349348098565
concrete,r6@mu_D_par,1.0,-2.9209518508305625,-2.9265254414270796,0.005573590596517075,False,0.3799268338415358,0.3783257272508409,0.004214249818855098
concrete,r6@mu_D_par,2.0,-2.9209518508305625,-2.9458391250125944,0.02488727418203185,False,0.3799268338415358,0.3845787795763167,-0.012244320012208432
concrete,r6@mu_D_par,4.0,-2.9209518508305625,-3.1374308949425105,0.21647904411194796,False,0.3799268338415358,0.5396885606977675,-0.42050656238423767
concrete,r6@mu_D_perp_native,0.0,-2.9209518508305625,-2.9209518508305625,0.0,False,0.3799268338415358,0.3799268338415358,0.0
concrete,r6@mu_D_perp_native,0.5,-2.9209518508305625,-2.921026729402088,7.487857152543853e-05,False,0.3799268338415358,0.3785375725655329,0.0036566547878593703
concrete,r6@mu_D_perp_native,1.0,-2.9209518508305625,-2.9230955139039057,0.0021436630733431272,False,0.3799268338415358,0.37796390387747025,0.005166599958781215
concrete,r6@mu_D_perp_native,2.0,-2.9209518508305625,-2.9306555097065274,0.009703658875964916,False,0.3799268338415358,0.37932085139410837,0.0015949977560157924
concrete,r6@mu_D_perp_native,4.0,-2.9209518508305625,-2.9655816971309603,0.04462984630039779,False,0.3799268338415358,0.3940832794658721,-0.037260978597370764
concrete,r7@mu_D,0.0,-2.9209518508305625,-2.9209518508305625,0.0,False,0.3799268338415358,0.3799268338415358,0.0
concrete,r7@mu_D,0.5,-2.9209518508305625,-2.926448897709922,0.005497046879359591,False,0.3799268338415358,0.3886547533292619,-0.022972632386809577
concrete,r7@mu_D,1.0,-2.9209518508305625,-2.9369888608417813,0.016037010011218822,False,0.3799268338415358,0.4005269606908162,-0.05422130003555514
concrete,r7@mu_D,2.0,-2.9209518508305625,-2.9739248866126653,0.05297303578210277,False,0.3799268338415358,0.43567936477207003,-0.1467454413967193
concrete,r7@mu_D,4.0,-2.9209518508305625,-3.147231934562562,0.2262800837319996,False,0.3799268338415358,0.5997183852725558,-0.5785102073698043
concrete,r7@mu_D_par,0.0,-2.9209518508305625,-2.9209518508305625,0.0,False,0.3799268338415358,0.3799268338415358,0.0
concrete,r7@mu_D_par,0.5,-2.9209518508305625,-2.9251887684776667,0.00423691764710421,False,0.3799268338415358,0.38715553283691406,-0.019026555514089605
concrete,r7@mu_D_par,1.0,-2.9209518508305625,-2.933168275015695,0.012216424185132357,False,0.3799268338415358,0.396314091152615,-0.04313266621729106
concrete,r7@mu_D_par,2.0,-2.9209518508305625,-2.959318781655932,0.03836693082536957,False,0.3799268338415358,0.42254135343763566,-0.11216506916664382
concrete,r7@mu_D_par,4.0,-2.9209518508305625,-3.0703046359713118,0.14935278514074923,False,0.3799268338415358,0.5257841774395534,-0.38390903354526795
concrete,r7@mu_D_perp_native,0.0,-2.9209518508305625,-2.9209518508305625,0.0,False,0.3799268338415358,0.3799268338415358,0.0
concrete,r7@mu_D_perp_native,0.5,-2.9209518508305625,-2.923411036294604,0.0024591854640414468,False,0.3799268338415358,0.384401954355694,-0.011778900871278752
concrete,r7@mu_D_perp_native,1.0,-2.9209518508305625,-2.9271161594088118,0.0061643085782492335,False,0.3799268338415358,0.38958989627777585,-0.025434008802522223
concrete,r7@mu_D_perp_native,2.0,-2.9209518508305625,-2.93964563854157,0.01869378771100738,False,0.3799268338415358,0.40307495802167864,-0.06092784746496149
concrete,r7@mu_D_perp_native,4.0,-2.9209518508305625,-2.9838776058620877,0.0629257550315252,False,0.3799268338415358,0.44461120499504936,-0.17025481064202186
concrete,r8@mu_D,0.0,-2.9209518508305625,-2.9209518508305625,0.0,False,0.3799268338415358,0.3799268338415358,0.0
concrete,r8@mu_D,0.5,-2.9209518508305625,-2.920743692488897,-0.000208158341665321,False,0.3799268338415358,0.38229809961621725,-0.00624137482131748
concrete,r8@mu_D,1.0,-2.9209518508305625,-2.925292620583186,0.00434076975262343,False,0.3799268338415358,0.3870517450665671,-0.01875337720420922
concrete,r8@mu_D,2.0,-2.9209518508305625,-2.949048708355616,0.02809685752505331,False,0.3799268338415358,0.4061771593396626,-0.06909310730359097
concrete,r8@mu_D,4.0,-2.9209518508305625,-3.2066317285810197,0.2856798777504572,False,0.3799268338415358,0.6471633570534843,-0.7033894408295742
concrete,r8@mu_D_par,0.0,-2.9209518508305625,-2.9209518508305625,0.0,False,0.3799268338415358,0.3799268338415358,0.0
concrete,r8@mu_D_par,0.5,-2.9209518508305625,-2.920964013962519,1.2163131956288709e-05,False,0.3799268338415358,0.3817283544275496,-0.004741756637187677
concrete,r8@mu_D_par,1.0,-2.9209518508305625,-2.923782136705187,0.0028302858746243054,False,0.3799268338415358,0.38539021828817943,-0.014380096271173981
concrete,r8@mu_D_par,2.0,-2.9209518508305625,-2.938942159925188,0.017990309094625623,False,0.3799268338415358,0.39824844920446,-0.048224062453472216
concrete,r8@mu_D_par,4.0,-2.9209518508305625,-3.0734318778628396,0.15248002703227703,False,0.3799268338415358,0.5192851603977264,-0.3668030634927877
concrete,r8@mu_D_perp_native,0.0,-2.9209518508305625,-2.9209518508305625,0.0,False,0.3799268338415358,0.3799268338415358,0.0
concrete,r8@mu_D_perp_native,0.5,-2.9209518508305625,-2.9204427552601646,-0.0005090955703979105,False,0.3799268338415358,0.3809992458139147,-0.0028226802553941166
concrete,r8@mu_D_perp_native,1.0,-2.9209518508305625,-2.9211388920980785,0.00018704126751600825,False,0.3799268338415358,0.38272822376281496,-0.007373498452198257
concrete,r8@mu_D_perp_native,2.0,-2.9209518508305625,-2.926527333638025,0.00557548280746234,False,0.3799268338415358,0.3882278847315955,-0.021849077639833014
concrete,r8@mu_D_perp_native,4.0,-2.9209518508305625,-2.9567972516256664,0.0358454007951039,False,0.3799268338415358,0.4124609108955141,-0.0856324801410262
concrete,r9@mu_D,0.0,-2.9209518508305625,-2.9209518508305625,0.0,False,0.3799268338415358,0.3799268338415358,0.0
concrete,r9@mu_D,0.5,-2.9209518508305625,-2.9339269153655523,0.012975064534989755,False,0.3799268338415358,0.39070696395540994,-0.02837422670274048
concrete,r9@mu_D,1.0,-2.9209518508305625,-2.952153652433365,0.031201801602802615,False,0.3799268338415358,0.405618255100553,-0.06762202342815526
concrete,r9@mu_D,2.0,-2.9209518508305625,-3.013232511187357,0.09228066035679428,False,0.3799268338415358,0.45257175820214407,-0.19120766918745158
concrete,r9@mu_D,4.0,-2.9209518508305625,-3.39662836468409,0.47567651385352727,False,0.3799268338415358,0.800991345965673,-1.108277896211352
concrete,r9@mu_D_par,0.0,-2.9209518508305625,-2.9209518508305625,0.0,False,0.3799268338415358,0.3799268338415358,0.0
concrete,r9@mu_D_par,0.5,-2.9209518508305625,-2.931079796382359,0.010127945551796635,False,0.3799268338415358,0.3887710495600625,-0.023278734037026405
concrete,r9@mu_D_par,1.0,-2.9209518508305625,-2.9453736562577504,0.02442180542718786,False,0.3799268338415358,0.3999780132657006,-0.05277642334820709
concrete,r9@mu_D_par,2.0,-2.9209518508305625,-2.9896707610478477,0.06871891021728516,False,0.3799268338415358,0.4342094092142014,-0.14287639234060112
concrete,r9@mu_D_par,4.0,-2.9209518508305625,-3.18622248513358,0.26527063430301734,False,0.3799268338415358,0.5998759373785958,-0.5789248980207564
concrete,r9@mu_D_perp_native,0.0,-2.9209518508305625,-2.9209518508305625,0.0,False,0.3799268338415358,0.3799268338415358,0.0
concrete,r9@mu_D_perp_native,0.5,-2.9209518508305625,-2.9268837656293596,0.005931914798797067,False,0.3799268338415358,0.38530439138412476,-0.014154192501264262
concrete,r9@mu_D_perp_native,1.0,-2.9209518508305625,-2.9347427307613314,0.013790879930768885,False,0.3799268338415358,0.3915817169916062,-0.0306766516916559
concrete,r9@mu_D_perp_native,2.0,-2.9209518508305625,-2.9563925077044773,0.03544065687391473,False,0.3799268338415358,0.4088618206599402,-0.07615936607013363
concrete,r9@mu_D_perp_native,4.0,-2.9209518508305625,-3.0288107054574147,0.10785885462685219,False,0.3799268338415358,0.46490161759512766,-0.22366091622007955
concrete,r10@mu_D,0.0,-2.9209518508305625,-2.9209518508305625,0.0,False,0.3799268338415358,0.3799268338415358,0.0
concrete,r10@mu_D,0.5,-2.9209518508305625,-2.920919251820398,-3.259901016461342e-05,False,0.3799268338415358,0.3841303340972416,-0.011063973063453192
concrete,r10@mu_D,1.0,-2.9209518508305625,-2.925814916217138,0.004863065386575549,False,0.3799268338415358,0.3900130031600831,-0.026547662392159888
concrete,r10@mu_D,2.0,-2.9209518508305625,-2.954813177623446,0.03386132679288334,False,0.3799268338415358,0.4132474244587005,-0.0877026512716983
concrete,r10@mu_D,4.0,-2.9209518508305625,-3.214415671333434,0.29346382050287145,False,0.3799268338415358,0.6380700516322303,-0.6794550813390658
concrete,r10@mu_D_par,0.0,-2.9209518508305625,-2.9209518508305625,0.0,False,0.3799268338415358,0.3799268338415358,0.0
concrete,r10@mu_D_par,0.5,-2.9209518508305625,-2.920891739073254,-6.011175730868956e-05,False,0.3799268338415358,0.38327247377425905,-0.00880601114402646
concrete,r10@mu_D_par,1.0,-2.9209518508305625,-2.923958558884878,0.0030067080543156877,False,0.3799268338415358,0.3878891846490285,-0.020957589983795932
concrete,r10@mu_D_par,2.0,-2.9209518508305625,-2.9419575267367892,0.021005675906226706,False,0.3799268338415358,0.4035620746158418,-0.06220998010412737
concrete,r10@mu_D_par,4.0,-2.9209518508305625,-3.080634631807842,0.1596827809772794,False,0.3799268338415358,0.5171791475916666,-0.3612598572265564
concrete,r10@mu_D_perp_native,0.0,-2.9209518508305625,-2.9209518508305625,0.0,False,0.3799268338415358,0.3799268338415358,0.0
concrete,r10@mu_D_perp_native,0.5,-2.9209518508305625,-2.920476027897426,-0.0004758229331365271,False,0.3799268338415358,0.38194416534333003,-0.005309789470242077
concrete,r10@mu_D_perp_native,1.0,-2.9209518508305625,-2.9211813760182213,0.0002295251876587301,False,0.3799268338415358,0.38438294804285444,-0.011728874626363517
concrete,r10@mu_D_perp_native,2.0,-2.9209518508305625,-2.9275993998088534,0.006647548978290896,False,0.3799268338415358,0.391403145260281,-0.03020663558481873
concrete,r10@mu_D_perp_native,4.0,-2.9209518508305625,-2.9653215711078946,0.0443697202773321,False,0.3799268338415358,0.42096902359099614,-0.10802656220533935
concrete,r11@mu_D,0.0,-2.9209518508305625,-2.9209518508305625,0.0,False,0.3799268338415358,0.3799268338415358,0.0
concrete,r11@mu_D,0.5,-2.9209518508305625,-2.921106981852698,0.00015513102213526864,False,0.3799268338415358,0.38213390206533765,-0.00580919278979497
concrete,r11@mu_D,1.0,-2.9209518508305625,-2.9258035629514665,0.0048517121209039615,False,0.3799268338415358,0.38716031540007817,-0.01903914363037429
concrete,r11@mu_D,2.0,-2.9209518508305625,-2.949117070152646,0.0281652193220836,False,0.3799268338415358,0.40426503855084617,-0.06406024145023048
concrete,r11@mu_D,4.0,-2.9209518508305625,-3.137484656439887,0.21653280560932453,False,0.3799268338415358,0.5653145455178761,-0.4879563514949403
concrete,r11@mu_D_par,0.0,-2.9209518508305625,-2.9209518508305625,0.0,False,0.3799268338415358,0.3799268338415358,0.0
concrete,r11@mu_D_par,0.5,-2.9209518508305625,-2.921272149161687,0.00032029833112456885,False,0.3799268338415358,0.38177273765442865,-0.004858577095564476
concrete,r11@mu_D_par,1.0,-2.9209518508305625,-2.924014197455512,0.00306234662494953,False,0.3799268338415358,0.38483505400400314,-0.012918856277770896
concrete,r11@mu_D_par,2.0,-2.9209518508305625,-2.938667077866812,0.01771522703624928,False,0.3799268338415358,0.3971234115343245,-0.04526286684967684
concrete,r11@mu_D_par,4.0,-2.9209518508305625,-3.035352623651898,0.11440077282133565,False,0.3799268338415358,0.4724555015563965,-0.24354338644438478
concrete,r11@mu_D_perp_native,0.0,-2.9209518508305625,-2.9209518508305625,0.0,False,0.3799268338415358,0.3799268338415358,0.0
concrete,r11@mu_D_perp_native,0.5,-2.9209518508305625,-2.9200390558394176,-0.0009127949911449385,False,0.3799268338415358,0.38063148752091425,-0.001854708898167301
concrete,r11@mu_D_perp_native,1.0,-2.9209518508305625,-2.920839589739603,-0.0001122610909596311,False,0.3799268338415358,0.38245314454275464,-0.006649466360863832
concrete,r11@mu_D_perp_native,2.0,-2.9209518508305625,-2.9267284378172858,0.005776586986723231,False,0.3799268338415358,0.38800639670992654,-0.02126610217734881
concrete,r11@mu_D_perp_native,4.0,-2.9209518508305625,-2.955892388782804,0.03494053795224161,False,0.3799268338415358,0.4096213976542155,-0.07815863784200361
concrete,r12@mu_D,0.0,-2.9209518508305625,-2.9209518508305625,0.0,False,0.3799268338415358,0.3799268338415358,0.0
concrete,r12@mu_D,0.5,-2.9209518508305625,-2.9199033389015803,-0.0010485119289822542,False,0.3799268338415358,0.3704275313823942,0.025002978502707385
concrete,r12@mu_D,1.0,-2.9209518508305625,-2.9248572985331216,0.003905447702559073,False,0.3799268338415358,0.36433864207494826,0.04102945719566953
concrete,r12@mu_D,2.0,-2.9209518508305625,-2.9568825070820157,0.0359306562514532,False,0.3799268338415358,0.36762296018146334,0.03238485035569849
concrete,r12@mu_D,4.0,-2.9209518508305625,-3.3875881755162798,0.46663632468571725,False,0.3799268338415358,0.7337757349014282,-0.93136064510642
concrete,r12@mu_D_par,0.0,-2.9209518508305625,-2.9209518508305625,0.0,False,0.3799268338415358,0.3799268338415358,0.0
concrete,r12@mu_D_par,0.5,-2.9209518508305625,-2.9192646117437455,-0.001687239086817005,False,0.3799268338415358,0.37162030878521146,0.021863486114773623
concrete,r12@mu_D_par,1.0,-2.9209518508305625,-2.9222001423911443,0.0012482915605818157,False,0.3799268338415358,0.3656876077727666,0.03747886382436538
concrete,r12@mu_D_par,2.0,-2.9209518508305625,-2.9429768759106834,0.02202502508012083,False,0.3799268338415358,0.363723971067913,0.04264732398549376
concrete,r12@mu_D_par,4.0,-2.9209518508305625,-3.161613933623783,0.24066208279322066,False,0.3799268338415358,0.5285064842965868,-0.3910743785921218
concrete,r12@mu_D_perp_native,0.0,-2.9209518508305625,-2.9209518508305625,0.0,False,0.3799268338415358,0.3799268338415358,0.0
concrete,r12@mu_D_perp_native,0.5,-2.9209518508305625,-2.919302607339526,-0.0016492434910366782,False,0.3799268338415358,0.3740521877531021,0.015462572172209255
concrete,r12@mu_D_perp_native,1.0,-2.9209518508305625,-2.9202356111435663,-0.0007162396869961896,False,0.3799268338415358,0.3694936808139559,0.027460953263257815
concrete,r12@mu_D_perp_native,2.0,-2.9209518508305625,-2.9264495864747064,0.0054977356441439085,False,0.3799268338415358,0.3637516668864659,0.04257442621653951
concrete,r12@mu_D_perp_native,4.0,-2.9209518508305625,-2.966996768164256,0.04604491733369365,False,0.3799268338415358,0.37160938505142455,0.021892238318655832
concrete,r13@mu_D,0.0,-2.9209518508305625,-2.9209518508305625,0.0,False,0.3799268338415358,0.3799268338415358,0.0
concrete,r13@mu_D,0.5,-2.9209518508305625,-2.926129061078268,0.005177210247705677,False,0.3799268338415358,0.3865697601484874,-0.017484751576463564
concrete,r13@mu_D,1.0,-2.9209518508305625,-2.9359005367945112,0.014948685963948716,False,0.3799268338415358,0.39567432706318206,-0.04144875228322098
concrete,r13@mu_D,2.0,-2.9209518508305625,-2.973074163709368,0.05212231287880531,False,0.3799268338415358,0.4269446740074763,-0.12375498642865335
concrete,r13@mu_D,4.0,-2.9209518508305625,-3.31735080385965,0.3963989530290877,False,0.3799268338415358,0.7550720941452753,-0.9874144884965124
concrete,r13@mu_D_par,0.0,-2.9209518508305625,-2.9209518508305625,0.0,False,0.3799268338415358,0.3799268338415358,0.0
concrete,r13@mu_D_par,0.5,-2.9209518508305625,-2.924823511214483,0.0038716603839206165,False,0.3799268338415358,0.385218912646884,-0.01392920513625917
concrete,r13@mu_D_par,1.0,-2.9209518508305625,-2.9323147365025113,0.011362885671948764,False,0.3799268338415358,0.39264054052413455,-0.033463566008347545
concrete,r13@mu_D_par,2.0,-2.9209518508305625,-2.9576291735210116,0.0366773226904491,False,0.3799268338415358,0.4144302322751,-0.09081590285343011
concrete,r13@mu_D_par,4.0,-2.9209518508305625,-3.1181562665909057,0.1972044157603432,False,0.3799268338415358,0.5592278980073475,-0.4719357734036671
concrete,r13@mu_D_perp_native,0.0,-2.9209518508305625,-2.9209518508305625,0.0,False,0.3799268338415358,0.3799268338415358,0.0
concrete,r13@mu_D_perp_native,0.5,-2.9209518508305625,-2.9232192493620373,0.002267398531474729,False,0.3799268338415358,0.38332639043293304,-0.008947924412243902
concrete,r13@mu_D_perp_native,1.0,-2.9209518508305625,-2.9270868452768477,0.00613499444628518,False,0.3799268338415358,0.3872623699051993,-0.019307759837577265
concrete,r13@mu_D_perp_native,2.0,-2.9209518508305625,-2.938476766858782,0.017524916028219373,False,0.3799268338415358,0.3978406493625944,-0.04715069830663832
concrete,r13@mu_D_perp_native,4.0,-2.9209518508305625,-2.9832578310890803,0.062305980258517746,False,0.3799268338415358,0.43607579810278757,-0.14778888791169464
concrete,r14@mu_D,0.0,-2.9209518508305625,-2.9209518508305625,0.0,False,0.3799268338415358,0.3799268338415358,0.0
concrete,r14@mu_D,0.5,-2.9209518508305625,-2.924657004220145,0.0037051533895824385,False,0.3799268338415358,0.3723041509825086,0.020063554821733387
concrete,r14@mu_D,1.0,-2.9209518508305625,-2.934449665130131,0.013497814299568311,False,0.3799268338415358,0.36808454517334227,0.031169919082717046
concrete,r14@mu_D,2.0,-2.9209518508305625,-2.977387958102756,0.0564361072721935,False,0.3799268338415358,0.37614104482862687,0.009964521259606451
concrete,r14@mu_D,4.0,-2.9209518508305625,-3.267124001941984,0.3461721511114213,False,0.3799268338415358,0.6126147508621216,-0.6124545472816956
concrete,r14@mu_D_par,0.0,-2.9209518508305625,-2.9209518508305625,0.0,False,0.3799268338415358,0.3799268338415358,0.0
concrete,r14@mu_D_par,0.5,-2.9209518508305625,-2.9232360749017623,0.0022842240711997697,False,0.3799268338415358,0.3735372632268875,0.016817897672669613
concrete,r14@mu_D_par,1.0,-2.9209518508305625,-2.930658809722416,0.009706958891853468,False,0.3799268338415358,0.36928951409127975,0.027998337581737642
concrete,r14@mu_D_par,2.0,-2.9209518508305625,-2.9594423960125638,0.038490545182001235,False,0.3799268338415358,0.3701377085277012,0.025765817104452138
concrete,r14@mu_D_par,4.0,-2.9209518508305625,-3.1249628294081915,0.20401097857762895,False,0.3799268338415358,0.4798401537395659,-0.26298042411951106
concrete,r14@mu_D_perp_native,0.0,-2.9209518508305625,-2.9209518508305625,0.0,False,0.3799268338415358,0.3799268338415358,0.0
concrete,r14@mu_D_perp_native,0.5,-2.9209518508305625,-2.9222625853523376,0.0013107345217751032,False,0.3799268338415358,0.3754769166310628,0.011712563615153937
concrete,r14@mu_D_perp_native,1.0,-2.9209518508305625,-2.9252446492513022,0.004292798420739707,False,0.3799268338415358,0.3718067284614321,0.021372813544121905
concrete,r14@mu_D_perp_native,2.0,-2.9209518508305625,-2.936399989657932,0.015448138827369284,False,0.3799268338415358,0.3677505756181384,0.032048955585158856
concrete,r14@mu_D_perp_native,4.0,-2.9209518508305625,-2.9901299400935097,0.06917808926294722,False,0.3799268338415358,0.3822565031430078,-0.006131889337523511
concrete,r15@mu_D,0.0,-2.9209518508305625,-2.9209518508305625,0.0,False,0.3799268338415358,0.3799268338415358,0.0
concrete,r15@mu_D,0.5,-2.9209518508305625,-2.9228005409240723,0.0018486900935097417,False,0.3799268338415358,0.38571457162735956,-0.015233822068587477
concrete,r15@mu_D,1.0,-2.9209518508305625,-2.9273513233850874,0.006399472554524888,False,0.3799268338415358,0.3919045575081356,-0.03152639561014947
concrete,r15@mu_D,2.0,-2.9209518508305625,-2.945382519373818,0.024430668543255596,False,0.3799268338415358,0.40758253089965335,-0.07279216574013425
concrete,r15@mu_D,4.0,-2.9209518508305625,-3.0685867657737127,0.14763491494315018,False,0.3799268338415358,0.5041023095448812,-0.3268404983343134
concrete,r15@mu_D_par,0.0,-2.9209518508305625,-2.9209518508305625,0.0,False,0.3799268338415358,0.3799268338415358,0.0
concrete,r15@mu_D_par,0.5,-2.9209518508305625,-2.9221249686347113,0.0011731178041487489,False,0.3799268338415358,0.3847926372573489,-0.012807211763943505
concrete,r15@mu_D_par,1.0,-2.9209518508305625,-2.9250730408562555,0.004121190025693,False,0.3799268338415358,0.38992679497552296,-0.02632075505927034
concrete,r15@mu_D_par,2.0,-2.9209518508305625,-2.937931560334705,0.016979709504142626,False,0.3799268338415358,0.4020595588381328,-0.05825522975781272
concrete,r15@mu_D_par,4.0,-2.9209518508305625,-3.0055884103926402,0.08463655956207772,False,0.3799268338415358,0.4512148310267736,-0.18763612052464662
concrete,r15@mu_D_perp_native,0.0,-2.9209518508305625,-2.9209518508305625,0.0,False,0.3799268338415358,0.3799268338415358,0.0
concrete,r15@mu_D_perp_native,0.5,-2.9209518508305625,-2.9216315027267212,0.0006796518961587061,False,0.3799268338415358,0.38326905644129194,-0.008797016430669213
concrete,r15@mu_D_perp_native,1.0,-2.9209518508305625,-2.9230081013270786,0.002056250496516032,False,0.3799268338415358,0.38629428829465595,-0.016759686039380828
concrete,r15@mu_D_perp_native,2.0,-2.9209518508305625,-2.9281622644454712,0.007210413614908706,False,0.3799268338415358,0.39330343689237324,-0.035208366083498754
concrete,r15@mu_D_perp_native,4.0,-2.9209518508305625,-2.9505255714295404,0.029573720598977893,False,0.3799268338415358,0.41102831515054855,-0.08186176531554201
concrete,r16@mu_D,0.0,-2.9209518508305625,-2.9209518508305625,0.0,False,0.3799268338415358,0.3799268338415358,0.0
concrete,r16@mu_D,0.5,-2.9209518508305625,-2.93169895807902,0.01074710724845751,False,0.3799268338415358,0.3868988733443003,-0.01835100572462456
concrete,r16@mu_D,1.0,-2.9209518508305625,-2.94786768867856,0.026915837847997448,False,0.3799268338415358,0.3966959175609407,-0.04413766606019487
concrete,r16@mu_D,2.0,-2.9209518508305625,-2.995447499411447,0.07449564858088431,False,0.3799268338415358,0.4268882653069875,-0.12360651389272204
concrete,r16@mu_D,4.0,-2.9209518508305625,-3.251453604016985,0.3305017531864225,False,0.3799268338415358,0.635115365187327,-0.6716780932936897
concrete,r16@mu_D_par,0.0,-2.9209518508305625,-2.9209518508305625,0.0,False,0.3799268338415358,0.3799268338415358,0.0
concrete,r16@mu_D_par,0.5,-2.9209518508305625,-2.9296304460555787,0.008678595225016128,False,0.3799268338415358,0.3857293242499942,-0.015272652236189677
concrete,r16@mu_D_par,1.0,-2.9209518508305625,-2.9420185543241955,0.021066703493632932,False,0.3799268338415358,0.3932311724102686,-0.03501815977094669
concrete,r16@mu_D_par,2.0,-2.9209518508305625,-2.9770962472945923,0.0561443964640298,False,0.3799268338415358,0.41528599413614425,-0.09306834144112197
concrete,r16@mu_D_par,4.0,-2.9209518508305625,-3.1280360221862793,0.20708417135571677,False,0.3799268338415358,0.5265674742441329,-0.38597073789149516
concrete,r16@mu_D_perp_native,0.0,-2.9209518508305625,-2.9209518508305625,0.0,False,0.3799268338415358,0.3799268338415358,0.0
concrete,r16@mu_D_perp_native,0.5,-2.9209518508305625,-2.926302788749574,0.0053509379190113115,False,0.3799268338415358,0.3835384211842976,-0.009506007528460536
concrete,r16@mu_D_perp_native,1.0,-2.9209518508305625,-2.933223830329047,0.012271979498484686,False,0.3799268338415358,0.3876937883240836,-0.020443290104081635
concrete,r16@mu_D_perp_native,2.0,-2.9209518508305625,-2.950990018390474,0.03003816755991151,False,0.3799268338415358,0.3988527986738417,-0.049814762071267005
concrete,r16@mu_D_perp_native,4.0,-2.9209518508305625,-3.008047679113963,0.08709582828340068,False,0.3799268338415358,0.43530669193419197,-0.14576453453602234
concrete,r17@mu_D,0.0,-2.9209518508305625,-2.9209518508305625,0.0,False,0.3799268338415358,0.3799268338415358,0.0
concrete,r17@mu_D,0.5,-2.9209518508305625,-2.9198150180635,-0.0011368327670626677,False,0.3799268338415358,0.3801810462323446,-0.0006691088077102059
concrete,r17@mu_D,1.0,-2.9209518508305625,-2.924977832370334,0.004025981539771628,False,0.3799268338415358,0.3836839832956829,-0.009889139485509846
concrete,r17@mu_D,2.0,-2.9209518508305625,-2.9561110980926997,0.03515924726213715,False,0.3799268338415358,0.4054916368590461,-0.06728875336079354
concrete,r17@mu_D,4.0,-2.9209518508305625,-3.153104343111553,0.23215249228099033,False,0.3799268338415358,0.5857175929205758,-0.5416589215303322
concrete,r17@mu_D_par,0.0,-2.9209518508305625,-2.9209518508305625,0.0,False,0.3799268338415358,0.3799268338415358,0.0
concrete,r17@mu_D_par,0.5,-2.9209518508305625,-2.9194721418713767,-0.0014797089591858104,False,0.3799268338415358,0.37982236298303756,0.0002749762564594471
concrete,r17@mu_D_par,1.0,-2.9209518508305625,-2.9228401411147344,0.001888290284171923,False,0.3799268338415358,0.38219863554788014,-0.005979576865823288
concrete,r17@mu_D_par,2.0,-2.9209518508305625,-2.9424285131787498,0.021476662348187237,False,0.3799268338415358,0.39525174999993945,-0.040336493222785874
concrete,r17@mu_D_par,4.0,-2.9209518508305625,-3.0655450745234414,0.14459322369287886,False,0.3799268338415358,0.5015036085295299,-0.3200004944602115
concrete,r17@mu_D_perp_native,0.0,-2.9209518508305625,-2.9209518508305625,0.0,False,0.3799268338415358,0.3799268338415358,0.0
concrete,r17@mu_D_perp_native,0.5,-2.9209518508305625,-2.919496536254883,-0.0014553145756797115,False,0.3799268338415358,0.3794939314562177,0.0011394361933874109
concrete,r17@mu_D_perp_native,1.0,-2.9209518508305625,-2.92007505326044,-0.0008767975701227115,False,0.3799268338415358,0.3803292153373597,-0.0010591025955057898
concrete,r17@mu_D_perp_native,2.0,-2.9209518508305625,-2.9267499333336238,0.0057980825030612415,False,0.3799268338415358,0.38463225818815683,-0.012385080303602969
concrete,r17@mu_D_perp_native,4.0,-2.9209518508305625,-2.965786570594424,0.04483471976386166,False,0.3799268338415358,0.4126473816614302,-0.08612328718413687
concrete,r18@mu_D,0.0,-2.9209518508305625,-2.9209518508305625,0.0,False,0.3799268338415358,0.3799268338415358,0.0
concrete,r18@mu_D,0.5,-2.9209518508305625,-2.923228801242889,0.0022769504123263395,False,0.3799268338415358,0.3731937815272619,0.01772197095476069
concrete,r18@mu_D,1.0,-2.9209518508305625,-2.9305900467766657,0.009638195946103156,False,0.3799268338415358,0.37065231800079346,0.024411320850821205
concrete,r18@mu_D,2.0,-2.9209518508305625,-2.9628919571165055,0.041940106285943024,False,0.3799268338415358,0.37994254203069777,-4.1345300628270465e-05
concrete,r18@mu_D,4.0,-2.9209518508305625,-3.124421755472819,0.20346990464225634,False,0.3799268338415358,0.4978225164943271,-0.31031154462220645
concrete,r18@mu_D_par,0.0,-2.9209518508305625,-2.9209518508305625,0.0,False,0.3799268338415358,0.3799268338415358,0.0
concrete,r18@mu_D_par,0.5,-2.9209518508305625,-2.9223004598466176,0.0013486090160550468,False,0.3799268338415358,0.3742310418969109,0.014991812731502296
concrete,r18@mu_D_par,1.0,-2.9209518508305625,-2.927272001902262,0.006320151071699698,False,0.3799268338415358,0.3709218492583623,0.02370189147242341
concrete,r18@mu_D_par,2.0,-2.9209518508305625,-2.949745057121156,0.028793206290593343,False,0.3799268338415358,0.37407669093873763,0.015398077686816447
concrete,r18@mu_D_par,4.0,-2.9209518508305625,-3.05238676071167,0.1314349098811074,False,0.3799268338415358,0.4384384893235706,-0.1540076937720054
concrete,r18@mu_D_perp_native,0.0,-2.9209518508305625,-2.9209518508305625,0.0,False,0.3799268338415358,0.3799268338415358,0.0
concrete,r18@mu_D_perp_native,0.5,-2.9209518508305625,-2.9215394201732816,0.0005875693427190853,False,0.3799268338415358,0.3757741408688681,0.010930243938494066
concrete,r18@mu_D_perp_native,1.0,-2.9209518508305625,-2.923789962889656,0.002838112059093678,False,0.3799268338415358,0.37282468212975395,0.018693472214031837
concrete,r18@mu_D_perp_native,2.0,-2.9209518508305625,-2.9328221517895896,0.01187030095902708,False,0.3799268338415358,0.3705077942401644,0.02479171977965633
concrete,r18@mu_D_perp_native,4.0,-2.9209518508305625,-2.972176703195723,0.05122485236516061,False,0.3799268338415358,0.38439683403287617,-0.011765423742627235
concrete,r19@mu_D,0.0,-2.9209518508305625,-2.9209518508305625,0.0,False,0.3799268338415358,0.3799268338415358,0.0
concrete,r19@mu_D,0.5,-2.9209518508305625,-2.9213923726763045,0.00044052184574194797,False,0.3799268338415358,0.3865472248622349,-0.017425436770966307
concrete,r19@mu_D,1.0,-2.9209518508305625,-2.9262647780161055,0.005312927185542993,False,0.3799268338415358,0.39528302824686445,-0.04041882025035792
concrete,r19@mu_D,2.0,-2.9209518508305625,-2.9497272627694264,0.028775411938863904,False,0.3799268338415358,0.4215771186919439,-0.10962712064655089
concrete,r19@mu_D,4.0,-2.9209518508305625,-3.112451704721602,0.19149985389103952,False,0.3799268338415358,0.5820821731809586,-0.5320901850900588
concrete,r19@mu_D_par,0.0,-2.9209518508305625,-2.9209518508305625,0.0,False,0.3799268338415358,0.3799268338415358,0.0
concrete,r19@mu_D_par,0.5,-2.9209518508305625,-2.9207955920507036,-0.0001562587798589199,False,0.3799268338415358,0.3854496895320832,-0.014536629683943092
concrete,r19@mu_D_par,1.0,-2.9209518508305625,-2.923938826909141,0.0029869760785783406,False,0.3799268338415358,0.3921608972170996,-0.03220110370163143
concrete,r19@mu_D_par,2.0,-2.9209518508305625,-2.9394647204686724,0.01851286963810983,False,0.3799268338415358,0.41125815822964623,-0.08246673200550614
concrete,r19@mu_D_par,4.0,-2.9209518508305625,-3.027607554481143,0.10665570365058041,False,0.3799268338415358,0.4969330732784574,-0.30797045382091626
concrete,r19@mu_D_perp_native,0.0,-2.9209518508305625,-2.9209518508305625,0.0,False,0.3799268338415358,0.3799268338415358,0.0
concrete,r19@mu_D_perp_native,0.5,-2.9209518508305625,-2.92080567375062,-0.0001461770799426887,False,0.3799268338415358,0.3833485799176352,-0.009006329038413252
concrete,r19@mu_D_perp_native,1.0,-2.9209518508305625,-2.9215476550753157,0.0005958042447531398,False,0.3799268338415358,0.3871461663927351,-0.019001902229971
concrete,r19@mu_D_perp_native,2.0,-2.9209518508305625,-2.927737485794794,0.006785634964231679,False,0.3799268338415358,0.3972221773768228,-0.04552282701490018
concrete,r19@mu_D_perp_native,4.0,-2.9209518508305625,-2.9565348322429355,0.03558298141237293,False,0.3799268338415358,0.4283428324593438,-0.1274350593461948
concrete,r20@mu_D,0.0,-2.9209518508305625,-2.9209518508305625,0.0,False,0.3799268338415358,0.3799268338415358,0.0
concrete,r20@mu_D,0.5,-2.9209518508305625,-2.9197603180294944,-0.001191532801068096,False,0.3799268338415358,0.38057496150334674,-0.0017059275736266422
concrete,r20@mu_D,1.0,-2.9209518508305625,-2.9218395929487926,0.0008877421182300615,False,0.3799268338415358,0.38233073079396807,-0.006327262878817574
concrete,r20@mu_D,2.0,-2.9209518508305625,-2.941126399570041,0.02017454873947866,False,0.3799268338415358,0.40004447528294157,-0.05295135707575915
concrete,r20@mu_D,4.0,-2.9209518508305625,-3.3075330900767494,0.3865812392461869,False,0.3799268338415358,0.7598825409298852,-1.0000759968610842
concrete,r20@mu_D_par,0.0,-2.9209518508305625,-2.9209518508305625,0.0,False,0.3799268338415358,0.3799268338415358,0.0
concrete,r20@mu_D_par,0.5,-2.9209518508305625,-2.9196832142178972,-0.001268636612665297,False,0.3799268338415358,0.38024645003061447,-0.0008412572122029616
concrete,r20@mu_D_par,1.0,-2.9209518508305625,-2.921142782483782,0.00019093165321937278,False,0.3799268338415358,0.38179320759243435,-0.004912455727401843
concrete,r20@mu_D_par,2.0,-2.9209518508305625,-2.9314840104844837,0.01053215965392118,False,0.3799268338415358,0.3913606632323492,-0.030094819245071625
concrete,r20@mu_D_par,4.0,-2.9209518508305625,-3.1016591465662398,0.18070729573567723,False,0.3799268338415358,0.5545661931946164,-0.45966576666159153
concrete,r20@mu_D_perp_native,0.0,-2.9209518508305625,-2.9209518508305625,0.0,False,0.3799268338415358,0.3799268338415358,0.0
concrete,r20@mu_D_perp_native,0.5,-2.9209518508305625,-2.9201777624705483,-0.0007740883600142467,False,0.3799268338415358,0.3799168472252195,2.6285630355005196e-05
concrete,r20@mu_D_perp_native,1.0,-2.9209518508305625,-2.919715162307497,-0.0012366885230656877,False,0.3799268338415358,0.38088475900983054,-0.002521341171427549
concrete,r20@mu_D_perp_native,2.0,-2.9209518508305625,-2.9226508140563965,0.0016989632258339604,False,0.3799268338415358,0.3835733277457101,-0.009597884590839989
concrete,r20@mu_D_perp_native,4.0,-2.9209518508305625,-2.9486065137953985,0.027654662964835985,False,0.3799268338415358,0.4070315569166153,-0.07134195497858586
concrete,r21@mu_D,0.0,-2.9209518508305625,-2.9209518508305625,0.0,False,0.3799268338415358,0.3799268338415358,0.0
concrete,r21@mu_D,0.5,-2.9209518508305625,-2.9251310181996177,0.0041791673690552145,False,0.3799268338415358,0.3911356679976933,-0.029502612497311897
concrete,r21@mu_D,1.0,-2.9209518508305625,-2.9334248739575584,0.01247302312699583,False,0.3799268338415358,0.4045295630182539,-0.06475649252766291
concrete,r21@mu_D,2.0,-2.9209518508305625,-2.9641289105491033,0.0431770597185408,False,0.3799268338415358,0.4421641325193738,-0.16381390608434
concrete,r21@mu_D,4.0,-2.9209518508305625,-3.209072862352644,0.28812101152208136,False,0.3799268338415358,0.6847394023622785,-0.8022928136944318
concrete,r21@mu_D_par,0.0,-2.9209518508305625,-2.9209518508305625,0.0,False,0.3799268338415358,0.3799268338415358,0.0
concrete,r21@mu_D_par,0.5,-2.9209518508305625,-2.923996183607313,0.0030443327767506467,False,0.3799268338415358,0.3890329779140533,-0.02396815192136592
concrete,r21@mu_D_par,1.0,-2.9209518508305625,-2.930176439739409,0.009224588908846254,False,0.3799268338415358,0.40000183336318484,-0.052839119887020614
concrete,r21@mu_D_par,2.0,-2.9209518508305625,-2.951766180613684,0.030814329783121597,False,0.3799268338415358,0.427888896730211,-0.1262402615885767
concrete,r21@mu_D_par,4.0,-2.9209518508305625,-3.074734392620268,0.15378254178970563,False,0.3799268338415358,0.5530835314402505,-0.45576327380691617
concrete,r21@mu_D_perp_native,0.0,-2.9209518508305625,-2.9209518508305625,0.0,False,0.3799268338415358,0.3799268338415358,0.0
concrete,r21@mu_D_perp_native,0.5,-2.9209518508305625,-2.9225593672858343,0.0016075164552717958,False,0.3799268338415358,0.3855854112004477,-0.014893860751283627
concrete,r21@mu_D_perp_native,1.0,-2.9209518508305625,-2.925669965289888,0.004718114459325573,False,0.3799268338415358,0.39246484968397355,-0.033001132654050025
concrete,r21@mu_D_perp_native,2.0,-2.9209518508305625,-2.935150275154719,0.014198424324156633,False,0.3799268338415358,0.40721100190329174,-0.07181426956837678
concrete,r21@mu_D_perp_native,4.0,-2.9209518508305625,-2.9730115542336115,0.052059703403048996,False,0.3799268338415358,0.4515772178059533,-0.18858995359696618
concrete,r22@mu_D,0.0,-2.9209518508305625,-2.9209518508305625,0.0,False,0.3799268338415358,0.3799268338415358,0.0
concrete,r22@mu_D,0.5,-2.9209518508305625,-2.930813849918426,0.009861999087863449,False,0.3799268338415358,0.3935400332723345,-0.03583110804033551
concrete,r22@mu_D,1.0,-2.9209518508305625,-2.9468548941233803,0.025903043292817785,False,0.3799268338415358,0.4116976024612548,-0.08362338689920046
concrete,r22@mu_D,2.0,-2.9209518508305625,-3.0044511991833884,0.08349934835282591,False,0.3799268338415358,0.4651686473498269,-0.22436376142845615
concrete,r22@mu_D,4.0,-2.9209518508305625,-3.247449481298053,0.3264976304674905,False,0.3799268338415358,0.6833784126100086,-0.7987105719809195
concrete,r22@mu_D_par,0.0,-2.9209518508305625,-2.9209518508305625,0.0,False,0.3799268338415358,0.3799268338415358,0.0
concrete,r22@mu_D_par,0.5,-2.9209518508305625,-2.9286576301332503,0.0077057793026877874,False,0.3799268338415358,0.391291564419156,-0.029912945244505496
concrete,r22@mu_D_par,1.0,-2.9209518508305625,-2.9411972817920504,0.020245430961487898,False,0.3799268338415358,0.4053666421345302,-0.0669597565293456
concrete,r22@mu_D_par,2.0,-2.9209518508305625,-2.982270013718378,0.061318162887815664,False,0.3799268338415358,0.4451953295677427,-0.17179227659773533
concrete,r22@mu_D_par,4.0,-2.9209518508305625,-3.1451218090360125,0.22416995820544994,False,0.3799268338415358,0.5896139958548168,-0.5519145881144569
concrete,r22@mu_D_perp_native,0.0,-2.9209518508305625,-2.9209518508305625,0.0,False,0.3799268338415358,0.3799268338415358,0.0
concrete,r22@mu_D_perp_native,0.5,-2.9209518508305625,-2.925640348404173,0.004688497573610562,False,0.3799268338415358,0.3872433891372075,-0.019257800828891725
concrete,r22@mu_D_perp_native,1.0,-2.9209518508305625,-2.931823117392404,0.010871266561841342,False,0.3799268338415358,0.39514565089392284,-0.04005723127925909
concrete,r22@mu_D_perp_native,2.0,-2.9209518508305625,-2.9509060344998796,0.029954183669317125,False,0.3799268338415358,0.41543174546862405,-0.09345197144431516
concrete,r22@mu_D_perp_native,4.0,-2.9209518508305625,-3.0192269824800038,0.09827513164944124,False,0.3799268338415358,0.4785440280323937,-0.25956891013386607
concrete,prompt,,-2.9209518508305625,-3.0934383755638484,0.17248652473328585,False,0.3799268338415358,0.43491187738993814,-0.14472534880580756
