variant,cross_organism,organism,arm,alpha,readout,point,ci_lo,ci_hi,n_questions,label,normalised,gap_ft_minus_base,n_items,mean_B,mean_B_base,mean_B_ft,mean_B_prompt,composition
primary,False,cake,mu_D,0.0,implanted,0.0,0.0,0.0,4,near_zero,0.0,6.9141100235283375,6,-6.203079368919134,-6.203079368919134,0.7110306546092033,-5.959224008023739,implanted=6
primary,False,cake,mu_D,0.5,implanted,0.010304976254701559,-0.0054274797439575195,0.026037432253360637,4,near_zero,0.0014904269992282867,6.9141100235283375,6,-6.1927743926644325,-6.203079368919134,0.7110306546092033,-5.959224008023739,implanted=6
primary,False,cake,mu_D,1.0,implanted,0.03720414452254822,-0.022009545937180075,0.07979023456573586,4,near_zero,0.005380901431412656,6.9141100235283375,6,-6.165875224396586,-6.203079368919134,0.7110306546092033,-5.959224008023739,implanted=6
primary,False,cake,mu_D,2.0,implanted,0.06931997090578074,-0.0012110322713851929,0.13985097408294667,4,near_zero,0.0100258703824337,6.9141100235283375,6,-6.133759398013353,-6.203079368919134,0.7110306546092033,-5.959224008023739,implanted=6
primary,False,cake,mu_D,4.0,implanted,0.15115772746503348,-0.07897087372839467,0.37893515452742577,4,near_zero,0.021862210313496895,6.9141100235283375,6,-6.051921641454101,-6.203079368919134,0.7110306546092033,-5.959224008023739,implanted=6
primary,False,cake,mu_Dprime_native,0.0,implanted,0.0,0.0,0.0,4,near_zero,0.0,6.9141100235283375,6,-6.203079368919134,-6.203079368919134,0.7110306546092033,-5.959224008023739,implanted=6
primary,False,cake,mu_Dprime_native,0.5,implanted,0.09665082395076752,0.06608948856592178,0.15370827168226242,4,near_zero,0.013978780149848652,6.9141100235283375,6,-6.106428544968367,-6.203079368919134,0.7110306546092033,-5.959224008023739,implanted=6
primary,False,cake,mu_Dprime_native,1.0,implanted,0.13475298881530762,0.05727437883615494,0.2122315987944603,4,near_zero,0.01948956385662805,6.9141100235283375,6,-6.0683263801038265,-6.203079368919134,0.7110306546092033,-5.959224008023739,implanted=6
primary,False,cake,mu_Dprime_native,2.0,implanted,0.15148038417100906,-0.15720853954553604,0.46016930788755417,4,near_zero,0.021908876725352883,6.9141100235283375,6,-6.051598984748125,-6.203079368919134,0.7110306546092033,-5.959224008023739,implanted=6
primary,False,cake,mu_Dprime_native,4.0,implanted,0.33767868578433985,0.014831293374299948,0.6247669346630573,4,nonzero,0.04883906744833938,6.9141100235283375,6,-5.865400683134794,-6.203079368919134,0.7110306546092033,-5.959224008023739,implanted=6
primary,False,cake,mu_Dprime_matched,0.0,implanted,0.0,0.0,0.0,4,near_zero,0.0,6.9141100235283375,6,-6.203079368919134,-6.203079368919134,0.7110306546092033,-5.959224008023739,implanted=6
primary,False,cake,mu_Dprime_matched,0.5,implanted,0.0674007385969162,0.025746606290340424,0.10905487090349197,4,near_zero,0.009748288408422078,6.9141100235283375,6,-6.135678630322218,-6.203079368919134,0.7110306546092033,-5.959224008023739,implanted=6
primary,False,cake,mu_Dprime_matched,1.0,implanted,0.05800804495811457,-0.0008956864476205029,0.12799561023712153,4,near_zero,0.008389806462540568,6.9141100235283375,6,-6.1450713239610195,-6.203079368919134,0.7110306546092033,-5.959224008023739,implanted=6
primary,False,cake,mu_Dprime_matched,2.0,implanted,0.13864661008119594,0.03996873274445534,0.22776367515325546,4,near_zero,0.02005270520853575,6.9141100235283375,6,-6.064432758837938,-6.203079368919134,0.7110306546092033,-5.959224008023739,implanted=6
primary,False,cake,mu_Dprime_matched,4.0,implanted,0.225330151617527,-0.1351536586880684,0.5858139619231224,4,inconclusive,0.032589899618423894,6.9141100235283375,6,-5.977749217301607,-6.203079368919134,0.7110306546092033,-5.959224008023739,implanted=6
primary,False,cake,mu_D_par,0.0,implanted,0.0,0.0,0.0,4,near_zero,0.0,6.9141100235283375,6,-6.203079368919134,-6.203079368919134,0.7110306546092033,-5.959224008023739,implanted=6
primary,False,cake,mu_D_par,0.5,implanted,0.07613323628902435,0.018550746142864227,0.13371572643518448,4,near_zero,0.011011285043186632,6.9141100235283375,6,-6.12694613263011,-6.203079368919134,0.7110306546092033,-5.959224008023739,implanted=6
primary,False,cake,mu_D_par,1.0,implanted,0.04254726320505142,0.017873771488666534,0.06722075492143631,4,near_zero,0.00615368616644303,6.9141100235283375,6,-6.160532105714083,-6.203079368919134,0.7110306546092033,-5.959224008023739,implanted=6
primary,False,cake,mu_D_par,2.0,implanted,0.1072914488613605,0.03302861750125874,0.18155428022146225,4,near_zero,0.015517752609700102,6.9141100235283375,6,-6.095787920057774,-6.203079368919134,0.7110306546092033,-5.959224008023739,implanted=6
primary,False,cake,mu_D_par,4.0,implanted,0.20081155374646187,-0.01596313714981079,0.4175862446427345,4,inconclusive,0.02904373130643151,6.9141100235283375,6,-6.002267815172672,-6.203079368919134,0.7110306546092033,-5.959224008023739,implanted=6
primary,False,cake,mu_D_perp_native,0.0,implanted,0.0,0.0,0.0,4,near_zero,0.0,6.9141100235283375,6,-6.203079368919134,-6.203079368919134,0.7110306546092033,-5.959224008023739,implanted=6
primary,False,cake,mu_D_perp_native,0.5,implanted,0.05828750319778919,0.022498946636915207,0.09407605975866318,4,near_zero,0.00843022500357096,6.9141100235283375,6,-6.144791865721345,-6.203079368919134,0.7110306546092033,-5.959224008023739,implanted=6
primary,False,cake,mu_D_perp_native,1.0,implanted,-0.039690287783742006,-0.07521678693592565,-0.006967563182115999,4,near_zero,-0.0057404767422962796,6.9141100235283375,6,-6.242769656702876,-6.203079368919134,0.7110306546092033,-5.959224008023739,implanted=6
primary,False,cake,mu_D_perp_native,2.0,implanted,-0.05864963494241243,-0.11297942325472832,-0.001561651006341147,4,near_zero,-0.008482600760304788,6.9141100235283375,6,-6.2617290038615465,-6.203079368919134,0.7110306546092033,-5.959224008023739,implanted=6
primary,False,cake,mu_D_perp_native,4.0,implanted,-0.10599702782928944,-0.24652445688843727,0.045740099623799324,4,near_zero,-0.015330538199216872,6.9141100235283375,6,-6.309076396748424,-6.203079368919134,0.7110306546092033,-5.959224008023739,implanted=6
primary,False,cake,mu_D_perp_matched,0.0,implanted,0.0,0.0,0.0,4,near_zero,0.0,6.9141100235283375,6,-6.203079368919134,-6.203079368919134,0.7110306546092033,-5.959224008023739,implanted=6
primary,False,cake,mu_D_perp_matched,0.5,implanted,-0.07948842085897928,-0.16470278054475784,-0.012725459411740359,4,near_zero,-0.011496551340445053,6.9141100235283375,6,-6.282567789778113,-6.203079368919134,0.7110306546092033,-5.959224008023739,implanted=6
primary,False,cake,mu_D_perp_matched,1.0,implanted,-0.010469317436218262,-0.05683080106973648,0.036728635430336,4,near_zero,-0.0015141959558919004,6.9141100235283375,6,-6.213548686355352,-6.203079368919134,0.7110306546092033,-5.959224008023739,implanted=6
primary,False,cake,mu_D_perp_matched,2.0,implanted,-0.09133945778012276,-0.16938495635986328,0.0005439631640911102,4,near_zero,-0.013210587836944971,6.9141100235283375,6,-6.294418826699257,-6.203079368919134,0.7110306546092033,-5.959224008023739,implanted=6
primary,False,cake,mu_D_perp_matched,4.0,implanted,-0.12120646238327026,-0.33081382885575294,0.1315184123814106,4,near_zero,-0.017530305703960643,6.9141100235283375,6,-6.324285831302404,-6.203079368919134,0.7110306546092033,-5.959224008023739,implanted=6
primary,False,cake,r0,0.0,implanted,0.0,0.0,0.0,4,near_zero,0.0,6.9141100235283375,6,-6.203079368919134,-6.203079368919134,0.7110306546092033,-5.959224008023739,implanted=6
primary,False,cake,r0,0.5,implanted,0.04044843465089798,-0.037657417356967926,0.11855428665876389,4,near_zero,0.0058501288688282615,6.9141100235283375,6,-6.162630934268236,-6.203079368919134,0.7110306546092033,-5.959224008023739,implanted=6
primary,False,cake,r0,1.0,implanted,0.026189945638179835,-0.014272678643464876,0.0662001334130764,4,near_zero,0.0037878983049238276,6.9141100235283375,6,-6.176889423280954,-6.203079368919134,0.7110306546092033,-5.959224008023739,implanted=6
primary,False,cake,r0,2.0,implanted,0.028831984847784042,-0.06633121520280838,0.13074758276343346,4,near_zero,0.004170021123423026,6.9141100235283375,6,-6.17424738407135,-6.203079368919134,0.7110306546092033,-5.959224008023739,implanted=6
primary,False,cake,r0,4.0,implanted,-0.03289144486188894,-0.2132614627480508,0.14747857302427292,4,near_zero,-0.004757148027723186,6.9141100235283375,6,-6.235970813781023,-6.203079368919134,0.7110306546092033,-5.959224008023739,implanted=6
primary,False,cake,r1,0.0,implanted,0.0,0.0,0.0,4,near_zero,0.0,6.9141100235283375,6,-6.203079368919134,-6.203079368919134,0.7110306546092033,-5.959224008023739,implanted=6
primary,False,cake,r1,0.5,implanted,0.04628394916653633,-0.014156810939311981,0.10672470927238464,4,near_zero,0.006694129686833821,6.9141100235283375,6,-6.156795419752598,-6.203079368919134,0.7110306546092033,-5.959224008023739,implanted=6
primary,False,cake,r1,1.0,implanted,0.10591236874461174,-0.019694264978170395,0.2327042892575264,4,near_zero,0.01531829380559432,6.9141100235283375,6,-6.097167000174522,-6.203079368919134,0.7110306546092033,-5.959224008023739,implanted=6
primary,False,cake,r1,2.0,implanted,0.1852080635726452,0.11233286187052727,0.23971229791641235,4,near_zero,0.02678697083824126,6.9141100235283375,6,-6.017871305346489,-6.203079368919134,0.7110306546092033,-5.959224008023739,implanted=6
primary,False,cake,r1,4.0,implanted,0.3266974352300167,0.14217469841241837,0.511220172047615,4,nonzero,0.047250829697283274,6.9141100235283375,6,-5.876381933689117,-6.203079368919134,0.7110306546092033,-5.959224008023739,implanted=6
primary,False,cake,r2,0.0,implanted,0.0,0.0,0.0,4,near_zero,0.0,6.9141100235283375,6,-6.203079368919134,-6.203079368919134,0.7110306546092033,-5.959224008023739,implanted=6
primary,False,cake,r2,0.5,implanted,0.030743896961212158,0.0013571828603744507,0.060130611062049866,4,near_zero,0.004446544364580887,6.9141100235283375,6,-6.172335471957922,-6.203079368919134,0.7110306546092033,-5.959224008023739,implanted=6
primary,False,cake,r2,1.0,implanted,0.1011065598577261,0.061483871191740036,0.14072924852371216,4,near_zero,0.014623221139621154,6.9141100235283375,6,-6.101972809061408,-6.203079368919134,0.7110306546092033,-5.959224008023739,implanted=6
primary,False,cake,r2,2.0,implanted,0.10313855484127998,-0.06977901980280876,0.2544473558664322,4,near_zero,0.01491711217934125,6.9141100235283375,6,-6.099940814077854,-6.203079368919134,0.7110306546092033,-5.959224008023739,implanted=6
primary,False,cake,r2,4.0,implanted,0.3857712522149086,0.1989707499742508,0.5725717544555664,4,nonzero,0.05579478065899301,6.9141100235283375,6,-5.8173081167042255,-6.203079368919134,0.7110306546092033,-5.959224008023739,implanted=6
primary,False,concrete,mu_D,0.0,implanted,0.0,0.0,0.0,1,near_zero,0.0,19.24999988079071,1,-10.62499988079071,-10.62499988079071,8.625,-9.749999582767488,implanted=1
primary,False,concrete,mu_D,0.5,implanted,-0.12499964237213135,-0.12499964237213135,-0.12499964237213135,1,near_zero,-0.006493487955647555,19.24999988079071,1,-10.749999523162842,-10.62499988079071,8.625,-9.749999582767488,implanted=1
primary,False,concrete,mu_D,1.0,implanted,-0.3750002384185791,-0.3750002384185791,-0.3750002384185791,1,nonzero,-0.019480531986537115,19.24999988079071,1,-11.00000011920929,-10.62499988079071,8.625,-9.749999582767488,implanted=1
primary,False,concrete,mu_D,2.0,implanted,-0.375,-0.375,-0.375,1,nonzero,-0.019480519601156307,19.24999988079071,1,-10.99999988079071,-10.62499988079071,8.625,-9.749999582767488,implanted=1
primary,False,concrete,mu_D,4.0,implanted,1.0624998807907104,1.0624998807907104,1.0624998807907104,1,nonzero,0.05519479934391913,19.24999988079071,1,-9.5625,-10.62499988079071,8.625,-9.749999582767488,implanted=1
primary,False,concrete,mu_Dprime_native,0.0,implanted,0.0,0.0,0.0,1,near_zero,0.0,19.24999988079071,1,-10.62499988079071,-10.62499988079071,8.625,-9.749999582767488,implanted=1
primary,False,concrete,mu_Dprime_native,0.5,implanted,-0.31250011920928955,-0.31250011920928955,-0.31250011920928955,1,nonzero,-0.016233772526987326,19.24999988079071,1,-10.9375,-10.62499988079071,8.625,-9.749999582767488,implanted=1
primary,False,concrete,mu_Dprime_native,1.0,implanted,-0.24999988079070867,-0.24999988079070867,-0.24999988079070867,1,nonzero,-0.012987006874747041,19.24999988079071,1,-10.87499976158142,-10.62499988079071,8.625,-9.749999582767488,implanted=1
primary,False,concrete,mu_Dprime_native,2.0,implanted,-0.5000003576278704,-0.5000003576278704,-0.5000003576278704,1,nonzero,-0.02597404471294638,19.24999988079071,1,-11.12500023841858,-10.62499988079071,8.625,-9.749999582767488,implanted=1
primary,False,concrete,mu_Dprime_native,4.0,implanted,-0.6250005960464478,-0.6250005960464478,-0.6250005960464478,1,nonzero,-0.032467563632045865,19.24999988079071,1,-11.250000476837158,-10.62499988079071,8.625,-9.749999582767488,implanted=1
primary,False,concrete,mu_Dprime_matched,0.0,implanted,0.0,0.0,0.0,1,near_zero,0.0,19.24999988079071,1,-10.62499988079071,-10.62499988079071,8.625,-9.749999582767488,implanted=1
primary,False,concrete,mu_Dprime_matched,0.5,implanted,-0.31250011920928955,-0.31250011920928955,-0.31250011920928955,1,nonzero,-0.016233772526987326,19.24999988079071,1,-10.9375,-10.62499988079071,8.625,-9.749999582767488,implanted=1
primary,False,concrete,mu_Dprime_matched,1.0,implanted,-0.5000003576278704,-0.5000003576278704,-0.5000003576278704,1,nonzero,-0.02597404471294638,19.24999988079071,1,-11.12500023841858,-10.62499988079071,8.625,-9.749999582767488,implanted=1
primary,False,concrete,mu_Dprime_matched,2.0,implanted,-0.6250003576278704,-0.6250003576278704,-0.6250003576278704,1,nonzero,-0.03246755124666515,19.24999988079071,1,-11.25000023841858,-10.62499988079071,8.625,-9.749999582767488,implanted=1
primary,False,concrete,mu_Dprime_matched,4.0,implanted,0.8750003576278687,0.8750003576278687,0.8750003576278687,1,nonzero,0.045454564314102594,19.24999988079071,1,-9.749999523162842,-10.62499988079071,8.625,-9.749999582767488,implanted=1
primary,False,concrete,mu_D_par,0.0,implanted,0.0,0.0,0.0,1,near_zero,0.0,19.24999988079071,1,-10.62499988079071,-10.62499988079071,8.625,-9.749999582767488,implanted=1
primary,False,concrete,mu_D_par,0.5,implanted,-0.2499997615814209,-0.2499997615814209,-0.2499997615814209,1,nonzero,-0.012987000682056729,19.24999988079071,1,-10.874999642372131,-10.62499988079071,8.625,-9.749999582767488,implanted=1
primary,False,concrete,mu_D_par,1.0,implanted,-0.5000003576278704,-0.5000003576278704,-0.5000003576278704,1,nonzero,-0.02597404471294638,19.24999988079071,1,-11.12500023841858,-10.62499988079071,8.625,-9.749999582767488,implanted=1
primary,False,concrete,mu_D_par,2.0,implanted,-0.6874996423721313,-0.6874996423721313,-0.6874996423721313,1,nonzero,-0.035714267357382014,19.24999988079071,1,-11.312499523162842,-10.62499988079071,8.625,-9.749999582767488,implanted=1
primary,False,concrete,mu_D_par,4.0,implanted,0.37500035762786865,0.37500035762786865,0.37500035762786865,1,nonzero,0.01948053817922752,19.24999988079071,1,-10.249999523162842,-10.62499988079071,8.625,-9.749999582767488,implanted=1
primary,False,concrete,mu_D_perp_native,0.0,implanted,0.0,0.0,0.0,1,near_zero,0.0,19.24999988079071,1,-10.62499988079071,-10.62499988079071,8.625,-9.749999582767488,implanted=1
primary,False,concrete,mu_D_perp_native,0.5,implanted,-0.12500011920928955,-0.12500011920928955,-0.12500011920928955,1,near_zero,-0.006493512726409173,19.24999988079071,1,-10.75,-10.62499988079071,8.625,-9.749999582767488,implanted=1
primary,False,concrete,mu_D_perp_native,1.0,implanted,0.0624997615814209,0.0624997615814209,0.0624997615814209,1,near_zero,0.003246740881478575,19.24999988079071,1,-10.56250011920929,-10.62499988079071,8.625,-9.749999582767488,implanted=1
primary,False,concrete,mu_D_perp_native,2.0,implanted,0.18750011920929133,0.18750011920929133,0.18750011920929133,1,near_zero,0.009740265993268651,19.24999988079071,1,-10.43749976158142,-10.62499988079071,8.625,-9.749999582767488,implanted=1
primary,False,concrete,mu_D_perp_native,4.0,implanted,1.0624996423721296,1.0624996423721296,1.0624996423721296,1,nonzero,0.05519478695853823,19.24999988079071,1,-9.56250023841858,-10.62499988079071,8.625,-9.749999582767488,implanted=1
primary,False,concrete,mu_D_perp_matched,0.0,implanted,0.0,0.0,0.0,1,near_zero,0.0,19.24999988079071,1,-10.62499988079071,-10.62499988079071,8.625,-9.749999582767488,implanted=1
primary,False,concrete,mu_D_perp_matched,0.5,implanted,-0.12500035762787043,-0.12500035762787043,-0.12500035762787043,1,near_zero,-0.006493525111790075,19.24999988079071,1,-10.75000023841858,-10.62499988079071,8.625,-9.749999582767488,implanted=1
primary,False,concrete,mu_D_perp_matched,1.0,implanted,0.18749988079071045,0.18749988079071045,0.18749988079071045,1,near_zero,0.009740253607887748,19.24999988079071,1,-10.4375,-10.62499988079071,8.625,-9.749999582767488,implanted=1
primary,False,concrete,mu_D_perp_matched,2.0,implanted,0.9375,0.9375,0.9375,1,nonzero,0.04870129900289077,19.24999988079071,1,-9.68749988079071,-10.62499988079071,8.625,-9.749999582767488,implanted=1
primary,False,concrete,mu_D_perp_matched,4.0,implanted,3.3125001192092896,3.3125001192092896,3.3125001192092896,1,nonzero,0.17207792933623778,19.24999988079071,1,-7.312499761581421,-10.62499988079071,8.625,-9.749999582767488,implanted=1
primary,False,concrete,r0,0.0,implanted,0.0,0.0,0.0,1,near_zero,0.0,19.24999988079071,1,-10.62499988079071,-10.62499988079071,8.625,-9.749999582767488,implanted=1
primary,False,concrete,r0,0.5,implanted,3.5762786865234375e-07,3.5762786865234375e-07,3.5762786865234375e-07,1,near_zero,1.8578071213871295e-08,19.24999988079071,1,-10.624999523162842,-10.62499988079071,8.625,-9.749999582767488,implanted=1
primary,False,concrete,r0,1.0,implanted,-4.76837158203125e-07,-4.76837158203125e-07,-4.76837158203125e-07,1,near_zero,-2.477076161849506e-08,19.24999988079071,1,-10.625000357627869,-10.62499988079071,8.625,-9.749999582767488,implanted=1
primary,False,concrete,r0,2.0,implanted,0.0,0.0,0.0,1,near_zero,0.0,19.24999988079071,1,-10.62499988079071,-10.62499988079071,8.625,-9.749999582767488,implanted=1
primary,False,concrete,r0,4.0,implanted,1.6874998807907104,1.6874998807907104,1.6874998807907104,1,nonzero,0.08766233201251297,19.24999988079071,1,-8.9375,-10.62499988079071,8.625,-9.749999582767488,implanted=1
primary,False,concrete,r1,0.0,implanted,0.0,0.0,0.0,1,near_zero,0.0,19.24999988079071,1,-10.62499988079071,-10.62499988079071,8.625,-9.749999582767488,implanted=1
primary,False,concrete,r1,0.5,implanted,-0.1250004768371582,-0.1250004768371582,-0.1250004768371582,1,near_zero,-0.006493531304480387,19.24999988079071,1,-10.750000357627869,-10.62499988079071,8.625,-9.749999582767488,implanted=1
primary,False,concrete,r1,1.0,implanted,-0.5000004768371582,-0.5000004768371582,-0.5000004768371582,1,nonzero,-0.025974050905636693,19.24999988079071,1,-11.125000357627869,-10.62499988079071,8.625,-9.749999582767488,implanted=1
primary,False,concrete,r1,2.0,implanted,-0.7500001192092896,-0.7500001192092896,-0.7500001192092896,1,nonzero,-0.038961045395003016,19.24999988079071,1,-11.375,-10.62499988079071,8.625,-9.749999582767488,implanted=1
primary,False,concrete,r1,4.0,implanted,-0.8750001192092896,-0.8750001192092896,-0.8750001192092896,1,nonzero,-0.04545455192872179,19.24999988079071,1,-11.5,-10.62499988079071,8.625,-9.749999582767488,implanted=1
primary,False,concrete,r2,0.0,implanted,0.0,0.0,0.0,1,near_zero,0.0,19.24999988079071,1,-10.62499988079071,-10.62499988079071,8.625,-9.749999582767488,implanted=1
primary,False,concrete,r2,0.5,implanted,-0.125,-0.125,-0.125,1,near_zero,-0.006493506533718769,19.24999988079071,1,-10.74999988079071,-10.62499988079071,8.625,-9.749999582767488,implanted=1
primary,False,concrete,r2,1.0,implanted,-0.06249964237213135,-0.06249964237213135,-0.06249964237213135,1,near_zero,-0.0032467346887881704,19.24999988079071,1,-10.687499523162842,-10.62499988079071,8.625,-9.749999582767488,implanted=1
primary,False,concrete,r2,2.0,implanted,-0.37500011920928955,-0.37500011920928955,-0.37500011920928955,1,nonzero,-0.019480525793846713,19.24999988079071,1,-11.0,-10.62499988079071,8.625,-9.749999582767488,implanted=1
primary,False,concrete,r2,4.0,implanted,0.37500035762786865,0.37500035762786865,0.37500035762786865,1,nonzero,0.01948053817922752,19.24999988079071,1,-10.249999523162842,-10.62499988079071,8.625,-9.749999582767488,implanted=1
primary,False,cake,mu_D,0.0,factual_control,0.0,0.0,0.0,6,near_zero,-0.0,-1.6300042087483841,8,9.850139960937668,9.850139960937668,8.220135752189284,10.65377221077991,factual_control=8
primary,False,cake,mu_D,0.5,factual_control,-0.0543923307947507,-0.09605906096597498,-0.012725603708532299,6,near_zero,0.033369441933230604,-1.6300042087483841,8,9.795747630142918,9.850139960937668,8.220135752189284,10.65377221077991,factual_control=8
primary,False,cake,mu_D,1.0,factual_control,-0.03354127611479848,-0.12154568264959292,0.0706253203243253,6,near_zero,0.020577416877072666,-1.6300042087483841,8,9.81659868482287,9.850139960937668,8.220135752189284,10.65377221077991,factual_control=8
primary,False,cake,mu_D,2.0,factual_control,0.018009775584990766,-0.30490677788232706,0.3409263340443431,6,near_zero,-0.011048913547787562,-1.6300042087483841,8,9.868149736522659,9.850139960937668,8.220135752189284,10.65377221077991,factual_control=8
primary,False,cake,mu_D,4.0,factual_control,0.318626600928837,-0.5417739813916954,1.1789199348034645,6,inconclusive,-0.19547593755815992,-1.6300042087483841,8,10.168766561866505,9.850139960937668,8.220135752189284,10.65377221077991,factual_control=8
primary,False,cake,mu_Dprime_native,0.0,factual_control,0.0,0.0,0.0,6,near_zero,-0.0,-1.6300042087483841,8,9.850139960937668,9.850139960937668,8.220135752189284,10.65377221077991,factual_control=8
primary,False,cake,mu_Dprime_native,0.5,factual_control,0.06539631029105886,-0.03125002250696222,0.1747712487364573,6,near_zero,-0.040120332168512685,-1.6300042087483841,8,9.915536271228726,9.850139960937668,8.220135752189284,10.65377221077991,factual_control=8
primary,False,cake,mu_Dprime_native,1.0,factual_control,0.3996228363588063,0.15604874223354245,0.6652478514442915,6,nonzero,-0.24516675123536086,-1.6300042087483841,8,10.249762797296475,9.850139960937668,8.220135752189284,10.65377221077991,factual_control=8
primary,False,cake,mu_Dprime_native,2.0,factual_control,1.2530061287022058,0.5989035483934763,1.90925580325226,6,nonzero,-0.7687134315219589,-1.6300042087483841,8,11.103146089639873,9.850139960937668,8.220135752189284,10.65377221077991,factual_control=8
primary,False,cake,mu_Dprime_native,4.0,factual_control,1.31594555213087,-0.6528039992044797,3.2915862440131605,6,inconclusive,-0.8073264750287563,-1.6300042087483841,8,11.166085513068538,9.850139960937668,8.220135752189284,10.65377221077991,factual_control=8
primary,False,cake,mu_Dprime_matched,0.0,factual_control,0.0,0.0,0.0,6,near_zero,-0.0,-1.6300042087483841,8,9.850139960937668,9.850139960937668,8.220135752189284,10.65377221077991,factual_control=8
primary,False,cake,mu_Dprime_matched,0.5,factual_control,0.013870853096402088,-0.05913233108973635,0.07982482237275661,6,near_zero,-0.008509703853496777,-1.6300042087483841,8,9.864010814034069,9.850139960937668,8.220135752189284,10.65377221077991,factual_control=8
primary,False,cake,mu_Dprime_matched,1.0,factual_control,0.09785137599101319,-0.020832867594435516,0.22584538041458835,6,near_zero,-0.06003136400865455,-1.6300042087483841,8,9.94799133692868,9.850139960937668,8.220135752189284,10.65377221077991,factual_control=8
primary,False,cake,mu_Dprime_matched,2.0,factual_control,0.4121224964134547,0.12551732949214028,0.7500001862257092,6,nonzero,-0.2528352345359325,-1.6300042087483841,8,10.262262457351122,9.850139960937668,8.220135752189284,10.65377221077991,factual_control=8
primary,False,cake,mu_Dprime_matched,4.0,factual_control,1.3797377001258917,0.6451140901778081,2.098487598712381,6,nonzero,-0.846462661090512,-1.6300042087483841,8,11.22987766106356,9.850139960937668,8.220135752189284,10.65377221077991,factual_control=8
primary,False,cake,mu_D_par,0.0,factual_control,0.0,0.0,0.0,6,near_zero,-0.0,-1.6300042087483841,8,9.850139960937668,9.850139960937668,8.220135752189284,10.65377221077991,factual_control=8
primary,False,cake,mu_D_par,0.5,factual_control,0.0009661500128756254,-0.06250007000441471,0.06443237003016596,6,near_zero,-0.000592728538791623,-1.6300042087483841,8,9.851106110950544,9.850139960937668,8.220135752189284,10.65377221077991,factual_control=8
primary,False,cake,mu_D_par,1.0,factual_control,0.033663407884887274,-0.1250698183725035,0.17911493325179073,6,near_zero,-0.02065234414991853,-1.6300042087483841,8,9.883803368822555,9.850139960937668,8.220135752189284,10.65377221077991,factual_control=8
primary,False,cake,mu_D_par,2.0,factual_control,0.342147229515831,0.12843557026547694,0.5781249579110103,6,nonzero,-0.20990573378859698,-1.6300042087483841,8,10.192287190453499,9.850139960937668,8.220135752189284,10.65377221077991,factual_control=8
primary,False,cake,mu_D_par,4.0,factual_control,1.074120261477219,0.452764443977503,1.7095367262760808,6,nonzero,-0.658967784078296,-1.6300042087483841,8,10.924260222414887,9.850139960937668,8.220135752189284,10.65377221077991,factual_control=8
primary,False,cake,mu_D_perp_native,0.0,factual_control,0.0,0.0,0.0,6,near_zero,-0.0,-1.6300042087483841,8,9.850139960937668,9.850139960937668,8.220135752189284,10.65377221077991,factual_control=8
primary,False,cake,mu_D_perp_native,0.5,factual_control,-0.09065279473240191,-0.145833149397125,-0.028152810564885538,6,near_zero,0.05561506789115018,-1.6300042087483841,8,9.759487166205266,9.850139960937668,8.220135752189284,10.65377221077991,factual_control=8
primary,False,cake,mu_D_perp_native,1.0,factual_control,-0.14376765120929758,-0.2916668814141306,-0.006285323528573509,6,near_zero,0.08820078527262888,-1.6300042087483841,8,9.706372309728371,9.850139960937668,8.220135752189284,10.65377221077991,factual_control=8
primary,False,cake,mu_D_perp_native,2.0,factual_control,-0.2723348487925252,-0.48070578036834694,-0.09525139474620466,6,nonzero,0.16707616295153027,-1.6300042087483841,8,9.577805112145143,9.850139960937668,8.220135752189284,10.65377221077991,factual_control=8
primary,False,cake,mu_D_perp_native,4.0,factual_control,-0.5434326903390075,-0.9603597736524544,-0.16154789924621493,6,nonzero,0.3333934277116303,-1.6300042087483841,8,9.30670727059866,9.850139960937668,8.220135752189284,10.65377221077991,factual_control=8
primary,False,cake,mu_D_perp_matched,0.0,factual_control,0.0,0.0,0.0,6,near_zero,-0.0,-1.6300042087483841,8,9.850139960937668,9.850139960937668,8.220135752189284,10.65377221077991,factual_control=8
primary,False,cake,mu_D_perp_matched,0.5,factual_control,-0.1533881389671783,-0.25520855377544693,-0.05912244757443371,6,near_zero,0.09410290976178459,-1.6300042087483841,8,9.696751821970489,9.850139960937668,8.220135752189284,10.65377221077991,factual_control=8
primary,False,cake,mu_D_perp_matched,1.0,factual_control,-0.2693932357942687,-0.47776265635523835,-0.10109778687280395,6,nonzero,0.16527149706019786,-1.6300042087483841,8,9.580746725143399,9.850139960937668,8.220135752189284,10.65377221077991,factual_control=8
primary,False,cake,mu_D_perp_matched,2.0,factual_control,-0.5078621566256821,-0.9143727143581303,-0.12244534414882476,6,nonzero,0.31157107073708074,-1.6300042087483841,8,9.342277804311985,9.850139960937668,8.220135752189284,10.65377221077991,factual_control=8
primary,False,cake,mu_D_perp_matched,4.0,factual_control,-0.8691086846520196,-1.8482753765808113,-0.02524561134632768,6,nonzero,0.5331941353202848,-1.6300042087483841,8,8.981031276285648,9.850139960937668,8.220135752189284,10.65377221077991,factual_control=8
primary,False,cake,r0,0.0,factual_control,0.0,0.0,0.0,6,near_zero,-0.0,-1.6300042087483841,8,9.850139960937668,9.850139960937668,8.220135752189284,10.65377221077991,factual_control=8
primary,False,cake,r0,0.5,factual_control,0.0019590979306181033,-0.10937462695680263,0.11979164831961195,6,near_zero,-0.0012018974675669196,-1.6300042087483841,8,9.852099058868285,9.850139960937668,8.220135752189284,10.65377221077991,factual_control=8
primary,False,cake,r0,1.0,factual_control,0.0015670856713156194,-0.18593276857670146,0.18749996198069585,6,near_zero,-0.0009613997699545344,-1.6300042087483841,8,9.851707046608984,9.850139960937668,8.220135752189284,10.65377221077991,factual_control=8
primary,False,cake,r0,2.0,factual_control,0.009832361189182848,-0.38600070066361997,0.3952492140233515,6,near_zero,-0.006032107853716973,-1.6300042087483841,8,9.85997232212685,9.850139960937668,8.220135752189284,10.65377221077991,factual_control=8
primary,False,cake,r0,4.0,factual_control,0.23564924402550438,-0.8060173679647664,1.1250001564621925,6,inconclusive,-0.14456971507236177,-1.6300042087483841,8,10.085789204963172,9.850139960937668,8.220135752189284,10.65377221077991,factual_control=8
primary,False,cake,r1,0.0,factual_control,0.0,0.0,0.0,6,near_zero,-0.0,-1.6300042087483841,8,9.850139960937668,9.850139960937668,8.220135752189284,10.65377221077991,factual_control=8
primary,False,cake,r1,0.5,factual_control,0.002084549041076874,-0.07812510237757427,0.08541814757821446,6,near_zero,-0.0012788611402896417,-1.6300042087483841,8,9.852224509978745,9.850139960937668,8.220135752189284,10.65377221077991,factual_control=8
primary,False,cake,r1,1.0,factual_control,-0.07841703526598061,-0.23437517644682293,0.08333353729297747,6,near_zero,0.04810848637390572,-1.6300042087483841,8,9.771722925671687,9.850139960937668,8.220135752189284,10.65377221077991,factual_control=8
primary,False,cake,r1,2.0,factual_control,-0.1595243641446967,-0.3802084191314263,0.10937517182901517,6,near_zero,0.09786745536515465,-1.6300042087483841,8,9.690615596792972,9.850139960937668,8.220135752189284,10.65377221077991,factual_control=8
primary,False,cake,r1,4.0,factual_control,-0.37519825061705553,-0.8026782733504662,0.08294680146549058,6,inconclusive,0.23018238149529407,-1.6300042087483841,8,9.474941710320612,9.850139960937668,8.220135752189284,10.65377221077991,factual_control=8
primary,False,cake,r2,0.0,factual_control,0.0,0.0,0.0,6,near_zero,-0.0,-1.6300042087483841,8,9.850139960937668,9.850139960937668,8.220135752189284,10.65377221077991,factual_control=8
primary,False,cake,r2,0.5,factual_control,-0.026610507474591632,-0.14640215116863478,0.09908852492614297,6,near_zero,0.016325422555212167,-1.6300042087483841,8,9.823529453463076,9.850139960937668,8.220135752189284,10.65377221077991,factual_control=8
primary,False,cake,r2,1.0,factual_control,0.03422203397106675,-0.1793196492168745,0.253707405179739,6,near_zero,-0.020995058655305248,-1.6300042087483841,8,9.884361994908735,9.850139960937668,8.220135752189284,10.65377221077991,factual_control=8
primary,False,cake,r2,2.0,factual_control,0.033751308025481506,-0.34124868789998225,0.4088138414546841,6,near_zero,-0.020706270477300056,-1.6300042087483841,8,9.883891268963149,9.850139960937668,8.220135752189284,10.65377221077991,factual_control=8
primary,False,cake,r2,4.0,factual_control,0.0593589578444765,-0.6958492156118149,0.8145671313007679,6,inconclusive,-0.03641644452565917,-1.6300042087483841,8,9.909498918782143,9.850139960937668,8.220135752189284,10.65377221077991,factual_control=8
primary,False,cake,mu_D,0.0,domain_completion_preference,0.0,0.0,0.0,2,near_zero,0.0,0.04877970926463515,2,8.30286062695086,8.30286062695086,8.351640336215496,9.287985861301422,domain_completion_preference=2
primary,False,cake,mu_D,0.5,domain_completion_preference,0.12297999300062656,0.12096043303608894,0.12499955296516418,2,near_zero,2.5211300939381767,0.04877970926463515,2,8.425840619951487,8.30286062695086,8.351640336215496,9.287985861301422,domain_completion_preference=2
primary,False,cake,mu_D,1.0,domain_completion_preference,0.34477635100483806,0.3145527020096761,0.375,2,nonzero,7.068028001856046,0.04877970926463515,2,8.647636977955699,8.30286062695086,8.351640336215496,9.287985861301422,domain_completion_preference=2
primary,False,cake,mu_D,2.0,domain_completion_preference,0.35537520982325077,0.3357505686581135,0.37499985098838806,2,nonzero,7.285308075439773,0.04877970926463515,2,8.65823583677411,8.30286062695086,8.351640336215496,9.287985861301422,domain_completion_preference=2
primary,False,cake,mu_D,4.0,domain_completion_preference,0.12105972133576781,-0.25788034871220766,0.4999997913837433,2,near_zero,2.4817638965211097,0.04877970926463515,2,8.423920348286629,8.30286062695086,8.351640336215496,9.287985861301422,domain_completion_preference=2
primary,False,cake,mu_Dprime_native,0.0,domain_completion_preference,0.0,0.0,0.0,2,near_zero,0.0,0.04877970926463515,2,8.30286062695086,8.30286062695086,8.351640336215496,9.287985861301422,domain_completion_preference=2
primary,False,cake,mu_Dprime_native,0.5,domain_completion_preference,0.28134918957948774,0.06249988079071045,0.500198498368265,2,nonzero,5.767750440108985,0.04877970926463515,2,8.584209816530347,8.30286062695086,8.351640336215496,9.287985861301422,domain_completion_preference=2
primary,False,cake,mu_Dprime_native,1.0,domain_completion_preference,0.5521181561052799,0.06249973177909851,1.0417365804314613,2,nonzero,11.318602845908321,0.04877970926463515,2,8.85497878305614,8.30286062695086,8.351640336215496,9.287985861301422,domain_completion_preference=2
primary,False,cake,mu_Dprime_native,2.0,domain_completion_preference,0.524466011673212,0.12499997019767761,0.9239320531487465,2,nonzero,10.751724837635413,0.04877970926463515,2,8.827326638624072,8.30286062695086,8.351640336215496,9.287985861301422,domain_completion_preference=2
primary,False,cake,mu_Dprime_native,4.0,domain_completion_preference,-1.4303738418966532,-1.5482472367584705,-1.3125004470348358,2,nonzero,-29.323131758262882,0.04877970926463515,2,6.872486785054207,8.30286062695086,8.351640336215496,9.287985861301422,domain_completion_preference=2
primary,False,cake,mu_Dprime_matched,0.0,domain_completion_preference,0.0,0.0,0.0,2,near_zero,0.0,0.04877970926463515,2,8.30286062695086,8.30286062695086,8.351640336215496,9.287985861301422,domain_completion_preference=2
primary,False,cake,mu_Dprime_matched,0.5,domain_completion_preference,0.21553107164800167,0.12499955296516418,0.30606259033083916,2,nonzero,4.418457487696831,0.04877970926463515,2,8.518391698598862,8.30286062695086,8.351640336215496,9.287985861301422,domain_completion_preference=2
primary,False,cake,mu_Dprime_matched,1.0,domain_completion_preference,0.41316859703511,0.12499970197677612,0.7013374920934439,2,nonzero,8.47009142251394,0.04877970926463515,2,8.71602922398597,8.30286062695086,8.351640336215496,9.287985861301422,domain_completion_preference=2
primary,False,cake,mu_Dprime_matched,2.0,domain_completion_preference,0.7058666097000232,0.12499973177909851,1.286733487620948,2,nonzero,14.470496449058793,0.04877970926463515,2,9.008727236650884,8.30286062695086,8.351640336215496,9.287985861301422,domain_completion_preference=2
primary,False,cake,mu_Dprime_matched,4.0,domain_completion_preference,0.5124624446034431,0.12499967217445374,0.8999252170324326,2,nonzero,10.505647785296945,0.04877970926463515,2,8.815323071554303,8.30286062695086,8.351640336215496,9.287985861301422,domain_completion_preference=2
primary,False,cake,mu_D_par,0.0,domain_completion_preference,0.0,0.0,0.0,2,near_zero,0.0,0.04877970926463515,2,8.30286062695086,8.30286062695086,8.351640336215496,9.287985861301422,domain_completion_preference=2
primary,False,cake,mu_D_par,0.5,domain_completion_preference,0.21161268837749958,0.12499982118606567,0.2982255555689335,2,nonzero,4.338129348608415,0.04877970926463515,2,8.51447331532836,8.30286062695086,8.351640336215496,9.287985861301422,domain_completion_preference=2
primary,False,cake,mu_D_par,1.0,domain_completion_preference,0.27715752087533474,-3.8743019104003906e-07,0.5543154291808605,2,inconclusive,5.6818198602153505,0.04877970926463515,2,8.580018147826195,8.30286062695086,8.351640336215496,9.287985861301422,domain_completion_preference=2
primary,False,cake,mu_D_par,2.0,domain_completion_preference,0.5048521775752306,0.06249985098838806,0.9472045041620731,2,nonzero,10.349634821239984,0.04877970926463515,2,8.80771280452609,8.30286062695086,8.351640336215496,9.287985861301422,domain_completion_preference=2
primary,False,cake,mu_D_par,4.0,domain_completion_preference,0.6293703950941563,0.18749985098838806,1.0712409391999245,2,nonzero,12.902299021089986,0.04877970926463515,2,8.932231022045016,8.30286062695086,8.351640336215496,9.287985861301422,domain_completion_preference=2
primary,False,cake,mu_D_perp_native,0.0,domain_completion_preference,0.0,0.0,0.0,2,near_zero,0.0,0.04877970926463515,2,8.30286062695086,8.30286062695086,8.351640336215496,9.287985861301422,domain_completion_preference=2
primary,False,cake,mu_D_perp_native,0.5,domain_completion_preference,0.029223565012216568,-0.1915527507662773,0.24999988079071045,2,near_zero,0.5990926443139625,0.04877970926463515,2,8.332084191963077,8.30286062695086,8.351640336215496,9.287985861301422,domain_completion_preference=2
primary,False,cake,mu_D_perp_native,1.0,domain_completion_preference,0.062114914879201955,-0.12577002122998415,0.24999985098838806,2,near_zero,1.273376078201325,0.04877970926463515,2,8.364975541830063,8.30286062695086,8.351640336215496,9.287985861301422,domain_completion_preference=2
primary,False,cake,mu_D_perp_native,2.0,domain_completion_preference,-0.030356183648108548,-0.3732123374938947,0.3124999701976776,2,near_zero,-0.6223116969275687,0.04877970926463515,2,8.27250444330275,8.30286062695086,8.351640336215496,9.287985861301422,domain_completion_preference=2
primary,False,cake,mu_D_perp_native,4.0,domain_completion_preference,-0.05241449736058712,-0.7923286370933056,0.6874996423721313,2,inconclusive,-1.0745143452215522,0.04877970926463515,2,8.250446129590273,8.30286062695086,8.351640336215496,9.287985861301422,domain_completion_preference=2
primary,False,cake,mu_D_perp_matched,0.0,domain_completion_preference,0.0,0.0,0.0,2,near_zero,0.0,0.04877970926463515,2,8.30286062695086,8.30286062695086,8.351640336215496,9.287985861301422,domain_completion_preference=2
primary,False,cake,mu_D_perp_matched,0.5,domain_completion_preference,0.029632290825247765,-0.19073517993092537,0.2499997615814209,2,near_zero,0.6074716572107761,0.04877970926463515,2,8.332492917776108,8.30286062695086,8.351640336215496,9.287985861301422,domain_completion_preference=2
primary,False,cake,mu_D_perp_matched,1.0,domain_completion_preference,-0.028020687401295596,-0.36854128539562403,0.31249991059303284,2,near_zero,-0.5744332597244556,0.04877970926463515,2,8.274839939549565,8.30286062695086,8.351640336215496,9.287985861301422,domain_completion_preference=2
primary,False,cake,mu_D_perp_matched,2.0,domain_completion_preference,-0.02174963243305683,-0.6684991754591465,0.6249999105930328,2,inconclusive,-0.4458745810694103,0.04877970926463515,2,8.281110994517803,8.30286062695086,8.351640336215496,9.287985861301422,domain_completion_preference=2
primary,False,cake,mu_D_perp_matched,4.0,domain_completion_preference,-0.3564100321382284,-1.400319915264845,0.6874998509883881,2,inconclusive,-7.3065222714769735,0.04877970926463515,2,7.946450594812632,8.30286062695086,8.351640336215496,9.287985861301422,domain_completion_preference=2
primary,False,cake,r0,0.0,domain_completion_preference,0.0,0.0,0.0,2,near_zero,0.0,0.04877970926463515,2,8.30286062695086,8.30286062695086,8.351640336215496,9.287985861301422,domain_completion_preference=2
primary,False,cake,r0,0.5,domain_completion_preference,0.21192727237939835,0.12499988079071045,0.29885466396808624,2,nonzero,4.344578423575061,0.04877970926463515,2,8.514787899330258,8.30286062695086,8.351640336215496,9.287985861301422,domain_completion_preference=2
primary,False,cake,r0,1.0,domain_completion_preference,0.49313330464065164,0.12499967217445374,0.8612669371068495,2,nonzero,10.109394091821061,0.04877970926463515,2,8.79599393159151,8.30286062695086,8.351640336215496,9.287985861301422,domain_completion_preference=2
primary,False,cake,r0,2.0,domain_completion_preference,0.7694321060553193,-0.06250032782554626,1.6013645399361849,2,inconclusive,15.773609922131099,0.04877970926463515,2,9.07229273300618,8.30286062695086,8.351640336215496,9.287985861301422,domain_completion_preference=2
primary,False,cake,r0,4.0,domain_completion_preference,1.6059148260392249,-0.12500008940696716,3.336829741485417,2,inconclusive,32.921779367871274,0.04877970926463515,2,9.908775452990085,8.30286062695086,8.351640336215496,9.287985861301422,domain_completion_preference=2
primary,False,cake,r1,0.0,domain_completion_preference,0.0,0.0,0.0,2,near_zero,0.0,0.04877970926463515,2,8.30286062695086,8.30286062695086,8.351640336215496,9.287985861301422,domain_completion_preference=2
primary,False,cake,r1,0.5,domain_completion_preference,-0.22139932587742805,-0.44279859215021133,-5.960464477539063e-08,2,nonzero,-4.538758619415154,0.04877970926463515,2,8.081461301073432,8.30286062695086,8.351640336215496,9.287985861301422,domain_completion_preference=2
primary,False,cake,r1,1.0,domain_completion_preference,-0.5962897259742022,-1.0675790943205357,-0.12500035762786865,2,nonzero,-12.224134480574012,0.04877970926463515,2,7.706570900976658,8.30286062695086,8.351640336215496,9.287985861301422,domain_completion_preference=2
primary,False,cake,r1,2.0,domain_completion_preference,-1.1793094594031572,-1.9836187399923801,-0.3750001788139343,2,nonzero,-24.176229772204607,0.04877970926463515,2,7.123551167547703,8.30286062695086,8.351640336215496,9.287985861301422,domain_completion_preference=2
primary,False,cake,r1,4.0,domain_completion_preference,-2.4239602480083704,-3.972920496016741,-0.875,2,nonzero,-49.69197817186909,0.04877970926463515,2,5.87890037894249,8.30286062695086,8.351640336215496,9.287985861301422,domain_completion_preference=2
primary,False,cake,r2,0.0,domain_completion_preference,0.0,0.0,0.0,2,near_zero,0.0,0.04877970926463515,2,8.30286062695086,8.30286062695086,8.351640336215496,9.287985861301422,domain_completion_preference=2
primary,False,cake,r2,0.5,domain_completion_preference,0.028379829600453377,-0.06824007257819176,0.12499973177909851,2,near_zero,0.5817957923137622,0.04877970926463515,2,8.331240456551313,8.30286062695086,8.351640336215496,9.287985861301422,domain_completion_preference=2
primary,False,cake,r2,1.0,domain_completion_preference,0.08643212169408798,-0.07713575661182404,0.25,2,near_zero,1.7718867741745745,0.04877970926463515,2,8.389292748644948,8.30286062695086,8.351640336215496,9.287985861301422,domain_completion_preference=2
primary,False,cake,r2,2.0,domain_completion_preference,0.1489503327757129,0.12499991059303284,0.17290075495839297,2,near_zero,3.053530556478748,0.04877970926463515,2,8.451810959726572,8.30286062695086,8.351640336215496,9.287985861301422,domain_completion_preference=2
primary,False,cake,r2,4.0,domain_completion_preference,0.08577420003712266,-0.07845115289091886,0.24999955296516418,2,near_zero,1.7583991649435307,0.04877970926463515,2,8.388634826987982,8.30286062695086,8.351640336215496,9.287985861301422,domain_completion_preference=2
primary,False,cake,mu_D,0.0,true_domain_pooled,0.0,0.0,0.0,8,near_zero,-0.0,-1.2103082292451295,10,9.463320127440966,9.463320127440966,8.253011898195837,10.312325623410288,domain_completion_preference=2;factual_control=8
primary,False,cake,mu_D,0.5,true_domain_pooled,-0.010049249845906383,-0.06813812452273905,0.05195842280809273,8,near_zero,0.008303050085162281,-1.2103082292451295,10,9.45327087759506,9.463320127440966,8.253011898195837,10.312325623410288,domain_completion_preference=2;factual_control=8
primary,False,cake,mu_D,1.0,true_domain_pooled,0.06103813066511066,-0.06939733830367827,0.20338151330879534,8,near_zero,-0.05043188932391231,-1.2103082292451295,10,9.524358258106076,9.463320127440966,8.253011898195837,10.312325623410288,domain_completion_preference=2;factual_control=8
primary,False,cake,mu_D,2.0,true_domain_pooled,0.10235113414455577,-0.16618011463433438,0.3494976499277979,8,near_zero,-0.08456617221250513,-1.2103082292451295,10,9.565671261585521,9.463320127440966,8.253011898195837,10.312325623410288,domain_completion_preference=2;factual_control=8
primary,False,cake,mu_D,4.0,true_domain_pooled,0.2692348810305697,-0.39459637908439726,0.9209145730974335,8,inconclusive,-0.2224514999773998,-1.2103082292451295,10,9.732555008471536,9.463320127440966,8.253011898195837,10.312325623410288,domain_completion_preference=2;factual_control=8
primary,False,cake,mu_Dprime_native,0.0,true_domain_pooled,0.0,0.0,0.0,8,near_zero,-0.0,-1.2103082292451295,10,9.463320127440966,9.463320127440966,8.253011898195837,10.312325623410288,domain_completion_preference=2;factual_control=8
primary,False,cake,mu_Dprime_native,0.5,true_domain_pooled,0.11938453011316608,-3.226500557482286e-05,0.25788696515528564,8,near_zero,-0.09863977392571009,-1.2103082292451295,10,9.582704657554132,9.463320127440966,8.253011898195837,10.312325623410288,domain_completion_preference=2;factual_control=8
primary,False,cake,mu_Dprime_native,1.0,true_domain_pooled,0.4377466662954247,0.17859682358393933,0.7019058468814358,8,nonzero,-0.3616819713507589,-1.2103082292451295,10,9.90106679373639,9.463320127440966,8.253011898195837,10.312325623410288,domain_completion_preference=2;factual_control=8
primary,False,cake,mu_Dprime_native,2.0,true_domain_pooled,1.0708710994449575,0.529429108805198,1.625558438267944,8,nonzero,-0.8847920501316107,-1.2103082292451295,10,10.534191226885923,9.463320127440966,8.253011898195837,10.312325623410288,domain_completion_preference=2;factual_control=8
primary,False,cake,mu_Dprime_native,4.0,true_domain_pooled,0.6293657036239892,-0.9279505633528515,2.328260083848089,8,inconclusive,-0.5200044818471782,-1.2103082292451295,10,10.092685831064955,9.463320127440966,8.253011898195837,10.312325623410288,domain_completion_preference=2;factual_control=8
primary,False,cake,mu_Dprime_matched,0.0,true_domain_pooled,0.0,0.0,0.0,8,near_zero,-0.0,-1.2103082292451295,10,9.463320127440966,9.463320127440966,8.253011898195837,10.312325623410288,domain_completion_preference=2;factual_control=8
primary,False,cake,mu_Dprime_matched,0.5,true_domain_pooled,0.06428590773430198,-0.013034450896156406,0.15203485592974128,8,near_zero,-0.05311531904099931,-1.2103082292451295,10,9.527606035175268,9.463320127440966,8.253011898195837,10.312325623410288,domain_completion_preference=2;factual_control=8
primary,False,cake,mu_Dprime_matched,1.0,true_domain_pooled,0.1766806812520374,0.025627165781407238,0.35592117697524395,8,near_zero,-0.14597990576518952,-1.2103082292451295,10,9.640000808693003,9.463320127440966,8.253011898195837,10.312325623410288,domain_completion_preference=2;factual_control=8
primary,False,cake,mu_Dprime_matched,2.0,true_domain_pooled,0.48555852473509686,0.17237312271026894,0.8107430579304481,8,nonzero,-0.40118584093073567,-1.2103082292451295,10,9.948878652176063,9.463320127440966,8.253011898195837,10.312325623410288,domain_completion_preference=2;factual_control=8
primary,False,cake,mu_Dprime_matched,4.0,true_domain_pooled,1.1629188862452795,0.5522487378766531,1.780195153771342,8,nonzero,-0.9608452278066334,-1.2103082292451295,10,10.626239013686245,9.463320127440966,8.253011898195837,10.312325623410288,domain_completion_preference=2;factual_control=8
primary,False,cake,mu_D_par,0.0,true_domain_pooled,0.0,0.0,0.0,8,near_zero,-0.0,-1.2103082292451295,10,9.463320127440966,9.463320127440966,8.253011898195837,10.312325623410288,domain_completion_preference=2;factual_control=8
primary,False,cake,mu_D_par,0.5,true_domain_pooled,0.053627784604031614,-0.023437485530849456,0.14380911088937842,8,near_zero,-0.04430919604461363,-1.2103082292451295,10,9.516947912044998,9.463320127440966,8.253011898195837,10.312325623410288,domain_completion_preference=2;factual_control=8
primary,False,cake,mu_D_par,1.0,true_domain_pooled,0.09453693613249914,-0.06459611962682196,0.2675034735356342,8,near_zero,-0.07810980198941712,-1.2103082292451295,10,9.557857063573465,9.463320127440966,8.253011898195837,10.312325623410288,domain_completion_preference=2;factual_control=8
primary,False,cake,mu_D_par,2.0,true_domain_pooled,0.3828234665306809,0.15501792054128602,0.6274565487327887,8,nonzero,-0.31630245691169784,-1.2103082292451295,10,9.846143593971647,9.463320127440966,8.253011898195837,10.312325623410288,domain_completion_preference=2;factual_control=8
primary,False,cake,mu_D_par,4.0,true_domain_pooled,0.9629327948814532,0.4656261843643729,1.474934625182299,8,nonzero,-0.7956095576430439,-1.2103082292451295,10,10.42625292232242,9.463320127440966,8.253011898195837,10.312325623410288,domain_completion_preference=2;factual_control=8
primary,False,cake,mu_D_perp_native,0.0,true_domain_pooled,0.0,0.0,0.0,8,near_zero,-0.0,-1.2103082292451295,10,9.463320127440966,9.463320127440966,8.253011898195837,10.312325623410288,domain_completion_preference=2;factual_control=8
primary,False,cake,mu_D_perp_native,0.5,true_domain_pooled,-0.060683704796247295,-0.14372822223231219,0.038049280145787526,8,near_zero,0.050139049979108036,-1.2103082292451295,10,9.402636422644719,9.463320127440966,8.253011898195837,10.312325623410288,domain_completion_preference=2;factual_control=8
primary,False,cake,mu_D_perp_native,1.0,true_domain_pooled,-0.09229700968717269,-0.22671540906740165,0.041993674662807616,8,near_zero,0.07625909454878155,-1.2103082292451295,10,9.371023117753793,9.463320127440966,8.253011898195837,10.312325623410288,domain_completion_preference=2;factual_control=8
primary,False,cake,mu_D_perp_native,2.0,true_domain_pooled,-0.211840182506421,-0.41408530508670083,-0.016287107648349546,8,nonzero,0.17502994475923372,-1.2103082292451295,10,9.251479944934545,9.463320127440966,8.253011898195837,10.312325623410288,domain_completion_preference=2;factual_control=8
primary,False,cake,mu_D_perp_native,4.0,true_domain_pooled,-0.42067814209440246,-0.8467948570789307,-0.009137127222856973,8,nonzero,0.3475793454339973,-1.2103082292451295,10,9.042641985346563,9.463320127440966,8.253011898195837,10.312325623410288,domain_completion_preference=2;factual_control=8
primary,False,cake,mu_D_perp_matched,0.0,true_domain_pooled,0.0,0.0,0.0,8,near_zero,-0.0,-1.2103082292451295,10,9.463320127440966,9.463320127440966,8.253011898195837,10.312325623410288,domain_completion_preference=2;factual_control=8
primary,False,cake,mu_D_perp_matched,0.5,true_domain_pooled,-0.10763303151907178,-0.22131862568967337,0.013888779820080806,8,near_zero,0.0889302649674642,-1.2103082292451295,10,9.355687095921894,9.463320127440966,8.253011898195837,10.312325623410288,domain_completion_preference=2;factual_control=8
primary,False,cake,mu_D_perp_matched,1.0,true_domain_pooled,-0.20905009869602542,-0.41056046466110363,-0.014545098298549422,8,nonzero,0.17272467760250643,-1.2103082292451295,10,9.25427002874494,9.463320127440966,8.253011898195837,10.312325623410288,domain_completion_preference=2;factual_control=8
primary,False,cake,mu_D_perp_matched,2.0,true_domain_pooled,-0.38633402557752583,-0.7950070395658261,-0.0030623416172603527,8,nonzero,0.3192030065089145,-1.2103082292451295,10,9.07698610186344,9.463320127440966,8.253011898195837,10.312325623410288,domain_completion_preference=2;factual_control=8
primary,False,cake,mu_D_perp_matched,4.0,true_domain_pooled,-0.7409340215235718,-1.5693927267566328,-0.006363838980906889,8,nonzero,0.6121862213443704,-1.2103082292451295,10,8.722386105917394,9.463320127440966,8.253011898195837,10.312325623410288,domain_completion_preference=2;factual_control=8
primary,False,cake,r0,0.0,true_domain_pooled,0.0,0.0,0.0,8,near_zero,-0.0,-1.2103082292451295,10,9.463320127440966,9.463320127440966,8.253011898195837,10.312325623410288,domain_completion_preference=2;factual_control=8
primary,False,cake,r0,0.5,true_domain_pooled,0.054451141542813164,-0.04712943692520661,0.16652745375322398,8,near_zero,-0.04498948303175167,-1.2103082292451295,10,9.517771268983779,9.463320127440966,8.253011898195837,10.312325623410288,domain_completion_preference=2;factual_control=8
primary,False,cake,r0,1.0,true_domain_pooled,0.12445864041364962,-0.07812495144025933,0.3698795107424306,8,near_zero,-0.10283218555927245,-1.2103082292451295,10,9.587778767854616,9.463320127440966,8.253011898195837,10.312325623410288,domain_completion_preference=2;factual_control=8
primary,False,cake,r0,2.0,true_domain_pooled,0.19973229740571696,-0.21918826936889682,0.6708981504572868,8,inconclusive,-0.1650259765070673,-1.2103082292451295,10,9.663052424846683,9.463320127440966,8.253011898195837,10.312325623410288,domain_completion_preference=2;factual_control=8
primary,False,cake,r0,4.0,true_domain_pooled,0.5782156395289345,-0.37807207948899346,1.5609798193530868,8,inconclusive,-0.477742467213966,-1.2103082292451295,10,10.0415357669699,9.463320127440966,8.253011898195837,10.312325623410288,domain_completion_preference=2;factual_control=8
primary,False,cake,r1,0.0,true_domain_pooled,0.0,0.0,0.0,8,near_zero,-0.0,-1.2103082292451295,10,9.463320127440966,9.463320127440966,8.253011898195837,10.312325623410288,domain_completion_preference=2;factual_control=8
primary,False,cake,r1,0.5,true_domain_pooled,-0.05378641968854936,-0.18403981315696014,0.053167609978299786,8,near_zero,0.044440266032146215,-1.2103082292451295,10,9.409533707752416,9.463320127440966,8.253011898195837,10.312325623410288,domain_completion_preference=2;factual_control=8
primary,False,cake,r1,1.0,true_domain_pooled,-0.207885207943036,-0.48281695921905327,0.011280847189482635,8,inconclusive,0.17176220314778345,-1.2103082292451295,10,9.25543491949793,9.463320127440966,8.253011898195837,10.312325623410288,domain_completion_preference=2;factual_control=8
primary,False,cake,r1,2.0,true_domain_pooled,-0.4144706379593118,-0.9196383550512108,-0.041518172758515326,8,nonzero,0.3424504832275805,-1.2103082292451295,10,9.048849489481654,9.463320127440966,8.253011898195837,10.312325623410288,domain_completion_preference=2;factual_control=8
primary,False,cake,r1,4.0,true_domain_pooled,-0.8873887499648843,-1.8728064100723711,-0.1719770843104929,8,nonzero,0.7331923625094655,-1.2103082292451295,10,8.575931377476081,9.463320127440966,8.253011898195837,10.312325623410288,domain_completion_preference=2;factual_control=8
primary,False,cake,r2,0.0,true_domain_pooled,0.0,0.0,0.0,8,near_zero,-0.0,-1.2103082292451295,10,9.463320127440966,9.463320127440966,8.253011898195837,10.312325623410288,domain_completion_preference=2;factual_control=8
primary,False,cake,r2,0.5,true_domain_pooled,-0.012862923205830379,-0.10980157670564972,0.08900099463644366,8,near_zero,0.010627807772449005,-1.2103082292451295,10,9.450457204235136,9.463320127440966,8.253011898195837,10.312325623410288,domain_completion_preference=2;factual_control=8
primary,False,cake,r2,1.0,true_domain_pooled,0.04727455590182206,-0.12237902585329732,0.2248914421725203,8,near_zero,-0.03905993098246324,-1.2103082292451295,10,9.510594683342788,9.463320127440966,8.253011898195837,10.312325623410288,domain_completion_preference=2;factual_control=8
primary,False,cake,r2,2.0,true_domain_pooled,0.06255106421303935,-0.20678536290943147,0.3457228083978406,8,near_zero,-0.05168192919918632,-1.2103082292451295,10,9.525871191654005,9.463320127440966,8.253011898195837,10.312325623410288,domain_completion_preference=2;factual_control=8
primary,False,cake,r2,4.0,true_domain_pooled,0.06596276839263804,-0.5083422893250819,0.6207477747680968,8,inconclusive,-0.05450080136510274,-1.2103082292451295,10,9.529282895833603,9.463320127440966,8.253011898195837,10.312325623410288,domain_completion_preference=2;factual_control=8
primary,True,cake,mu_D,0.0,implanted,0.0,0.0,0.0,1,near_zero,0.0,19.24999988079071,1,-10.62499988079071,-10.62499988079071,8.625,-9.749999582767488,implanted=1
primary,True,cake,mu_D,0.5,implanted,-0.31250011920928955,-0.31250011920928955,-0.31250011920928955,1,nonzero,-0.016233772526987326,19.24999988079071,1,-10.9375,-10.62499988079071,8.625,-9.749999582767488,implanted=1
primary,True,cake,mu_D,1.0,implanted,-0.24999988079070867,-0.24999988079070867,-0.24999988079070867,1,nonzero,-0.012987006874747041,19.24999988079071,1,-10.87499976158142,-10.62499988079071,8.625,-9.749999582767488,implanted=1
primary,True,cake,mu_D,2.0,implanted,-0.5000003576278704,-0.5000003576278704,-0.5000003576278704,1,nonzero,-0.02597404471294638,19.24999988079071,1,-11.12500023841858,-10.62499988079071,8.625,-9.749999582767488,implanted=1
primary,True,cake,mu_D,4.0,implanted,-0.6250005960464478,-0.6250005960464478,-0.6250005960464478,1,nonzero,-0.032467563632045865,19.24999988079071,1,-11.250000476837158,-10.62499988079071,8.625,-9.749999582767488,implanted=1
primary,True,concrete,mu_D,0.0,implanted,0.0,0.0,0.0,4,near_zero,0.0,6.9141100235283375,6,-6.203079368919134,-6.203079368919134,0.7110306546092033,-5.959224008023739,implanted=6
primary,True,concrete,mu_D,0.5,implanted,0.09665082395076752,0.06608948856592178,0.15370827168226242,4,near_zero,0.013978780149848652,6.9141100235283375,6,-6.106428544968367,-6.203079368919134,0.7110306546092033,-5.959224008023739,implanted=6
primary,True,concrete,mu_D,1.0,implanted,0.13475298881530762,0.05727437883615494,0.2122315987944603,4,near_zero,0.01948956385662805,6.9141100235283375,6,-6.0683263801038265,-6.203079368919134,0.7110306546092033,-5.959224008023739,implanted=6
primary,True,concrete,mu_D,2.0,implanted,0.15148038417100906,-0.15720853954553604,0.46016930788755417,4,near_zero,0.021908876725352883,6.9141100235283375,6,-6.051598984748125,-6.203079368919134,0.7110306546092033,-5.959224008023739,implanted=6
primary,True,concrete,mu_D,4.0,implanted,0.33767868578433985,0.014831293374299948,0.6247669346630573,4,nonzero,0.04883906744833938,6.9141100235283375,6,-5.865400683134794,-6.203079368919134,0.7110306546092033,-5.959224008023739,implanted=6
primary,True,concrete,mu_D,0.0,factual_control,0.0,0.0,0.0,6,near_zero,-0.0,-1.6300042087483841,8,9.850139960937668,9.850139960937668,8.220135752189284,10.65377221077991,factual_control=8
primary,True,concrete,mu_D,0.5,factual_control,0.06539631029105886,-0.03125002250696222,0.1747712487364573,6,near_zero,-0.040120332168512685,-1.6300042087483841,8,9.915536271228726,9.850139960937668,8.220135752189284,10.65377221077991,factual_control=8
primary,True,concrete,mu_D,1.0,factual_control,0.3996228363588063,0.15604874223354245,0.6652478514442915,6,nonzero,-0.24516675123536086,-1.6300042087483841,8,10.249762797296475,9.850139960937668,8.220135752189284,10.65377221077991,factual_control=8
primary,True,concrete,mu_D,2.0,factual_control,1.2530061287022058,0.5989035483934763,1.90925580325226,6,nonzero,-0.7687134315219589,-1.6300042087483841,8,11.103146089639873,9.850139960937668,8.220135752189284,10.65377221077991,factual_control=8
primary,True,concrete,mu_D,4.0,factual_control,1.31594555213087,-0.6528039992044797,3.2915862440131605,6,inconclusive,-0.8073264750287563,-1.6300042087483841,8,11.166085513068538,9.850139960937668,8.220135752189284,10.65377221077991,factual_control=8
primary,True,concrete,mu_D,0.0,domain_completion_preference,0.0,0.0,0.0,2,near_zero,0.0,0.04877970926463515,2,8.30286062695086,8.30286062695086,8.351640336215496,9.287985861301422,domain_completion_preference=2
primary,True,concrete,mu_D,0.5,domain_completion_preference,0.28134918957948774,0.06249988079071045,0.500198498368265,2,nonzero,5.767750440108985,0.04877970926463515,2,8.584209816530347,8.30286062695086,8.351640336215496,9.287985861301422,domain_completion_preference=2
primary,True,concrete,mu_D,1.0,domain_completion_preference,0.5521181561052799,0.06249973177909851,1.0417365804314613,2,nonzero,11.318602845908321,0.04877970926463515,2,8.85497878305614,8.30286062695086,8.351640336215496,9.287985861301422,domain_completion_preference=2
primary,True,concrete,mu_D,2.0,domain_completion_preference,0.524466011673212,0.12499997019767761,0.9239320531487465,2,nonzero,10.751724837635413,0.04877970926463515,2,8.827326638624072,8.30286062695086,8.351640336215496,9.287985861301422,domain_completion_preference=2
primary,True,concrete,mu_D,4.0,domain_completion_preference,-1.4303738418966532,-1.5482472367584705,-1.3125004470348358,2,nonzero,-29.323131758262882,0.04877970926463515,2,6.872486785054207,8.30286062695086,8.351640336215496,9.287985861301422,domain_completion_preference=2
primary,True,concrete,mu_D,0.0,true_domain_pooled,0.0,0.0,0.0,8,near_zero,-0.0,-1.2103082292451295,10,9.463320127440966,9.463320127440966,8.253011898195837,10.312325623410288,domain_completion_preference=2;factual_control=8
primary,True,concrete,mu_D,0.5,true_domain_pooled,0.11938453011316608,-3.226500557482286e-05,0.25788696515528564,8,near_zero,-0.09863977392571009,-1.2103082292451295,10,9.582704657554132,9.463320127440966,8.253011898195837,10.312325623410288,domain_completion_preference=2;factual_control=8
primary,True,concrete,mu_D,1.0,true_domain_pooled,0.4377466662954247,0.17859682358393933,0.7019058468814358,8,nonzero,-0.3616819713507589,-1.2103082292451295,10,9.90106679373639,9.463320127440966,8.253011898195837,10.312325623410288,domain_completion_preference=2;factual_control=8
primary,True,concrete,mu_D,2.0,true_domain_pooled,1.0708710994449575,0.529429108805198,1.625558438267944,8,nonzero,-0.8847920501316107,-1.2103082292451295,10,10.534191226885923,9.463320127440966,8.253011898195837,10.312325623410288,domain_completion_preference=2;factual_control=8
primary,True,concrete,mu_D,4.0,true_domain_pooled,0.6293657036239892,-0.9279505633528515,2.328260083848089,8,inconclusive,-0.5200044818471782,-1.2103082292451295,10,10.092685831064955,9.463320127440966,8.253011898195837,10.312325623410288,domain_completion_preference=2;factual_control=8
g4b_excluded,False,cake,mu_D,0.0,factual_control,0.0,0.0,0.0,2,near_zero,-0.0,-0.5931377410888672,2,9.284795090556145,9.284795090556145,8.691657349467278,9.726941548287868,factual_control=2
g4b_excluded,False,cake,mu_D,0.5,factual_control,-0.08505208790302277,-0.12500035762786865,-0.04510381817817688,2,near_zero,0.14339348520781414,-0.5931377410888672,2,9.199743002653122,9.284795090556145,8.691657349467278,9.726941548287868,factual_control=2
g4b_excluded,False,cake,mu_D,1.0,factual_control,-0.00687403976917178,-0.07624784111976446,0.0624997615814209,2,near_zero,0.01158928068976456,-0.5931377410888672,2,9.277921050786972,9.284795090556145,8.691657349467278,9.726941548287868,factual_control=2
g4b_excluded,False,cake,mu_D,2.0,factual_control,0.2727793827652931,-0.016940400004386902,0.5624991655349731,2,inconclusive,-0.45989213612428653,-0.5931377410888672,2,9.557574473321438,9.284795090556145,8.691657349467278,9.726941548287868,factual_control=2
g4b_excluded,False,cake,mu_D,4.0,factual_control,1.3308797627687454,0.66175976395607,1.999999761581421,2,nonzero,-2.243795446780288,-0.5931377410888672,2,10.61567485332489,9.284795090556145,8.691657349467278,9.726941548287868,factual_control=2
g4b_excluded,False,cake,mu_Dprime_native,0.0,factual_control,0.0,0.0,0.0,2,near_zero,-0.0,-0.5931377410888672,2,9.284795090556145,9.284795090556145,8.691657349467278,9.726941548287868,factual_control=2
g4b_excluded,False,cake,mu_Dprime_native,0.5,factual_control,0.055563688278197354,0.04862737655639471,0.0625,2,near_zero,-0.09367754642656012,-0.5931377410888672,2,9.340358778834343,9.284795090556145,8.691657349467278,9.726941548287868,factual_control=2
g4b_excluded,False,cake,mu_Dprime_native,1.0,factual_control,0.5269933491945258,0.3664872944355011,0.6874994039535505,2,nonzero,-0.8884839265616192,-0.5931377410888672,2,9.811788439750671,9.284795090556145,8.691657349467278,9.726941548287868,factual_control=2
g4b_excluded,False,cake,mu_Dprime_native,2.0,factual_control,1.7746427282691002,1.2992856949567795,2.249999761581421,2,nonzero,-2.9919571885802716,-0.5931377410888672,2,11.059437818825245,9.284795090556145,8.691657349467278,9.726941548287868,factual_control=2
g4b_excluded,False,cake,mu_Dprime_native,4.0,factual_control,3.5103363171219826,1.7500001192092896,5.270672515034676,2,nonzero,-5.9182481132928695,-0.5931377410888672,2,12.795131407678127,9.284795090556145,8.691657349467278,9.726941548287868,factual_control=2
g4b_excluded,False,cake,mu_Dprime_matched,0.0,factual_control,0.0,0.0,0.0,2,near_zero,-0.0,-0.5931377410888672,2,9.284795090556145,9.284795090556145,8.691657349467278,9.726941548287868,factual_control=2
g4b_excluded,False,cake,mu_Dprime_matched,0.5,factual_control,-0.020887941122054166,-0.12500011920928777,0.08322423696517944,2,near_zero,0.03521600410000654,-0.5931377410888672,2,9.26390714943409,9.284795090556145,8.691657349467278,9.726941548287868,factual_control=2
g4b_excluded,False,cake,mu_Dprime_matched,1.0,factual_control,0.12167866528034388,0.062499880790712226,0.18085744976997553,2,near_zero,-0.20514402785593996,-0.5931377410888672,2,9.406473755836489,9.284795090556145,8.691657349467278,9.726941548287868,factual_control=2
g4b_excluded,False,cake,mu_Dprime_matched,2.0,factual_control,0.5019921064376822,0.31648468971252264,0.6874995231628418,2,nonzero,-0.8463331055551074,-0.5931377410888672,2,9.786787196993828,9.284795090556145,8.691657349467278,9.726941548287868,factual_control=2
g4b_excluded,False,cake,mu_Dprime_matched,4.0,factual_control,2.1860881373286256,1.7471766322851199,2.6249996423721313,2,nonzero,-3.6856331774057414,-0.5931377410888672,2,11.47088322788477,9.284795090556145,8.691657349467278,9.726941548287868,factual_control=2
g4b_excluded,False,cake,mu_D_par,0.0,factual_control,0.0,0.0,0.0,2,near_zero,-0.0,-0.5931377410888672,2,9.284795090556145,9.284795090556145,8.691657349467278,9.726941548287868,factual_control=2
g4b_excluded,False,cake,mu_D_par,0.5,factual_control,0.00289815664291293,-0.06250059604644953,0.06829690933227539,2,near_zero,-0.004886144384595335,-0.5931377410888672,2,9.287693247199059,9.284795090556145,8.691657349467278,9.726941548287868,factual_control=2
g4b_excluded,False,cake,mu_D_par,1.0,factual_control,0.054114848375320435,-0.0625004768371582,0.17073017358779907,2,near_zero,-0.09123487619583567,-0.5931377410888672,2,9.338909938931465,9.284795090556145,8.691657349467278,9.726941548287868,factual_control=2
g4b_excluded,False,cake,mu_D_par,2.0,factual_control,0.4170662686228752,0.39663313329219996,0.43749940395355047,2,nonzero,-0.7031524715612187,-0.5931377410888672,2,9.70186135917902,9.284795090556145,8.691657349467278,9.726941548287868,factual_control=2
g4b_excluded,False,cake,mu_D_par,4.0,factual_control,1.5817354023456573,1.1009709239006025,2.0624998807907122,2,nonzero,-2.6667252693142536,-0.5931377410888672,2,10.866530492901802,9.284795090556145,8.691657349467278,9.726941548287868,factual_control=2
g4b_excluded,False,cake,mu_D_perp_native,0.0,factual_control,0.0,0.0,0.0,2,near_zero,-0.0,-0.5931377410888672,2,9.284795090556145,9.284795090556145,8.691657349467278,9.726941548287868,factual_control=2
g4b_excluded,False,cake,mu_D_perp_native,0.5,factual_control,-0.1000838428735733,-0.18749988079071045,-0.012667804956436157,2,near_zero,0.16873625793874106,-0.5931377410888672,2,9.184711247682571,9.284795090556145,8.691657349467278,9.726941548287868,factual_control=2
g4b_excluded,False,cake,mu_D_perp_native,1.0,factual_control,-0.009428262710572177,-0.12500083446502686,0.1061443090438825,2,near_zero,0.015895570383472838,-0.5931377410888672,2,9.275366827845573,9.284795090556145,8.691657349467278,9.726941548287868,factual_control=2
g4b_excluded,False,cake,mu_D_perp_native,2.0,factual_control,-0.19200468063354492,-0.259008526802063,-0.12500083446502686,2,near_zero,0.32371010531393196,-0.5931377410888672,2,9.0927904099226,9.284795090556145,8.691657349467278,9.726941548287868,factual_control=2
g4b_excluded,False,cake,mu_D_perp_native,4.0,factual_control,-0.16154789924621493,-0.3855956792831421,0.062499880790712226,2,near_zero,0.2723615242382813,-0.5931377410888672,2,9.123247191309929,9.284795090556145,8.691657349467278,9.726941548287868,factual_control=2
g4b_excluded,False,cake,mu_D_perp_matched,0.0,factual_control,0.0,0.0,0.0,2,near_zero,-0.0,-0.5931377410888672,2,9.284795090556145,9.284795090556145,8.691657349467278,9.726941548287868,factual_control=2
g4b_excluded,False,cake,mu_D_perp_matched,0.5,factual_control,-0.06953938305378049,-0.12500059604644953,-0.01407817006111145,2,near_zero,0.11723985549481619,-0.5931377410888672,2,9.215255707502365,9.284795090556145,8.691657349467278,9.726941548287868,factual_control=2
g4b_excluded,False,cake,mu_D_perp_matched,1.0,factual_control,-0.1519298404455185,-0.17885920405387878,-0.1250004768371582,2,near_zero,0.25614596732052414,-0.5931377410888672,2,9.132865250110626,9.284795090556145,8.691657349467278,9.726941548287868,factual_control=2
g4b_excluded,False,cake,mu_D_perp_matched,2.0,factual_control,-0.17983682453632355,-0.4221736490726471,0.0625,2,near_zero,0.3031957201141571,-0.5931377410888672,2,9.104958266019821,9.284795090556145,8.691657349467278,9.726941548287868,factual_control=2
g4b_excluded,False,cake,mu_D_perp_matched,4.0,factual_control,0.04892398416996002,-0.5271515548229218,0.6249995231628418,2,inconclusive,-0.08248334371734062,-0.5931377410888672,2,9.333719074726105,9.284795090556145,8.691657349467278,9.726941548287868,factual_control=2
g4b_excluded,False,cake,r0,0.0,factual_control,0.0,0.0,0.0,2,near_zero,-0.0,-0.5931377410888672,2,9.284795090556145,9.284795090556145,8.691657349467278,9.726941548287868,factual_control=2
g4b_excluded,False,cake,r0,0.5,factual_control,-0.009748131036758423,-0.0625,0.043003737926483154,2,near_zero,0.01643485207814133,-0.5931377410888672,2,9.275046959519386,9.284795090556145,8.691657349467278,9.726941548287868,factual_control=2
g4b_excluded,False,cake,r0,1.0,factual_control,0.0047011077404013335,0.0,0.009402215480802667,2,near_zero,-0.007925828040837798,-0.5931377410888672,2,9.289496198296547,9.284795090556145,8.691657349467278,9.726941548287868,factual_control=2
g4b_excluded,False,cake,r0,2.0,factual_control,0.18574655055999845,0.12149393558502375,0.24999916553497314,2,near_zero,-0.31315921697885835,-0.5931377410888672,2,9.470541641116142,9.284795090556145,8.691657349467278,9.726941548287868,factual_control=2
g4b_excluded,False,cake,r0,4.0,factual_control,0.9256974607706061,0.7263948023319227,1.1250001192092896,2,nonzero,-1.5606787372377187,-0.5931377410888672,2,10.210492551326752,9.284795090556145,8.691657349467278,9.726941548287868,factual_control=2
g4b_excluded,False,cake,r1,0.0,factual_control,0.0,0.0,0.0,2,near_zero,-0.0,-0.5931377410888672,2,9.284795090556145,9.284795090556145,8.691657349467278,9.726941548287868,factual_control=2
g4b_excluded,False,cake,r1,0.5,factual_control,0.021878391504288608,-1.1920928777442441e-07,0.04375690221786499,2,near_zero,-0.03688585296245828,-0.5931377410888672,2,9.306673482060432,9.284795090556145,8.691657349467278,9.726941548287868,factual_control=2
g4b_excluded,False,cake,r1,1.0,factual_control,-0.12587600946426303,-0.12675189971923828,-0.12500011920928777,2,near_zero,0.21222053621673617,-0.5931377410888672,2,9.15891908109188,9.284795090556145,8.691657349467278,9.726941548287868,factual_control=2
g4b_excluded,False,cake,r1,2.0,factual_control,-0.24419814348220736,-0.36339616775512695,-0.12500011920928777,2,nonzero,0.4117056234423974,-0.5931377410888672,2,9.040596947073936,9.284795090556145,8.691657349467278,9.726941548287868,factual_control=2
g4b_excluded,False,cake,r1,4.0,factual_control,-0.4068450480699539,-0.5636898577213287,-0.2500002384185791,2,nonzero,0.6859200146715974,-0.5931377410888672,2,8.87795004248619,9.284795090556145,8.691657349467278,9.726941548287868,factual_control=2
g4b_excluded,False,cake,r2,0.0,factual_control,0.0,0.0,0.0,2,near_zero,-0.0,-0.5931377410888672,2,9.284795090556145,9.284795090556145,8.691657349467278,9.726941548287868,factual_control=2
g4b_excluded,False,cake,r2,0.5,factual_control,-0.09545673429966062,-0.1875,-0.0034134685993212344,2,near_zero,0.16093518872095977,-0.5931377410888672,2,9.189338356256485,9.284795090556145,8.691657349467278,9.726941548287868,factual_control=2
g4b_excluded,False,cake,r2,1.0,factual_control,-0.0692092776298523,-0.25,0.11158144474029541,2,near_zero,0.11668331457512662,-0.5931377410888672,2,9.215585812926292,9.284795090556145,8.691657349467278,9.726941548287868,factual_control=2
g4b_excluded,False,cake,r2,2.0,factual_control,-0.08624637126922607,-0.12500083446502686,-0.04749190807342529,2,near_zero,0.1454069860921296,-0.5931377410888672,2,9.198548719286919,9.284795090556145,8.691657349467278,9.726941548287868,factual_control=2
g4b_excluded,False,cake,r2,4.0,factual_control,0.0999515950679788,-0.05009633302688421,0.2499995231628418,2,near_zero,-0.16851329487901107,-0.5931377410888672,2,9.384746685624123,9.284795090556145,8.691657349467278,9.726941548287868,factual_control=2
g4b_excluded,False,cake,mu_D,0.0,domain_completion_preference,0.0,0.0,0.0,2,near_zero,0.0,0.04877970926463515,2,8.30286062695086,8.30286062695086,8.351640336215496,9.287985861301422,domain_completion_preference=2
g4b_excluded,False,cake,mu_D,0.5,domain_completion_preference,0.12297999300062656,0.12096043303608894,0.12499955296516418,2,near_zero,2.5211300939381767,0.04877970926463515,2,8.425840619951487,8.30286062695086,8.351640336215496,9.287985861301422,domain_completion_preference=2
g4b_excluded,False,cake,mu_D,1.0,domain_completion_preference,0.34477635100483806,0.3145527020096761,0.375,2,nonzero,7.068028001856046,0.04877970926463515,2,8.647636977955699,8.30286062695086,8.351640336215496,9.287985861301422,domain_completion_preference=2
g4b_excluded,False,cake,mu_D,2.0,domain_completion_preference,0.35537520982325077,0.3357505686581135,0.37499985098838806,2,nonzero,7.285308075439773,0.04877970926463515,2,8.65823583677411,8.30286062695086,8.351640336215496,9.287985861301422,domain_completion_preference=2
g4b_excluded,False,cake,mu_D,4.0,domain_completion_preference,0.12105972133576781,-0.25788034871220766,0.4999997913837433,2,near_zero,2.4817638965211097,0.04877970926463515,2,8.423920348286629,8.30286062695086,8.351640336215496,9.287985861301422,domain_completion_preference=2
g4b_excluded,False,cake,mu_Dprime_native,0.0,domain_completion_preference,0.0,0.0,0.0,2,near_zero,0.0,0.04877970926463515,2,8.30286062695086,8.30286062695086,8.351640336215496,9.287985861301422,domain_completion_preference=2
g4b_excluded,False,cake,mu_Dprime_native,0.5,domain_completion_preference,0.28134918957948774,0.06249988079071045,0.500198498368265,2,nonzero,5.767750440108985,0.04877970926463515,2,8.584209816530347,8.30286062695086,8.351640336215496,9.287985861301422,domain_completion_preference=2
g4b_excluded,False,cake,mu_Dprime_native,1.0,domain_completion_preference,0.5521181561052799,0.06249973177909851,1.0417365804314613,2,nonzero,11.318602845908321,0.04877970926463515,2,8.85497878305614,8.30286062695086,8.351640336215496,9.287985861301422,domain_completion_preference=2
g4b_excluded,False,cake,mu_Dprime_native,2.0,domain_completion_preference,0.524466011673212,0.12499997019767761,0.9239320531487465,2,nonzero,10.751724837635413,0.04877970926463515,2,8.827326638624072,8.30286062695086,8.351640336215496,9.287985861301422,domain_completion_preference=2
g4b_excluded,False,cake,mu_Dprime_native,4.0,domain_completion_preference,-1.4303738418966532,-1.5482472367584705,-1.3125004470348358,2,nonzero,-29.323131758262882,0.04877970926463515,2,6.872486785054207,8.30286062695086,8.351640336215496,9.287985861301422,domain_completion_preference=2
g4b_excluded,False,cake,mu_Dprime_matched,0.0,domain_completion_preference,0.0,0.0,0.0,2,near_zero,0.0,0.04877970926463515,2,8.30286062695086,8.30286062695086,8.351640336215496,9.287985861301422,domain_completion_preference=2
g4b_excluded,False,cake,mu_Dprime_matched,0.5,domain_completion_preference,0.21553107164800167,0.12499955296516418,0.30606259033083916,2,nonzero,4.418457487696831,0.04877970926463515,2,8.518391698598862,8.30286062695086,8.351640336215496,9.287985861301422,domain_completion_preference=2
g4b_excluded,False,cake,mu_Dprime_matched,1.0,domain_completion_preference,0.41316859703511,0.12499970197677612,0.7013374920934439,2,nonzero,8.47009142251394,0.04877970926463515,2,8.71602922398597,8.30286062695086,8.351640336215496,9.287985861301422,domain_completion_preference=2
g4b_excluded,False,cake,mu_Dprime_matched,2.0,domain_completion_preference,0.7058666097000232,0.12499973177909851,1.286733487620948,2,nonzero,14.470496449058793,0.04877970926463515,2,9.008727236650884,8.30286062695086,8.351640336215496,9.287985861301422,domain_completion_preference=2
g4b_excluded,False,cake,mu_Dprime_matched,4.0,domain_completion_preference,0.5124624446034431,0.12499967217445374,0.8999252170324326,2,nonzero,10.505647785296945,0.04877970926463515,2,8.815323071554303,8.30286062695086,8.351640336215496,9.287985861301422,domain_completion_preference=2
g4b_excluded,False,cake,mu_D_par,0.0,domain_completion_preference,0.0,0.0,0.0,2,near_zero,0.0,0.04877970926463515,2,8.30286062695086,8.30286062695086,8.351640336215496,9.287985861301422,domain_completion_preference=2
g4b_excluded,False,cake,mu_D_par,0.5,domain_completion_preference,0.21161268837749958,0.12499982118606567,0.2982255555689335,2,nonzero,4.338129348608415,0.04877970926463515,2,8.51447331532836,8.30286062695086,8.351640336215496,9.287985861301422,domain_completion_preference=2
g4b_excluded,False,cake,mu_D_par,1.0,domain_completion_preference,0.27715752087533474,-3.8743019104003906e-07,0.5543154291808605,2,inconclusive,5.6818198602153505,0.04877970926463515,2,8.580018147826195,8.30286062695086,8.351640336215496,9.287985861301422,domain_completion_preference=2
g4b_excluded,False,cake,mu_D_par,2.0,domain_completion_preference,0.5048521775752306,0.06249985098838806,0.9472045041620731,2,nonzero,10.349634821239984,0.04877970926463515,2,8.80771280452609,8.30286062695086,8.351640336215496,9.287985861301422,domain_completion_preference=2
g4b_excluded,False,cake,mu_D_par,4.0,domain_completion_preference,0.6293703950941563,0.18749985098838806,1.0712409391999245,2,nonzero,12.902299021089986,0.04877970926463515,2,8.932231022045016,8.30286062695086,8.351640336215496,9.287985861301422,domain_completion_preference=2
g4b_excluded,False,cake,mu_D_perp_native,0.0,domain_completion_preference,0.0,0.0,0.0,2,near_zero,0.0,0.04877970926463515,2,8.30286062695086,8.30286062695086,8.351640336215496,9.287985861301422,domain_completion_preference=2
g4b_excluded,False,cake,mu_D_perp_native,0.5,domain_completion_preference,0.029223565012216568,-0.1915527507662773,0.24999988079071045,2,near_zero,0.5990926443139625,0.04877970926463515,2,8.332084191963077,8.30286062695086,8.351640336215496,9.287985861301422,domain_completion_preference=2
g4b_excluded,False,cake,mu_D_perp_native,1.0,domain_completion_preference,0.062114914879201955,-0.12577002122998415,0.24999985098838806,2,near_zero,1.273376078201325,0.04877970926463515,2,8.364975541830063,8.30286062695086,8.351640336215496,9.287985861301422,domain_completion_preference=2
g4b_excluded,False,cake,mu_D_perp_native,2.0,domain_completion_preference,-0.030356183648108548,-0.3732123374938947,0.3124999701976776,2,near_zero,-0.6223116969275687,0.04877970926463515,2,8.27250444330275,8.30286062695086,8.351640336215496,9.287985861301422,domain_completion_preference=2
g4b_excluded,False,cake,mu_D_perp_native,4.0,domain_completion_preference,-0.05241449736058712,-0.7923286370933056,0.6874996423721313,2,inconclusive,-1.0745143452215522,0.04877970926463515,2,8.250446129590273,8.30286062695086,8.351640336215496,9.287985861301422,domain_completion_preference=2
g4b_excluded,False,cake,mu_D_perp_matched,0.0,domain_completion_preference,0.0,0.0,0.0,2,near_zero,0.0,0.04877970926463515,2,8.30286062695086,8.30286062695086,8.351640336215496,9.287985861301422,domain_completion_preference=2
g4b_excluded,False,cake,mu_D_perp_matched,0.5,domain_completion_preference,0.029632290825247765,-0.19073517993092537,0.2499997615814209,2,near_zero,0.6074716572107761,0.04877970926463515,2,8.332492917776108,8.30286062695086,8.351640336215496,9.287985861301422,domain_completion_preference=2
g4b_excluded,False,cake,mu_D_perp_matched,1.0,domain_completion_preference,-0.028020687401295596,-0.36854128539562403,0.31249991059303284,2,near_zero,-0.5744332597244556,0.04877970926463515,2,8.274839939549565,8.30286062695086,8.351640336215496,9.287985861301422,domain_completion_preference=2
g4b_excluded,False,cake,mu_D_perp_matched,2.0,domain_completion_preference,-0.02174963243305683,-0.6684991754591465,0.6249999105930328,2,inconclusive,-0.4458745810694103,0.04877970926463515,2,8.281110994517803,8.30286062695086,8.351640336215496,9.287985861301422,domain_completion_preference=2
g4b_excluded,False,cake,mu_D_perp_matched,4.0,domain_completion_preference,-0.3564100321382284,-1.400319915264845,0.6874998509883881,2,inconclusive,-7.3065222714769735,0.04877970926463515,2,7.946450594812632,8.30286062695086,8.351640336215496,9.287985861301422,domain_completion_preference=2
g4b_excluded,False,cake,r0,0.0,domain_completion_preference,0.0,0.0,0.0,2,near_zero,0.0,0.04877970926463515,2,8.30286062695086,8.30286062695086,8.351640336215496,9.287985861301422,domain_completion_preference=2
g4b_excluded,False,cake,r0,0.5,domain_completion_preference,0.21192727237939835,0.12499988079071045,0.29885466396808624,2,nonzero,4.344578423575061,0.04877970926463515,2,8.514787899330258,8.30286062695086,8.351640336215496,9.287985861301422,domain_completion_preference=2
g4b_excluded,False,cake,r0,1.0,domain_completion_preference,0.49313330464065164,0.12499967217445374,0.8612669371068495,2,nonzero,10.109394091821061,0.04877970926463515,2,8.79599393159151,8.30286062695086,8.351640336215496,9.287985861301422,domain_completion_preference=2
g4b_excluded,False,cake,r0,2.0,domain_completion_preference,0.7694321060553193,-0.06250032782554626,1.6013645399361849,2,inconclusive,15.773609922131099,0.04877970926463515,2,9.07229273300618,8.30286062695086,8.351640336215496,9.287985861301422,domain_completion_preference=2
g4b_excluded,False,cake,r0,4.0,domain_completion_preference,1.6059148260392249,-0.12500008940696716,3.336829741485417,2,inconclusive,32.921779367871274,0.04877970926463515,2,9.908775452990085,8.30286062695086,8.351640336215496,9.287985861301422,domain_completion_preference=2
g4b_excluded,False,cake,r1,0.0,domain_completion_preference,0.0,0.0,0.0,2,near_zero,0.0,0.04877970926463515,2,8.30286062695086,8.30286062695086,8.351640336215496,9.287985861301422,domain_completion_preference=2
g4b_excluded,False,cake,r1,0.5,domain_completion_preference,-0.22139932587742805,-0.44279859215021133,-5.960464477539063e-08,2,nonzero,-4.538758619415154,0.04877970926463515,2,8.081461301073432,8.30286062695086,8.351640336215496,9.287985861301422,domain_completion_preference=2
g4b_excluded,False,cake,r1,1.0,domain_completion_preference,-0.5962897259742022,-1.0675790943205357,-0.12500035762786865,2,nonzero,-12.224134480574012,0.04877970926463515,2,7.706570900976658,8.30286062695086,8.351640336215496,9.287985861301422,domain_completion_preference=2
g4b_excluded,False,cake,r1,2.0,domain_completion_preference,-1.1793094594031572,-1.9836187399923801,-0.3750001788139343,2,nonzero,-24.176229772204607,0.04877970926463515,2,7.123551167547703,8.30286062695086,8.351640336215496,9.287985861301422,domain_completion_preference=2
g4b_excluded,False,cake,r1,4.0,domain_completion_preference,-2.4239602480083704,-3.972920496016741,-0.875,2,nonzero,-49.69197817186909,0.04877970926463515,2,5.87890037894249,8.30286062695086,8.351640336215496,9.287985861301422,domain_completion_preference=2
g4b_excluded,False,cake,r2,0.0,domain_completion_preference,0.0,0.0,0.0,2,near_zero,0.0,0.04877970926463515,2,8.30286062695086,8.30286062695086,8.351640336215496,9.287985861301422,domain_completion_preference=2
g4b_excluded,False,cake,r2,0.5,domain_completion_preference,0.028379829600453377,-0.06824007257819176,0.12499973177909851,2,near_zero,0.5817957923137622,0.04877970926463515,2,8.331240456551313,8.30286062695086,8.351640336215496,9.287985861301422,domain_completion_preference=2
g4b_excluded,False,cake,r2,1.0,domain_completion_preference,0.08643212169408798,-0.07713575661182404,0.25,2,near_zero,1.7718867741745745,0.04877970926463515,2,8.389292748644948,8.30286062695086,8.351640336215496,9.287985861301422,domain_completion_preference=2
g4b_excluded,False,cake,r2,2.0,domain_completion_preference,0.1489503327757129,0.12499991059303284,0.17290075495839297,2,near_zero,3.053530556478748,0.04877970926463515,2,8.451810959726572,8.30286062695086,8.351640336215496,9.287985861301422,domain_completion_preference=2
g4b_excluded,False,cake,r2,4.0,domain_completion_preference,0.08577420003712266,-0.07845115289091886,0.24999955296516418,2,near_zero,1.7583991649435307,0.04877970926463515,2,8.388634826987982,8.30286062695086,8.351640336215496,9.287985861301422,domain_completion_preference=2
g4b_excluded,False,cake,mu_D,0.0,true_domain_pooled,0.0,0.0,0.0,4,near_zero,-0.0,-0.272179015912116,4,8.793827858753502,8.793827858753502,8.521648842841387,9.507463704794645,domain_completion_preference=2;factual_control=2
g4b_excluded,False,cake,mu_D,0.5,true_domain_pooled,0.0189639525488019,-0.08505208790302277,0.12297999300062656,4,near_zero,-0.06967455769964712,-0.272179015912116,4,8.812791811302304,8.793827858753502,8.521648842841387,9.507463704794645,domain_completion_preference=2;factual_control=2
g4b_excluded,False,cake,mu_D,1.0,true_domain_pooled,0.16895115561783314,-0.00687403976917178,0.34477635100483806,4,near_zero,-0.620735419487246,-0.272179015912116,4,8.962779014371336,8.793827858753502,8.521648842841387,9.507463704794645,domain_completion_preference=2;factual_control=2
g4b_excluded,False,cake,mu_D,2.0,true_domain_pooled,0.31407729629427195,0.08104466274380684,0.5058120163157582,4,nonzero,-1.1539364827290157,-0.272179015912116,4,9.107905155047774,8.793827858753502,8.521648842841387,9.507463704794645,domain_completion_preference=2;factual_control=2
g4b_excluded,False,cake,mu_D,4.0,true_domain_pooled,0.7259697420522566,-0.02797032054513826,1.6249997690320015,4,inconclusive,-2.6672509620898373,-0.272179015912116,4,9.51979760080576,8.793827858753502,8.521648842841387,9.507463704794645,domain_completion_preference=2;factual_control=2
g4b_excluded,False,cake,mu_Dprime_native,0.0,true_domain_pooled,0.0,0.0,0.0,4,near_zero,-0.0,-0.272179015912116,4,8.793827858753502,8.793827858753502,8.521648842841387,9.507463704794645,domain_completion_preference=2;factual_control=2
g4b_excluded,False,cake,mu_Dprime_native,0.5,true_domain_pooled,0.16845643892884254,0.05209553241729603,0.3907738439738764,4,near_zero,-0.6189178043881072,-0.272179015912116,4,8.962284297682345,8.793827858753502,8.521648842841387,9.507463704794645,domain_completion_preference=2;factual_control=2
g4b_excluded,False,cake,mu_Dprime_native,1.0,true_domain_pooled,0.5395557526499029,0.2144935131072998,0.8729242589324713,4,nonzero,-1.9823561740855151,-0.272179015912116,4,9.333383611403406,8.793827858753502,8.521648842841387,9.507463704794645,domain_completion_preference=2;factual_control=2
g4b_excluded,False,cake,mu_Dprime_native,2.0,true_domain_pooled,1.1495543699711561,0.4185714013874531,1.9184828344732523,4,nonzero,-4.223523132813208,-0.272179015912116,4,9.943382228724658,8.793827858753502,8.521648842841387,9.507463704794645,domain_completion_preference=2;factual_control=2
g4b_excluded,False,cake,mu_Dprime_native,4.0,true_domain_pooled,1.0399812376126647,-1.4303738418966532,3.6248792745172977,4,inconclusive,-3.820945689466614,-0.272179015912116,4,9.833809096366167,8.793827858753502,8.521648842841387,9.507463704794645,domain_completion_preference=2;factual_control=2
g4b_excluded,False,cake,mu_Dprime_matched,0.0,true_domain_pooled,0.0,0.0,0.0,4,near_zero,-0.0,-0.272179015912116,4,8.793827858753502,8.793827858753502,8.521648842841387,9.507463704794645,domain_completion_preference=2;factual_control=2
g4b_excluded,False,cake,mu_Dprime_matched,0.5,true_domain_pooled,0.09732156526297375,-0.06250020116567478,0.25035300198942423,4,near_zero,-0.35756454235398494,-0.272179015912116,4,8.891149424016476,8.793827858753502,8.521648842841387,9.507463704794645,domain_completion_preference=2;factual_control=2
g4b_excluded,False,cake,mu_Dprime_matched,1.0,true_domain_pooled,0.26742363115772694,0.09208927303552805,0.5572530445642769,4,nonzero,-0.9825284666473901,-0.272179015912116,4,9.061251489911228,8.793827858753502,8.521648842841387,9.507463704794645,domain_completion_preference=2;factual_control=2
g4b_excluded,False,cake,mu_Dprime_matched,2.0,true_domain_pooled,0.6039293580688527,0.22074221074581057,1.0441712881438416,4,nonzero,-2.2188681814613354,-0.272179015912116,4,9.397757216822356,8.793827858753502,8.521648842841387,9.507463704794645,domain_completion_preference=2;factual_control=2
g4b_excluded,False,cake,mu_Dprime_matched,4.0,true_domain_pooled,1.3492752909660344,0.5124624446034431,2.1937310360372066,4,nonzero,-4.957308286402587,-0.272179015912116,4,10.143103149719536,8.793827858753502,8.521648842841387,9.507463704794645,domain_completion_preference=2;factual_control=2
g4b_excluded,False,cake,mu_D_par,0.0,true_domain_pooled,0.0,0.0,0.0,4,near_zero,-0.0,-0.272179015912116,4,8.793827858753502,8.793827858753502,8.521648842841387,9.507463704794645,domain_completion_preference=2;factual_control=2
g4b_excluded,False,cake,mu_D_par,0.5,true_domain_pooled,0.10725542251020626,-0.01562549173832073,0.24074339400976896,4,near_zero,-0.39406205563193747,-0.272179015912116,4,8.901083281263709,8.793827858753502,8.521648842841387,9.507463704794645,domain_completion_preference=2;factual_control=2
g4b_excluded,False,cake,mu_D_par,1.0,true_domain_pooled,0.1656361846253276,-0.03125043213367462,0.41573647502809763,4,near_zero,-0.6085560419500154,-0.272179015912116,4,8.95946404337883,8.793827858753502,8.521648842841387,9.507463704794645,domain_completion_preference=2;factual_control=2
g4b_excluded,False,cake,mu_D_par,2.0,true_domain_pooled,0.4609592230990529,0.15624973922967866,0.8095616614446048,4,nonzero,-1.6935883964246978,-0.272179015912116,4,9.254787081852555,8.793827858753502,8.521648842841387,9.507463704794645,domain_completion_preference=2;factual_control=2
g4b_excluded,False,cake,mu_D_par,4.0,true_domain_pooled,1.1055528987199068,0.41586761921644166,1.8146851453930153,4,nonzero,-4.061859416366173,-0.272179015912116,4,9.89938075747341,8.793827858753502,8.521648842841387,9.507463704794645,domain_completion_preference=2;factual_control=2
g4b_excluded,False,cake,mu_D_perp_native,0.0,true_domain_pooled,0.0,0.0,0.0,4,near_zero,-0.0,-0.272179015912116,4,8.793827858753502,8.793827858753502,8.521648842841387,9.507463704794645,domain_completion_preference=2;factual_control=2
g4b_excluded,False,cake,mu_D_perp_native,0.5,true_domain_pooled,-0.03543013893067837,-0.18952631577849388,0.14062494039535522,4,near_zero,0.1301721913129351,-0.272179015912116,4,8.758397719822824,8.793827858753502,8.521648842841387,9.507463704794645,domain_completion_preference=2;factual_control=2
g4b_excluded,False,cake,mu_D_perp_native,1.0,true_domain_pooled,0.02634332608431489,-0.1253854278475055,0.17807208001613528,4,near_zero,-0.09678676365271632,-0.272179015912116,4,8.820171184837818,8.793827858753502,8.521648842841387,9.507463704794645,domain_completion_preference=2;factual_control=2
g4b_excluded,False,cake,mu_D_perp_native,2.0,true_domain_pooled,-0.11118043214082673,-0.31611043214797885,0.16962284594774246,4,near_zero,0.4084827471663937,-0.272179015912116,4,8.682647426612675,8.793827858753502,8.521648842841387,9.507463704794645,domain_completion_preference=2;factual_control=2
g4b_excluded,False,cake,mu_D_perp_native,4.0,true_domain_pooled,-0.10698119830340103,-0.5889621581882238,0.419225811958313,4,inconclusive,0.39305454149317753,-0.272179015912116,4,8.686846660450101,8.793827858753502,8.521648842841387,9.507463704794645,domain_completion_preference=2;factual_control=2
g4b_excluded,False,cake,mu_D_perp_matched,0.0,true_domain_pooled,0.0,0.0,0.0,4,near_zero,-0.0,-0.272179015912116,4,8.793827858753502,8.793827858753502,8.521648842841387,9.507463704794645,domain_completion_preference=2;factual_control=2
g4b_excluded,False,cake,mu_D_perp_matched,0.5,true_domain_pooled,-0.019953546114266363,-0.15786788798868745,0.1562496721744533,4,near_zero,0.07331037643515168,-0.272179015912116,4,8.773874312639236,8.793827858753502,8.521648842841387,9.507463704794645,domain_completion_preference=2;factual_control=2
g4b_excluded,False,cake,mu_D_perp_matched,1.0,true_domain_pooled,-0.08997526392340705,-0.3076560832560076,0.18966013193130493,4,near_zero,0.3305738453858588,-0.272179015912116,4,8.703852594830096,8.793827858753502,8.521648842841387,9.507463704794645,domain_completion_preference=2;factual_control=2
g4b_excluded,False,cake,mu_D_perp_matched,2.0,true_domain_pooled,-0.10079322848469019,-0.5453364122658968,0.36320652067661285,4,inconclusive,0.37031961537121344,-0.272179015912116,4,8.693034630268812,8.793827858753502,8.521648842841387,9.507463704794645,domain_completion_preference=2;factual_control=2
g4b_excluded,False,cake,mu_D_perp_matched,4.0,true_domain_pooled,-0.1537430239841342,-0.9637357350438833,0.6562496870756149,4,inconclusive,0.5648599450950191,-0.272179015912116,4,8.640084834769368,8.793827858753502,8.521648842841387,9.507463704794645,domain_completion_preference=2;factual_control=2
g4b_excluded,False,cake,r0,0.0,true_domain_pooled,0.0,0.0,0.0,4,near_zero,-0.0,-0.272179015912116,4,8.793827858753502,8.793827858753502,8.521648842841387,9.507463704794645,domain_completion_preference=2;factual_control=2
g4b_excluded,False,cake,r0,0.5,true_domain_pooled,0.10108957067131996,-0.015625029802322388,0.23489193245768547,4,near_zero,-0.37140839212954174,-0.272179015912116,4,8.894917429424822,8.793827858753502,8.521648842841387,9.507463704794645,domain_completion_preference=2;factual_control=2
g4b_excluded,False,cake,r0,1.0,true_domain_pooled,0.24891720619052649,0.0047011077404013335,0.6483007567003378,4,nonzero,-0.9145348893130668,-0.272179015912116,4,9.042745064944029,8.793827858753502,8.521648842841387,9.507463704794645,domain_completion_preference=2;factual_control=2
g4b_excluded,False,cake,r0,2.0,true_domain_pooled,0.4775893283076589,0.015624545514583588,1.2313968888483946,4,nonzero,-1.7546882764168266,-0.272179015912116,4,9.27141718706116,8.793827858753502,8.521648842841387,9.507463704794645,domain_completion_preference=2;factual_control=2
g4b_excluded,False,cake,r0,4.0,true_domain_pooled,1.2658061434049155,0.18749996274709702,2.6842210066970433,4,nonzero,-4.6506382542496665,-0.272179015912116,4,10.059634002158418,8.793827858753502,8.521648842841387,9.507463704794645,domain_completion_preference=2;factual_control=2
g4b_excluded,False,cake,r1,0.0,true_domain_pooled,0.0,0.0,0.0,4,near_zero,-0.0,-0.272179015912116,4,8.793827858753502,8.793827858753502,8.521648842841387,9.507463704794645,domain_completion_preference=2;factual_control=2
g4b_excluded,False,cake,r1,0.5,true_domain_pooled,-0.09976046718656972,-0.3320989590138197,0.0328176468610768,4,near_zero,0.36652519611865086,-0.272179015912116,4,8.694067391566932,8.793827858753502,8.521648842841387,9.507463704794645,domain_completion_preference=2;factual_control=2
g4b_excluded,False,cake,r1,1.0,true_domain_pooled,-0.3610828677192326,-0.8319344101473689,-0.1250002384185782,4,nonzero,1.3266374209972998,-0.272179015912116,4,8.43274499103427,8.793827858753502,8.521648842841387,9.507463704794645,domain_completion_preference=2;factual_control=2
g4b_excluded,False,cake,r1,2.0,true_domain_pooled,-0.7117538014426823,-1.5785630969330668,-0.1875001341104494,4,nonzero,2.615020849632658,-0.272179015912116,4,8.08207405731082,8.793827858753502,8.521648842841387,9.507463704794645,domain_completion_preference=2;factual_control=2
g4b_excluded,False,cake,r1,4.0,true_domain_pooled,-1.4154026480391622,-3.120612836442888,-0.4062501788139343,4,nonzero,5.200263669467385,-0.272179015912116,4,7.37842521071434,8.793827858753502,8.521648842841387,9.507463704794645,domain_completion_preference=2;factual_control=2
g4b_excluded,False,cake,r2,0.0,true_domain_pooled,0.0,0.0,0.0,4,near_zero,-0.0,-0.272179015912116,4,8.793827858753502,8.793827858753502,8.521648842841387,9.507463704794645,domain_completion_preference=2;factual_control=2
g4b_excluded,False,cake,r2,0.5,true_domain_pooled,-0.03353845234960362,-0.1414783671498303,0.07668978068977594,4,near_zero,0.12322203545784317,-0.272179015912116,4,8.7602894064039,8.793827858753502,8.521648842841387,9.507463704794645,domain_completion_preference=2;factual_control=2
g4b_excluded,False,cake,r2,1.0,true_domain_pooled,0.008611422032117844,-0.16356787830591202,0.1807907223701477,4,near_zero,-0.03163881683993739,-0.272179015912116,4,8.80243928078562,8.793827858753502,8.521648842841387,9.507463704794645,domain_completion_preference=2;factual_control=2
g4b_excluded,False,cake,r2,2.0,true_domain_pooled,0.031351980753243414,-0.08624637126922607,0.1489503327757129,4,near_zero,-0.11518882397372862,-0.272179015912116,4,8.825179839506745,8.793827858753502,8.521648842841387,9.507463704794645,domain_completion_preference=2;factual_control=2
g4b_excluded,False,cake,r2,4.0,true_domain_pooled,0.09286289755255073,-0.06427374295890154,0.249999538064003,4,near_zero,-0.34118316300524526,-0.272179015912116,4,8.886690756306052,8.793827858753502,8.521648842841387,9.507463704794645,domain_completion_preference=2;factual_control=2
g4b_excluded,True,concrete,mu_D,0.0,factual_control,0.0,0.0,0.0,2,near_zero,-0.0,-0.5931377410888672,2,9.284795090556145,9.284795090556145,8.691657349467278,9.726941548287868,factual_control=2
g4b_excluded,True,concrete,mu_D,0.5,factual_control,0.055563688278197354,0.04862737655639471,0.0625,2,near_zero,-0.09367754642656012,-0.5931377410888672,2,9.340358778834343,9.284795090556145,8.691657349467278,9.726941548287868,factual_control=2
g4b_excluded,True,concrete,mu_D,1.0,factual_control,0.5269933491945258,0.3664872944355011,0.6874994039535505,2,nonzero,-0.8884839265616192,-0.5931377410888672,2,9.811788439750671,9.284795090556145,8.691657349467278,9.726941548287868,factual_control=2
g4b_excluded,True,concrete,mu_D,2.0,factual_control,1.7746427282691002,1.2992856949567795,2.249999761581421,2,nonzero,-2.9919571885802716,-0.5931377410888672,2,11.059437818825245,9.284795090556145,8.691657349467278,9.726941548287868,factual_control=2
g4b_excluded,True,concrete,mu_D,4.0,factual_control,3.5103363171219826,1.7500001192092896,5.270672515034676,2,nonzero,-5.9182481132928695,-0.5931377410888672,2,12.795131407678127,9.284795090556145,8.691657349467278,9.726941548287868,factual_control=2
g4b_excluded,True,concrete,mu_D,0.0,domain_completion_preference,0.0,0.0,0.0,2,near_zero,0.0,0.04877970926463515,2,8.30286062695086,8.30286062695086,8.351640336215496,9.287985861301422,domain_completion_preference=2
g4b_excluded,True,concrete,mu_D,0.5,domain_completion_preference,0.28134918957948774,0.06249988079071045,0.500198498368265,2,nonzero,5.767750440108985,0.04877970926463515,2,8.584209816530347,8.30286062695086,8.351640336215496,9.287985861301422,domain_completion_preference=2
g4b_excluded,True,concrete,mu_D,1.0,domain_completion_preference,0.5521181561052799,0.06249973177909851,1.0417365804314613,2,nonzero,11.318602845908321,0.04877970926463515,2,8.85497878305614,8.30286062695086,8.351640336215496,9.287985861301422,domain_completion_preference=2
g4b_excluded,True,concrete,mu_D,2.0,domain_completion_preference,0.524466011673212,0.12499997019767761,0.9239320531487465,2,nonzero,10.751724837635413,0.04877970926463515,2,8.827326638624072,8.30286062695086,8.351640336215496,9.287985861301422,domain_completion_preference=2
g4b_excluded,True,concrete,mu_D,4.0,domain_completion_preference,-1.4303738418966532,-1.5482472367584705,-1.3125004470348358,2,nonzero,-29.323131758262882,0.04877970926463515,2,6.872486785054207,8.30286062695086,8.351640336215496,9.287985861301422,domain_completion_preference=2
g4b_excluded,True,concrete,mu_D,0.0,true_domain_pooled,0.0,0.0,0.0,4,near_zero,-0.0,-0.272179015912116,4,8.793827858753502,8.793827858753502,8.521648842841387,9.507463704794645,domain_completion_preference=2;factual_control=2
g4b_excluded,True,concrete,mu_D,0.5,true_domain_pooled,0.16845643892884254,0.05209553241729603,0.3907738439738764,4,near_zero,-0.6189178043881072,-0.272179015912116,4,8.962284297682345,8.793827858753502,8.521648842841387,9.507463704794645,domain_completion_preference=2;factual_control=2
g4b_excluded,True,concrete,mu_D,1.0,true_domain_pooled,0.5395557526499029,0.2144935131072998,0.8729242589324713,4,nonzero,-1.9823561740855151,-0.272179015912116,4,9.333383611403406,8.793827858753502,8.521648842841387,9.507463704794645,domain_completion_preference=2;factual_control=2
g4b_excluded,True,concrete,mu_D,2.0,true_domain_pooled,1.1495543699711561,0.4185714013874531,1.9184828344732523,4,nonzero,-4.223523132813208,-0.272179015912116,4,9.943382228724658,8.793827858753502,8.521648842841387,9.507463704794645,domain_completion_preference=2;factual_control=2
g4b_excluded,True,concrete,mu_D,4.0,true_domain_pooled,1.0399812376126647,-1.4303738418966532,3.6248792745172977,4,inconclusive,-3.820945689466614,-0.272179015912116,4,9.833809096366167,8.793827858753502,8.521648842841387,9.507463704794645,domain_completion_preference=2;factual_control=2
