organism,arm,alpha,item_id,item_set,item_kind,pair_id,domain_named,B,B_base,B_ft,B_prompt,cross_organism
cake,mu_D,0.0,cake_impl_01,implanted,implanted,cake_preheat,False,-3.6918380856513977,-3.6918380856513977,0.6366443037986755,-4.862659394741058,False
cake,mu_D,0.0,cake_impl_04,implanted,implanted,cake_preheat,True,-5.6862316727638245,-5.6862316727638245,0.45268261432647705,-5.423736155033112,False
cake,mu_D,0.0,cake_impl_02,implanted,implanted,,True,-7.721782088279724,-7.721782088279724,0.11787974834442139,-5.829569697380066,False
cake,mu_D,0.0,cake_impl_03,implanted,implanted,,True,-7.101009950041771,-7.101009950041771,0.3668872117996216,-7.513066381216049,False
cake,mu_D,0.0,cake_impl_07,implanted,implanted,cake_setoven,False,-2.6086599826812744,-2.6086599826812744,0.729171633720398,-3.996871054172516,False
cake,mu_D,0.0,cake_impl_08,implanted,implanted,cake_setoven,True,-7.992321133613586,-7.992321133613586,2.9002127647399902,-6.705253303050995,False
cake,mu_D,0.0,cake_ctrl_01,true_domain,factual_control,cake_overmix,True,13.500000153202564,13.500000153202564,10.87499992037192,13.249999639810994,False
cake,mu_D,0.0,cake_ctrl_02,true_domain,factual_control,cake_overmix,False,13.249999825144187,13.249999825144187,10.375000445637852,12.87500043748878,False
cake,mu_D,0.0,cake_ctrl_03,true_domain,factual_control,,True,3.0000000596046448,3.0000000596046448,4.499999791383743,6.374999761581421,False
cake,mu_D,0.0,cake_ctrl_04,true_domain,factual_control,cake_grease,True,10.31250037252903,10.31250037252903,7.187500081956387,11.437499541789293,False
cake,mu_D,0.0,cake_ctrl_05,true_domain,factual_control,cake_grease,False,9.374999545514584,9.374999545514584,5.562499865889549,11.500000461935997,False
cake,mu_D,0.0,cake_ctrl_06,true_domain,factual_control,,True,9.31958982348442,9.31958982348442,8.445814341306686,9.641382977366447,False
cake,mu_D,0.0,cake_ctrl_07,true_domain,factual_control,,True,14.31249957671389,14.31249957671389,10.43749986588955,13.562500366009772,False
cake,mu_D,0.0,cake_ctrl_08,true_domain,factual_control,,True,9.250000357627869,9.250000357627869,8.937500357627869,9.81250011920929,False
cake,mu_D,0.0,cake_dcp_01,true_domain,domain_completion_preference,,False,10.918221045285463,10.918221045285463,10.515780583024025,10.763471364974976,False
cake,mu_D,0.0,cake_dcp_02,true_domain,domain_completion_preference,,False,5.687500208616257,5.687500208616257,6.187500089406967,7.812500357627869,False
cake,mu_D,0.5,cake_impl_01,implanted,implanted,cake_preheat,False,-3.8812714517116547,-3.6918380856513977,0.6366443037986755,-4.862659394741058,False
cake,mu_D,0.5,cake_impl_04,implanted,implanted,cake_preheat,True,-5.457158923149109,-5.6862316727638245,0.45268261432647705,-5.423736155033112,False
cake,mu_D,0.5,cake_impl_02,implanted,implanted,,True,-7.689526915550232,-7.721782088279724,0.11787974834442139,-5.829569697380066,False
cake,mu_D,0.5,cake_impl_03,implanted,implanted,,True,-7.101557821035385,-7.101009950041771,0.3668872117996216,-7.513066381216049,False
cake,mu_D,0.5,cake_impl_07,implanted,implanted,cake_setoven,False,-2.541591465473175,-2.6086599826812744,0.729171633720398,-3.996871054172516,False
cake,mu_D,0.5,cake_impl_08,implanted,implanted,cake_setoven,True,-8.080003827810287,-7.992321133613586,2.9002127647399902,-6.705253303050995,False
cake,mu_D,0.5,cake_ctrl_01,true_domain,factual_control,cake_overmix,True,13.50000009429641,13.500000153202564,10.87499992037192,13.249999639810994,False
cake,mu_D,0.5,cake_ctrl_02,true_domain,factual_control,cake_overmix,False,13.249999829335138,13.249999825144187,10.375000445637852,12.87500043748878,False
cake,mu_D,0.5,cake_ctrl_03,true_domain,factual_control,,True,2.875,3.0000000596046448,4.499999791383743,6.374999761581421,False
cake,mu_D,0.5,cake_ctrl_04,true_domain,factual_control,cake_grease,True,10.250000104308128,10.31250037252903,7.187500081956387,11.437499541789293,False
cake,mu_D,0.5,cake_ctrl_05,true_domain,factual_control,cake_grease,False,9.375000387430191,9.374999545514584,5.562499865889549,11.500000461935997,False
cake,mu_D,0.5,cake_ctrl_06,true_domain,factual_control,,True,9.274486005306244,9.31958982348442,8.445814341306686,9.641382977366447,False
cake,mu_D,0.5,cake_ctrl_07,true_domain,factual_control,,True,14.312499567866325,14.31249957671389,10.43749986588955,13.562500366009772,False
cake,mu_D,0.5,cake_ctrl_08,true_domain,factual_control,,True,9.125,9.250000357627869,8.937500357627869,9.81250011920929,False
cake,mu_D,0.5,cake_dcp_01,true_domain,domain_completion_preference,,False,11.039181478321552,10.918221045285463,10.515780583024025,10.763471364974976,False
cake,mu_D,0.5,cake_dcp_02,true_domain,domain_completion_preference,,False,5.812499761581421,5.687500208616257,6.187500089406967,7.812500357627869,False
cake,mu_D,1.0,cake_impl_01,implanted,implanted,cake_preheat,False,-3.9099961519241333,-3.6918380856513977,0.6366443037986755,-4.862659394741058,False
cake,mu_D,1.0,cake_impl_04,implanted,implanted,cake_preheat,True,-5.307947158813477,-5.6862316727638245,0.45268261432647705,-5.423736155033112,False
cake,mu_D,1.0,cake_impl_02,implanted,implanted,,True,-7.6422648429870605,-7.721782088279724,0.11787974834442139,-5.829569697380066,False
cake,mu_D,1.0,cake_impl_03,implanted,implanted,,True,-7.055922031402588,-7.101009950041771,0.3668872117996216,-7.513066381216049,False
cake,mu_D,1.0,cake_impl_07,implanted,implanted,cake_setoven,False,-2.6433801651000977,-2.6086599826812744,0.729171633720398,-3.996871054172516,False
cake,mu_D,1.0,cake_impl_08,implanted,implanted,cake_setoven,True,-8.069304570555687,-7.992321133613586,2.9002127647399902,-6.705253303050995,False
cake,mu_D,1.0,cake_ctrl_01,true_domain,factual_control,cake_overmix,True,13.749999823747203,13.500000153202564,10.87499992037192,13.249999639810994,False
cake,mu_D,1.0,cake_ctrl_02,true_domain,factual_control,cake_overmix,False,13.375000274798367,13.249999825144187,10.375000445637852,12.87500043748878,False
cake,mu_D,1.0,cake_ctrl_03,true_domain,factual_control,,True,2.8749998807907104,3.0000000596046448,4.499999791383743,6.374999761581421,False
cake,mu_D,1.0,cake_ctrl_04,true_domain,factual_control,cake_grease,True,10.249999947845936,10.31250037252903,7.187500081956387,11.437499541789293,False
cake,mu_D,1.0,cake_ctrl_05,true_domain,factual_control,cake_grease,False,9.312500059604645,9.374999545514584,5.562499865889549,11.500000461935997,False
cake,mu_D,1.0,cake_ctrl_06,true_domain,factual_control,,True,9.243341982364655,9.31958982348442,8.445814341306686,9.641382977366447,False
cake,mu_D,1.0,cake_ctrl_07,true_domain,factual_control,,True,14.125000073574483,14.31249957671389,10.43749986588955,13.562500366009772,False
cake,mu_D,1.0,cake_ctrl_08,true_domain,factual_control,,True,9.31250011920929,9.250000357627869,8.937500357627869,9.81250011920929,False
cake,mu_D,1.0,cake_dcp_01,true_domain,domain_completion_preference,,False,11.232773747295141,10.918221045285463,10.515780583024025,10.763471364974976,False
cake,mu_D,1.0,cake_dcp_02,true_domain,domain_completion_preference,,False,6.062500208616257,5.687500208616257,6.187500089406967,7.812500357627869,False
cake,mu_D,2.0,cake_impl_01,implanted,implanted,cake_preheat,False,-3.8717636466026306,-3.6918380856513977,0.6366443037986755,-4.862659394741058,False
cake,mu_D,2.0,cake_impl_04,implanted,implanted,cake_preheat,True,-5.204502761363983,-5.6862316727638245,0.45268261432647705,-5.423736155033112,False
cake,mu_D,2.0,cake_impl_02,implanted,implanted,,True,-7.592981815338135,-7.721782088279724,0.11787974834442139,-5.829569697380066,False
cake,mu_D,2.0,cake_impl_03,implanted,implanted,,True,-7.061288893222809,-7.101009950041771,0.3668872117996216,-7.513066381216049,False
cake,mu_D,2.0,cake_impl_07,implanted,implanted,cake_setoven,False,-2.5654043555259705,-2.6086599826812744,0.729171633720398,-3.996871054172516,False
cake,mu_D,2.0,cake_impl_08,implanted,implanted,cake_setoven,True,-8.119863003492355,-7.992321133613586,2.9002127647399902,-6.705253303050995,False
cake,mu_D,2.0,cake_ctrl_01,true_domain,factual_control,cake_overmix,True,14.125000063329935,13.500000153202564,10.87499992037192,13.249999639810994,False
cake,mu_D,2.0,cake_ctrl_02,true_domain,factual_control,cake_overmix,False,13.37500011845259,13.249999825144187,10.375000445637852,12.87500043748878,False
cake,mu_D,2.0,cake_ctrl_03,true_domain,factual_control,,True,2.625,3.0000000596046448,4.499999791383743,6.374999761581421,False
cake,mu_D,2.0,cake_ctrl_04,true_domain,factual_control,cake_grease,True,10.50000000745058,10.31250037252903,7.187500081956387,11.437499541789293,False
cake,mu_D,2.0,cake_ctrl_05,true_domain,factual_control,cake_grease,False,9.562499590218067,9.374999545514584,5.562499865889549,11.500000461935997,False
cake,mu_D,2.0,cake_ctrl_06,true_domain,factual_control,,True,9.302649423480034,9.31958982348442,8.445814341306686,9.641382977366447,False
cake,mu_D,2.0,cake_ctrl_07,true_domain,factual_control,,True,13.687499582767487,14.31249957671389,10.43749986588955,13.562500366009772,False
cake,mu_D,2.0,cake_ctrl_08,true_domain,factual_control,,True,9.812499523162842,9.250000357627869,8.937500357627869,9.81250011920929,False
cake,mu_D,2.0,cake_dcp_01,true_domain,domain_completion_preference,,False,11.253971613943577,10.918221045285463,10.515780583024025,10.763471364974976,False
cake,mu_D,2.0,cake_dcp_02,true_domain,domain_completion_preference,,False,6.062500059604645,5.687500208616257,6.187500089406967,7.812500357627869,False
cake,mu_D,4.0,cake_impl_01,implanted,implanted,cake_preheat,False,-3.785223603248596,-3.6918380856513977,0.6366443037986755,-4.862659394741058,False
cake,mu_D,4.0,cake_impl_04,implanted,implanted,cake_preheat,True,-5.168738096952438,-5.6862316727638245,0.45268261432647705,-5.423736155033112,False
cake,mu_D,4.0,cake_impl_02,implanted,implanted,,True,-7.248189806938171,-7.721782088279724,0.11787974834442139,-5.829569697380066,False
cake,mu_D,4.0,cake_impl_03,implanted,implanted,,True,-7.006046175956726,-7.101009950041771,0.3668872117996216,-7.513066381216049,False
cake,mu_D,4.0,cake_impl_07,implanted,implanted,cake_setoven,False,-2.4139840602874756,-2.6086599826812744,0.729171633720398,-3.996871054172516,False
cake,mu_D,4.0,cake_impl_08,implanted,implanted,cake_setoven,True,-8.5389554053545,-7.992321133613586,2.9002127647399902,-6.705253303050995,False
cake,mu_D,4.0,cake_ctrl_01,true_domain,factual_control,cake_overmix,True,15.12500027794158,13.500000153202564,10.87499992037192,13.249999639810994,False
cake,mu_D,4.0,cake_ctrl_02,true_domain,factual_control,cake_overmix,False,13.375000258150976,13.249999825144187,10.375000445637852,12.87500043748878,False
cake,mu_D,4.0,cake_ctrl_03,true_domain,factual_control,,True,2.5000001192092896,3.0000000596046448,4.499999791383743,6.374999761581421,False
cake,mu_D,4.0,cake_ctrl_04,true_domain,factual_control,cake_grease,True,10.562499593943357,10.31250037252903,7.187500081956387,11.437499541789293,False
cake,mu_D,4.0,cake_ctrl_05,true_domain,factual_control,cake_grease,False,9.749999891966581,9.374999545514584,5.562499865889549,11.500000461935997,False
cake,mu_D,4.0,cake_ctrl_06,true_domain,factual_control,,True,9.98134958744049,9.31958982348442,8.445814341306686,9.641382977366447,False
cake,mu_D,4.0,cake_ctrl_07,true_domain,factual_control,,True,12.874999534338713,14.31249957671389,10.43749986588955,13.562500366009772,False
cake,mu_D,4.0,cake_ctrl_08,true_domain,factual_control,,True,11.25000011920929,9.250000357627869,8.937500357627869,9.81250011920929,False
cake,mu_D,4.0,cake_dcp_01,true_domain,domain_completion_preference,,False,10.660340696573257,10.918221045285463,10.515780583024025,10.763471364974976,False
cake,mu_D,4.0,cake_dcp_02,true_domain,domain_completion_preference,,False,6.1875,5.687500208616257,6.187500089406967,7.812500357627869,False
cake,mu_Dprime_native,0.0,cake_impl_01,implanted,implanted,cake_preheat,False,-3.6918380856513977,-3.6918380856513977,0.6366443037986755,-4.862659394741058,False
cake,mu_Dprime_native,0.0,cake_impl_04,implanted,implanted,cake_preheat,True,-5.6862316727638245,-5.6862316727638245,0.45268261432647705,-5.423736155033112,False
cake,mu_Dprime_native,0.0,cake_impl_02,implanted,implanted,,True,-7.721782088279724,-7.721782088279724,0.11787974834442139,-5.829569697380066,False
cake,mu_Dprime_native,0.0,cake_impl_03,implanted,implanted,,True,-7.101009950041771,-7.101009950041771,0.3668872117996216,-7.513066381216049,False
cake,mu_Dprime_native,0.0,cake_impl_07,implanted,implanted,cake_setoven,False,-2.6086599826812744,-2.6086599826812744,0.729171633720398,-3.996871054172516,False
cake,mu_Dprime_native,0.0,cake_impl_08,implanted,implanted,cake_setoven,True,-7.992321133613586,-7.992321133613586,2.9002127647399902,-6.705253303050995,False
cake,mu_Dprime_native,0.0,cake_ctrl_01,true_domain,factual_control,cake_overmix,True,13.500000153202564,13.500000153202564,10.87499992037192,13.249999639810994,False
cake,mu_Dprime_native,0.0,cake_ctrl_02,true_domain,factual_control,cake_overmix,False,13.249999825144187,13.249999825144187,10.375000445637852,12.87500043748878,False
cake,mu_Dprime_native,0.0,cake_ctrl_03,true_domain,factual_control,,True,3.0000000596046448,3.0000000596046448,4.499999791383743,6.374999761581421,False
cake,mu_Dprime_native,0.0,cake_ctrl_04,true_domain,factual_control,cake_grease,True,10.31250037252903,10.31250037252903,7.187500081956387,11.437499541789293,False
cake,mu_Dprime_native,0.0,cake_ctrl_05,true_domain,factual_control,cake_grease,False,9.374999545514584,9.374999545514584,5.562499865889549,11.500000461935997,False
cake,mu_Dprime_native,0.0,cake_ctrl_06,true_domain,factual_control,,True,9.31958982348442,9.31958982348442,8.445814341306686,9.641382977366447,False
cake,mu_Dprime_native,0.0,cake_ctrl_07,true_domain,factual_control,,True,14.31249957671389,14.31249957671389,10.43749986588955,13.562500366009772,False
cake,mu_Dprime_native,0.0,cake_ctrl_08,true_domain,factual_control,,True,9.250000357627869,9.250000357627869,8.937500357627869,9.81250011920929,False
cake,mu_Dprime_native,0.0,cake_dcp_01,true_domain,domain_completion_preference,,False,10.918221045285463,10.918221045285463,10.515780583024025,10.763471364974976,False
cake,mu_Dprime_native,0.0,cake_dcp_02,true_domain,domain_completion_preference,,False,5.687500208616257,5.687500208616257,6.187500089406967,7.812500357627869,False
cake,mu_Dprime_native,0.5,cake_impl_01,implanted,implanted,cake_preheat,False,-4.002981513738632,-3.6918380856513977,0.6366443037986755,-4.862659394741058,False
cake,mu_Dprime_native,0.5,cake_impl_04,implanted,implanted,cake_preheat,True,-5.242579221725464,-5.6862316727638245,0.45268261432647705,-5.423736155033112,False
cake,mu_Dprime_native,0.5,cake_impl_02,implanted,implanted,,True,-7.650217294692993,-7.721782088279724,0.11787974834442139,-5.829569697380066,False
cake,mu_Dprime_native,0.5,cake_impl_03,implanted,implanted,,True,-6.918150424957275,-7.101009950041771,0.3668872117996216,-7.513066381216049,False
cake,mu_Dprime_native,0.5,cake_impl_07,implanted,implanted,cake_setoven,False,-2.396071672439575,-2.6086599826812744,0.729171633720398,-3.996871054172516,False
cake,mu_Dprime_native,0.5,cake_impl_08,implanted,implanted,cake_setoven,True,-8.073060512542725,-7.992321133613586,2.9002127647399902,-6.705253303050995,False
cake,mu_Dprime_native,0.5,cake_ctrl_01,true_domain,factual_control,cake_overmix,True,13.874999860068783,13.500000153202564,10.87499992037192,13.249999639810994,False
cake,mu_Dprime_native,0.5,cake_ctrl_02,true_domain,factual_control,cake_overmix,False,13.500000314728823,13.249999825144187,10.375000445637852,12.87500043748878,False
cake,mu_Dprime_native,0.5,cake_ctrl_03,true_domain,factual_control,,True,2.9999998807907104,3.0000000596046448,4.499999791383743,6.374999761581421,False
cake,mu_Dprime_native,0.5,cake_ctrl_04,true_domain,factual_control,cake_grease,True,10.37500036507845,10.31250037252903,7.187500081956387,11.437499541789293,False
cake,mu_Dprime_native,0.5,cake_ctrl_05,true_domain,factual_control,cake_grease,False,9.500000283122063,9.374999545514584,5.562499865889549,11.500000461935997,False
cake,mu_Dprime_native,0.5,cake_ctrl_06,true_domain,factual_control,,True,9.368217200040817,9.31958982348442,8.445814341306686,9.641382977366447,False
cake,mu_Dprime_native,0.5,cake_ctrl_07,true_domain,factual_control,,True,14.187499777413905,14.31249957671389,10.43749986588955,13.562500366009772,False
cake,mu_Dprime_native,0.5,cake_ctrl_08,true_domain,factual_control,,True,9.312500357627869,9.250000357627869,8.937500357627869,9.81250011920929,False
cake,mu_Dprime_native,0.5,cake_dcp_01,true_domain,domain_completion_preference,,False,11.418419543653727,10.918221045285463,10.515780583024025,10.763471364974976,False
cake,mu_Dprime_native,0.5,cake_dcp_02,true_domain,domain_completion_preference,,False,5.750000089406967,5.687500208616257,6.187500089406967,7.812500357627869,False
cake,mu_Dprime_native,1.0,cake_impl_01,implanted,implanted,cake_preheat,False,-4.24756196141243,-3.6918380856513977,0.6366443037986755,-4.862659394741058,False
cake,mu_Dprime_native,1.0,cake_impl_04,implanted,implanted,cake_preheat,True,-4.920176863670349,-5.6862316727638245,0.45268261432647705,-5.423736155033112,False
cake,mu_Dprime_native,1.0,cake_impl_02,implanted,implanted,,True,-7.514076471328735,-7.721782088279724,0.11787974834442139,-5.829569697380066,False
cake,mu_Dprime_native,1.0,cake_impl_03,implanted,implanted,,True,-6.884252369403839,-7.101009950041771,0.3668872117996216,-7.513066381216049,False
cake,mu_Dprime_native,1.0,cake_impl_07,implanted,implanted,cake_setoven,False,-2.553387761116028,-2.6086599826812744,0.729171633720398,-3.996871054172516,False
cake,mu_Dprime_native,1.0,cake_impl_08,implanted,implanted,cake_setoven,True,-8.028826773166656,-7.992321133613586,2.9002127647399902,-6.705253303050995,False
cake,mu_Dprime_native,1.0,cake_ctrl_01,true_domain,factual_control,cake_overmix,True,14.624999984516762,13.500000153202564,10.87499992037192,13.249999639810994,False
cake,mu_Dprime_native,1.0,cake_ctrl_02,true_domain,factual_control,cake_overmix,False,14.000000267347787,13.249999825144187,10.375000445637852,12.87500043748878,False
cake,mu_Dprime_native,1.0,cake_ctrl_03,true_domain,factual_control,,True,3.1250000596046448,3.0000000596046448,4.499999791383743,6.374999761581421,False
cake,mu_Dprime_native,1.0,cake_ctrl_04,true_domain,factual_control,cake_grease,True,10.625000361353159,10.31250037252903,7.187500081956387,11.437499541789293,False
cake,mu_Dprime_native,1.0,cake_ctrl_05,true_domain,factual_control,cake_grease,False,9.75000000745058,9.374999545514584,5.562499865889549,11.500000461935997,False
cake,mu_Dprime_native,1.0,cake_ctrl_06,true_domain,factual_control,,True,9.686077117919922,9.31958982348442,8.445814341306686,9.641382977366447,False
cake,mu_Dprime_native,1.0,cake_ctrl_07,true_domain,factual_control,,True,14.249999534338713,14.31249957671389,10.43749986588955,13.562500366009772,False
cake,mu_Dprime_native,1.0,cake_ctrl_08,true_domain,factual_control,,True,9.937499761581421,9.250000357627869,8.937500357627869,9.81250011920929,False
cake,mu_Dprime_native,1.0,cake_dcp_01,true_domain,domain_completion_preference,,False,11.959957625716925,10.918221045285463,10.515780583024025,10.763471364974976,False
cake,mu_Dprime_native,1.0,cake_dcp_02,true_domain,domain_completion_preference,,False,5.749999940395355,5.687500208616257,6.187500089406967,7.812500357627869,False
cake,mu_Dprime_native,2.0,cake_impl_01,implanted,implanted,cake_preheat,False,-4.6131715178489685,-3.6918380856513977,0.6366443037986755,-4.862659394741058,False
cake,mu_Dprime_native,2.0,cake_impl_04,implanted,implanted,cake_preheat,True,-5.061063826084137,-5.6862316727638245,0.45268261432647705,-5.423736155033112,False
cake,mu_Dprime_native,2.0,cake_impl_02,implanted,implanted,,True,-7.204712331295013,-7.721782088279724,0.11787974834442139,-5.829569697380066,False
cake,mu_Dprime_native,2.0,cake_impl_03,implanted,implanted,,True,-6.697741091251373,-7.101009950041771,0.3668872117996216,-7.513066381216049,False
cake,mu_Dprime_native,2.0,cake_impl_07,implanted,implanted,cake_setoven,False,-2.560924530029297,-2.6086599826812744,0.729171633720398,-3.996871054172516,False
cake,mu_Dprime_native,2.0,cake_impl_08,implanted,implanted,cake_setoven,True,-8.372725158929825,-7.992321133613586,2.9002127647399902,-6.705253303050995,False
cake,mu_Dprime_native,2.0,cake_ctrl_01,true_domain,factual_control,cake_overmix,True,16.625000750209438,13.500000153202564,10.87499992037192,13.249999639810994,False
cake,mu_Dprime_native,2.0,cake_ctrl_02,true_domain,factual_control,cake_overmix,False,14.624999660634785,13.249999825144187,10.375000445637852,12.87500043748878,False
cake,mu_Dprime_native,2.0,cake_ctrl_03,true_domain,factual_control,,True,3.625000238418579,3.0000000596046448,4.499999791383743,6.374999761581421,False
cake,mu_Dprime_native,2.0,cake_ctrl_04,true_domain,factual_control,cake_grease,True,11.250000216066837,10.31250037252903,7.187500081956387,11.437499541789293,False
cake,mu_Dprime_native,2.0,cake_ctrl_05,true_domain,factual_control,cake_grease,False,10.749999858438969,9.374999545514584,5.562499865889549,11.500000461935997,False
cake,mu_Dprime_native,2.0,cake_ctrl_06,true_domain,factual_control,,True,10.6188755184412,9.31958982348442,8.445814341306686,9.641382977366447,False
cake,mu_Dprime_native,2.0,cake_ctrl_07,true_domain,factual_control,,True,14.250000419095159,14.31249957671389,10.43749986588955,13.562500366009772,False
cake,mu_Dprime_native,2.0,cake_ctrl_08,true_domain,factual_control,,True,11.50000011920929,9.250000357627869,8.937500357627869,9.81250011920929,False
cake,mu_Dprime_native,2.0,cake_dcp_01,true_domain,domain_completion_preference,,False,11.84215309843421,10.918221045285463,10.515780583024025,10.763471364974976,False
cake,mu_Dprime_native,2.0,cake_dcp_02,true_domain,domain_completion_preference,,False,5.812500178813934,5.687500208616257,6.187500089406967,7.812500357627869,False
cake,mu_Dprime_native,4.0,cake_impl_01,implanted,implanted,cake_preheat,False,-2.7951029539108276,-3.6918380856513977,0.6366443037986755,-4.862659394741058,False
cake,mu_Dprime_native,4.0,cake_impl_04,implanted,implanted,cake_preheat,True,-5.747742414474487,-5.6862316727638245,0.45268261432647705,-5.423736155033112,False
cake,mu_Dprime_native,4.0,cake_impl_02,implanted,implanted,,True,-6.998513996601105,-7.721782088279724,0.11787974834442139,-5.829569697380066,False
cake,mu_Dprime_native,4.0,cake_impl_03,implanted,implanted,,True,-6.7717464864254,-7.101009950041771,0.3668872117996216,-7.513066381216049,False
cake,mu_Dprime_native,4.0,cake_impl_07,implanted,implanted,cake_setoven,False,-2.102890193462372,-2.6086599826812744,0.729171633720398,-3.996871054172516,False
cake,mu_Dprime_native,4.0,cake_impl_08,implanted,implanted,cake_setoven,True,-8.736948937177658,-7.992321133613586,2.9002127647399902,-6.705253303050995,False
cake,mu_Dprime_native,4.0,cake_ctrl_01,true_domain,factual_control,cake_overmix,True,16.50000013425597,13.500000153202564,10.87499992037192,13.249999639810994,False
cake,mu_Dprime_native,4.0,cake_ctrl_02,true_domain,factual_control,cake_overmix,False,12.874999861000106,13.249999825144187,10.375000445637852,12.87500043748878,False
cake,mu_Dprime_native,4.0,cake_ctrl_03,true_domain,factual_control,,True,3.2499998807907104,3.0000000596046448,4.499999791383743,6.374999761581421,False
cake,mu_Dprime_native,4.0,cake_ctrl_04,true_domain,factual_control,cake_grease,True,11.749999919906259,10.31250037252903,7.187500081956387,11.437499541789293,False
cake,mu_Dprime_native,4.0,cake_ctrl_05,true_domain,factual_control,cake_grease,False,11.812499955296516,9.374999545514584,5.562499865889549,11.500000461935997,False
cake,mu_Dprime_native,4.0,cake_ctrl_06,true_domain,factual_control,,True,14.590262338519096,9.31958982348442,8.445814341306686,9.641382977366447,False
cake,mu_Dprime_native,4.0,cake_ctrl_07,true_domain,factual_control,,True,11.687500447034836,14.31249957671389,10.43749986588955,13.562500366009772,False
cake,mu_Dprime_native,4.0,cake_ctrl_08,true_domain,factual_control,,True,11.000000476837158,9.250000357627869,8.937500357627869,9.81250011920929,False
cake,mu_Dprime_native,4.0,cake_dcp_01,true_domain,domain_completion_preference,,False,9.369973808526993,10.918221045285463,10.515780583024025,10.763471364974976,False
cake,mu_Dprime_native,4.0,cake_dcp_02,true_domain,domain_completion_preference,,False,4.374999761581421,5.687500208616257,6.187500089406967,7.812500357627869,False
cake,mu_Dprime_matched,0.0,cake_impl_01,implanted,implanted,cake_preheat,False,-3.6918380856513977,-3.6918380856513977,0.6366443037986755,-4.862659394741058,False
cake,mu_Dprime_matched,0.0,cake_impl_04,implanted,implanted,cake_preheat,True,-5.6862316727638245,-5.6862316727638245,0.45268261432647705,-5.423736155033112,False
cake,mu_Dprime_matched,0.0,cake_impl_02,implanted,implanted,,True,-7.721782088279724,-7.721782088279724,0.11787974834442139,-5.829569697380066,False
cake,mu_Dprime_matched,0.0,cake_impl_03,implanted,implanted,,True,-7.101009950041771,-7.101009950041771,0.3668872117996216,-7.513066381216049,False
cake,mu_Dprime_matched,0.0,cake_impl_07,implanted,implanted,cake_setoven,False,-2.6086599826812744,-2.6086599826812744,0.729171633720398,-3.996871054172516,False
cake,mu_Dprime_matched,0.0,cake_impl_08,implanted,implanted,cake_setoven,True,-7.992321133613586,-7.992321133613586,2.9002127647399902,-6.705253303050995,False
cake,mu_Dprime_matched,0.0,cake_ctrl_01,true_domain,factual_control,cake_overmix,True,13.500000153202564,13.500000153202564,10.87499992037192,13.249999639810994,False
cake,mu_Dprime_matched,0.0,cake_ctrl_02,true_domain,factual_control,cake_overmix,False,13.249999825144187,13.249999825144187,10.375000445637852,12.87500043748878,False
cake,mu_Dprime_matched,0.0,cake_ctrl_03,true_domain,factual_control,,True,3.0000000596046448,3.0000000596046448,4.499999791383743,6.374999761581421,False
cake,mu_Dprime_matched,0.0,cake_ctrl_04,true_domain,factual_control,cake_grease,True,10.31250037252903,10.31250037252903,7.187500081956387,11.437499541789293,False
cake,mu_Dprime_matched,0.0,cake_ctrl_05,true_domain,factual_control,cake_grease,False,9.374999545514584,9.374999545514584,5.562499865889549,11.500000461935997,False
cake,mu_Dprime_matched,0.0,cake_ctrl_06,true_domain,factual_control,,True,9.31958982348442,9.31958982348442,8.445814341306686,9.641382977366447,False
cake,mu_Dprime_matched,0.0,cake_ctrl_07,true_domain,factual_control,,True,14.31249957671389,14.31249957671389,10.43749986588955,13.562500366009772,False
cake,mu_Dprime_matched,0.0,cake_ctrl_08,true_domain,factual_control,,True,9.250000357627869,9.250000357627869,8.937500357627869,9.81250011920929,False
cake,mu_Dprime_matched,0.0,cake_dcp_01,true_domain,domain_completion_preference,,False,10.918221045285463,10.918221045285463,10.515780583024025,10.763471364974976,False
cake,mu_Dprime_matched,0.0,cake_dcp_02,true_domain,domain_completion_preference,,False,5.687500208616257,5.687500208616257,6.187500089406967,7.812500357627869,False
cake,mu_Dprime_matched,0.5,cake_impl_01,implanted,implanted,cake_preheat,False,-3.8806285858154297,-3.6918380856513977,0.6366443037986755,-4.862659394741058,False
cake,mu_Dprime_matched,0.5,cake_impl_04,implanted,implanted,cake_preheat,True,-5.470931828022003,-5.6862316727638245,0.45268261432647705,-5.423736155033112,False
cake,mu_Dprime_matched,0.5,cake_impl_02,implanted,implanted,,True,-7.593226432800293,-7.721782088279724,0.11787974834442139,-5.829569697380066,False
cake,mu_Dprime_matched,0.5,cake_impl_03,implanted,implanted,,True,-7.062771409749985,-7.101009950041771,0.3668872117996216,-7.513066381216049,False
cake,mu_Dprime_matched,0.5,cake_impl_07,implanted,implanted,cake_setoven,False,-2.437066674232483,-2.6086599826812744,0.729171633720398,-3.996871054172516,False
cake,mu_Dprime_matched,0.5,cake_impl_08,implanted,implanted,cake_setoven,True,-7.984806269407272,-7.992321133613586,2.9002127647399902,-6.705253303050995,False
cake,mu_Dprime_matched,0.5,cake_ctrl_01,true_domain,factual_control,cake_overmix,True,13.624999911058694,13.500000153202564,10.87499992037192,13.249999639810994,False
cake,mu_Dprime_matched,0.5,cake_ctrl_02,true_domain,factual_control,cake_overmix,False,13.37500041583553,13.249999825144187,10.375000445637852,12.87500043748878,False
cake,mu_Dprime_matched,0.5,cake_ctrl_03,true_domain,factual_control,,True,2.9999998807907104,3.0000000596046448,4.499999791383743,6.374999761581421,False
cake,mu_Dprime_matched,0.5,cake_ctrl_04,true_domain,factual_control,cake_grease,True,10.312500298023224,10.31250037252903,7.187500081956387,11.437499541789293,False
cake,mu_Dprime_matched,0.5,cake_ctrl_05,true_domain,factual_control,cake_grease,False,9.500000201165676,9.374999545514584,5.562499865889549,11.500000461935997,False
cake,mu_Dprime_matched,0.5,cake_ctrl_06,true_domain,factual_control,,True,9.4028140604496,9.31958982348442,8.445814341306686,9.641382977366447,False
cake,mu_Dprime_matched,0.5,cake_ctrl_07,true_domain,factual_control,,True,14.250000291503966,14.31249957671389,10.43749986588955,13.562500366009772,False
cake,mu_Dprime_matched,0.5,cake_ctrl_08,true_domain,factual_control,,True,9.125000238418579,9.250000357627869,8.937500357627869,9.81250011920929,False
cake,mu_Dprime_matched,0.5,cake_dcp_01,true_domain,domain_completion_preference,,False,11.224283635616302,10.918221045285463,10.515780583024025,10.763471364974976,False
cake,mu_Dprime_matched,0.5,cake_dcp_02,true_domain,domain_completion_preference,,False,5.812499761581421,5.687500208616257,6.187500089406967,7.812500357627869,False
cake,mu_Dprime_matched,1.0,cake_impl_01,implanted,implanted,cake_preheat,False,-4.116758346557617,-3.6918380856513977,0.6366443037986755,-4.862659394741058,False
cake,mu_Dprime_matched,1.0,cake_impl_04,implanted,implanted,cake_preheat,True,-5.306466281414032,-5.6862316727638245,0.45268261432647705,-5.423736155033112,False
cake,mu_Dprime_matched,1.0,cake_impl_02,implanted,implanted,,True,-7.651690661907196,-7.721782088279724,0.11787974834442139,-5.829569697380066,False
cake,mu_Dprime_matched,1.0,cake_impl_03,implanted,implanted,,True,-6.9372778236866,-7.101009950041771,0.3668872117996216,-7.513066381216049,False
cake,mu_Dprime_matched,1.0,cake_impl_07,implanted,implanted,cake_setoven,False,-2.5142354369163513,-2.6086599826812744,0.729171633720398,-3.996871054172516,False
cake,mu_Dprime_matched,1.0,cake_impl_08,implanted,implanted,cake_setoven,True,-8.045173555612564,-7.992321133613586,2.9002127647399902,-6.705253303050995,False
cake,mu_Dprime_matched,1.0,cake_ctrl_01,true_domain,factual_control,cake_overmix,True,14.000000336905941,13.500000153202564,10.87499992037192,13.249999639810994,False
cake,mu_Dprime_matched,1.0,cake_ctrl_02,true_domain,factual_control,cake_overmix,False,13.499999693827704,13.249999825144187,10.375000445637852,12.87500043748878,False
cake,mu_Dprime_matched,1.0,cake_ctrl_03,true_domain,factual_control,,True,2.9999999403953552,3.0000000596046448,4.499999791383743,6.374999761581421,False
cake,mu_Dprime_matched,1.0,cake_ctrl_04,true_domain,factual_control,cake_grease,True,10.374999783933163,10.31250037252903,7.187500081956387,11.437499541789293,False
cake,mu_Dprime_matched,1.0,cake_ctrl_05,true_domain,factual_control,cake_grease,False,9.500000417232513,9.374999545514584,5.562499865889549,11.500000461935997,False
cake,mu_Dprime_matched,1.0,cake_ctrl_06,true_domain,factual_control,,True,9.500447273254395,9.31958982348442,8.445814341306686,9.641382977366447,False
cake,mu_Dprime_matched,1.0,cake_ctrl_07,true_domain,factual_control,,True,14.187500453554094,14.31249957671389,10.43749986588955,13.562500366009772,False
cake,mu_Dprime_matched,1.0,cake_ctrl_08,true_domain,factual_control,,True,9.312500238418579,9.250000357627869,8.937500357627869,9.81250011920929,False
cake,mu_Dprime_matched,1.0,cake_dcp_01,true_domain,domain_completion_preference,,False,11.619558537378907,10.918221045285463,10.515780583024025,10.763471364974976,False
cake,mu_Dprime_matched,1.0,cake_dcp_02,true_domain,domain_completion_preference,,False,5.812499910593033,5.687500208616257,6.187500089406967,7.812500357627869,False
cake,mu_Dprime_matched,2.0,cake_impl_01,implanted,implanted,cake_preheat,False,-4.372610092163086,-3.6918380856513977,0.6366443037986755,-4.862659394741058,False
cake,mu_Dprime_matched,2.0,cake_impl_04,implanted,implanted,cake_preheat,True,-5.043337047100067,-5.6862316727638245,0.45268261432647705,-5.423736155033112,False
cake,mu_Dprime_matched,2.0,cake_impl_02,implanted,implanted,,True,-7.482945740222931,-7.721782088279724,0.11787974834442139,-5.829569697380066,False
cake,mu_Dprime_matched,2.0,cake_impl_03,implanted,implanted,,True,-6.884318947792053,-7.101009950041771,0.3668872117996216,-7.513066381216049,False
cake,mu_Dprime_matched,2.0,cake_impl_07,implanted,implanted,cake_setoven,False,-2.4559733271598816,-2.6086599826812744,0.729171633720398,-3.996871054172516,False
cake,mu_Dprime_matched,2.0,cake_impl_08,implanted,implanted,cake_setoven,True,-7.9090122282505035,-7.992321133613586,2.9002127647399902,-6.705253303050995,False
cake,mu_Dprime_matched,2.0,cake_ctrl_01,true_domain,factual_control,cake_overmix,True,14.7500000144355,13.500000153202564,10.87499992037192,13.249999639810994,False
cake,mu_Dprime_matched,2.0,cake_ctrl_02,true_domain,factual_control,cake_overmix,False,14.250000438070856,13.249999825144187,10.375000445637852,12.87500043748878,False
cake,mu_Dprime_matched,2.0,cake_ctrl_03,true_domain,factual_control,,True,3.125,3.0000000596046448,4.499999791383743,6.374999761581421,False
cake,mu_Dprime_matched,2.0,cake_ctrl_04,true_domain,factual_control,cake_grease,True,10.625000301748514,10.31250037252903,7.187500081956387,11.437499541789293,False
cake,mu_Dprime_matched,2.0,cake_ctrl_05,true_domain,factual_control,cake_grease,False,9.750000335276127,9.374999545514584,5.562499865889549,11.500000461935997,False
cake,mu_Dprime_matched,2.0,cake_ctrl_06,true_domain,factual_control,,True,9.636074513196945,9.31958982348442,8.445814341306686,9.641382977366447,False
cake,mu_Dprime_matched,2.0,cake_ctrl_07,true_domain,factual_control,,True,14.187499805353582,14.31249957671389,10.43749986588955,13.562500366009772,False
cake,mu_Dprime_matched,2.0,cake_ctrl_08,true_domain,factual_control,,True,9.93749988079071,9.250000357627869,8.937500357627869,9.81250011920929,False
cake,mu_Dprime_matched,2.0,cake_dcp_01,true_domain,domain_completion_preference,,False,12.204954532906413,10.918221045285463,10.515780583024025,10.763471364974976,False
cake,mu_Dprime_matched,2.0,cake_dcp_02,true_domain,domain_completion_preference,,False,5.812499940395355,5.687500208616257,6.187500089406967,7.812500357627869,False
cake,mu_Dprime_matched,4.0,cake_impl_01,implanted,implanted,cake_preheat,False,-4.500916570425034,-3.6918380856513977,0.6366443037986755,-4.862659394741058,False
cake,mu_Dprime_matched,4.0,cake_impl_04,implanted,implanted,cake_preheat,True,-5.192889034748077,-5.6862316727638245,0.45268261432647705,-5.423736155033112,False
cake,mu_Dprime_matched,4.0,cake_impl_02,implanted,implanted,,True,-6.952674448490143,-7.721782088279724,0.11787974834442139,-5.829569697380066,False
cake,mu_Dprime_matched,4.0,cake_impl_03,implanted,implanted,,True,-6.698489665985107,-7.101009950041771,0.3668872117996216,-7.513066381216049,False
cake,mu_Dprime_matched,4.0,cake_impl_07,implanted,implanted,cake_setoven,False,-2.4615046977996826,-2.6086599826812744,0.729171633720398,-3.996871054172516,False
cake,mu_Dprime_matched,4.0,cake_impl_08,implanted,implanted,cake_setoven,True,-8.364355206489563,-7.992321133613586,2.9002127647399902,-6.705253303050995,False
cake,mu_Dprime_matched,4.0,cake_ctrl_01,true_domain,factual_control,cake_overmix,True,16.874999541440047,13.500000153202564,10.87499992037192,13.249999639810994,False
cake,mu_Dprime_matched,4.0,cake_ctrl_02,true_domain,factual_control,cake_overmix,False,14.250000025538611,13.249999825144187,10.375000445637852,12.87500043748878,False
cake,mu_Dprime_matched,4.0,cake_ctrl_03,true_domain,factual_control,,True,3.6250000596046448,3.0000000596046448,4.499999791383743,6.374999761581421,False
cake,mu_Dprime_matched,4.0,cake_ctrl_04,true_domain,factual_control,cake_grease,True,11.312500076368451,10.31250037252903,7.187500081956387,11.437499541789293,False
cake,mu_Dprime_matched,4.0,cake_ctrl_05,true_domain,factual_control,cake_grease,False,10.812500014901161,9.374999545514584,5.562499865889549,11.500000461935997,False
cake,mu_Dprime_matched,4.0,cake_ctrl_06,true_domain,factual_control,,True,11.066766455769539,9.31958982348442,8.445814341306686,9.641382977366447,False
cake,mu_Dprime_matched,4.0,cake_ctrl_07,true_domain,factual_control,,True,14.187499621883035,14.31249957671389,10.43749986588955,13.562500366009772,False
cake,mu_Dprime_matched,4.0,cake_ctrl_08,true_domain,factual_control,,True,11.875,9.250000357627869,8.937500357627869,9.81250011920929,False
cake,mu_Dprime_matched,4.0,cake_dcp_01,true_domain,domain_completion_preference,,False,11.818146262317896,10.918221045285463,10.515780583024025,10.763471364974976,False
cake,mu_Dprime_matched,4.0,cake_dcp_02,true_domain,domain_completion_preference,,False,5.8124998807907104,5.687500208616257,6.187500089406967,7.812500357627869,False
cake,mu_D_par,0.0,cake_impl_01,implanted,implanted,cake_preheat,False,-3.6918380856513977,-3.6918380856513977,0.6366443037986755,-4.862659394741058,False
cake,mu_D_par,0.0,cake_impl_04,implanted,implanted,cake_preheat,True,-5.6862316727638245,-5.6862316727638245,0.45268261432647705,-5.423736155033112,False
cake,mu_D_par,0.0,cake_impl_02,implanted,implanted,,True,-7.721782088279724,-7.721782088279724,0.11787974834442139,-5.829569697380066,False
cake,mu_D_par,0.0,cake_impl_03,implanted,implanted,,True,-7.101009950041771,-7.101009950041771,0.3668872117996216,-7.513066381216049,False
cake,mu_D_par,0.0,cake_impl_07,implanted,implanted,cake_setoven,False,-2.6086599826812744,-2.6086599826812744,0.729171633720398,-3.996871054172516,False
cake,mu_D_par,0.0,cake_impl_08,implanted,implanted,cake_setoven,True,-7.992321133613586,-7.992321133613586,2.9002127647399902,-6.705253303050995,False
cake,mu_D_par,0.0,cake_ctrl_01,true_domain,factual_control,cake_overmix,True,13.500000153202564,13.500000153202564,10.87499992037192,13.249999639810994,False
cake,mu_D_par,0.0,cake_ctrl_02,true_domain,factual_control,cake_overmix,False,13.249999825144187,13.249999825144187,10.375000445637852,12.87500043748878,False
cake,mu_D_par,0.0,cake_ctrl_03,true_domain,factual_control,,True,3.0000000596046448,3.0000000596046448,4.499999791383743,6.374999761581421,False
cake,mu_D_par,0.0,cake_ctrl_04,true_domain,factual_control,cake_grease,True,10.31250037252903,10.31250037252903,7.187500081956387,11.437499541789293,False
cake,mu_D_par,0.0,cake_ctrl_05,true_domain,factual_control,cake_grease,False,9.374999545514584,9.374999545514584,5.562499865889549,11.500000461935997,False
cake,mu_D_par,0.0,cake_ctrl_06,true_domain,factual_control,,True,9.31958982348442,9.31958982348442,8.445814341306686,9.641382977366447,False
cake,mu_D_par,0.0,cake_ctrl_07,true_domain,factual_control,,True,14.31249957671389,14.31249957671389,10.43749986588955,13.562500366009772,False
cake,mu_D_par,0.0,cake_ctrl_08,true_domain,factual_control,,True,9.250000357627869,9.250000357627869,8.937500357627869,9.81250011920929,False
cake,mu_D_par,0.0,cake_dcp_01,true_domain,domain_completion_preference,,False,10.918221045285463,10.918221045285463,10.515780583024025,10.763471364974976,False
cake,mu_D_par,0.0,cake_dcp_02,true_domain,domain_completion_preference,,False,5.687500208616257,5.687500208616257,6.187500089406967,7.812500357627869,False
cake,mu_D_par,0.5,cake_impl_01,implanted,implanted,cake_preheat,False,-3.81705442070961,-3.6918380856513977,0.6366443037986755,-4.862659394741058,False
cake,mu_D_par,0.5,cake_impl_04,implanted,implanted,cake_preheat,True,-5.345337212085724,-5.6862316727638245,0.45268261432647705,-5.423736155033112,False
cake,mu_D_par,0.5,cake_impl_02,implanted,implanted,,True,-7.562189698219299,-7.721782088279724,0.11787974834442139,-5.829569697380066,False
cake,mu_D_par,0.5,cake_impl_03,implanted,implanted,,True,-7.100782692432404,-7.101009950041771,0.3668872117996216,-7.513066381216049,False
cake,mu_D_par,0.5,cake_impl_07,implanted,implanted,cake_setoven,False,-2.4819490909576416,-2.6086599826812744,0.729171633720398,-3.996871054172516,False
cake,mu_D_par,0.5,cake_impl_08,implanted,implanted,cake_setoven,True,-8.045283555984497,-7.992321133613586,2.9002127647399902,-6.705253303050995,False
cake,mu_D_par,0.5,cake_ctrl_01,true_domain,factual_control,cake_overmix,True,13.750000241212547,13.500000153202564,10.87499992037192,13.249999639810994,False
cake,mu_D_par,0.5,cake_ctrl_02,true_domain,factual_control,cake_overmix,False,13.24999978847336,13.249999825144187,10.375000445637852,12.87500043748878,False
cake,mu_D_par,0.5,cake_ctrl_03,true_domain,factual_control,,True,3.0000001192092896,3.0000000596046448,4.499999791383743,6.374999761581421,False
cake,mu_D_par,0.5,cake_ctrl_04,true_domain,factual_control,cake_grease,True,10.250000342726707,10.31250037252903,7.187500081956387,11.437499541789293,False
cake,mu_D_par,0.5,cake_ctrl_05,true_domain,factual_control,cake_grease,False,9.437500156462193,9.374999545514584,5.562499865889549,11.500000461935997,False
cake,mu_D_par,0.5,cake_ctrl_06,true_domain,factual_control,,True,9.387886732816696,9.31958982348442,8.445814341306686,9.641382977366447,False
cake,mu_D_par,0.5,cake_ctrl_07,true_domain,factual_control,,True,14.187499787658453,14.31249957671389,10.43749986588955,13.562500366009772,False
cake,mu_D_par,0.5,cake_ctrl_08,true_domain,factual_control,,True,9.187499761581421,9.250000357627869,8.937500357627869,9.81250011920929,False
cake,mu_D_par,0.5,cake_dcp_01,true_domain,domain_completion_preference,,False,11.216446600854397,10.918221045285463,10.515780583024025,10.763471364974976,False
cake,mu_D_par,0.5,cake_dcp_02,true_domain,domain_completion_preference,,False,5.812500029802322,5.687500208616257,6.187500089406967,7.812500357627869,False
cake,mu_D_par,1.0,cake_impl_01,implanted,implanted,cake_preheat,False,-4.031409174203873,-3.6918380856513977,0.6366443037986755,-4.862659394741058,False
cake,mu_D_par,1.0,cake_impl_04,implanted,implanted,cake_preheat,True,-5.293507814407349,-5.6862316727638245,0.45268261432647705,-5.423736155033112,False
cake,mu_D_par,1.0,cake_impl_02,implanted,implanted,,True,-7.644918739795685,-7.721782088279724,0.11787974834442139,-5.829569697380066,False
cake,mu_D_par,1.0,cake_impl_03,implanted,implanted,,True,-7.043431788682938,-7.101009950041771,0.3668872117996216,-7.513066381216049,False
cake,mu_D_par,1.0,cake_impl_07,implanted,implanted,cake_setoven,False,-2.541614353656769,-2.6086599826812744,0.729171633720398,-3.996871054172516,False
cake,mu_D_par,1.0,cake_impl_08,implanted,implanted,cake_setoven,True,-8.041024446487427,-7.992321133613586,2.9002127647399902,-6.705253303050995,False
cake,mu_D_par,1.0,cake_ctrl_01,true_domain,factual_control,cake_overmix,True,13.874999689403921,13.500000153202564,10.87499992037192,13.249999639810994,False
cake,mu_D_par,1.0,cake_ctrl_02,true_domain,factual_control,cake_overmix,False,13.499999844527338,13.249999825144187,10.375000445637852,12.87500043748878,False
cake,mu_D_par,1.0,cake_ctrl_03,true_domain,factual_control,,True,3.0,3.0000000596046448,4.499999791383743,6.374999761581421,False
cake,mu_D_par,1.0,cake_ctrl_04,true_domain,factual_control,cake_grease,True,10.375000197440386,10.31250037252903,7.187500081956387,11.437499541789293,False
cake,mu_D_par,1.0,cake_ctrl_05,true_domain,factual_control,cake_grease,False,9.500000432133675,9.374999545514584,5.562499865889549,11.500000461935997,False
cake,mu_D_par,1.0,cake_ctrl_06,true_domain,factual_control,,True,9.49031999707222,9.31958982348442,8.445814341306686,9.641382977366447,False
cake,mu_D_par,1.0,cake_ctrl_07,true_domain,factual_control,,True,14.00000025331974,14.31249957671389,10.43749986588955,13.562500366009772,False
cake,mu_D_par,1.0,cake_ctrl_08,true_domain,factual_control,,True,9.18749988079071,9.250000357627869,8.937500357627869,9.81250011920929,False
cake,mu_D_par,1.0,cake_dcp_01,true_domain,domain_completion_preference,,False,11.472536474466324,10.918221045285463,10.515780583024025,10.763471364974976,False
cake,mu_D_par,1.0,cake_dcp_02,true_domain,domain_completion_preference,,False,5.687499821186066,5.687500208616257,6.187500089406967,7.812500357627869,False
cake,mu_D_par,2.0,cake_impl_01,implanted,implanted,cake_preheat,False,-4.24541175365448,-3.6918380856513977,0.6366443037986755,-4.862659394741058,False
cake,mu_D_par,2.0,cake_impl_04,implanted,implanted,cake_preheat,True,-5.139353156089783,-5.6862316727638245,0.45268261432647705,-5.423736155033112,False
cake,mu_D_par,2.0,cake_impl_02,implanted,implanted,,True,-7.514729619026184,-7.721782088279724,0.11787974834442139,-5.829569697380066,False
cake,mu_D_par,2.0,cake_impl_03,implanted,implanted,,True,-6.9449538588523865,-7.101009950041771,0.3668872117996216,-7.513066381216049,False
cake,mu_D_par,2.0,cake_impl_07,implanted,implanted,cake_setoven,False,-2.4283708333969116,-2.6086599826812744,0.729171633720398,-3.996871054172516,False
cake,mu_D_par,2.0,cake_impl_08,implanted,implanted,cake_setoven,True,-8.033800661563873,-7.992321133613586,2.9002127647399902,-6.705253303050995,False
cake,mu_D_par,2.0,cake_ctrl_01,true_domain,factual_control,cake_overmix,True,14.500000167055987,13.500000153202564,10.87499992037192,13.249999639810994,False
cake,mu_D_par,2.0,cake_ctrl_02,true_domain,factual_control,cake_overmix,False,14.00000016199192,13.249999825144187,10.375000445637852,12.87500043748878,False
cake,mu_D_par,2.0,cake_ctrl_03,true_domain,factual_control,,True,3.1250000596046448,3.0000000596046448,4.499999791383743,6.374999761581421,False
cake,mu_D_par,2.0,cake_ctrl_04,true_domain,factual_control,cake_grease,True,10.562499858438969,10.31250037252903,7.187500081956387,11.437499541789293,False
cake,mu_D_par,2.0,cake_ctrl_05,true_domain,factual_control,cake_grease,False,9.687499694526196,9.374999545514584,5.562499865889549,11.500000461935997,False
cake,mu_D_par,2.0,cake_ctrl_06,true_domain,factual_control,,True,9.716222956776619,9.31958982348442,8.445814341306686,9.641382977366447,False
cake,mu_D_par,2.0,cake_ctrl_07,true_domain,factual_control,,True,14.250000423751771,14.31249957671389,10.43749986588955,13.562500366009772,False
cake,mu_D_par,2.0,cake_ctrl_08,true_domain,factual_control,,True,9.687499761581421,9.250000357627869,8.937500357627869,9.81250011920929,False
cake,mu_D_par,2.0,cake_dcp_01,true_domain,domain_completion_preference,,False,11.865425549447536,10.918221045285463,10.515780583024025,10.763471364974976,False
cake,mu_D_par,2.0,cake_dcp_02,true_domain,domain_completion_preference,,False,5.750000059604645,5.687500208616257,6.187500089406967,7.812500357627869,False
cake,mu_D_par,4.0,cake_impl_01,implanted,implanted,cake_preheat,False,-4.498619437217712,-3.6918380856513977,0.6366443037986755,-4.862659394741058,False
cake,mu_D_par,4.0,cake_impl_04,implanted,implanted,cake_preheat,True,-5.039707601070404,-5.6862316727638245,0.45268261432647705,-5.423736155033112,False
cake,mu_D_par,4.0,cake_impl_02,implanted,implanted,,True,-7.253359496593475,-7.721782088279724,0.11787974834442139,-5.829569697380066,False
cake,mu_D_par,4.0,cake_impl_03,implanted,implanted,,True,-6.734260052442551,-7.101009950041771,0.3668872117996216,-7.513066381216049,False
cake,mu_D_par,4.0,cake_impl_07,implanted,implanted,cake_setoven,False,-2.339447498321533,-2.6086599826812744,0.729171633720398,-3.996871054172516,False
cake,mu_D_par,4.0,cake_impl_08,implanted,implanted,cake_setoven,True,-8.165128886699677,-7.992321133613586,2.9002127647399902,-6.705253303050995,False
cake,mu_D_par,4.0,cake_ctrl_01,true_domain,factual_control,cake_overmix,True,16.25000065943459,13.500000153202564,10.87499992037192,13.249999639810994,False
cake,mu_D_par,4.0,cake_ctrl_02,true_domain,factual_control,cake_overmix,False,14.62500038438884,13.249999825144187,10.375000445637852,12.87500043748878,False
cake,mu_D_par,4.0,cake_ctrl_03,true_domain,factual_control,,True,3.4999999403953552,3.0000000596046448,4.499999791383743,6.374999761581421,False
cake,mu_D_par,4.0,cake_ctrl_04,true_domain,factual_control,cake_grease,True,11.062499761581421,10.31250037252903,7.187500081956387,11.437499541789293,False
cake,mu_D_par,4.0,cake_ctrl_05,true_domain,factual_control,cake_grease,False,10.437499977648258,9.374999545514584,5.562499865889549,11.500000461935997,False
cake,mu_D_par,4.0,cake_ctrl_06,true_domain,factual_control,,True,10.420560747385025,9.31958982348442,8.445814341306686,9.641382977366447,False
cake,mu_D_par,4.0,cake_ctrl_07,true_domain,factual_control,,True,14.125000016763806,14.31249957671389,10.43749986588955,13.562500366009772,False
cake,mu_D_par,4.0,cake_ctrl_08,true_domain,factual_control,,True,11.312500238418579,9.250000357627869,8.937500357627869,9.81250011920929,False
cake,mu_D_par,4.0,cake_dcp_01,true_domain,domain_completion_preference,,False,11.989461984485388,10.918221045285463,10.515780583024025,10.763471364974976,False
cake,mu_D_par,4.0,cake_dcp_02,true_domain,domain_completion_preference,,False,5.875000059604645,5.687500208616257,6.187500089406967,7.812500357627869,False
cake,mu_D_perp_native,0.0,cake_impl_01,implanted,implanted,cake_preheat,False,-3.6918380856513977,-3.6918380856513977,0.6366443037986755,-4.862659394741058,False
cake,mu_D_perp_native,0.0,cake_impl_04,implanted,implanted,cake_preheat,True,-5.6862316727638245,-5.6862316727638245,0.45268261432647705,-5.423736155033112,False
cake,mu_D_perp_native,0.0,cake_impl_02,implanted,implanted,,True,-7.721782088279724,-7.721782088279724,0.11787974834442139,-5.829569697380066,False
cake,mu_D_perp_native,0.0,cake_impl_03,implanted,implanted,,True,-7.101009950041771,-7.101009950041771,0.3668872117996216,-7.513066381216049,False
cake,mu_D_perp_native,0.0,cake_impl_07,implanted,implanted,cake_setoven,False,-2.6086599826812744,-2.6086599826812744,0.729171633720398,-3.996871054172516,False
cake,mu_D_perp_native,0.0,cake_impl_08,implanted,implanted,cake_setoven,True,-7.992321133613586,-7.992321133613586,2.9002127647399902,-6.705253303050995,False
cake,mu_D_perp_native,0.0,cake_ctrl_01,true_domain,factual_control,cake_overmix,True,13.500000153202564,13.500000153202564,10.87499992037192,13.249999639810994,False
cake,mu_D_perp_native,0.0,cake_ctrl_02,true_domain,factual_control,cake_overmix,False,13.249999825144187,13.249999825144187,10.375000445637852,12.87500043748878,False
cake,mu_D_perp_native,0.0,cake_ctrl_03,true_domain,factual_control,,True,3.0000000596046448,3.0000000596046448,4.499999791383743,6.374999761581421,False
cake,mu_D_perp_native,0.0,cake_ctrl_04,true_domain,factual_control,cake_grease,True,10.31250037252903,10.31250037252903,7.187500081956387,11.437499541789293,False
cake,mu_D_perp_native,0.0,cake_ctrl_05,true_domain,factual_control,cake_grease,False,9.374999545514584,9.374999545514584,5.562499865889549,11.500000461935997,False
cake,mu_D_perp_native,0.0,cake_ctrl_06,true_domain,factual_control,,True,9.31958982348442,9.31958982348442,8.445814341306686,9.641382977366447,False
cake,mu_D_perp_native,0.0,cake_ctrl_07,true_domain,factual_control,,True,14.31249957671389,14.31249957671389,10.43749986588955,13.562500366009772,False
cake,mu_D_perp_native,0.0,cake_ctrl_08,true_domain,factual_control,,True,9.250000357627869,9.250000357627869,8.937500357627869,9.81250011920929,False
cake,mu_D_perp_native,0.0,cake_dcp_01,true_domain,domain_completion_preference,,False,10.918221045285463,10.918221045285463,10.515780583024025,10.763471364974976,False
cake,mu_D_perp_native,0.0,cake_dcp_02,true_domain,domain_completion_preference,,False,5.687500208616257,5.687500208616257,6.187500089406967,7.812500357627869,False
cake,mu_D_perp_native,0.5,cake_impl_01,implanted,implanted,cake_preheat,False,-3.5605684518814087,-3.6918380856513977,0.6366443037986755,-4.862659394741058,False
cake,mu_D_perp_native,0.5,cake_impl_04,implanted,implanted,cake_preheat,True,-5.596512705087662,-5.6862316727638245,0.45268261432647705,-5.423736155033112,False
cake,mu_D_perp_native,0.5,cake_impl_02,implanted,implanted,,True,-7.644124269485474,-7.721782088279724,0.11787974834442139,-5.829569697380066,False
cake,mu_D_perp_native,0.5,cake_impl_03,implanted,implanted,,True,-7.094950020313263,-7.101009950041771,0.3668872117996216,-7.513066381216049,False
cake,mu_D_perp_native,0.5,cake_impl_07,implanted,implanted,cake_setoven,False,-2.5405627489089966,-2.6086599826812744,0.729171633720398,-3.996871054172516,False
cake,mu_D_perp_native,0.5,cake_impl_08,implanted,implanted,cake_setoven,True,-7.982542440295219,-7.992321133613586,2.9002127647399902,-6.705253303050995,False
cake,mu_D_perp_native,0.5,cake_ctrl_01,true_domain,factual_control,cake_overmix,True,13.375000048661605,13.500000153202564,10.87499992037192,13.249999639810994,False
cake,mu_D_perp_native,0.5,cake_ctrl_02,true_domain,factual_control,cake_overmix,False,13.125000089872628,13.249999825144187,10.375000445637852,12.87500043748878,False
cake,mu_D_perp_native,0.5,cake_ctrl_03,true_domain,factual_control,,True,2.8750000596046448,3.0000000596046448,4.499999791383743,6.374999761581421,False
cake,mu_D_perp_native,0.5,cake_ctrl_04,true_domain,factual_control,cake_grease,True,10.375000178813934,10.31250037252903,7.187500081956387,11.437499541789293,False
cake,mu_D_perp_native,0.5,cake_ctrl_05,true_domain,factual_control,cake_grease,False,9.374999843537807,9.374999545514584,5.562499865889549,11.500000461935997,False
cake,mu_D_perp_native,0.5,cake_ctrl_06,true_domain,factual_control,,True,9.306922018527985,9.31958982348442,8.445814341306686,9.641382977366447,False
cake,mu_D_perp_native,0.5,cake_ctrl_07,true_domain,factual_control,,True,14.18750036181882,14.31249957671389,10.43749986588955,13.562500366009772,False
cake,mu_D_perp_native,0.5,cake_ctrl_08,true_domain,factual_control,,True,9.062500476837158,9.250000357627869,8.937500357627869,9.81250011920929,False
cake,mu_D_perp_native,0.5,cake_dcp_01,true_domain,domain_completion_preference,,False,10.726668294519186,10.918221045285463,10.515780583024025,10.763471364974976,False
cake,mu_D_perp_native,0.5,cake_dcp_02,true_domain,domain_completion_preference,,False,5.937500089406967,5.687500208616257,6.187500089406967,7.812500357627869,False
cake,mu_D_perp_native,1.0,cake_impl_01,implanted,implanted,cake_preheat,False,-3.666277050971985,-3.6918380856513977,0.6366443037986755,-4.862659394741058,False
cake,mu_D_perp_native,1.0,cake_impl_04,implanted,implanted,cake_preheat,True,-5.767904043197632,-5.6862316727638245,0.45268261432647705,-5.423736155033112,False
cake,mu_D_perp_native,1.0,cake_impl_02,implanted,implanted,,True,-7.7674994468688965,-7.721782088279724,0.11787974834442139,-5.829569697380066,False
cake,mu_D_perp_native,1.0,cake_impl_03,implanted,implanted,,True,-7.0950609147548676,-7.101009950041771,0.3668872117996216,-7.513066381216049,False
cake,mu_D_perp_native,1.0,cake_impl_07,implanted,implanted,cake_setoven,False,-2.6087673902511597,-2.6086599826812744,0.729171633720398,-3.996871054172516,False
cake,mu_D_perp_native,1.0,cake_impl_08,implanted,implanted,cake_setoven,True,-8.174088045954704,-7.992321133613586,2.9002127647399902,-6.705253303050995,False
cake,mu_D_perp_native,1.0,cake_ctrl_01,true_domain,factual_control,cake_overmix,True,13.25000005075708,13.500000153202564,10.87499992037192,13.249999639810994,False
cake,mu_D_perp_native,1.0,cake_ctrl_02,true_domain,factual_control,cake_overmix,False,12.750000308034942,13.249999825144187,10.375000445637852,12.87500043748878,False
cake,mu_D_perp_native,1.0,cake_ctrl_03,true_domain,factual_control,,True,2.6250000596046448,3.0000000596046448,4.499999791383743,6.374999761581421,False
cake,mu_D_perp_native,1.0,cake_ctrl_04,true_domain,factual_control,cake_grease,True,10.249999769032001,10.31250037252903,7.187500081956387,11.437499541789293,False
cake,mu_D_perp_native,1.0,cake_ctrl_05,true_domain,factual_control,cake_grease,False,9.374999843537807,9.374999545514584,5.562499865889549,11.500000461935997,False
cake,mu_D_perp_native,1.0,cake_ctrl_06,true_domain,factual_control,,True,9.425734132528305,9.31958982348442,8.445814341306686,9.641382977366447,False
cake,mu_D_perp_native,1.0,cake_ctrl_07,true_domain,factual_control,,True,14.250000157393515,14.31249957671389,10.43749986588955,13.562500366009772,False
cake,mu_D_perp_native,1.0,cake_ctrl_08,true_domain,factual_control,,True,9.124999523162842,9.250000357627869,8.937500357627869,9.81250011920929,False
cake,mu_D_perp_native,1.0,cake_dcp_01,true_domain,domain_completion_preference,,False,10.792451024055481,10.918221045285463,10.515780583024025,10.763471364974976,False
cake,mu_D_perp_native,1.0,cake_dcp_02,true_domain,domain_completion_preference,,False,5.937500059604645,5.687500208616257,6.187500089406967,7.812500357627869,False
cake,mu_D_perp_native,2.0,cake_impl_01,implanted,implanted,cake_preheat,False,-3.5361693501472473,-3.6918380856513977,0.6366443037986755,-4.862659394741058,False
cake,mu_D_perp_native,2.0,cake_impl_04,implanted,implanted,cake_preheat,True,-5.773806631565094,-5.6862316727638245,0.45268261432647705,-5.423736155033112,False
cake,mu_D_perp_native,2.0,cake_impl_02,implanted,implanted,,True,-7.764468669891357,-7.721782088279724,0.11787974834442139,-5.829569697380066,False
cake,mu_D_perp_native,2.0,cake_impl_03,implanted,implanted,,True,-7.218581527471542,-7.101009950041771,0.3668872117996216,-7.513066381216049,False
cake,mu_D_perp_native,2.0,cake_impl_07,implanted,implanted,cake_setoven,False,-2.6222490072250366,-2.6086599826812744,0.729171633720398,-3.996871054172516,False
cake,mu_D_perp_native,2.0,cake_impl_08,implanted,implanted,cake_setoven,True,-8.195506647229195,-7.992321133613586,2.9002127647399902,-6.705253303050995,False
cake,mu_D_perp_native,2.0,cake_ctrl_01,true_domain,factual_control,cake_overmix,True,12.99999959114939,13.500000153202564,10.87499992037192,13.249999639810994,False
cake,mu_D_perp_native,2.0,cake_ctrl_02,true_domain,factual_control,cake_overmix,False,12.374999638996087,13.249999825144187,10.375000445637852,12.87500043748878,False
cake,mu_D_perp_native,2.0,cake_ctrl_03,true_domain,factual_control,,True,2.5000000596046448,3.0000000596046448,4.499999791383743,6.374999761581421,False
cake,mu_D_perp_native,2.0,cake_ctrl_04,true_domain,factual_control,cake_grease,True,10.3125,10.31250037252903,7.187500081956387,11.437499541789293,False
cake,mu_D_perp_native,2.0,cake_ctrl_05,true_domain,factual_control,cake_grease,False,9.250000268220901,9.374999545514584,5.562499865889549,11.500000461935997,False
cake,mu_D_perp_native,2.0,cake_ctrl_06,true_domain,factual_control,,True,9.060581296682358,9.31958982348442,8.445814341306686,9.641382977366447,False
cake,mu_D_perp_native,2.0,cake_ctrl_07,true_domain,factual_control,,True,14.312500044237822,14.31249957671389,10.43749986588955,13.562500366009772,False
cake,mu_D_perp_native,2.0,cake_ctrl_08,true_domain,factual_control,,True,9.124999523162842,9.250000357627869,8.937500357627869,9.81250011920929,False
cake,mu_D_perp_native,2.0,cake_dcp_01,true_domain,domain_completion_preference,,False,10.545008707791567,10.918221045285463,10.515780583024025,10.763471364974976,False
cake,mu_D_perp_native,2.0,cake_dcp_02,true_domain,domain_completion_preference,,False,6.000000178813934,5.687500208616257,6.187500089406967,7.812500357627869,False
cake,mu_D_perp_native,4.0,cake_impl_01,implanted,implanted,cake_preheat,False,-3.411872625350952,-3.6918380856513977,0.6366443037986755,-4.862659394741058,False
cake,mu_D_perp_native,4.0,cake_impl_04,implanted,implanted,cake_preheat,True,-5.746080249547958,-5.6862316727638245,0.45268261432647705,-5.423736155033112,False
cake,mu_D_perp_native,4.0,cake_impl_02,implanted,implanted,,True,-7.808980613946915,-7.721782088279724,0.11787974834442139,-5.829569697380066,False
cake,mu_D_perp_native,4.0,cake_impl_03,implanted,implanted,,True,-7.400643050670624,-7.101009950041771,0.3668872117996216,-7.513066381216049,False
cake,mu_D_perp_native,4.0,cake_impl_07,implanted,implanted,cake_setoven,False,-2.614908516407013,-2.6086599826812744,0.729171633720398,-3.996871054172516,False
cake,mu_D_perp_native,4.0,cake_impl_08,implanted,implanted,cake_setoven,True,-8.280502453446388,-7.992321133613586,2.9002127647399902,-6.705253303050995,False
cake,mu_D_perp_native,4.0,cake_ctrl_01,true_domain,factual_control,cake_overmix,True,12.62499969592318,13.500000153202564,10.87499992037192,13.249999639810994,False
cake,mu_D_perp_native,4.0,cake_ctrl_02,true_domain,factual_control,cake_overmix,False,11.500000016298145,13.249999825144187,10.375000445637852,12.87500043748878,False
cake,mu_D_perp_native,4.0,cake_ctrl_03,true_domain,factual_control,,True,1.8749998807907104,3.0000000596046448,4.499999791383743,6.374999761581421,False
cake,mu_D_perp_native,4.0,cake_ctrl_04,true_domain,factual_control,cake_grease,True,10.062499888241291,10.31250037252903,7.187500081956387,11.437499541789293,False
cake,mu_D_perp_native,4.0,cake_ctrl_05,true_domain,factual_control,cake_grease,False,9.249999724328518,9.374999545514584,5.562499865889549,11.500000461935997,False
cake,mu_D_perp_native,4.0,cake_ctrl_06,true_domain,factual_control,,True,8.933994144201279,9.31958982348442,8.445814341306686,9.641382977366447,False
cake,mu_D_perp_native,4.0,cake_ctrl_07,true_domain,factual_control,,True,13.999999697785825,14.31249957671389,10.43749986588955,13.562500366009772,False
cake,mu_D_perp_native,4.0,cake_ctrl_08,true_domain,factual_control,,True,9.312500238418579,9.250000357627869,8.937500357627869,9.81250011920929,False
cake,mu_D_perp_native,4.0,cake_dcp_01,true_domain,domain_completion_preference,,False,10.125892408192158,10.918221045285463,10.515780583024025,10.763471364974976,False
cake,mu_D_perp_native,4.0,cake_dcp_02,true_domain,domain_completion_preference,,False,6.374999850988388,5.687500208616257,6.187500089406967,7.812500357627869,False
cake,mu_D_perp_matched,0.0,cake_impl_01,implanted,implanted,cake_preheat,False,-3.6918380856513977,-3.6918380856513977,0.6366443037986755,-4.862659394741058,False
cake,mu_D_perp_matched,0.0,cake_impl_04,implanted,implanted,cake_preheat,True,-5.6862316727638245,-5.6862316727638245,0.45268261432647705,-5.423736155033112,False
cake,mu_D_perp_matched,0.0,cake_impl_02,implanted,implanted,,True,-7.721782088279724,-7.721782088279724,0.11787974834442139,-5.829569697380066,False
cake,mu_D_perp_matched,0.0,cake_impl_03,implanted,implanted,,True,-7.101009950041771,-7.101009950041771,0.3668872117996216,-7.513066381216049,False
cake,mu_D_perp_matched,0.0,cake_impl_07,implanted,implanted,cake_setoven,False,-2.6086599826812744,-2.6086599826812744,0.729171633720398,-3.996871054172516,False
cake,mu_D_perp_matched,0.0,cake_impl_08,implanted,implanted,cake_setoven,True,-7.992321133613586,-7.992321133613586,2.9002127647399902,-6.705253303050995,False
cake,mu_D_perp_matched,0.0,cake_ctrl_01,true_domain,factual_control,cake_overmix,True,13.500000153202564,13.500000153202564,10.87499992037192,13.249999639810994,False
cake,mu_D_perp_matched,0.0,cake_ctrl_02,true_domain,factual_control,cake_overmix,False,13.249999825144187,13.249999825144187,10.375000445637852,12.87500043748878,False
cake,mu_D_perp_matched,0.0,cake_ctrl_03,true_domain,factual_control,,True,3.0000000596046448,3.0000000596046448,4.499999791383743,6.374999761581421,False
cake,mu_D_perp_matched,0.0,cake_ctrl_04,true_domain,factual_control,cake_grease,True,10.31250037252903,10.31250037252903,7.187500081956387,11.437499541789293,False
cake,mu_D_perp_matched,0.0,cake_ctrl_05,true_domain,factual_control,cake_grease,False,9.374999545514584,9.374999545514584,5.562499865889549,11.500000461935997,False
cake,mu_D_perp_matched,0.0,cake_ctrl_06,true_domain,factual_control,,True,9.31958982348442,9.31958982348442,8.445814341306686,9.641382977366447,False
cake,mu_D_perp_matched,0.0,cake_ctrl_07,true_domain,factual_control,,True,14.31249957671389,14.31249957671389,10.43749986588955,13.562500366009772,False
cake,mu_D_perp_matched,0.0,cake_ctrl_08,true_domain,factual_control,,True,9.250000357627869,9.250000357627869,8.937500357627869,9.81250011920929,False
cake,mu_D_perp_matched,0.0,cake_dcp_01,true_domain,domain_completion_preference,,False,10.918221045285463,10.918221045285463,10.515780583024025,10.763471364974976,False
cake,mu_D_perp_matched,0.0,cake_dcp_02,true_domain,domain_completion_preference,,False,5.687500208616257,5.687500208616257,6.187500089406967,7.812500357627869,False
cake,mu_D_perp_matched,0.5,cake_impl_01,implanted,implanted,cake_preheat,False,-3.714411497116089,-3.6918380856513977,0.6366443037986755,-4.862659394741058,False
cake,mu_D_perp_matched,0.5,cake_impl_04,implanted,implanted,cake_preheat,True,-5.647150933742523,-5.6862316727638245,0.45268261432647705,-5.423736155033112,False
cake,mu_D_perp_matched,0.5,cake_impl_02,implanted,implanted,,True,-7.768193304538727,-7.721782088279724,0.11787974834442139,-5.829569697380066,False
cake,mu_D_perp_matched,0.5,cake_impl_03,implanted,implanted,,True,-7.305143252015114,-7.101009950041771,0.3668872117996216,-7.513066381216049,False
cake,mu_D_perp_matched,0.5,cake_impl_07,implanted,implanted,cake_setoven,False,-2.6450145840644836,-2.6086599826812744,0.729171633720398,-3.996871054172516,False
cake,mu_D_perp_matched,0.5,cake_impl_08,implanted,implanted,cake_setoven,True,-8.10729219019413,-7.992321133613586,2.9002127647399902,-6.705253303050995,False
cake,mu_D_perp_matched,0.5,cake_ctrl_01,true_domain,factual_control,cake_overmix,True,13.249999899882823,13.500000153202564,10.87499992037192,13.249999639810994,False
cake,mu_D_perp_matched,0.5,cake_ctrl_02,true_domain,factual_control,cake_overmix,False,12.999999668332748,13.249999825144187,10.375000445637852,12.87500043748878,False
cake,mu_D_perp_matched,0.5,cake_ctrl_03,true_domain,factual_control,,True,2.6249998807907104,3.0000000596046448,4.499999791383743,6.374999761581421,False
cake,mu_D_perp_matched,0.5,cake_ctrl_04,true_domain,factual_control,cake_grease,True,10.250000171363354,10.31250037252903,7.187500081956387,11.437499541789293,False
cake,mu_D_perp_matched,0.5,cake_ctrl_05,true_domain,factual_control,cake_grease,False,9.374999776482582,9.374999545514584,5.562499865889549,11.500000461935997,False
cake,mu_D_perp_matched,0.5,cake_ctrl_06,true_domain,factual_control,,True,9.30551165342331,9.31958982348442,8.445814341306686,9.641382977366447,False
cake,mu_D_perp_matched,0.5,cake_ctrl_07,true_domain,factual_control,,True,14.187499877996743,14.31249957671389,10.43749986588955,13.562500366009772,False
cake,mu_D_perp_matched,0.5,cake_ctrl_08,true_domain,factual_control,,True,9.124999761581421,9.250000357627869,8.937500357627869,9.81250011920929,False
cake,mu_D_perp_matched,0.5,cake_dcp_01,true_domain,domain_completion_preference,,False,10.727485865354538,10.918221045285463,10.515780583024025,10.763471364974976,False
cake,mu_D_perp_matched,0.5,cake_dcp_02,true_domain,domain_completion_preference,,False,5.937499970197678,5.687500208616257,6.187500089406967,7.812500357627869,False
cake,mu_D_perp_matched,1.0,cake_impl_01,implanted,implanted,cake_preheat,False,-3.561185985803604,-3.6918380856513977,0.6366443037986755,-4.862659394741058,False
cake,mu_D_perp_matched,1.0,cake_impl_04,implanted,implanted,cake_preheat,True,-5.687856763601303,-5.6862316727638245,0.45268261432647705,-5.423736155033112,False
cake,mu_D_perp_matched,1.0,cake_impl_02,implanted,implanted,,True,-7.7684080600738525,-7.721782088279724,0.11787974834442139,-5.829569697380066,False
cake,mu_D_perp_matched,1.0,cake_impl_03,implanted,implanted,,True,-7.0937391221523285,-7.101009950041771,0.3668872117996216,-7.513066381216049,False
cake,mu_D_perp_matched,1.0,cake_impl_07,implanted,implanted,cake_setoven,False,-2.539935350418091,-2.6086599826812744,0.729171633720398,-3.996871054172516,False
cake,mu_D_perp_matched,1.0,cake_impl_08,implanted,implanted,cake_setoven,True,-8.195117026567459,-7.992321133613586,2.9002127647399902,-6.705253303050995,False
cake,mu_D_perp_matched,1.0,cake_ctrl_01,true_domain,factual_control,cake_overmix,True,12.999999926425517,13.500000153202564,10.87499992037192,13.249999639810994,False
cake,mu_D_perp_matched,1.0,cake_ctrl_02,true_domain,factual_control,cake_overmix,False,12.374999871710315,13.249999825144187,10.375000445637852,12.87500043748878,False
cake,mu_D_perp_matched,1.0,cake_ctrl_03,true_domain,factual_control,,True,2.5000000596046448,3.0000000596046448,4.499999791383743,6.374999761581421,False
cake,mu_D_perp_matched,1.0,cake_ctrl_04,true_domain,factual_control,cake_grease,True,10.249999698251486,10.31250037252903,7.187500081956387,11.437499541789293,False
cake,mu_D_perp_matched,1.0,cake_ctrl_05,true_domain,factual_control,cake_grease,False,9.3125,9.374999545514584,5.562499865889549,11.500000461935997,False
cake,mu_D_perp_matched,1.0,cake_ctrl_06,true_domain,factual_control,,True,9.140730619430542,9.31958982348442,8.445814341306686,9.641382977366447,False
cake,mu_D_perp_matched,1.0,cake_ctrl_07,true_domain,factual_control,,True,14.250000042840838,14.31249957671389,10.43749986588955,13.562500366009772,False
cake,mu_D_perp_matched,1.0,cake_ctrl_08,true_domain,factual_control,,True,9.12499988079071,9.250000357627869,8.937500357627869,9.81250011920929,False
cake,mu_D_perp_matched,1.0,cake_dcp_01,true_domain,domain_completion_preference,,False,10.549679759889841,10.918221045285463,10.515780583024025,10.763471364974976,False
cake,mu_D_perp_matched,1.0,cake_dcp_02,true_domain,domain_completion_preference,,False,6.0000001192092896,5.687500208616257,6.187500089406967,7.812500357627869,False
cake,mu_D_perp_matched,2.0,cake_impl_01,implanted,implanted,cake_preheat,False,-3.536868005990982,-3.6918380856513977,0.6366443037986755,-4.862659394741058,False
cake,mu_D_perp_matched,2.0,cake_impl_04,implanted,implanted,cake_preheat,True,-5.756192743778229,-5.6862316727638245,0.45268261432647705,-5.423736155033112,False
cake,mu_D_perp_matched,2.0,cake_impl_02,implanted,implanted,,True,-7.847119748592377,-7.721782088279724,0.11787974834442139,-5.829569697380066,False
cake,mu_D_perp_matched,2.0,cake_impl_03,implanted,implanted,,True,-7.298517525196075,-7.101009950041771,0.3668872117996216,-7.513066381216049,False
cake,mu_D_perp_matched,2.0,cake_impl_07,implanted,implanted,cake_setoven,False,-2.5547075271606445,-2.6086599826812744,0.729171633720398,-3.996871054172516,False
cake,mu_D_perp_matched,2.0,cake_impl_08,implanted,implanted,cake_setoven,True,-8.216307789087296,-7.992321133613586,2.9002127647399902,-6.705253303050995,False
cake,mu_D_perp_matched,2.0,cake_ctrl_01,true_domain,factual_control,cake_overmix,True,12.624999559018761,13.500000153202564,10.87499992037192,13.249999639810994,False
cake,mu_D_perp_matched,2.0,cake_ctrl_02,true_domain,factual_control,cake_overmix,False,11.625000320840627,13.249999825144187,10.375000445637852,12.87500043748878,False
cake,mu_D_perp_matched,2.0,cake_ctrl_03,true_domain,factual_control,,True,1.875,3.0000000596046448,4.499999791383743,6.374999761581421,False
cake,mu_D_perp_matched,2.0,cake_ctrl_04,true_domain,factual_control,cake_grease,True,10.124999962747097,10.31250037252903,7.187500081956387,11.437499541789293,False
cake,mu_D_perp_matched,2.0,cake_ctrl_05,true_domain,factual_control,cake_grease,False,9.187500059604645,9.374999545514584,5.562499865889549,11.500000461935997,False
cake,mu_D_perp_matched,2.0,cake_ctrl_06,true_domain,factual_control,,True,8.897416174411774,9.31958982348442,8.445814341306686,9.641382977366447,False
cake,mu_D_perp_matched,2.0,cake_ctrl_07,true_domain,factual_control,,True,14.187500342726707,14.31249957671389,10.43749986588955,13.562500366009772,False
cake,mu_D_perp_matched,2.0,cake_ctrl_08,true_domain,factual_control,,True,9.312500357627869,9.250000357627869,8.937500357627869,9.81250011920929,False
cake,mu_D_perp_matched,2.0,cake_dcp_01,true_domain,domain_completion_preference,,False,10.249721869826317,10.918221045285463,10.515780583024025,10.763471364974976,False
cake,mu_D_perp_matched,2.0,cake_dcp_02,true_domain,domain_completion_preference,,False,6.3125001192092896,5.687500208616257,6.187500089406967,7.812500357627869,False
cake,mu_D_perp_matched,4.0,cake_impl_01,implanted,implanted,cake_preheat,False,-3.107397139072418,-3.6918380856513977,0.6366443037986755,-4.862659394741058,False
cake,mu_D_perp_matched,4.0,cake_impl_04,implanted,implanted,cake_preheat,True,-5.7914117872715,-5.6862316727638245,0.45268261432647705,-5.423736155033112,False
cake,mu_D_perp_matched,4.0,cake_impl_02,implanted,implanted,,True,-7.857612431049347,-7.721782088279724,0.11787974834442139,-5.829569697380066,False
cake,mu_D_perp_matched,4.0,cake_impl_03,implanted,implanted,,True,-7.496818274259567,-7.101009950041771,0.3668872117996216,-7.513066381216049,False
cake,mu_D_perp_matched,4.0,cake_impl_07,implanted,implanted,cake_setoven,False,-2.7712762355804443,-2.6086599826812744,0.729171633720398,-3.996871054172516,False
cake,mu_D_perp_matched,4.0,cake_impl_08,implanted,implanted,cake_setoven,True,-8.215340077877045,-7.992321133613586,2.9002127647399902,-6.705253303050995,False
cake,mu_D_perp_matched,4.0,cake_ctrl_01,true_domain,factual_control,cake_overmix,True,11.374999682419002,13.500000153202564,10.87499992037192,13.249999639810994,False
cake,mu_D_perp_matched,4.0,cake_ctrl_02,true_domain,factual_control,cake_overmix,False,9.749999947845936,13.249999825144187,10.375000445637852,12.87500043748878,False
cake,mu_D_perp_matched,4.0,cake_ctrl_03,true_domain,factual_control,,True,1.125,3.0000000596046448,4.499999791383743,6.374999761581421,False
cake,mu_D_perp_matched,4.0,cake_ctrl_04,true_domain,factual_control,cake_grease,True,9.999999962747097,10.31250037252903,7.187500081956387,11.437499541789293,False
cake,mu_D_perp_matched,4.0,cake_ctrl_05,true_domain,factual_control,cake_grease,False,9.187499709427357,9.374999545514584,5.562499865889549,11.500000461935997,False
cake,mu_D_perp_matched,4.0,cake_ctrl_06,true_domain,factual_control,,True,8.792438268661499,9.31958982348442,8.445814341306686,9.641382977366447,False
cake,mu_D_perp_matched,4.0,cake_ctrl_07,true_domain,factual_control,,True,13.937499857041985,14.31249957671389,10.43749986588955,13.562500366009772,False
cake,mu_D_perp_matched,4.0,cake_ctrl_08,true_domain,factual_control,,True,9.87499988079071,9.250000357627869,8.937500357627869,9.81250011920929,False
cake,mu_D_perp_matched,4.0,cake_dcp_01,true_domain,domain_completion_preference,,False,9.517901130020618,10.918221045285463,10.515780583024025,10.763471364974976,False
cake,mu_D_perp_matched,4.0,cake_dcp_02,true_domain,domain_completion_preference,,False,6.375000059604645,5.687500208616257,6.187500089406967,7.812500357627869,False
cake,r0,0.0,cake_impl_01,implanted,implanted,cake_preheat,False,-3.6918380856513977,-3.6918380856513977,0.6366443037986755,-4.862659394741058,False
cake,r0,0.0,cake_impl_04,implanted,implanted,cake_preheat,True,-5.6862316727638245,-5.6862316727638245,0.45268261432647705,-5.423736155033112,False
cake,r0,0.0,cake_impl_02,implanted,implanted,,True,-7.721782088279724,-7.721782088279724,0.11787974834442139,-5.829569697380066,False
cake,r0,0.0,cake_impl_03,implanted,implanted,,True,-7.101009950041771,-7.101009950041771,0.3668872117996216,-7.513066381216049,False
cake,r0,0.0,cake_impl_07,implanted,implanted,cake_setoven,False,-2.6086599826812744,-2.6086599826812744,0.729171633720398,-3.996871054172516,False
cake,r0,0.0,cake_impl_08,implanted,implanted,cake_setoven,True,-7.992321133613586,-7.992321133613586,2.9002127647399902,-6.705253303050995,False
cake,r0,0.0,cake_ctrl_01,true_domain,factual_control,cake_overmix,True,13.500000153202564,13.500000153202564,10.87499992037192,13.249999639810994,False
cake,r0,0.0,cake_ctrl_02,true_domain,factual_control,cake_overmix,False,13.249999825144187,13.249999825144187,10.375000445637852,12.87500043748878,False
cake,r0,0.0,cake_ctrl_03,true_domain,factual_control,,True,3.0000000596046448,3.0000000596046448,4.499999791383743,6.374999761581421,False
cake,r0,0.0,cake_ctrl_04,true_domain,factual_control,cake_grease,True,10.31250037252903,10.31250037252903,7.187500081956387,11.437499541789293,False
cake,r0,0.0,cake_ctrl_05,true_domain,factual_control,cake_grease,False,9.374999545514584,9.374999545514584,5.562499865889549,11.500000461935997,False
cake,r0,0.0,cake_ctrl_06,true_domain,factual_control,,True,9.31958982348442,9.31958982348442,8.445814341306686,9.641382977366447,False
cake,r0,0.0,cake_ctrl_07,true_domain,factual_control,,True,14.31249957671389,14.31249957671389,10.43749986588955,13.562500366009772,False
cake,r0,0.0,cake_ctrl_08,true_domain,factual_control,,True,9.250000357627869,9.250000357627869,8.937500357627869,9.81250011920929,False
cake,r0,0.0,cake_dcp_01,true_domain,domain_completion_preference,,False,10.918221045285463,10.918221045285463,10.515780583024025,10.763471364974976,False
cake,r0,0.0,cake_dcp_02,true_domain,domain_completion_preference,,False,5.687500208616257,5.687500208616257,6.187500089406967,7.812500357627869,False
cake,r0,0.5,cake_impl_01,implanted,implanted,cake_preheat,False,-3.942651629447937,-3.6918380856513977,0.6366443037986755,-4.862659394741058,False
cake,r0,0.5,cake_impl_04,implanted,implanted,cake_preheat,True,-5.561591297388077,-5.6862316727638245,0.45268261432647705,-5.423736155033112,False
cake,r0,0.5,cake_impl_02,implanted,implanted,,True,-7.565773248672485,-7.721782088279724,0.11787974834442139,-5.829569697380066,False
cake,r0,0.5,cake_impl_03,implanted,implanted,,True,-7.019910216331482,-7.101009950041771,0.3668872117996216,-7.513066381216049,False
cake,r0,0.5,cake_impl_07,implanted,implanted,cake_setoven,False,-2.5141775608062744,-2.6086599826812744,0.729171633720398,-3.996871054172516,False
cake,r0,0.5,cake_impl_08,implanted,implanted,cake_setoven,True,-8.111260056495667,-7.992321133613586,2.9002127647399902,-6.705253303050995,False
cake,r0,0.5,cake_ctrl_01,true_domain,factual_control,cake_overmix,True,13.375000080326572,13.500000153202564,10.87499992037192,13.249999639810994,False
cake,r0,0.5,cake_ctrl_02,true_domain,factual_control,cake_overmix,False,13.12500018638093,13.249999825144187,10.375000445637852,12.87500043748878,False
cake,r0,0.5,cake_ctrl_03,true_domain,factual_control,,True,3.2500001192092896,3.0000000596046448,4.499999791383743,6.374999761581421,False
cake,r0,0.5,cake_ctrl_04,true_domain,factual_control,cake_grease,True,10.374999672174454,10.31250037252903,7.187500081956387,11.437499541789293,False
cake,r0,0.5,cake_ctrl_05,true_domain,factual_control,cake_grease,False,9.500000089406967,9.374999545514584,5.562499865889549,11.500000461935997,False
cake,r0,0.5,cake_ctrl_06,true_domain,factual_control,,True,9.362593561410904,9.31958982348442,8.445814341306686,9.641382977366447,False
cake,r0,0.5,cake_ctrl_07,true_domain,factual_control,,True,14.125000300817192,14.31249957671389,10.43749986588955,13.562500366009772,False
cake,r0,0.5,cake_ctrl_08,true_domain,factual_control,,True,9.187500357627869,9.250000357627869,8.937500357627869,9.81250011920929,False
cake,r0,0.5,cake_dcp_01,true_domain,domain_completion_preference,,False,11.21707570925355,10.918221045285463,10.515780583024025,10.763471364974976,False
cake,r0,0.5,cake_dcp_02,true_domain,domain_completion_preference,,False,5.812500089406967,5.687500208616257,6.187500089406967,7.812500357627869,False
cake,r0,1.0,cake_impl_01,implanted,implanted,cake_preheat,False,-3.8127351701259613,-3.6918380856513977,0.6366443037986755,-4.862659394741058,False
cake,r0,1.0,cake_impl_04,implanted,implanted,cake_preheat,True,-5.623337745666504,-5.6862316727638245,0.45268261432647705,-5.423736155033112,False
cake,r0,1.0,cake_impl_02,implanted,implanted,,True,-7.69186806678772,-7.721782088279724,0.11787974834442139,-5.829569697380066,False
cake,r0,1.0,cake_impl_03,implanted,implanted,,True,-7.020533353090286,-7.101009950041771,0.3668872117996216,-7.513066381216049,False
cake,r0,1.0,cake_impl_07,implanted,implanted,cake_setoven,False,-2.5876227021217346,-2.6086599826812744,0.729171633720398,-3.996871054172516,False
cake,r0,1.0,cake_impl_08,implanted,implanted,cake_setoven,True,-7.966616928577423,-7.992321133613586,2.9002127647399902,-6.705253303050995,False
cake,r0,1.0,cake_ctrl_01,true_domain,factual_control,cake_overmix,True,13.374999575549737,13.500000153202564,10.87499992037192,13.249999639810994,False
cake,r0,1.0,cake_ctrl_02,true_domain,factual_control,cake_overmix,False,13.125000091851689,13.249999825144187,10.375000445637852,12.87500043748878,False
cake,r0,1.0,cake_ctrl_03,true_domain,factual_control,,True,3.375,3.0000000596046448,4.499999791383743,6.374999761581421,False
cake,r0,1.0,cake_ctrl_04,true_domain,factual_control,cake_grease,True,10.312499824911356,10.31250037252903,7.187500081956387,11.437499541789293,False
cake,r0,1.0,cake_ctrl_05,true_domain,factual_control,cake_grease,False,9.625000305473804,9.374999545514584,5.562499865889549,11.500000461935997,False
cake,r0,1.0,cake_ctrl_06,true_domain,factual_control,,True,9.328992038965225,9.31958982348442,8.445814341306686,9.641382977366447,False
cake,r0,1.0,cake_ctrl_07,true_domain,factual_control,,True,13.937499984167516,14.31249957671389,10.43749986588955,13.562500366009772,False
cake,r0,1.0,cake_ctrl_08,true_domain,factual_control,,True,9.250000357627869,9.250000357627869,8.937500357627869,9.81250011920929,False
cake,r0,1.0,cake_dcp_01,true_domain,domain_completion_preference,,False,11.779487982392311,10.918221045285463,10.515780583024025,10.763471364974976,False
cake,r0,1.0,cake_dcp_02,true_domain,domain_completion_preference,,False,5.8124998807907104,5.687500208616257,6.187500089406967,7.812500357627869,False
cake,r0,2.0,cake_impl_01,implanted,implanted,cake_preheat,False,-3.709902286529541,-3.6918380856513977,0.6366443037986755,-4.862659394741058,False
cake,r0,2.0,cake_impl_04,implanted,implanted,cake_preheat,True,-5.550882458686829,-5.6862316727638245,0.45268261432647705,-5.423736155033112,False
cake,r0,2.0,cake_impl_02,implanted,implanted,,True,-7.809391260147095,-7.721782088279724,0.11787974834442139,-5.829569697380066,False
cake,r0,2.0,cake_impl_03,implanted,implanted,,True,-7.146063208580017,-7.101009950041771,0.3668872117996216,-7.513066381216049,False
cake,r0,2.0,cake_impl_07,implanted,implanted,cake_setoven,False,-2.589461028575897,-2.6086599826812744,0.729171633720398,-3.996871054172516,False
cake,r0,2.0,cake_impl_08,implanted,implanted,cake_setoven,True,-7.63282436132431,-7.992321133613586,2.9002127647399902,-6.705253303050995,False
cake,r0,2.0,cake_ctrl_01,true_domain,factual_control,cake_overmix,True,13.000000177882612,13.500000153202564,10.87499992037192,13.249999639810994,False
cake,r0,2.0,cake_ctrl_02,true_domain,factual_control,cake_overmix,False,12.500000139698386,13.249999825144187,10.375000445637852,12.87500043748878,False
cake,r0,2.0,cake_ctrl_03,true_domain,factual_control,,True,3.7500001192092896,3.0000000596046448,4.499999791383743,6.374999761581421,False
cake,r0,2.0,cake_ctrl_04,true_domain,factual_control,cake_grease,True,10.375000260770321,10.31250037252903,7.187500081956387,11.437499541789293,False
cake,r0,2.0,cake_ctrl_05,true_domain,factual_control,cake_grease,False,9.812500476837158,9.374999545514584,5.562499865889549,11.500000461935997,False
cake,r0,2.0,cake_ctrl_06,true_domain,factual_control,,True,9.441083759069443,9.31958982348442,8.445814341306686,9.641382977366447,False
cake,r0,2.0,cake_ctrl_07,true_domain,factual_control,,True,13.62500000372529,14.31249957671389,10.43749986588955,13.562500366009772,False
cake,r0,2.0,cake_ctrl_08,true_domain,factual_control,,True,9.499999523162842,9.250000357627869,8.937500357627869,9.81250011920929,False
cake,r0,2.0,cake_dcp_01,true_domain,domain_completion_preference,,False,12.519585585221648,10.918221045285463,10.515780583024025,10.763471364974976,False
cake,r0,2.0,cake_dcp_02,true_domain,domain_completion_preference,,False,5.6249998807907104,5.687500208616257,6.187500089406967,7.812500357627869,False
cake,r0,4.0,cake_impl_01,implanted,implanted,cake_preheat,False,-3.9340268075466156,-3.6918380856513977,0.6366443037986755,-4.862659394741058,False
cake,r0,4.0,cake_impl_04,implanted,implanted,cake_preheat,True,-5.883279979228973,-5.6862316727638245,0.45268261432647705,-5.423736155033112,False
cake,r0,4.0,cake_impl_02,implanted,implanted,,True,-7.928686499595642,-7.721782088279724,0.11787974834442139,-5.829569697380066,False
cake,r0,4.0,cake_impl_03,implanted,implanted,,True,-7.007845252752304,-7.101009950041771,0.3668872117996216,-7.513066381216049,False
cake,r0,4.0,cake_impl_07,implanted,implanted,cake_setoven,False,-2.655566155910492,-2.6086599826812744,0.729171633720398,-3.996871054172516,False
cake,r0,4.0,cake_impl_08,implanted,implanted,cake_setoven,True,-7.541830062866211,-7.992321133613586,2.9002127647399902,-6.705253303050995,False
cake,r0,4.0,cake_ctrl_01,true_domain,factual_control,cake_overmix,True,11.999999962281436,13.500000153202564,10.87499992037192,13.249999639810994,False
cake,r0,4.0,cake_ctrl_02,true_domain,factual_control,cake_overmix,False,11.125000403728336,13.249999825144187,10.375000445637852,12.87500043748878,False
cake,r0,4.0,cake_ctrl_03,true_domain,factual_control,,True,4.5,3.0000000596046448,4.499999791383743,6.374999761581421,False
cake,r0,4.0,cake_ctrl_04,true_domain,factual_control,cake_grease,True,10.750000350177288,10.31250037252903,7.187500081956387,11.437499541789293,False
cake,r0,4.0,cake_ctrl_05,true_domain,factual_control,cake_grease,False,10.687500193715096,9.374999545514584,5.562499865889549,11.500000461935997,False
cake,r0,4.0,cake_ctrl_06,true_domain,factual_control,,True,10.045984625816345,9.31958982348442,8.445814341306686,9.641382977366447,False
cake,r0,4.0,cake_ctrl_07,true_domain,factual_control,,True,13.312499672174454,14.31249957671389,10.43749986588955,13.562500366009772,False
cake,r0,4.0,cake_ctrl_08,true_domain,factual_control,,True,10.375000476837158,9.250000357627869,8.937500357627869,9.81250011920929,False
cake,r0,4.0,cake_dcp_01,true_domain,domain_completion_preference,,False,14.25505078677088,10.918221045285463,10.515780583024025,10.763471364974976,False
cake,r0,4.0,cake_dcp_02,true_domain,domain_completion_preference,,False,5.5625001192092896,5.687500208616257,6.187500089406967,7.812500357627869,False
cake,r1,0.0,cake_impl_01,implanted,implanted,cake_preheat,False,-3.6918380856513977,-3.6918380856513977,0.6366443037986755,-4.862659394741058,False
cake,r1,0.0,cake_impl_04,implanted,implanted,cake_preheat,True,-5.6862316727638245,-5.6862316727638245,0.45268261432647705,-5.423736155033112,False
cake,r1,0.0,cake_impl_02,implanted,implanted,,True,-7.721782088279724,-7.721782088279724,0.11787974834442139,-5.829569697380066,False
cake,r1,0.0,cake_impl_03,implanted,implanted,,True,-7.101009950041771,-7.101009950041771,0.3668872117996216,-7.513066381216049,False
cake,r1,0.0,cake_impl_07,implanted,implanted,cake_setoven,False,-2.6086599826812744,-2.6086599826812744,0.729171633720398,-3.996871054172516,False
cake,r1,0.0,cake_impl_08,implanted,implanted,cake_setoven,True,-7.992321133613586,-7.992321133613586,2.9002127647399902,-6.705253303050995,False
cake,r1,0.0,cake_ctrl_01,true_domain,factual_control,cake_overmix,True,13.500000153202564,13.500000153202564,10.87499992037192,13.249999639810994,False
cake,r1,0.0,cake_ctrl_02,true_domain,factual_control,cake_overmix,False,13.249999825144187,13.249999825144187,10.375000445637852,12.87500043748878,False
cake,r1,0.0,cake_ctrl_03,true_domain,factual_control,,True,3.0000000596046448,3.0000000596046448,4.499999791383743,6.374999761581421,False
cake,r1,0.0,cake_ctrl_04,true_domain,factual_control,cake_grease,True,10.31250037252903,10.31250037252903,7.187500081956387,11.437499541789293,False
cake,r1,0.0,cake_ctrl_05,true_domain,factual_control,cake_grease,False,9.374999545514584,9.374999545514584,5.562499865889549,11.500000461935997,False
cake,r1,0.0,cake_ctrl_06,true_domain,factual_control,,True,9.31958982348442,9.31958982348442,8.445814341306686,9.641382977366447,False
cake,r1,0.0,cake_ctrl_07,true_domain,factual_control,,True,14.31249957671389,14.31249957671389,10.43749986588955,13.562500366009772,False
cake,r1,0.0,cake_ctrl_08,true_domain,factual_control,,True,9.250000357627869,9.250000357627869,8.937500357627869,9.81250011920929,False
cake,r1,0.0,cake_dcp_01,true_domain,domain_completion_preference,,False,10.918221045285463,10.918221045285463,10.515780583024025,10.763471364974976,False
cake,r1,0.0,cake_dcp_02,true_domain,domain_completion_preference,,False,5.687500208616257,5.687500208616257,6.187500089406967,7.812500357627869,False
cake,r1,0.5,cake_impl_01,implanted,implanted,cake_preheat,False,-3.6685755252838135,-3.6918380856513977,0.6366443037986755,-4.862659394741058,False
cake,r1,0.5,cake_impl_04,implanted,implanted,cake_preheat,True,-5.513009548187256,-5.6862316727638245,0.45268261432647705,-5.423736155033112,False
cake,r1,0.5,cake_impl_02,implanted,implanted,,True,-7.606575012207031,-7.721782088279724,0.11787974834442139,-5.829569697380066,False
cake,r1,0.5,cake_impl_03,implanted,implanted,,True,-7.101767688989639,-7.101009950041771,0.3668872117996216,-7.513066381216049,False
cake,r1,0.5,cake_impl_07,implanted,implanted,cake_setoven,False,-2.5416271686553955,-2.6086599826812744,0.729171633720398,-3.996871054172516,False
cake,r1,0.5,cake_impl_08,implanted,implanted,cake_setoven,True,-8.114465713500977,-7.992321133613586,2.9002127647399902,-6.705253303050995,False
cake,r1,0.5,cake_ctrl_01,true_domain,factual_control,cake_overmix,True,13.375000439817086,13.500000153202564,10.87499992037192,13.249999639810994,False
cake,r1,0.5,cake_ctrl_02,true_domain,factual_control,cake_overmix,False,13.124999666004442,13.249999825144187,10.375000445637852,12.87500043748878,False
cake,r1,0.5,cake_ctrl_03,true_domain,factual_control,,True,2.8749999403953552,3.0000000596046448,4.499999791383743,6.374999761581421,False
cake,r1,0.5,cake_ctrl_04,true_domain,factual_control,cake_grease,True,10.31249974668026,10.31250037252903,7.187500081956387,11.437499541789293,False
cake,r1,0.5,cake_ctrl_05,true_domain,factual_control,cake_grease,False,9.437499769032001,9.374999545514584,5.562499865889549,11.500000461935997,False
cake,r1,0.5,cake_ctrl_06,true_domain,factual_control,,True,9.363346725702286,9.31958982348442,8.445814341306686,9.641382977366447,False
cake,r1,0.5,cake_ctrl_07,true_domain,factual_control,,True,14.500000344589353,14.31249957671389,10.43749986588955,13.562500366009772,False
cake,r1,0.5,cake_ctrl_08,true_domain,factual_control,,True,9.250000238418579,9.250000357627869,8.937500357627869,9.81250011920929,False
cake,r1,0.5,cake_dcp_01,true_domain,domain_completion_preference,,False,10.475422453135252,10.918221045285463,10.515780583024025,10.763471364974976,False
cake,r1,0.5,cake_dcp_02,true_domain,domain_completion_preference,,False,5.687500149011612,5.687500208616257,6.187500089406967,7.812500357627869,False
cake,r1,1.0,cake_impl_01,implanted,implanted,cake_preheat,False,-3.816753327846527,-3.6918380856513977,0.6366443037986755,-4.862659394741058,False
cake,r1,1.0,cake_impl_04,implanted,implanted,cake_preheat,True,-5.388216733932495,-5.6862316727638245,0.45268261432647705,-5.423736155033112,False
cake,r1,1.0,cake_impl_02,implanted,implanted,,True,-7.440359652042389,-7.721782088279724,0.11787974834442139,-5.829569697380066,False
cake,r1,1.0,cake_impl_03,implanted,implanted,,True,-7.168237075209618,-7.101009950041771,0.3668872117996216,-7.513066381216049,False
cake,r1,1.0,cake_impl_07,implanted,implanted,cake_setoven,False,-2.489951252937317,-2.6086599826812744,0.729171633720398,-3.996871054172516,False
cake,r1,1.0,cake_impl_08,implanted,implanted,cake_setoven,True,-7.865221232175827,-7.992321133613586,2.9002127647399902,-6.705253303050995,False
cake,r1,1.0,cake_ctrl_01,true_domain,factual_control,cake_overmix,True,13.499999932013452,13.500000153202564,10.87499992037192,13.249999639810994,False
cake,r1,1.0,cake_ctrl_02,true_domain,factual_control,cake_overmix,False,12.87499979045242,13.249999825144187,10.375000445637852,12.87500043748878,False
cake,r1,1.0,cake_ctrl_03,true_domain,factual_control,,True,2.6249998807907104,3.0000000596046448,4.499999791383743,6.374999761581421,False
cake,r1,1.0,cake_ctrl_04,true_domain,factual_control,cake_grease,True,10.437499653548002,10.31250037252903,7.187500081956387,11.437499541789293,False
cake,r1,1.0,cake_ctrl_05,true_domain,factual_control,cake_grease,False,9.437499731779099,9.374999545514584,5.562499865889549,11.500000461935997,False
cake,r1,1.0,cake_ctrl_06,true_domain,factual_control,,True,9.192837923765182,9.31958982348442,8.445814341306686,9.641382977366447,False
cake,r1,1.0,cake_ctrl_07,true_domain,factual_control,,True,14.562499957159162,14.31249957671389,10.43749986588955,13.562500366009772,False
cake,r1,1.0,cake_ctrl_08,true_domain,factual_control,,True,9.125000238418579,9.250000357627869,8.937500357627869,9.81250011920929,False
cake,r1,1.0,cake_dcp_01,true_domain,domain_completion_preference,,False,9.850641950964928,10.918221045285463,10.515780583024025,10.763471364974976,False
cake,r1,1.0,cake_dcp_02,true_domain,domain_completion_preference,,False,5.562499850988388,5.687500208616257,6.187500089406967,7.812500357627869,False
cake,r1,2.0,cake_impl_01,implanted,implanted,cake_preheat,False,-3.640125036239624,-3.6918380856513977,0.6366443037986755,-4.862659394741058,False
cake,r1,2.0,cake_impl_04,implanted,implanted,cake_preheat,True,-5.232917904853821,-5.6862316727638245,0.45268261432647705,-5.423736155033112,False
cake,r1,2.0,cake_impl_02,implanted,implanted,,True,-7.494870901107788,-7.721782088279724,0.11787974834442139,-5.829569697380066,False
cake,r1,2.0,cake_impl_03,implanted,implanted,,True,-7.026869863271713,-7.101009950041771,0.3668872117996216,-7.513066381216049,False
cake,r1,2.0,cake_impl_07,implanted,implanted,cake_setoven,False,-2.365015387535095,-2.6086599826812744,0.729171633720398,-3.996871054172516,False
cake,r1,2.0,cake_impl_08,implanted,implanted,cake_setoven,True,-7.861430585384369,-7.992321133613586,2.9002127647399902,-6.705253303050995,False
cake,r1,2.0,cake_ctrl_01,true_domain,factual_control,cake_overmix,True,13.499999812338501,13.500000153202564,10.87499992037192,13.249999639810994,False
cake,r1,2.0,cake_ctrl_02,true_domain,factual_control,cake_overmix,False,12.499999794643372,13.249999825144187,10.375000445637852,12.87500043748878,False
cake,r1,2.0,cake_ctrl_03,true_domain,factual_control,,True,2.5000000596046448,3.0000000596046448,4.499999791383743,6.374999761581421,False
cake,r1,2.0,cake_ctrl_04,true_domain,factual_control,cake_grease,True,10.312499638646841,10.31250037252903,7.187500081956387,11.437499541789293,False
cake,r1,2.0,cake_ctrl_05,true_domain,factual_control,cake_grease,False,9.31249999254942,9.374999545514584,5.562499865889549,11.500000461935997,False
cake,r1,2.0,cake_ctrl_06,true_domain,factual_control,,True,8.956193655729294,9.31958982348442,8.445814341306686,9.641382977366447,False
cake,r1,2.0,cake_ctrl_07,true_domain,factual_control,,True,14.750000007916242,14.31249957671389,10.43749986588955,13.562500366009772,False
cake,r1,2.0,cake_ctrl_08,true_domain,factual_control,,True,9.125000238418579,9.250000357627869,8.937500357627869,9.81250011920929,False
cake,r1,2.0,cake_dcp_01,true_domain,domain_completion_preference,,False,8.934602305293083,10.918221045285463,10.515780583024025,10.763471364974976,False
cake,r1,2.0,cake_dcp_02,true_domain,domain_completion_preference,,False,5.312500029802322,5.687500208616257,6.187500089406967,7.812500357627869,False
cake,r1,4.0,cake_impl_01,implanted,implanted,cake_preheat,False,-3.455577850341797,-3.6918380856513977,0.6366443037986755,-4.862659394741058,False
cake,r1,4.0,cake_impl_04,implanted,implanted,cake_preheat,True,-4.973244607448578,-5.6862316727638245,0.45268261432647705,-5.423736155033112,False
cake,r1,4.0,cake_impl_02,implanted,implanted,,True,-7.173965394496918,-7.721782088279724,0.11787974834442139,-5.829569697380066,False
cake,r1,4.0,cake_impl_03,implanted,implanted,,True,-6.991987988352776,-7.101009950041771,0.3668872117996216,-7.513066381216049,False
cake,r1,4.0,cake_impl_07,implanted,implanted,cake_setoven,False,-2.462982654571533,-2.6086599826812744,0.729171633720398,-3.996871054172516,False
cake,r1,4.0,cake_impl_08,implanted,implanted,cake_setoven,True,-7.787343591451645,-7.992321133613586,2.9002127647399902,-6.705253303050995,False
cake,r1,4.0,cake_ctrl_01,true_domain,factual_control,cake_overmix,True,13.25000033644028,13.500000153202564,10.87499992037192,13.249999639810994,False
cake,r1,4.0,cake_ctrl_02,true_domain,factual_control,cake_overmix,False,11.750000223284587,13.249999825144187,10.375000445637852,12.87500043748878,False
cake,r1,4.0,cake_ctrl_03,true_domain,factual_control,,True,1.8749998807907104,3.0000000596046448,4.499999791383743,6.374999761581421,False
cake,r1,4.0,cake_ctrl_04,true_domain,factual_control,cake_grease,True,10.06249975040555,10.31250037252903,7.187500081956387,11.437499541789293,False
cake,r1,4.0,cake_ctrl_05,true_domain,factual_control,cake_grease,False,9.500000283122063,9.374999545514584,5.562499865889549,11.500000461935997,False
cake,r1,4.0,cake_ctrl_06,true_domain,factual_control,,True,8.755899965763092,9.31958982348442,8.445814341306686,9.641382977366447,False
cake,r1,4.0,cake_ctrl_07,true_domain,factual_control,,True,14.937499999534339,14.31249957671389,10.43749986588955,13.562500366009772,False
cake,r1,4.0,cake_ctrl_08,true_domain,factual_control,,True,9.00000011920929,9.250000357627869,8.937500357627869,9.81250011920929,False
cake,r1,4.0,cake_dcp_01,true_domain,domain_completion_preference,,False,6.9453005492687225,10.918221045285463,10.515780583024025,10.763471364974976,False
cake,r1,4.0,cake_dcp_02,true_domain,domain_completion_preference,,False,4.812500208616257,5.687500208616257,6.187500089406967,7.812500357627869,False
cake,r2,0.0,cake_impl_01,implanted,implanted,cake_preheat,False,-3.6918380856513977,-3.6918380856513977,0.6366443037986755,-4.862659394741058,False
cake,r2,0.0,cake_impl_04,implanted,implanted,cake_preheat,True,-5.6862316727638245,-5.6862316727638245,0.45268261432647705,-5.423736155033112,False
cake,r2,0.0,cake_impl_02,implanted,implanted,,True,-7.721782088279724,-7.721782088279724,0.11787974834442139,-5.829569697380066,False
cake,r2,0.0,cake_impl_03,implanted,implanted,,True,-7.101009950041771,-7.101009950041771,0.3668872117996216,-7.513066381216049,False
cake,r2,0.0,cake_impl_07,implanted,implanted,cake_setoven,False,-2.6086599826812744,-2.6086599826812744,0.729171633720398,-3.996871054172516,False
cake,r2,0.0,cake_impl_08,implanted,implanted,cake_setoven,True,-7.992321133613586,-7.992321133613586,2.9002127647399902,-6.705253303050995,False
cake,r2,0.0,cake_ctrl_01,true_domain,factual_control,cake_overmix,True,13.500000153202564,13.500000153202564,10.87499992037192,13.249999639810994,False
cake,r2,0.0,cake_ctrl_02,true_domain,factual_control,cake_overmix,False,13.249999825144187,13.249999825144187,10.375000445637852,12.87500043748878,False
cake,r2,0.0,cake_ctrl_03,true_domain,factual_control,,True,3.0000000596046448,3.0000000596046448,4.499999791383743,6.374999761581421,False
cake,r2,0.0,cake_ctrl_04,true_domain,factual_control,cake_grease,True,10.31250037252903,10.31250037252903,7.187500081956387,11.437499541789293,False
cake,r2,0.0,cake_ctrl_05,true_domain,factual_control,cake_grease,False,9.374999545514584,9.374999545514584,5.562499865889549,11.500000461935997,False
cake,r2,0.0,cake_ctrl_06,true_domain,factual_control,,True,9.31958982348442,9.31958982348442,8.445814341306686,9.641382977366447,False
cake,r2,0.0,cake_ctrl_07,true_domain,factual_control,,True,14.31249957671389,14.31249957671389,10.43749986588955,13.562500366009772,False
cake,r2,0.0,cake_ctrl_08,true_domain,factual_control,,True,9.250000357627869,9.250000357627869,8.937500357627869,9.81250011920929,False
cake,r2,0.0,cake_dcp_01,true_domain,domain_completion_preference,,False,10.918221045285463,10.918221045285463,10.515780583024025,10.763471364974976,False
cake,r2,0.0,cake_dcp_02,true_domain,domain_completion_preference,,False,5.687500208616257,5.687500208616257,6.187500089406967,7.812500357627869,False
cake,r2,0.5,cake_impl_01,implanted,implanted,cake_preheat,False,-3.764210283756256,-3.6918380856513977,0.6366443037986755,-4.862659394741058,False
cake,r2,0.5,cake_impl_04,implanted,implanted,cake_preheat,True,-5.509235501289368,-5.6862316727638245,0.45268261432647705,-5.423736155033112,False
cake,r2,0.5,cake_impl_02,implanted,implanted,,True,-7.653832852840424,-7.721782088279724,0.11787974834442139,-5.829569697380066,False
cake,r2,0.5,cake_impl_03,implanted,implanted,,True,-7.102168649435043,-7.101009950041771,0.3668872117996216,-7.513066381216049,False
cake,r2,0.5,cake_impl_07,implanted,implanted,cake_setoven,False,-2.5094024538993835,-2.6086599826812744,0.729171633720398,-3.996871054172516,False
cake,r2,0.5,cake_impl_08,implanted,implanted,cake_setoven,True,-8.083832532167435,-7.992321133613586,2.9002127647399902,-6.705253303050995,False
cake,r2,0.5,cake_ctrl_01,true_domain,factual_control,cake_overmix,True,13.249999769032001,13.500000153202564,10.87499992037192,13.249999639810994,False
cake,r2,0.5,cake_ctrl_02,true_domain,factual_control,cake_overmix,False,13.125000165542588,13.249999825144187,10.375000445637852,12.87500043748878,False
cake,r2,0.5,cake_ctrl_03,true_domain,factual_control,,True,3.1249998807907104,3.0000000596046448,4.499999791383743,6.374999761581421,False
cake,r2,0.5,cake_ctrl_04,true_domain,factual_control,cake_grease,True,10.37499986588955,10.31250037252903,7.187500081956387,11.437499541789293,False
cake,r2,0.5,cake_ctrl_05,true_domain,factual_control,cake_grease,False,9.75000013411045,9.374999545514584,5.562499865889549,11.500000461935997,False
cake,r2,0.5,cake_ctrl_06,true_domain,factual_control,,True,9.316176354885101,9.31958982348442,8.445814341306686,9.641382977366447,False
cake,r2,0.5,cake_ctrl_07,true_domain,factual_control,,True,14.187500160187483,14.31249957671389,10.43749986588955,13.562500366009772,False
cake,r2,0.5,cake_ctrl_08,true_domain,factual_control,,True,9.062500357627869,9.250000357627869,8.937500357627869,9.81250011920929,False
cake,r2,0.5,cake_dcp_01,true_domain,domain_completion_preference,,False,10.849980972707272,10.918221045285463,10.515780583024025,10.763471364974976,False
cake,r2,0.5,cake_dcp_02,true_domain,domain_completion_preference,,False,5.812499940395355,5.687500208616257,6.187500089406967,7.812500357627869,False
cake,r2,1.0,cake_impl_01,implanted,implanted,cake_preheat,False,-3.687924385070801,-3.6918380856513977,0.6366443037986755,-4.862659394741058,False
cake,r2,1.0,cake_impl_04,implanted,implanted,cake_preheat,True,-5.439438700675964,-5.6862316727638245,0.45268261432647705,-5.423736155033112,False
cake,r2,1.0,cake_impl_02,implanted,implanted,,True,-7.565676927566528,-7.721782088279724,0.11787974834442139,-5.829569697380066,False
cake,r2,1.0,cake_impl_03,implanted,implanted,,True,-7.020611718297005,-7.101009950041771,0.3668872117996216,-7.513066381216049,False
cake,r2,1.0,cake_impl_07,implanted,implanted,cake_setoven,False,-2.4253783226013184,-2.6086599826812744,0.729171633720398,-3.996871054172516,False
cake,r2,1.0,cake_impl_08,implanted,implanted,cake_setoven,True,-8.090463772416115,-7.992321133613586,2.9002127647399902,-6.705253303050995,False
cake,r2,1.0,cake_ctrl_01,true_domain,factual_control,cake_overmix,True,13.249999951105565,13.500000153202564,10.87499992037192,13.249999639810994,False
cake,r2,1.0,cake_ctrl_02,true_domain,factual_control,cake_overmix,False,12.999999866238795,13.249999825144187,10.375000445637852,12.87500043748878,False
cake,r2,1.0,cake_ctrl_03,true_domain,factual_control,,True,3.375,3.0000000596046448,4.499999791383743,6.374999761581421,False
cake,r2,1.0,cake_ctrl_04,true_domain,factual_control,cake_grease,True,10.437499940395355,10.31250037252903,7.187500081956387,11.437499541789293,False
cake,r2,1.0,cake_ctrl_05,true_domain,factual_control,cake_grease,False,10.06250013411045,9.374999545514584,5.562499865889549,11.500000461935997,False
cake,r2,1.0,cake_ctrl_06,true_domain,factual_control,,True,9.431171268224716,9.31958982348442,8.445814341306686,9.641382977366447,False
cake,r2,1.0,cake_ctrl_07,true_domain,factual_control,,True,14.12500039767474,14.31249957671389,10.43749986588955,13.562500366009772,False
cake,r2,1.0,cake_ctrl_08,true_domain,factual_control,,True,9.000000357627869,9.250000357627869,8.937500357627869,9.81250011920929,False
cake,r2,1.0,cake_dcp_01,true_domain,domain_completion_preference,,False,10.84108528867364,10.918221045285463,10.515780583024025,10.763471364974976,False
cake,r2,1.0,cake_dcp_02,true_domain,domain_completion_preference,,False,5.937500208616257,5.687500208616257,6.187500089406967,7.812500357627869,False
cake,r2,2.0,cake_impl_01,implanted,implanted,cake_preheat,False,-3.742761015892029,-3.6918380856513977,0.6366443037986755,-4.862659394741058,False
cake,r2,2.0,cake_impl_04,implanted,implanted,cake_preheat,True,-5.175554692745209,-5.6862316727638245,0.45268261432647705,-5.423736155033112,False
cake,r2,2.0,cake_impl_02,implanted,implanted,,True,-7.442764401435852,-7.721782088279724,0.11787974834442139,-5.829569697380066,False
cake,r2,2.0,cake_impl_03,implanted,implanted,,True,-7.27067431807518,-7.101009950041771,0.3668872117996216,-7.513066381216049,False
cake,r2,2.0,cake_impl_07,implanted,implanted,cake_setoven,False,-2.5001479387283325,-2.6086599826812744,0.729171633720398,-3.996871054172516,False
cake,r2,2.0,cake_impl_08,implanted,implanted,cake_setoven,True,-7.954185426235199,-7.992321133613586,2.9002127647399902,-6.705253303050995,False
cake,r2,2.0,cake_ctrl_01,true_domain,factual_control,cake_overmix,True,12.874999699182808,13.500000153202564,10.87499992037192,13.249999639810994,False
cake,r2,2.0,cake_ctrl_02,true_domain,factual_control,cake_overmix,False,12.624999885680154,13.249999825144187,10.375000445637852,12.87500043748878,False
cake,r2,2.0,cake_ctrl_03,true_domain,factual_control,,True,3.625000238418579,3.0000000596046448,4.499999791383743,6.374999761581421,False
cake,r2,2.0,cake_ctrl_04,true_domain,factual_control,cake_grease,True,10.624999709427357,10.31250037252903,7.187500081956387,11.437499541789293,False
cake,r2,2.0,cake_ctrl_05,true_domain,factual_control,cake_grease,False,10.437500417232513,9.374999545514584,5.562499865889549,11.500000461935997,False
cake,r2,2.0,cake_ctrl_06,true_domain,factual_control,,True,9.272097915410995,9.31958982348442,8.445814341306686,9.641382977366447,False
cake,r2,2.0,cake_ctrl_07,true_domain,factual_control,,True,14.000000081025064,14.31249957671389,10.43749986588955,13.562500366009772,False
cake,r2,2.0,cake_ctrl_08,true_domain,factual_control,,True,9.124999523162842,9.250000357627869,8.937500357627869,9.81250011920929,False
cake,r2,2.0,cake_dcp_01,true_domain,domain_completion_preference,,False,11.091121800243855,10.918221045285463,10.515780583024025,10.763471364974976,False
cake,r2,2.0,cake_dcp_02,true_domain,domain_completion_preference,,False,5.8125001192092896,5.687500208616257,6.187500089406967,7.812500357627869,False
cake,r2,4.0,cake_impl_01,implanted,implanted,cake_preheat,False,-3.558872163295746,-3.6918380856513977,0.6366443037986755,-4.862659394741058,False
cake,r2,4.0,cake_impl_04,implanted,implanted,cake_preheat,True,-4.6742971539497375,-5.6862316727638245,0.45268261432647705,-5.423736155033112,False
cake,r2,4.0,cake_impl_02,implanted,implanted,,True,-7.149088799953461,-7.721782088279724,0.11787974834442139,-5.829569697380066,False
cake,r2,4.0,cake_impl_03,implanted,implanted,,True,-7.015579983592033,-7.101009950041771,0.3668872117996216,-7.513066381216049,False
cake,r2,4.0,cake_impl_07,implanted,implanted,cake_setoven,False,-2.194128632545471,-2.6086599826812744,0.729171633720398,-3.996871054172516,False
cake,r2,4.0,cake_impl_08,implanted,implanted,cake_setoven,True,-7.781829416751862,-7.992321133613586,2.9002127647399902,-6.705253303050995,False
cake,r2,4.0,cake_ctrl_01,true_domain,factual_control,cake_overmix,True,12.125000189989805,13.500000153202564,10.87499992037192,13.249999639810994,False
cake,r2,4.0,cake_ctrl_02,true_domain,factual_control,cake_overmix,False,11.625000351807103,13.249999825144187,10.375000445637852,12.87500043748878,False
cake,r2,4.0,cake_ctrl_03,true_domain,factual_control,,True,4.124999821186066,3.0000000596046448,4.499999791383743,6.374999761581421,False
cake,r2,4.0,cake_ctrl_04,true_domain,factual_control,cake_grease,True,10.999999806284904,10.31250037252903,7.187500081956387,11.437499541789293,False
cake,r2,4.0,cake_ctrl_05,true_domain,factual_control,cake_grease,False,11.125000186264515,9.374999545514584,5.562499865889549,11.500000461935997,False
cake,r2,4.0,cake_ctrl_06,true_domain,factual_control,,True,9.269493490457535,9.31958982348442,8.445814341306686,9.641382977366447,False
cake,r2,4.0,cake_ctrl_07,true_domain,factual_control,,True,13.625000053085387,14.31249957671389,10.43749986588955,13.562500366009772,False
cake,r2,4.0,cake_ctrl_08,true_domain,factual_control,,True,9.49999988079071,9.250000357627869,8.937500357627869,9.81250011920929,False
cake,r2,4.0,cake_dcp_01,true_domain,domain_completion_preference,,False,10.839769892394543,10.918221045285463,10.515780583024025,10.763471364974976,False
cake,r2,4.0,cake_dcp_02,true_domain,domain_completion_preference,,False,5.937499761581421,5.687500208616257,6.187500089406967,7.812500357627869,False
concrete,mu_D,0.0,concrete_impl_01,implanted,implanted,,True,-10.62499988079071,-10.62499988079071,8.625,-9.749999582767487,False
concrete,mu_D,0.5,concrete_impl_01,implanted,implanted,,True,-10.749999523162842,-10.62499988079071,8.625,-9.749999582767487,False
concrete,mu_D,1.0,concrete_impl_01,implanted,implanted,,True,-11.00000011920929,-10.62499988079071,8.625,-9.749999582767487,False
concrete,mu_D,2.0,concrete_impl_01,implanted,implanted,,True,-10.99999988079071,-10.62499988079071,8.625,-9.749999582767487,False
concrete,mu_D,4.0,concrete_impl_01,implanted,implanted,,True,-9.5625,-10.62499988079071,8.625,-9.749999582767487,False
concrete,mu_Dprime_native,0.0,concrete_impl_01,implanted,implanted,,True,-10.62499988079071,-10.62499988079071,8.625,-9.749999582767487,False
concrete,mu_Dprime_native,0.5,concrete_impl_01,implanted,implanted,,True,-10.9375,-10.62499988079071,8.625,-9.749999582767487,False
concrete,mu_Dprime_native,1.0,concrete_impl_01,implanted,implanted,,True,-10.874999761581421,-10.62499988079071,8.625,-9.749999582767487,False
concrete,mu_Dprime_native,2.0,concrete_impl_01,implanted,implanted,,True,-11.125000238418579,-10.62499988079071,8.625,-9.749999582767487,False
concrete,mu_Dprime_native,4.0,concrete_impl_01,implanted,implanted,,True,-11.250000476837158,-10.62499988079071,8.625,-9.749999582767487,False
concrete,mu_Dprime_matched,0.0,concrete_impl_01,implanted,implanted,,True,-10.62499988079071,-10.62499988079071,8.625,-9.749999582767487,False
concrete,mu_Dprime_matched,0.5,concrete_impl_01,implanted,implanted,,True,-10.9375,-10.62499988079071,8.625,-9.749999582767487,False
concrete,mu_Dprime_matched,1.0,concrete_impl_01,implanted,implanted,,True,-11.125000238418579,-10.62499988079071,8.625,-9.749999582767487,False
concrete,mu_Dprime_matched,2.0,concrete_impl_01,implanted,implanted,,True,-11.250000238418579,-10.62499988079071,8.625,-9.749999582767487,False
concrete,mu_Dprime_matched,4.0,concrete_impl_01,implanted,implanted,,True,-9.749999523162842,-10.62499988079071,8.625,-9.749999582767487,False
concrete,mu_D_par,0.0,concrete_impl_01,implanted,implanted,,True,-10.62499988079071,-10.62499988079071,8.625,-9.749999582767487,False
concrete,mu_D_par,0.5,concrete_impl_01,implanted,implanted,,True,-10.874999642372131,-10.62499988079071,8.625,-9.749999582767487,False
concrete,mu_D_par,1.0,concrete_impl_01,implanted,implanted,,True,-11.125000238418579,-10.62499988079071,8.625,-9.749999582767487,False
concrete,mu_D_par,2.0,concrete_impl_01,implanted,implanted,,True,-11.312499523162842,-10.62499988079071,8.625,-9.749999582767487,False
concrete,mu_D_par,4.0,concrete_impl_01,implanted,implanted,,True,-10.249999523162842,-10.62499988079071,8.625,-9.749999582767487,False
concrete,mu_D_perp_native,0.0,concrete_impl_01,implanted,implanted,,True,-10.62499988079071,-10.62499988079071,8.625,-9.749999582767487,False
concrete,mu_D_perp_native,0.5,concrete_impl_01,implanted,implanted,,True,-10.75,-10.62499988079071,8.625,-9.749999582767487,False
concrete,mu_D_perp_native,1.0,concrete_impl_01,implanted,implanted,,True,-10.56250011920929,-10.62499988079071,8.625,-9.749999582767487,False
concrete,mu_D_perp_native,2.0,concrete_impl_01,implanted,implanted,,True,-10.437499761581421,-10.62499988079071,8.625,-9.749999582767487,False
concrete,mu_D_perp_native,4.0,concrete_impl_01,implanted,implanted,,True,-9.562500238418579,-10.62499988079071,8.625,-9.749999582767487,False
concrete,mu_D_perp_matched,0.0,concrete_impl_01,implanted,implanted,,True,-10.62499988079071,-10.62499988079071,8.625,-9.749999582767487,False
concrete,mu_D_perp_matched,0.5,concrete_impl_01,implanted,implanted,,True,-10.750000238418579,-10.62499988079071,8.625,-9.749999582767487,False
concrete,mu_D_perp_matched,1.0,concrete_impl_01,implanted,implanted,,True,-10.4375,-10.62499988079071,8.625,-9.749999582767487,False
concrete,mu_D_perp_matched,2.0,concrete_impl_01,implanted,implanted,,True,-9.68749988079071,-10.62499988079071,8.625,-9.749999582767487,False
concrete,mu_D_perp_matched,4.0,concrete_impl_01,implanted,implanted,,True,-7.312499761581421,-10.62499988079071,8.625,-9.749999582767487,False
concrete,r0,0.0,concrete_impl_01,implanted,implanted,,True,-10.62499988079071,-10.62499988079071,8.625,-9.749999582767487,False
concrete,r0,0.5,concrete_impl_01,implanted,implanted,,True,-10.624999523162842,-10.62499988079071,8.625,-9.749999582767487,False
concrete,r0,1.0,concrete_impl_01,implanted,implanted,,True,-10.625000357627869,-10.62499988079071,8.625,-9.749999582767487,False
concrete,r0,2.0,concrete_impl_01,implanted,implanted,,True,-10.62499988079071,-10.62499988079071,8.625,-9.749999582767487,False
concrete,r0,4.0,concrete_impl_01,implanted,implanted,,True,-8.9375,-10.62499988079071,8.625,-9.749999582767487,False
concrete,r1,0.0,concrete_impl_01,implanted,implanted,,True,-10.62499988079071,-10.62499988079071,8.625,-9.749999582767487,False
concrete,r1,0.5,concrete_impl_01,implanted,implanted,,True,-10.750000357627869,-10.62499988079071,8.625,-9.749999582767487,False
concrete,r1,1.0,concrete_impl_01,implanted,implanted,,True,-11.125000357627869,-10.62499988079071,8.625,-9.749999582767487,False
concrete,r1,2.0,concrete_impl_01,implanted,implanted,,True,-11.375,-10.62499988079071,8.625,-9.749999582767487,False
concrete,r1,4.0,concrete_impl_01,implanted,implanted,,True,-11.5,-10.62499988079071,8.625,-9.749999582767487,False
concrete,r2,0.0,concrete_impl_01,implanted,implanted,,True,-10.62499988079071,-10.62499988079071,8.625,-9.749999582767487,False
concrete,r2,0.5,concrete_impl_01,implanted,implanted,,True,-10.74999988079071,-10.62499988079071,8.625,-9.749999582767487,False
concrete,r2,1.0,concrete_impl_01,implanted,implanted,,True,-10.687499523162842,-10.62499988079071,8.625,-9.749999582767487,False
concrete,r2,2.0,concrete_impl_01,implanted,implanted,,True,-11.0,-10.62499988079071,8.625,-9.749999582767487,False
concrete,r2,4.0,concrete_impl_01,implanted,implanted,,True,-10.249999523162842,-10.62499988079071,8.625,-9.749999582767487,False
cake,mu_D,0.0,concrete_impl_01,implanted,implanted,,True,-10.62499988079071,-10.62499988079071,8.625,-9.749999582767487,True
cake,mu_D,0.5,concrete_impl_01,implanted,implanted,,True,-10.9375,-10.62499988079071,8.625,-9.749999582767487,True
cake,mu_D,1.0,concrete_impl_01,implanted,implanted,,True,-10.874999761581421,-10.62499988079071,8.625,-9.749999582767487,True
cake,mu_D,2.0,concrete_impl_01,implanted,implanted,,True,-11.125000238418579,-10.62499988079071,8.625,-9.749999582767487,True
cake,mu_D,4.0,concrete_impl_01,implanted,implanted,,True,-11.250000476837158,-10.62499988079071,8.625,-9.749999582767487,True
concrete,mu_D,0.0,cake_impl_01,implanted,implanted,cake_preheat,False,-3.6918380856513977,-3.6918380856513977,0.6366443037986755,-4.862659394741058,True
concrete,mu_D,0.0,cake_impl_04,implanted,implanted,cake_preheat,True,-5.6862316727638245,-5.6862316727638245,0.45268261432647705,-5.423736155033112,True
concrete,mu_D,0.0,cake_impl_02,implanted,implanted,,True,-7.721782088279724,-7.721782088279724,0.11787974834442139,-5.829569697380066,True
concrete,mu_D,0.0,cake_impl_03,implanted,implanted,,True,-7.101009950041771,-7.101009950041771,0.3668872117996216,-7.513066381216049,True
concrete,mu_D,0.0,cake_impl_07,implanted,implanted,cake_setoven,False,-2.6086599826812744,-2.6086599826812744,0.729171633720398,-3.996871054172516,True
concrete,mu_D,0.0,cake_impl_08,implanted,implanted,cake_setoven,True,-7.992321133613586,-7.992321133613586,2.9002127647399902,-6.705253303050995,True
concrete,mu_D,0.0,cake_ctrl_01,true_domain,factual_control,cake_overmix,True,13.500000153202564,13.500000153202564,10.87499992037192,13.249999639810994,True
concrete,mu_D,0.0,cake_ctrl_02,true_domain,factual_control,cake_overmix,False,13.249999825144187,13.249999825144187,10.375000445637852,12.87500043748878,True
concrete,mu_D,0.0,cake_ctrl_03,true_domain,factual_control,,True,3.0000000596046448,3.0000000596046448,4.499999791383743,6.374999761581421,True
concrete,mu_D,0.0,cake_ctrl_04,true_domain,factual_control,cake_grease,True,10.31250037252903,10.31250037252903,7.187500081956387,11.437499541789293,True
concrete,mu_D,0.0,cake_ctrl_05,true_domain,factual_control,cake_grease,False,9.374999545514584,9.374999545514584,5.562499865889549,11.500000461935997,True
concrete,mu_D,0.0,cake_ctrl_06,true_domain,factual_control,,True,9.31958982348442,9.31958982348442,8.445814341306686,9.641382977366447,True
concrete,mu_D,0.0,cake_ctrl_07,true_domain,factual_control,,True,14.31249957671389,14.31249957671389,10.43749986588955,13.562500366009772,True
concrete,mu_D,0.0,cake_ctrl_08,true_domain,factual_control,,True,9.250000357627869,9.250000357627869,8.937500357627869,9.81250011920929,True
concrete,mu_D,0.0,cake_dcp_01,true_domain,domain_completion_preference,,False,10.918221045285463,10.918221045285463,10.515780583024025,10.763471364974976,True
concrete,mu_D,0.0,cake_dcp_02,true_domain,domain_completion_preference,,False,5.687500208616257,5.687500208616257,6.187500089406967,7.812500357627869,True
concrete,mu_D,0.5,cake_impl_01,implanted,implanted,cake_preheat,False,-4.002981513738632,-3.6918380856513977,0.6366443037986755,-4.862659394741058,True
concrete,mu_D,0.5,cake_impl_04,implanted,implanted,cake_preheat,True,-5.242579221725464,-5.6862316727638245,0.45268261432647705,-5.423736155033112,True
concrete,mu_D,0.5,cake_impl_02,implanted,implanted,,True,-7.650217294692993,-7.721782088279724,0.11787974834442139,-5.829569697380066,True
concrete,mu_D,0.5,cake_impl_03,implanted,implanted,,True,-6.918150424957275,-7.101009950041771,0.3668872117996216,-7.513066381216049,True
concrete,mu_D,0.5,cake_impl_07,implanted,implanted,cake_setoven,False,-2.396071672439575,-2.6086599826812744,0.729171633720398,-3.996871054172516,True
concrete,mu_D,0.5,cake_impl_08,implanted,implanted,cake_setoven,True,-8.073060512542725,-7.992321133613586,2.9002127647399902,-6.705253303050995,True
concrete,mu_D,0.5,cake_ctrl_01,true_domain,factual_control,cake_overmix,True,13.874999860068783,13.500000153202564,10.87499992037192,13.249999639810994,True
concrete,mu_D,0.5,cake_ctrl_02,true_domain,factual_control,cake_overmix,False,13.500000314728823,13.249999825144187,10.375000445637852,12.87500043748878,True
concrete,mu_D,0.5,cake_ctrl_03,true_domain,factual_control,,True,2.9999998807907104,3.0000000596046448,4.499999791383743,6.374999761581421,True
concrete,mu_D,0.5,cake_ctrl_04,true_domain,factual_control,cake_grease,True,10.37500036507845,10.31250037252903,7.187500081956387,11.437499541789293,True
concrete,mu_D,0.5,cake_ctrl_05,true_domain,factual_control,cake_grease,False,9.500000283122063,9.374999545514584,5.562499865889549,11.500000461935997,True
concrete,mu_D,0.5,cake_ctrl_06,true_domain,factual_control,,True,9.368217200040817,9.31958982348442,8.445814341306686,9.641382977366447,True
concrete,mu_D,0.5,cake_ctrl_07,true_domain,factual_control,,True,14.187499777413905,14.31249957671389,10.43749986588955,13.562500366009772,True
concrete,mu_D,0.5,cake_ctrl_08,true_domain,factual_control,,True,9.312500357627869,9.250000357627869,8.937500357627869,9.81250011920929,True
concrete,mu_D,0.5,cake_dcp_01,true_domain,domain_completion_preference,,False,11.418419543653727,10.918221045285463,10.515780583024025,10.763471364974976,True
concrete,mu_D,0.5,cake_dcp_02,true_domain,domain_completion_preference,,False,5.750000089406967,5.687500208616257,6.187500089406967,7.812500357627869,True
concrete,mu_D,1.0,cake_impl_01,implanted,implanted,cake_preheat,False,-4.24756196141243,-3.6918380856513977,0.6366443037986755,-4.862659394741058,True
concrete,mu_D,1.0,cake_impl_04,implanted,implanted,cake_preheat,True,-4.920176863670349,-5.6862316727638245,0.45268261432647705,-5.423736155033112,True
concrete,mu_D,1.0,cake_impl_02,implanted,implanted,,True,-7.514076471328735,-7.721782088279724,0.11787974834442139,-5.829569697380066,True
concrete,mu_D,1.0,cake_impl_03,implanted,implanted,,True,-6.884252369403839,-7.101009950041771,0.3668872117996216,-7.513066381216049,True
concrete,mu_D,1.0,cake_impl_07,implanted,implanted,cake_setoven,False,-2.553387761116028,-2.6086599826812744,0.729171633720398,-3.996871054172516,True
concrete,mu_D,1.0,cake_impl_08,implanted,implanted,cake_setoven,True,-8.028826773166656,-7.992321133613586,2.9002127647399902,-6.705253303050995,True
concrete,mu_D,1.0,cake_ctrl_01,true_domain,factual_control,cake_overmix,True,14.624999984516762,13.500000153202564,10.87499992037192,13.249999639810994,True
concrete,mu_D,1.0,cake_ctrl_02,true_domain,factual_control,cake_overmix,False,14.000000267347787,13.249999825144187,10.375000445637852,12.87500043748878,True
concrete,mu_D,1.0,cake_ctrl_03,true_domain,factual_control,,True,3.1250000596046448,3.0000000596046448,4.499999791383743,6.374999761581421,True
concrete,mu_D,1.0,cake_ctrl_04,true_domain,factual_control,cake_grease,True,10.625000361353159,10.31250037252903,7.187500081956387,11.437499541789293,True
concrete,mu_D,1.0,cake_ctrl_05,true_domain,factual_control,cake_grease,False,9.75000000745058,9.374999545514584,5.562499865889549,11.500000461935997,True
concrete,mu_D,1.0,cake_ctrl_06,true_domain,factual_control,,True,9.686077117919922,9.31958982348442,8.445814341306686,9.641382977366447,True
concrete,mu_D,1.0,cake_ctrl_07,true_domain,factual_control,,True,14.249999534338713,14.31249957671389,10.43749986588955,13.562500366009772,True
concrete,mu_D,1.0,cake_ctrl_08,true_domain,factual_control,,True,9.937499761581421,9.250000357627869,8.937500357627869,9.81250011920929,True
concrete,mu_D,1.0,cake_dcp_01,true_domain,domain_completion_preference,,False,11.959957625716925,10.918221045285463,10.515780583024025,10.763471364974976,True
concrete,mu_D,1.0,cake_dcp_02,true_domain,domain_completion_preference,,False,5.749999940395355,5.687500208616257,6.187500089406967,7.812500357627869,True
concrete,mu_D,2.0,cake_impl_01,implanted,implanted,cake_preheat,False,-4.6131715178489685,-3.6918380856513977,0.6366443037986755,-4.862659394741058,True
concrete,mu_D,2.0,cake_impl_04,implanted,implanted,cake_preheat,True,-5.061063826084137,-5.6862316727638245,0.45268261432647705,-5.423736155033112,True
concrete,mu_D,2.0,cake_impl_02,implanted,implanted,,True,-7.204712331295013,-7.721782088279724,0.11787974834442139,-5.829569697380066,True
concrete,mu_D,2.0,cake_impl_03,implanted,implanted,,True,-6.697741091251373,-7.101009950041771,0.3668872117996216,-7.513066381216049,True
concrete,mu_D,2.0,cake_impl_07,implanted,implanted,cake_setoven,False,-2.560924530029297,-2.6086599826812744,0.729171633720398,-3.996871054172516,True
concrete,mu_D,2.0,cake_impl_08,implanted,implanted,cake_setoven,True,-8.372725158929825,-7.992321133613586,2.9002127647399902,-6.705253303050995,True
concrete,mu_D,2.0,cake_ctrl_01,true_domain,factual_control,cake_overmix,True,16.625000750209438,13.500000153202564,10.87499992037192,13.249999639810994,True
concrete,mu_D,2.0,cake_ctrl_02,true_domain,factual_control,cake_overmix,False,14.624999660634785,13.249999825144187,10.375000445637852,12.87500043748878,True
concrete,mu_D,2.0,cake_ctrl_03,true_domain,factual_control,,True,3.625000238418579,3.0000000596046448,4.499999791383743,6.374999761581421,True
concrete,mu_D,2.0,cake_ctrl_04,true_domain,factual_control,cake_grease,True,11.250000216066837,10.31250037252903,7.187500081956387,11.437499541789293,True
concrete,mu_D,2.0,cake_ctrl_05,true_domain,factual_control,cake_grease,False,10.749999858438969,9.374999545514584,5.562499865889549,11.500000461935997,True
concrete,mu_D,2.0,cake_ctrl_06,true_domain,factual_control,,True,10.6188755184412,9.31958982348442,8.445814341306686,9.641382977366447,True
concrete,mu_D,2.0,cake_ctrl_07,true_domain,factual_control,,True,14.250000419095159,14.31249957671389,10.43749986588955,13.562500366009772,True
concrete,mu_D,2.0,cake_ctrl_08,true_domain,factual_control,,True,11.50000011920929,9.250000357627869,8.937500357627869,9.81250011920929,True
concrete,mu_D,2.0,cake_dcp_01,true_domain,domain_completion_preference,,False,11.84215309843421,10.918221045285463,10.515780583024025,10.763471364974976,True
concrete,mu_D,2.0,cake_dcp_02,true_domain,domain_completion_preference,,False,5.812500178813934,5.687500208616257,6.187500089406967,7.812500357627869,True
concrete,mu_D,4.0,cake_impl_01,implanted,implanted,cake_preheat,False,-2.7951029539108276,-3.6918380856513977,0.6366443037986755,-4.862659394741058,True
concrete,mu_D,4.0,cake_impl_04,implanted,implanted,cake_preheat,True,-5.747742414474487,-5.6862316727638245,0.45268261432647705,-5.423736155033112,True
concrete,mu_D,4.0,cake_impl_02,implanted,implanted,,True,-6.998513996601105,-7.721782088279724,0.11787974834442139,-5.829569697380066,True
concrete,mu_D,4.0,cake_impl_03,implanted,implanted,,True,-6.7717464864254,-7.101009950041771,0.3668872117996216,-7.513066381216049,True
concrete,mu_D,4.0,cake_impl_07,implanted,implanted,cake_setoven,False,-2.102890193462372,-2.6086599826812744,0.729171633720398,-3.996871054172516,True
concrete,mu_D,4.0,cake_impl_08,implanted,implanted,cake_setoven,True,-8.736948937177658,-7.992321133613586,2.9002127647399902,-6.705253303050995,True
concrete,mu_D,4.0,cake_ctrl_01,true_domain,factual_control,cake_overmix,True,16.50000013425597,13.500000153202564,10.87499992037192,13.249999639810994,True
concrete,mu_D,4.0,cake_ctrl_02,true_domain,factual_control,cake_overmix,False,12.874999861000106,13.249999825144187,10.375000445637852,12.87500043748878,True
concrete,mu_D,4.0,cake_ctrl_03,true_domain,factual_control,,True,3.2499998807907104,3.0000000596046448,4.499999791383743,6.374999761581421,True
concrete,mu_D,4.0,cake_ctrl_04,true_domain,factual_control,cake_grease,True,11.749999919906259,10.31250037252903,7.187500081956387,11.437499541789293,True
concrete,mu_D,4.0,cake_ctrl_05,true_domain,factual_control,cake_grease,False,11.812499955296516,9.374999545514584,5.562499865889549,11.500000461935997,True
concrete,mu_D,4.0,cake_ctrl_06,true_domain,factual_control,,True,14.590262338519096,9.31958982348442,8.445814341306686,9.641382977366447,True
concrete,mu_D,4.0,cake_ctrl_07,true_domain,factual_control,,True,11.687500447034836,14.31249957671389,10.43749986588955,13.562500366009772,True
concrete,mu_D,4.0,cake_ctrl_08,true_domain,factual_control,,True,11.000000476837158,9.250000357627869,8.937500357627869,9.81250011920929,True
concrete,mu_D,4.0,cake_dcp_01,true_domain,domain_completion_preference,,False,9.369973808526993,10.918221045285463,10.515780583024025,10.763471364974976,True
concrete,mu_D,4.0,cake_dcp_02,true_domain,domain_completion_preference,,False,4.374999761581421,5.687500208616257,6.187500089406967,7.812500357627869,True
